elapsed_s,stamp,accepted,mode,reason,raw_x,raw_y,raw_yaw,pred_x,pred_y,pred_yaw,corrected_x,corrected_y,corrected_yaw,dx_m,dy_m,dyaw_rad,fitted_walls,associated_walls,inlier_walls,pre_residual_m,post_residual_m,joint_score_margin,heldout_raw_residual_m,heldout_pre_residual_m,heldout_post_residual_m
0.0,1790848043.031,False,REJECTED,FIRST_FRAME_ANCHOR,1.4000000000000001,0.19999999999999996,1.5707963267948966,1.4000000000000001,0.2,1.5707963267948966,1.4000000000000001,0.2,1.5707963267948966,0,0,0,8,0,0,,,,0.023611864142210948,0.023611864142210948,0.023611864142210948
0.1400001049041748,1790848043.171,True,XY_YAW,ACCEPTED,1.4000000000000001,0.19999999999999996,1.5707963267948966,1.4000000000000001,0.19999999999999996,1.5707963267948966,1.363718069021569,0.16969575107929974,1.5227997723650526,-0.03628193097843124,-0.030304248920700216,-0.04799655442984407,8,7,7,0.012182723859097355,0.006918437635325805,0.004305419479228079,0.034843236358377605,0.034843236358377605,0.02677773388460669
0.2800002098083496,1790848043.311,True,XY_YAW,ACCEPTED,1.4000000000000001,0.19999999999999996,1.5707963267948966,1.363718069021569,0.16969575107929968,1.5227997723650526,1.3398094894971777,0.16370255529538646,1.5053464798451093,-0.023908579524391183,-0.005993195783913219,-0.017453292519943306,8,7,6,0.006178212614682203,0.003995319932695703,0.006144107660668689,0.03099497836478296,0.036482665522938065,0.038229528600934835
0.4250001907348633,1790848043.456,False,REJECTED,INSUFFICIENT_RESIDUAL_IMPROVEMENT,1.4000000000000001,0.19999999999999996,1.5707963267948966,1.3398094894971777,0.1637025552953864,1.5053464798451093,1.3398094894971777,0.1637025552953864,1.5053464798451093,0.0,0.0,0.0,8,6,2,0.008720286924081472,0.008058879552711534,0.0024347471918512806,0.012553337721036506,0.007562048503044316,0.007562048503044316
0.5600001811981201,1790848043.591,True,XY_YAW,ACCEPTED,1.4000000000000001,0.19999999999999996,1.5707963267948966,1.3398094894971777,0.16370255529538635,1.5053464798451093,1.3468049551414412,0.17212927529381863,1.5184364492350668,0.006995465644263565,0.00842671999843228,0.013089969389957462,7,6,5,0.005669708467823553,0.00046036266486715327,0.011844383014352373,0.031159458271635423,0.04487731549850597,0.04228438292539656
0.7010002136230469,1790848043.732,False,REJECTED,INSUFFICIENT_RESIDUAL_IMPROVEMENT,1.4000000000000001,0.19999999999999996,1.5707963267948966,1.3468049551414412,0.17212927529381858,1.5184364492350668,1.3468049551414412,0.17212927529381858,1.5184364492350668,0.0,0.0,0.0,8,6,5,0.0012577918718693626,0.009577498998086797,0.006418133912626616,0.03447724719713399,0.028338253689876414,0.028338253689876414
0.8400001525878906,1790848043.871,True,XY_YAW,ACCEPTED,1.4000000000000001,0.19999999999999996,1.5707963267948966,1.3468049551414412,0.17212927529381852,1.5184364492350668,1.3724086617351527,0.17924037240296273,1.5358897417550101,0.02560370659371164,0.007111097109144204,0.017453292519943292,8,7,7,0.0066915585945765965,0.0012622141198755932,0.001210434512450717,0.031500015864484116,0.03971120770331257,0.037107012847215175
0.9800000190734863,1790848044.011,False,REJECTED,INSUFFICIENT_RESIDUAL_IMPROVEMENT,1.4000000000000001,0.19999999999999996,1.5707963267948966,1.3724086617351527,0.17924037240296267,1.5358897417550101,1.3724086617351527,0.17924037240296267,1.5358897417550101,0.0,0.0,0.0,6,5,5,0.0013425690967536208,0.0005213269811578103,0.0018894485911719085,0.04257471005170375,0.048450122946747304,0.048450122946747304
1.1200001239776611,1790848044.151,True,XY_YAW,ACCEPTED,1.4000000000000001,0.19999999999999996,1.5707963267948966,1.3724086617351527,0.17924037240296262,1.5358897417550101,1.3668247520041952,0.18184833583976906,1.5358897417550101,-0.00558390973095757,0.002607963436806457,0.0,8,7,7,0.006120961905217381,0.0005881108732153084,0.004769414576273301,0.027753999049868583,0.03621351000239581,0.03882147343920228
1.2599999904632568,1790848044.291,True,Y_ONLY,ACCEPTED,1.4000000000000001,0.19999999999999996,1.5707963267948966,1.3668247520041952,0.181848335839769,1.5358897417550101,1.3668247520041952,0.15754954237074062,1.5053464798451093,0.0,-0.024298793469028385,-0.030543261909900768,8,7,2,0.011392383751529345,0.007399828090164956,,0.03525821173457655,0.020892310104243417,0.024522063500248326
1.4000000953674316,1790848044.431,True,XY_YAW,ACCEPTED,1.4000000000000001,0.19999999999999996,1.5707963267948966,1.3668247520041952,0.15754954237074056,1.5053464798451093,1.347233050869179,0.17277207143129622,1.5184364492350668,-0.019591701135016182,0.015222529060555656,0.013089969389957462,8,6,5,0.012634171970120567,0.00045954011920446014,0.004613846802183439,0.047122150303960324,0.05703077961649472,0.05520438169546848
1.5400002002716064,1790848044.571,True,XY_YAW,ACCEPTED,1.4000000000000001,0.19999999999999996,1.5707963267948966,1.347233050869179,0.17277207143129616,1.5184364492350668,1.399440199960566,0.18183504445470125,1.5577063574049392,0.052207149091386906,0.009062973023405085,0.039269908169872414,8,7,6,0.012283577110777322,0.0005908877891708242,0.0010717416146377653,0.04589070003038875,0.0539711024527372,0.0480263006032347
1.686000108718872,1790848044.717,True,XY_YAW,ACCEPTED,1.4000000000000001,0.19999999999999996,1.5707963267948966,1.399440199960566,0.1818350444547012,1.5577063574049392,1.397115969337965,0.19502052319951577,1.5577063574049392,-0.002324230622601009,0.013185478744814572,0.0,8,7,6,0.005367111776413927,0.0008837695527157408,0.0022553628271174443,0.04539576787866495,0.03868840853834293,0.044119032599449715
1.820000171661377,1790848044.851,True,XY_YAW,ACCEPTED,1.4000000000000001,0.19999999999999996,1.5707963267948966,1.397115969337965,0.1950205231995157,1.5577063574049392,1.3921329583850521,0.1887786948751005,1.5533430342749535,-0.004983010952912759,-0.006241828324415215,-0.00436332312998583,5,5,5,0.004355496559716843,0.0002721899465972788,0.004695185014227506,0.030657244016297602,0.03174113195071515,0.027761199495303424
1.9670000076293945,1790848044.998,True,XY_YAW,ACCEPTED,1.4000000000000001,0.19999999999999996,1.5707963267948966,1.3921329583850521,0.18877869487510043,1.5533430342749535,1.3476530858486282,0.1740933314642273,1.5184364492350668,-0.04447987253642394,-0.01468536341087312,-0.0349065850398866,9,7,6,0.0086573648200296,0.0011562148036355635,0.0026308850280889265,0.036613019659320484,0.04609961069915558,0.029876315391999864
2.1000001430511475,1790848045.131,False,REJECTED,INSUFFICIENT_RESIDUAL_IMPROVEMENT,1.4000000000000001,0.19999999999999996,1.5707963267948966,1.3476530858486282,0.17409333146422726,1.5184364492350668,1.3476530858486282,0.17409333146422726,1.5184364492350668,0.0,0.0,0.0,8,6,5,0.00275050778188185,0.0021287757001191565,0.004144978765230085,0.0384683659109651,0.030179418207174402,0.030179418207174402
2.240000009536743,1790848045.271,False,REJECTED,INSUFFICIENT_RESIDUAL_IMPROVEMENT,1.4000000000000001,0.19999999999999996,1.5707963267948966,1.3476530858486282,0.1740933314642272,1.5184364492350668,1.3476530858486282,0.1740933314642272,1.5184364492350668,0.0,0.0,0.0,8,8,5,0.0056353357633680545,0.008609156519316152,0.002755773926421968,0.12369333454629428,0.06952283295725764,0.06952283295725764
2.380000114440918,1790848045.411,True,XY_YAW,ACCEPTED,1.4000000000000001,0.19999999999999996,1.5707963267948966,1.3476530858486282,0.17409333146422715,1.5184364492350668,1.3418921363511582,0.1652147981105719,1.5097098029750953,-0.005760949497469969,-0.008878533353655238,-0.00872664625997166,7,7,6,0.00478477954303555,0.002510733999785013,0.004827185125400462,0.02977676578909535,0.04114899758656498,0.04299598130917939
2.5200002193450928,1790848045.551,False,REJECTED,AMBIGUOUS_JOINT_HYPOTHESIS,1.4000000000000001,0.19999999999999996,1.5707963267948966,1.3418921363511582,0.16521479811057185,1.5097098029750953,1.3418921363511582,0.16521479811057185,1.5097098029750953,0.0,0.0,0.0,8,7,7,0.007413911156743919,0.0020320699757379046,0.0002394344688361992,0.030948013291868706,0.04118746875421645,0.04118746875421645
2.6600000858306885,1790848045.691,False,REJECTED,INSUFFICIENT_RESIDUAL_IMPROVEMENT,1.4000000000000001,0.19999999999999996,1.5707963267948966,1.3418921363511582,0.1652147981105718,1.5097098029750953,1.3418921363511582,0.1652147981105718,1.5097098029750953,0.0,0.0,0.0,8,6,5,0.003598913123048497,0.002741253673169297,0.009191197516440085,0.03381390406014269,0.0216618400353783,0.0216618400353783
2.8000001907348633,1790848045.831,False,REJECTED,INSUFFICIENT_RESIDUAL_IMPROVEMENT,1.4000000000000001,0.19999999999999996,1.5707963267948966,1.3418921363511582,0.16521479811057174,1.5097098029750953,1.3418921363511582,0.16521479811057174,1.5097098029750953,0.0,0.0,0.0,8,6,5,0.001460587378406153,0.0019208540506301802,0.006136764494710201,0.032901681366032845,0.04539296591549834,0.04539296591549834
2.953000068664551,1790848045.984,True,XY_YAW,ACCEPTED,1.4000000000000001,0.19999999999999996,1.5707963267948966,1.3418921363511582,0.1652147981105717,1.5097098029750953,1.3363570990803346,0.1677696956203905,1.4966198335851377,-0.005535037270823606,0.0025548975098188334,-0.013089969389957476,8,6,5,0.007009471306144224,0.00044455543430434175,0.0043615740660850385,0.0473638452789145,0.057677687786080095,0.059666862529654204
3.080000162124634,1790848046.111,False,REJECTED,AMBIGUOUS_JOINT_HYPOTHESIS,1.4000000000000001,0.19999999999999996,1.5707963267948966,1.3363570990803346,0.16776969562039046,1.4966198335851377,1.3363570990803346,0.16776969562039046,1.4966198335851377,0.0,0.0,0.0,8,7,7,0.004566892496999486,0.0006655861188559348,0.00022367625374502056,0.0345263766518767,0.023626347092513766,0.023626347092513766
3.2200000286102295,1790848046.251,False,REJECTED,AMBIGUOUS_JOINT_HYPOTHESIS,1.4000000000000001,0.19999999999999996,1.5707963267948966,1.3363570990803346,0.1677696956203904,1.4966198335851377,1.3363570990803346,0.1677696956203904,1.4966198335851377,0.0,0.0,0.0,8,7,6,0.00467242900014736,0.002490095189761732,0.00043160075517280697,0.03306327033532014,0.023575011564580084,0.023575011564580084
3.3600001335144043,1790848046.391,False,REJECTED,INSUFFICIENT_RESIDUAL_IMPROVEMENT,1.4000000000000001,0.19999999999999996,1.5707963267948966,1.3363570990803346,0.16776969562039035,1.4966198335851377,1.3363570990803346,0.16776969562039035,1.4966198335851377,0.0,0.0,0.0,8,7,4,0.0028174018925683775,0.0034731249989844934,0.0053619972753455244,0.024373113639508892,0.02314633953570333,0.02314633953570333
3.5,1790848046.531,False,REJECTED,INSUFFICIENT_RESIDUAL_IMPROVEMENT,1.4000000000000001,0.19999999999999996,1.5707963267948966,1.3363570990803346,0.1677696956203903,1.4966198335851377,1.3363570990803346,0.1677696956203903,1.4966198335851377,0.0,0.0,0.0,8,7,2,0.0031411861674478514,0.0011871640642151515,0.005055068969183191,0.058494067258696214,0.023143332373684933,0.023143332373684933
3.640000104904175,1790848046.671,False,REJECTED,INSUFFICIENT_RESIDUAL_IMPROVEMENT,1.4000000000000001,0.19999999999999996,1.5707963267948966,1.3363570990803346,0.16776969562039024,1.4966198335851377,1.3363570990803346,0.16776969562039024,1.4966198335851377,0.0,0.0,0.0,7,6,5,0.0012397749483634701,0.0006242508362777066,0.006265224855752665,0.03205092394701857,0.04394223676874399,0.04394223676874399
3.7810001373291016,1790848046.812,True,XY_YAW,ACCEPTED,1.4000000000000001,0.19999999999999996,1.5707963267948966,1.3363570990803346,0.16776969562039018,1.4966198335851377,1.3262822300026458,0.15295622291423405,1.4704398948052229,-0.010074869077688842,-0.014813472706156135,-0.026179938779914952,8,7,5,0.003554807999518683,7.089935768106459e-05,0.0022628366552103554,0.03396166983500315,0.023601184469684178,0.018035517542617452
3.9200000762939453,1790848046.951,True,XY_YAW,ACCEPTED,1.4000000000000001,0.19999999999999996,1.5707963267948966,1.3262822300026458,0.152956222914234,1.4704398948052229,1.3471690775686176,0.17490858084165373,1.5184364492350668,0.020886847565971867,0.021952357927419716,0.047996554429844046,7,6,5,0.0026632477194765414,0.00023882084263238124,0.0018889170889034544,0.03049838970683482,0.04636759163786048,0.03932960779538576
4.06000018119812,1790848047.091,True,XY_YAW,ACCEPTED,1.4046304520078556,0.19976850979278382,1.5721827025985753,1.35178106844157,0.17443506875005302,1.5198228250387456,1.3508728125432887,0.16719371863033264,1.5154595019087598,-0.0009082558982813627,-0.00724135011972038,-0.00436332312998583,8,7,6,0.004707129675663557,0.0023006076114096066,0.0046881123584214136,0.03028832641077714,0.03912616853641361,0.039808636146052345
4.208000183105469,1790848047.239,True,X_ONLY,ACCEPTED,1.4237765896027716,0.19954985165186762,1.5727964357618809,1.3699757605018659,0.16588996425241453,1.5160732350720654,1.358237285957936,0.16588996425241453,1.524799881332037,-0.0117384745439299,0.0,0.008726646259971646,8,7,4,0.019063161270888807,0.005962506350041252,0.005364366327161276,0.02520483283229158,0.016623211419942496,0.013066907047411203
4.340000152587891,1790848047.371,True,XY_YAW,ACCEPTED,1.4536786696255826,0.20584795175224602,1.5780027156023864,1.3884071013973207,0.1707461655372081,1.5300061611725424,1.3457524694425058,0.1501773888883453,1.4950995761326558,-0.04265463195481489,-0.02056877664886278,-0.0349065850398866,9,7,5,0.015965694678587994,0.010182863688387556,0.001248723265105934,0.039365851470763324,0.011208465177408922,0.0059290034855483675
4.482000112533569,1790848047.513,False,REJECTED,AMBIGUOUS_JOINT_HYPOTHESIS,1.4911485891483243,0.216608502634292,1.5841708836718011,1.3839847605506237,0.15779816581395947,1.5012677442020705,1.3839847605506237,0.15779816581395947,1.5012677442020705,0.0,0.0,0.0,8,8,5,0.02446633928712061,0.0017366954594406625,0.0007919102721811108,0.040553796347825535,0.014119685096467223,0.014119685096467223
4.620000123977661,1790848047.651,True,XY_YAW,ACCEPTED,1.5311899625335677,0.22802239623576223,1.5873923879241914,1.4248337760088623,0.16585710407000573,1.5044892484544605,1.4528706479382083,0.18090127231092554,1.5306691872343754,0.028036871929346115,0.015044168240919809,0.026179938779914924,8,7,6,0.015342701417480842,0.0039538159758981395,0.0028912552251809526,0.052523430791865326,0.056412435276054794,0.054427142725855686
4.759999990463257,1790848047.791,True,XY_YAW,ACCEPTED,1.575209677620708,0.23518658618725402,1.5897199529401687,1.4972257227205008,0.18555833952874987,1.532996752250353,1.5024398312480576,0.21237045704558397,1.5809933066801969,0.005214108527556771,0.0268121175168341,0.047996554429844046,9,8,6,0.01782354288022013,0.003538343538859623,0.008794112097010318,0.01171926906437512,0.03951394162463373,0.01353339122718955
4.900000095367432,1790848047.931,True,XY_YAW,ACCEPTED,1.6063865317139832,0.23936196609270763,1.592201735937561,1.5336519348232238,0.21627361204139245,1.5834750896775893,1.5474505459874155,0.22336727597695805,1.5834750896775893,0.013798611164191676,0.007093663935565583,0.0,10,9,5,0.013190822763861215,0.002053908165302598,0.007275523891917601,0.01717430600825165,0.008794512588722991,0.022593123752914668
5.0400002002716064,1790848048.071,True,XY_YAW,ACCEPTED,1.6122992510754983,0.2411708260709524,1.5928276970166593,1.5533788252915068,0.22512446952395704,1.5841010507566875,1.549671006606092,0.1896532888763724,1.5404678194568293,-0.0037078186854149,-0.035471180647584644,-0.043633231299858244,9,8,5,0.03960807222989304,0.00026850916247483925,0.0038108578580361655,0.01270125225400126,0.030498647696499154,0.02128434399810708
5.180000066757202,1790848048.211,True,X_ONLY,ACCEPTED,1.6192802006261386,0.24032993541065545,1.589255053806998,1.5565983801911907,0.18844819595728424,1.536895176247168,1.594134616287998,0.18844819595728424,1.5718017612870547,0.03753623609680723,0.0,0.034906585039886584,8,7,3,0.013192945354117303,0.0022604823409908548,0.013843854366604376,0.02085695531772691,0.01698538905499436,0.02689758783870011
5.320000171661377,1790848048.351,True,Y_ONLY,ACCEPTED,1.6401810469226916,0.24024762015659132,1.5880534419043963,1.6150308426851543,0.1880011231757814,1.570600149384453,1.6150308426851543,0.1700359264043031,1.518240271824623,0.0,-0.017965196771478315,-0.05235987755982989,8,8,2,0.022751566493077358,0.00017250752472902642,0.0017331141778465474,0.025429138496209286,0.08063843846283877,0.10699757781943733
5.466000080108643,1790848048.497,True,XY_YAW,ACCEPTED,1.6727674885058748,0.24085430833995897,1.591758975295175,1.6475802257627636,0.16836802146903607,1.5219458052154018,1.6022554275616272,0.21111399390631103,1.5830323290352033,-0.04532479820113652,0.04274597243727496,0.061086523819801536,9,9,6,0.040377139948363394,0.0010715663856475377,0.0014097916928738595,0.08073141075286383,0.11283379061941329,0.020133463879947744
5.6000001430511475,1790848048.631,True,XY_YAW,ACCEPTED,1.6950715587889997,0.24098074249460344,1.5897063844551165,1.624559751906238,0.21104578598564633,1.5809797381951447,1.5885990688987326,0.2079803799033992,1.5591631225452156,-0.035960683007505434,-0.0030654060822471185,-0.021816615649929122,9,9,5,0.01535263680910881,0.007178366520425403,0.0024917645055963916,0.034084471124779414,0.01759459119551865,0.014339404589956417
5.740000009536743,1790848048.771,False,REJECTED,INSUFFICIENT_RESIDUAL_IMPROVEMENT,1.6993233097314382,0.24138782377026072,1.5902780101707823,1.5928612684424854,0.2082574291602988,1.5597347482608814,1.5928612684424854,0.2082574291602988,1.5597347482608814,0.0,0.0,0.0,8,8,3,0.007013692432669805,0.010354110339296174,0.0039752324469540575,0.04529770307106773,0.03628501498133829,0.03628501498133829
5.880000114440918,1790848048.911,True,XY_YAW,ACCEPTED,1.7182811994093263,0.25144236792914487,1.5892757699428224,1.612117366816526,0.21772833802329605,1.5587325080329215,1.6510905771588646,0.17899033280531693,1.571822477422879,0.03897321034233858,-0.03873800521797913,0.013089969389957462,10,10,5,0.03454250607607445,0.004701957018196978,0.009304327776060177,0.023413052805939083,0.01769203797497243,0.03735545238470389
6.020000219345093,1790848049.051,True,XY_YAW,ACCEPTED,1.7470400085728721,0.2723593030525016,1.589484081477174,1.6802100570696734,0.19940217175196673,1.5720307889572305,1.6561049453565782,0.20710308815140177,1.5763941120872162,-0.024105111713095262,0.007700916399435043,0.004363323129985816,8,8,7,0.025707246363344538,0.00011067998995817341,0.006288387921035803,0.04909497810348552,0.05301396916524774,0.05204711227562788
6.1600000858306885,1790848049.191,True,XY_YAW,ACCEPTED,1.7665284843081088,0.2830205487230055,1.5937590517092974,1.675731302860933,0.21750832418144847,1.5806690823193397,1.6869090708005219,0.2310291000761702,1.5806690823193397,0.011177767939588912,0.013520775894721726,0.0,7,7,7,0.013250686647700127,0.00044747795242150445,0.00840639914902586,0.026958173131148497,0.06174238840447103,0.0482216125097493
6.300000190734863,1790848049.331,False,REJECTED,INSUFFICIENT_RESIDUAL_IMPROVEMENT,1.7683823127823994,0.284664888813918,1.5958202163879496,1.6887842641996016,0.23264903342749094,1.582730246997992,1.6887842641996016,0.23264903342749094,1.582730246997992,0.0,0.0,0.0,7,7,3,0.0013644031878052854,0.0011886799442404339,0.003587800408088525,0.04958957429448696,0.025706076001797307,0.025706076001797307
6.440000057220459,1790848049.471,True,X_ONLY,ACCEPTED,1.7677600864342065,0.28485519746887766,1.589659996000585,1.6881645822223765,0.2328474704694982,1.5765700266106275,1.7221299780755643,0.2328474704694982,1.5940233191305708,0.03396539585318781,0.0,0.017453292519943292,6,6,2,0.02643590275769192,0.0009461463059117214,0.008320452453274757,0.026987628755956727,0.048460748122324926,0.020042376699859865
6.580000162124634,1790848049.611,True,X_ONLY,ACCEPTED,1.7674927388423394,0.284637567187788,1.5646434100211795,1.7218635826168798,0.2326286757398621,1.569006733151165,1.722762326281187,0.2326286757398621,1.5951866719310799,0.000898743664307311,0.0,0.026179938779914924,6,6,2,0.010500815430398602,0.0015533432170706796,0.006750851014284089,0.038389012331077055,0.023131474643885985,0.015797140047444702
6.732000112533569,1790848049.763,True,X_ONLY,ACCEPTED,1.7674720678321592,0.2838219704371008,1.5357263021162402,1.7227665720243,0.23181282812905554,1.5662695640261408,1.725740598692994,0.23181282812905554,1.5968128259360417,0.002974026668693841,0.0,0.030543261909900754,6,6,2,0.010614431574111682,0.00010983559837784984,0.003582281447936075,0.0458009353958011,0.019832575282704656,0.01411535417910681
6.860000133514404,1790848049.891,True,XY_YAW,ACCEPTED,1.7675772021430303,0.2868185914676736,1.5342300643790152,1.7256625975697266,0.2348102781534868,1.5953165881988167,1.721045485761451,0.25066204230457856,1.5473200337689728,-0.00461711180827562,0.01585176415109177,-0.04799655442984407,7,7,4,0.01789741377162446,0.0009480762042300417,0.003560442508222749,0.030001961626862084,0.031489064701957004,0.020581875097931634
7.005000114440918,1790848050.036,True,XY_YAW,ACCEPTED,1.7724452903388623,0.30223689546551,1.535726295982762,1.7257113375326294,0.2661427466845959,1.5488162653727195,1.7385904601994793,0.28129879763488336,1.5749962041526344,0.012879122666849874,0.01515605095028745,0.026179938779914924,6,6,5,0.016314563661784076,0.006738642376566517,0.00477918437737997,0.033891942362611255,0.0365805239593362,0.03191232019389592
7.140000104904175,1790848050.171,True,X_ONLY,ACCEPTED,1.7920969197328631,0.3326455512408244,1.5449633007825536,1.7570331006761866,0.3124555287880007,1.5842332089524258,1.721823487918495,0.3124555287880007,1.5405999776525676,-0.03520961275769152,0.0,-0.043633231299858244,6,6,2,0.01564177522909116,0.0019190745316984836,0.00315819172984866,0.04856369359515522,0.00972688239894759,0.02032252059417805
7.28000020980835,1790848050.311,True,X_ONLY,ACCEPTED,1.822865271553644,0.3685560691631463,1.5464900799651111,1.752748235543013,0.34823145303289793,1.5421267568351251,1.7382032440303739,0.34823145303289793,1.5639433724850542,-0.014544991512639216,0.0,0.021816615649929122,6,6,2,0.02353057301280992,0.005225619912680779,0.007851789909991393,0.07283767294708099,0.01864410338894884,0.01701340117941208
7.420000076293945,1790848050.451,True,X_ONLY,ACCEPTED,1.8451759490620074,0.3929715213121664,1.5454976767079478,1.7600844151202337,0.3730325616020638,1.562950969227891,1.7500414095533463,0.3730325616020638,1.5673142923578767,-0.010043005566887309,0.0,0.004363323129985816,5,5,2,0.011510772559360394,0.004653881712993413,0.0036679554980969253,0.06729958563348637,0.02301663278744459,0.033380442522811915
7.561000108718872,1790848050.592,True,X_ONLY,ACCEPTED,1.848328089925109,0.39797218698477604,1.5436349960215834,1.7530837113455378,0.3781008008422022,1.5654516116715123,1.790303243020488,0.3781008008422022,1.5872682273214413,0.03721953167495029,0.0,0.021816615649929122,6,6,2,0.03153704362543208,0.001156872745554316,0.005851346605776948,0.05606910583841217,0.042802523141060214,0.03166883519790567
7.700000047683716,1790848050.731,True,XY_YAW,ACCEPTED,1.8490015651423368,0.4034177357912801,1.5447037332353002,1.7907385457357314,0.38357054326925843,1.5883369645351582,1.8131127567722118,0.4427611960390821,1.6057902570551015,0.022374211036480407,0.05919065276982368,0.017453292519943292,7,7,5,0.04076523432467605,0.002566315706603317,0.005291714243140427,0.045442409120692806,0.019729120620180285,0.04360990932854558
7.840000152587891,1790848050.871,True,XY_YAW,ACCEPTED,1.849652383759685,0.424050204941109,1.541314317603022,1.8125027793730526,0.4633949130009832,1.602400841422823,1.8201596013830916,0.44398487728465913,1.6111274876827946,0.007656822010039144,-0.01941003571632406,0.008726646259971646,6,6,4,0.01594341157498194,0.003308605156126826,0.005396062237024428,0.05877105103640745,0.011625594440797027,0.01356953146538964
7.986000061035156,1790848051.017,True,XY_YAW,ACCEPTED,1.8510833991577504,0.4574867212987781,1.518933328290103,1.819254717424171,0.47743976655703696,1.5887464983698756,1.82122616555929,0.4576202905786102,1.6018364677598331,0.0019714481351189583,-0.019819475978426745,0.013089969389957462,6,6,4,0.014672041437151617,0.007922807849653435,0.004852228621541825,0.07254537420713714,0.012075750505936678,0.008722313597469
8.120000123977661,1790848051.151,True,X_ONLY,ACCEPTED,1.8532174112028554,0.4943231394524093,1.5048396333492675,1.8203024905868843,0.4945069078583664,1.5877427728189977,1.8158757970852222,0.4945069078583664,1.605196065338941,-0.004426693501662138,0.0,0.017453292519943292,6,6,2,0.011039093070243533,0.0067398286193349755,0.0036235187312184808,0.07648625360250427,0.012601493411348308,0.007589660355668659
8.259999990463257,1790848051.291,True,X_ONLY,ACCEPTED,1.855023515566899,0.5218156557219499,1.5024731314853357,1.8149183921542373,0.5220420461293626,1.6028295634750094,1.8040106362908672,0.5220420461293626,1.5504696859151794,-0.010907755863370117,0.0,-0.05235987755982989,6,6,3,0.002500602544802666,9.426972128778743e-05,0.010501684017150537,0.04125285689368327,0.007713804555778442,0.003496098888411292
8.401000022888184,1790848051.432,True,X_ONLY,ACCEPTED,1.8559592895594728,0.5276159250363806,1.501053241954546,1.804667046566838,0.527880532460142,1.5490497963843897,1.8043458779870671,0.527880532460142,1.5315965038644463,-0.00032116857977082525,0.0,-0.017453292519943306,6,6,2,0.00482906392409177,0.00029049623537225067,0.003502120811274786,0.03181942838092855,0.014306034989795213,0.016511716946646438
8.540000200271606,1790848051.571,False,REJECTED,AMBIGUOUS_JOINT_HYPOTHESIS,1.8645014916369145,0.5440992450188202,1.5069282454275326,1.8123807198181598,0.5446170306220836,1.537471507337433,1.8123807198181598,0.5446170306220836,1.537471507337433,0.0,0.0,0.0,6,6,4,0.02339295453363019,0.006096758590842494,0.0002681388603144423,0.0612739015716679,0.0045898463123460465,0.0045898463123460465
8.680000066757202,1790848051.711,True,XY_YAW,ACCEPTED,1.8852232861561906,0.5748350411987233,1.5144162500071838,1.8321542239849382,0.5759713041406658,1.5449595119170842,1.8185779212360549,0.5787166027936949,1.575502773826985,-0.013576302748883329,0.0027452986530290546,0.030543261909900754,6,6,4,0.010366782004235964,0.006034152341066967,0.006653198884613767,0.07905759917204291,0.01716725301899813,0.006758171394407153
8.820000171661377,1790848051.851,True,XY_YAW,ACCEPTED,1.9031804921542088,0.597825909947455,1.5124277394591081,1.835098074465359,0.6027608501380597,1.5735142632789092,1.8424686154779748,0.5986563075213872,1.5735142632789092,0.0073705410126156945,-0.004104542616672452,0.0,6,6,4,0.0073705410126156945,0.0038518584334593653,0.0013578437839764923,0.0758119901674773,0.0053072631056116926,0.01105116913355031
8.960000038146973,1790848051.991,True,XY_YAW,ACCEPTED,1.9095336538543553,0.5998025413043042,1.5083054348712468,1.8486892567933573,0.601017103305533,1.5693919586910479,1.855832134081777,0.632654594547354,1.5519386661711045,0.007142877288419669,0.03163749124182094,-0.017453292519943306,8,7,5,0.020853215810214376,0.004813845832295549,0.005621615879892985,0.07020354613215785,0.026009039999707828,0.04966283175581676
9.1010000705719,1790848052.132,False,REJECTED,INSUFFICIENT_RESIDUAL_IMPROVEMENT,1.926048410821182,0.5990530451095724,1.5056641110543614,1.872363865224189,0.6326261752883052,1.5492973423542191,1.872363865224189,0.6326261752883052,1.5492973423542191,0.0,0.0,0.0,8,7,6,0.00643983412967622,0.0066490713646703,0.0045110188610736415,0.03580886479666012,0.023613223340309908,0.023613223340309908
9.245000123977661,1790848052.276,False,REJECTED,AMBIGUOUS_JOINT_HYPOTHESIS,1.955861606406094,0.5972878301378168,1.5073282791133937,1.902225682848604,0.63216307373688,1.5509615104132513,1.902225682848604,0.63216307373688,1.5509615104132513,0.0,0.0,0.0,7,7,5,0.016713844998437477,0.00032656662503149914,9.370941883318079e-05,0.06838918723955334,0.05773492957054782,0.05773492957054782
9.380000114440918,1790848052.411,True,XY_YAW,ACCEPTED,1.9913992814033,0.5948722748423191,1.5143514445842816,1.9378348988958531,0.6312999491265467,1.5579846758841391,1.8972153868547836,0.634035452924067,1.5928912609240258,-0.040619512041069505,0.0027355037975203,0.034906585039886584,5,5,4,0.02262135479691424,0.005838009999505511,0.0018373688497227737,0.07306323996789488,0.06207239651085367,0.040400603417759307
9.529000043869019,1790848052.56,True,XY_YAW,ACCEPTED,2.034850407764552,0.5932625180726389,1.521057301802532,1.9406588679550352,0.6358397945799388,1.5995971181422761,1.9358009845297361,0.6300286014254192,1.5472372405824462,-0.0048578834252990255,-0.005811193154519598,-0.05235987755982989,7,7,5,0.009460034402372586,0.007404734564850912,0.007148571197787133,0.07493460497572901,0.043786852439626656,0.04239576160100467
9.660000085830688,1790848052.691,False,REJECTED,AMBIGUOUS_JOINT_HYPOTHESIS,2.0759390403457436,0.5971864005265237,1.5250999525062936,1.9767728217945923,0.6350267142739071,1.5512798912862078,1.9767728217945923,0.6350267142739071,1.5512798912862078,0.0,0.0,0.0,8,7,2,0.027957824475492665,0.0022831964563050366,0.0008492590189455272,0.07700588573469158,0.04400471780951132,0.04400471780951132
9.801000118255615,1790848052.832,False,REJECTED,INSUFFICIENT_RESIDUAL_IMPROVEMENT,2.122074379483159,0.6061587050805877,1.528214596533581,2.022657483951027,0.6452036266310552,1.5543945353134951,2.022657483951027,0.6452036266310552,1.5543945353134951,0.0,0.0,0.0,8,8,4,0.004226221638770178,0.0036686494776306255,0.0035276960547098897,0.02099740127252403,0.06091577183751912,0.06091577183751912
9.940000057220459,1790848052.971,True,Y_ONLY,ACCEPTED,2.1678632288829083,0.6151507985567263,1.5326727872693509,2.068195257089585,0.655391251085156,1.5588527260492653,2.068195257089585,0.599276807026329,1.563216049179251,0.0,-0.05611444405882693,0.004363323129985816,8,8,2,0.05624279796630921,0.010528316310106811,0.003973134937368696,0.11088656399935876,0.035685836139980776,0.06228203477888394
10.080000162124634,1790848053.111,True,Y_ONLY,ACCEPTED,2.215534606049837,0.6173651908721189,1.537604267482961,2.1157767756404007,0.6029459795101973,1.5681475293928613,2.1157767756404007,0.6102020471522785,1.5637842062628755,0.0,0.007256067642081199,-0.00436332312998583,8,8,3,0.007348780328682913,0.0010848262817073628,0.0062609756811681724,0.06109452030456686,0.07324298012498287,0.06632713109416621
10.22000002861023,1790848053.251,True,XY_YAW,ACCEPTED,2.263610772052198,0.6007399658569155,1.5436197817664192,2.164271664797232,0.5948410064987482,1.5697997205463334,2.1101892191763962,0.6171735054245171,1.5872530130662768,-0.05408244562083597,0.022332498925768884,0.017453292519943292,7,7,5,0.03193254924512656,0.008144339459792649,0.0019837304275629394,0.12192450532848054,0.07417117450745961,0.03508845081287676
10.360000133514404,1790848053.391,True,XY_YAW,ACCEPTED,2.3092361420834604,0.5820552263603532,1.5432533520371203,2.1565861808550637,0.6004967003488364,1.586886583336978,2.160338830957056,0.629689366919084,1.5781599370770065,0.0037526501019922165,0.029192666570247605,-0.00872664625997166,8,8,5,0.01067211643103061,0.0014214625479798126,,0.042501710690474176,0.032465242741242906,0.033669271339897694
10.505000114440918,1790848053.536,True,XY_YAW,ACCEPTED,2.3390204963400176,0.5719068189206059,1.5404593479774324,2.1904592157017255,0.6205866005881109,1.5753659330173184,2.215278199872943,0.5963194313158411,1.5710026098873326,0.02481898417121753,-0.024267169272269767,-0.00436332312998583,8,8,4,0.023486648676977473,0.011073001972443819,0.004095636134586706,0.0796717995351397,0.024234478785480906,0.004260943656037908
10.642000198364258,1790848053.673,True,X_ONLY,ACCEPTED,2.342273064250936,0.570672001923315,1.5399402373106037,2.218566960231567,0.5951845188366257,1.5704834992205041,2.2411059335341754,0.5951845188366257,1.5661201760905183,0.022538973302608456,0.0,-0.00436332312998583,8,8,2,0.03291388357065084,0.009602977560536852,0.0012234650250924246,0.0410187753516682,0.036033680615481234,0.036759427906695424
10.78000020980835,1790848053.811,True,Y_ONLY,ACCEPTED,2.3547722284997588,0.5754146776621479,1.5407236936332236,2.253476665853927,0.6002527593553668,1.5669036324131382,2.253476665853927,0.5957842858812161,1.6149001868429822,0.0,-0.0044684734741506915,0.047996554429844046,5,5,3,0.024639081911073224,0.002003275683368333,0.009474300646931274,0.12111969523090382,0.012317129729343068,0.01436271474719275
10.920000076293945,1790848053.951,True,XY_YAW,ACCEPTED,2.382490443569688,0.5954276716418999,1.5441130254864834,2.2796355281949126,0.6177964029016622,1.6182895186962423,2.2702791214602733,0.5934645317064052,1.6139261955662565,-0.009356406734639444,-0.024331871195256927,-0.00436332312998583,8,8,4,0.016284706565209528,0.004265688909697141,0.003929372536236285,0.07238149931637228,0.0021180281977666304,0.009077658261799737
11.06000018119812,1790848054.091,False,REJECTED,INSUFFICIENT_RESIDUAL_IMPROVEMENT,2.417649586928374,0.6163294114842562,1.5473909393618617,2.30389458724631,0.6167679338215893,1.6172041094416347,2.30389458724631,0.6167679338215893,1.6172041094416347,0.0,0.0,0.0,9,9,4,0.013803497944732346,0.015537867504214264,0.005592513717282258,0.05684147053655575,0.057264217955508456,0.057264217955508456
11.200000047683716,1790848054.231,False,REJECTED,AMBIGUOUS_JOINT_HYPOTHESIS,2.4593338012889743,0.6218519437312487,1.553711799861128,2.3450920285800807,0.625184757262179,1.623524969940901,2.3450920285800807,0.625184757262179,1.623524969940901,0.0,0.0,0.0,9,9,5,0.03842113737738373,0.002197455996212072,6.584887214711524e-05,0.07326223613835503,0.07347805606252206,0.07347805606252206
11.34000015258789,1790848054.371,True,Y_ONLY,ACCEPTED,2.5056392988121248,0.6078923551609591,1.560283022631149,2.392258499912154,0.6144892817702226,1.6300961927109219,2.392258499912154,0.6578948602109167,1.6126429001909786,0.0,0.04340557844069409,-0.017453292519943306,8,8,2,0.05765500909545945,0.014305743252192415,0.004610182967498416,0.11173013746523064,0.03508393820698119,0.04653398271712739
11.480000019073486,1790848054.511,False,REJECTED,INSUFFICIENT_RESIDUAL_IMPROVEMENT,2.550788835850561,0.5800171795006513,1.5654269946477215,2.4388050350528543,0.6324208307048942,1.6177868722075512,2.4388050350528543,0.6324208307048942,1.6177868722075512,0.0,0.0,0.0,8,8,5,0.014404562911690899,0.015992893513416817,0.0017086052553403931,0.15111978116024716,0.049610291072266666,0.049610291072266666
11.620000123977661,1790848054.651,True,XY_YAW,ACCEPTED,2.584265287636021,0.5584956749160322,1.5664145434571488,2.4733619570468246,0.6126808427101503,1.6187744210169785,2.45876162048646,0.604902627330444,1.6405910366669076,-0.014600336560364635,-0.007778215379706355,0.021816615649929122,8,8,6,0.024582273992163728,0.00514710005025143,0.0010475609688196524,0.13035863966624173,0.025600377595327628,0.013761945939859466
11.765000104904175,1790848054.796,False,REJECTED,AMBIGUOUS_JOINT_HYPOTHESIS,2.5940441509192986,0.5529860385244737,1.5687810517448613,2.4689219045402755,0.6001328382128821,1.6429575449546199,2.4689219045402755,0.6001328382128821,1.6429575449546199,0.0,0.0,0.0,7,7,6,0.04057189540083217,0.0022657943930045332,0.0009359846063415386,0.1472522446632447,0.016234971907933993,0.016234971907933993
11.900000095367432,1790848054.931,True,XY_YAW,ACCEPTED,2.612545672027311,0.5460293448807664,1.566414578452831,2.4878880999525497,0.5945663939846478,1.6405910716625898,2.5019596794591523,0.6426879112739845,1.636227748532604,0.01407157950660265,0.04812151728933661,-0.00436332312998583,8,8,5,0.03732634663607559,0.0055461900162938615,0.005723085240676443,0.14031591252821207,0.0034063017152160535,0.018155898392019143
12.046000003814697,1790848055.077,False,REJECTED,INSUFFICIENT_RESIDUAL_IMPROVEMENT,2.6441286409248432,0.522322660469791,1.5749339740687873,2.535119408540479,0.6212420916954029,1.6447471441485604,2.535119408540479,0.6212420916954029,1.6447471441485604,0.0,0.0,0.0,7,7,3,0.003226356711659939,0.0043192741821656,0.003761808853661312,0.1695558817724936,0.041988061448578584,0.041988061448578584
12.180000066757202,1790848055.211,True,XY_YAW,ACCEPTED,2.6736802015116843,0.4908608827928193,1.5762425832206888,2.566793645679454,0.5919183659877627,1.6460557533004618,2.5558554484307217,0.5864350231244229,1.715868923380235,-0.010938197248732351,-0.005483342863339846,0.06981317007977317,7,7,6,0.02433607058126311,0.0027185242865666037,0.00676114350311839,0.18657551189285737,0.06077026408388275,0.03240429001217682
12.32200002670288,1790848055.353,False,REJECTED,AMBIGUOUS_JOINT_HYPOTHESIS,2.692594800556666,0.45303165055879796,1.5697145078163848,2.5798507834549644,0.5516063457805683,1.7093408479759309,2.5798507834549644,0.5516063457805683,1.7093408479759309,0.0,0.0,0.0,6,6,5,0.015962398528457378,0.002923671278637241,0.0007444656376680465,0.19062576806148246,0.033913786624364395,0.033913786624364395
12.460000038146973,1790848055.491,False,REJECTED,AMBIGUOUS_JOINT_HYPOTHESIS,2.6966080267325045,0.4116554079046179,1.56164630730779,2.5895834131857933,0.5111913070073762,1.701272647467336,2.5895834131857933,0.5111913070073762,1.701272647467336,0.0,0.0,0.0,6,6,4,0.0457152716867511,0.013876819585528638,0.00018708647754448957,0.13799724192549823,0.0160432658172871,0.0160432658172871
12.601999998092651,1790848055.633,True,X_ONLY,ACCEPTED,2.6905383209295284,0.3742196017435629,1.5705063304143247,2.5887828345728243,0.47327508375996885,1.7101326705738709,2.6417825205643304,0.47327508375996885,1.7188593168338424,0.05299968599150606,0.0,0.008726646259971646,6,6,4,0.050533230473200685,0.0059629914580356935,0.00727110466913267,0.0962201809256169,0.004493162955739427,0.04882682738477806
12.740000009536743,1790848055.771,True,Y_ONLY,ACCEPTED,2.6891990769418426,0.3666665205033084,1.5480419041651272,2.641574403505934,0.46560701373091723,1.6963948905846449,2.641574403505934,0.42605693648927273,1.6396716898948291,0.0,-0.0395500772416445,-0.05672320068981572,7,7,2,0.019686760294105987,0.0015031003742832505,0.0025447815794684622,0.07084920454351495,0.022792693347285287,0.02643231655038103
12.88100004196167,1790848055.912,True,XY_YAW,ACCEPTED,2.6885997275721207,0.36146018542662345,1.4662698595104837,2.6414539565370467,0.42081760092783055,1.5578996452401856,2.600699698808797,0.42514933016141954,1.6408027847099163,-0.04075425772824959,0.004331729233588988,0.08290313946973066,7,7,5,0.06529208935278363,0.004729628649167594,0.011747254863435183,0.07931882417518166,0.10032694749019755,0.023423771299658336
13.025000095367432,1790848056.056,True,X_ONLY,ACCEPTED,2.6779828968728463,0.3431495198492666,1.366363430243811,2.59342377533311,0.4052732514344975,1.5408963554432435,2.6159285528796845,0.4052732514344975,1.6194361717829884,0.02250477754657454,0.0,0.07853981633974483,6,6,2,0.033400131014928336,0.0006688880121898944,0.012732239647933793,0.12154658802621598,0.035127690139857504,0.012903524046212589
13.160000085830688,1790848056.191,True,X_ONLY,ACCEPTED,2.6530851358972782,0.31684557590817247,1.3030051008923558,2.5984098259311095,0.3735732486812801,1.5560778424315331,2.6056186419140306,0.3735732486812801,1.6258910125113064,0.007208815982921113,0.0,0.06981317007977317,7,5,2,0.026049479020168853,0.008079435033185423,0.003412261604320118,0.09445870322477967,0.006967126850960681,0.017033445261854574
13.300000190734863,1790848056.331,True,X_ONLY,ACCEPTED,2.6258784362182173,0.2869131132600125,1.2627692750722492,2.5893155948042184,0.336554773799873,1.5856551866911999,2.6029152616843882,0.336554773799873,1.5027520472214693,0.013599666880169892,0.0,-0.08290313946973066,8,7,3,0.01406471440046042,0.0021452022800869663,0.01165975601219274,0.057282781841311636,0.10475019638631033,0.055081737814204
13.440999984741211,1790848056.472,True,X_ONLY,ACCEPTED,2.6046336904728027,0.2517349971158898,1.240096705305642,2.5906406883054505,0.297335213302568,1.4800794774548622,2.588754054393957,0.297335213302568,1.4059029842451032,-0.0018866339114933517,0.0,-0.07417649320975901,6,5,4,0.04899363018222824,0.0007929206493946239,0.013860133856880624,0.014309286763993956,0.08779604020822662,0.05428576975642457
13.580000162124634,1790848056.611,True,XY_YAW,ACCEPTED,2.59143640983132,0.2106204959039122,1.227622897330439,2.5825236165090093,0.2546063931690613,1.3934291762699003,2.5697153843163987,0.3304102566530027,1.3716125606199712,-0.012808232192610403,0.07580386348394141,-0.021816615649929122,7,6,6,0.020574996711304028,0.008355914961227784,0.001687733974210067,0.06951438484670924,0.07199988807146807,0.024039559171879776
13.72000002861023,1790848056.751,True,XY_YAW,ACCEPTED,2.5853008460510623,0.1817031049026164,1.2311344919113558,2.5677927473682662,0.3009117124111404,1.3751241552008877,2.5711459185081456,0.27748627627426947,1.3533075395509586,0.0033531711398793185,-0.023425436136870953,-0.021816615649929122,5,5,4,0.019184309638106578,0.011341647346958306,0.0013901056493612722,0.12453901715769244,0.021793402791973726,0.02550012358807685
13.860000133514404,1790848056.891,False,REJECTED,AMBIGUOUS_JOINT_HYPOTHESIS,2.5835520437859527,0.17663254768559541,1.236371315651749,2.570028097028666,0.27224038883804413,1.3585443632913519,2.570028097028666,0.27224038883804413,1.3585443632913519,0.0,0.0,0.0,5,5,5,0.012404027588655886,0.009321882554834349,0.0006278265187830492,0.0938994493947134,0.02724899203494302,0.02724899203494302
14.002000093460083,1790848057.033,True,XY_YAW,ACCEPTED,2.5827158143523388,0.16944077935216312,1.2340201072866834,2.5700745568071603,0.26500031612318936,1.3561931549262862,2.556356989704883,0.2745914213187975,1.3169232467564138,-0.01371756710227734,0.009591105195608116,-0.03926990816987243,6,6,4,0.01266046842634716,0.009249955051399208,0.008756394781723903,0.0773319216972701,0.043093115075551136,0.04586145644647033
14.140000104904175,1790848057.171,False,REJECTED,AMBIGUOUS_JOINT_HYPOTHESIS,2.5836906767044496,0.1461943165583846,1.233215907050171,2.559253501809633,0.25150552504736956,1.3161190465199013,2.559253501809633,0.25150552504736956,1.3161190465199013,0.0,0.0,0.0,6,6,6,0.006641469717099002,0.007269613973566402,0.0009420982393098867,0.12834947919977235,0.041942290457463116,0.041942290457463116
14.285000085830688,1790848057.316,True,XY_YAW,ACCEPTED,2.5885309043622264,0.10806039809271721,1.231317674706681,2.5672349071511666,0.21390338800571473,1.3142208141764113,2.561521730504195,0.25409518375163287,1.349127399216298,-0.005713176646971574,0.040191795745918135,0.034906585039886584,8,8,5,0.022941377252913675,0.001523622609239883,0.005964570580890994,0.09540951430233124,0.030956953696138267,0.02741536977128911
14.420000076293945,1790848057.451,True,XY_YAW,ACCEPTED,2.5969148953654804,0.07056141645965504,1.2484939618120032,2.5742551402213896,0.21784156040673908,1.3663036863216202,2.5713522853792905,0.22014164691702465,1.3532137169316627,-0.0029028548420990674,0.0023000865102855705,-0.013089969389957476,6,6,5,0.01007635815488056,5.579622482088098e-05,0.01271831056889154,0.09431534652433804,0.03072998236617308,0.02749365625505562
14.568000078201294,1790848057.599,True,Y_ONLY,ACCEPTED,2.6007588477300954,0.05400531873681245,1.2761207927016052,2.5769057636233312,0.20407804766334817,1.3808405478212649,2.5769057636233312,0.12466965492521426,1.2761207927016052,0.0,-0.07940839273813391,-0.10471975511965978,5,5,2,0.03364484378999735,0.0086282473631214,0.005562591158192291,0.07447674339736476,0.05456655134233568,0.033871259892482186
14.700000047683716,1790848057.731,True,Y_ONLY,ACCEPTED,2.5947403840490626,0.057046198683262724,1.281998382872581,2.5708872999422985,0.12771053487166462,1.281998382872581,2.5708872999422985,0.10322784211956015,1.3256316141724391,0.0,-0.024482692752104462,0.043633231299858244,6,6,3,0.017179477488813877,0.0015278360745192288,0.01648887687678455,,,
14.842000007629395,1790848057.873,True,Y_ONLY,ACCEPTED,2.576582648787854,0.06957021511841342,1.289060338861754,2.5522005568973793,0.11494790917812372,1.3326935701616123,2.5522005568973793,0.16758485769868833,1.3719634783314847,0.0,0.05263694852056461,0.039269908169872414,5,5,3,0.038436161089853704,0.00040240853430122125,0.004278562469536319,0.07614485140654317,0.03214990936675243,0.007876504589546383
14.980000019073486,1790848058.011,True,Y_ONLY,ACCEPTED,2.549791391335334,0.08908861944919069,1.2943820607402778,2.5238850298755313,0.1848176901119023,1.3772852002100084,2.5238850298755313,0.10398052910537126,1.3336519689101503,0.0,-0.08083716100653104,-0.043633231299858244,6,6,3,0.06009084019758504,0.0001771262657912498,0.0054271749838980185,,,
15.120000123977661,1790848058.151,False,REJECTED,INSUFFICIENT_RESIDUAL_IMPROVEMENT,2.516830564459583,0.11054071806204263,1.2993355290882282,2.490107409163592,0.1241220529372236,1.3386054372581007,2.490107409163592,0.1241220529372236,1.3386054372581007,0.0,0.0,0.0,6,6,3,0.0051146626757945235,0.011848322619842033,0.015305668980122668,,,
15.259999990463257,1790848058.291,False,REJECTED,INSUFFICIENT_RESIDUAL_IMPROVEMENT,2.4787298646916502,0.12927813534807597,1.3026639091288825,2.4513004561039327,0.1413491979004065,1.341933817298755,2.4513004561039327,0.1413491979004065,1.341933817298755,0.0,0.0,0.0,6,6,3,0.007837030725077021,0.0060434688263786285,0.014381828779173256,,,
15.400000095367432,1790848058.431,True,X_ONLY,ACCEPTED,2.4372248678668944,0.14495223073258717,1.3051831132156357,2.4092120960305716,0.15538173059699603,1.3444530213855082,2.457315589501751,0.15538173059699603,1.4011762220753239,0.04810349347117904,0.0,0.056723200689815706,5,5,2,0.055949930960085936,0.007157529329040457,0.003035617434513079,0.057296899346617594,0.03978416515389659,0.0407332681792118
15.553000211715698,1790848058.584,True,XY_YAW,ACCEPTED,2.3922932425941226,0.1594827566557594,1.312145174632171,2.411198131327154,0.16553885542497188,1.4081382834918592,2.4261240876653885,0.2371725287451163,1.390684990971916,0.014925956338234125,0.07163367332014443,-0.017453292519943306,5,5,4,0.03944518218309473,0.009079100522252248,0.004571064196574177,0.03961870843080395,0.042670109831580066,0.04281839474859297
15.680000066757202,1790848058.711,True,XY_YAW,ACCEPTED,2.378038809135316,0.16368694573158482,1.3201607467598364,2.411583738994601,0.24024536774980762,1.3987005630995812,2.3818626972853245,0.23232152585125296,1.3637939780596946,-0.02972104170927614,-0.007923841898554669,-0.0349065850398866,4,4,4,0.012388814212216492,0.006064142950551958,0.0011135142147724666,,,
15.841000080108643,1790848058.872,True,XY_YAW,ACCEPTED,2.3762218500353636,0.1631588311562679,1.3208734434445444,2.380070503562064,0.2317146592811834,1.3645066747444026,2.3643176420975114,0.239818100119743,1.4081399060442608,-0.01575286146455257,0.008103440838559607,0.043633231299858244,4,4,4,0.01385092043537317,0.011131225528852151,0.0023738996390041955,,,
15.961000204086304,1790848058.992,False,REJECTED,INSUFFICIENT_RESIDUAL_IMPROVEMENT,2.373473576258978,0.15909179450460922,1.3190309256117596,2.361934291932729,0.23552701192816108,1.4062973882114758,2.361934291932729,0.23552701192816108,1.4062973882114758,0.0,0.0,0.0,5,5,3,0.013592793270674808,0.0205962485257018,0.006247719815661707,,,
16.100000143051147,1790848059.131,False,REJECTED,INSUFFICIENT_RESIDUAL_IMPROVEMENT,2.358177585736854,0.14119443716395128,1.3132099181623986,2.3482563647447727,0.21636462602052714,1.4004763807621146,2.3482563647447727,0.21636462602052714,1.4004763807621146,0.0,0.0,0.0,6,6,2,0.013458162944432639,0.013640267261405159,0.007935546174405565,,,
16.240000009536743,1790848059.271,True,Y_ONLY,ACCEPTED,2.3395361950268514,0.12362702258976717,1.326091990994105,2.3312170112197803,0.1972393565093657,1.4133584535938208,2.3312170112197803,0.21495288607367838,1.4002684842038633,0.0,0.017713529564312686,-0.013089969389957476,5,5,2,0.041578934127742426,0.021541082093939436,0.0071344987255002115,0.11514389510088117,0.04137441458164348,0.03762620663968412
16.380000114440918,1790848059.411,False,REJECTED,INSUFFICIENT_RESIDUAL_IMPROVEMENT,2.335284211597402,0.12023294487801264,1.3832624103189914,2.3272282499325456,0.21125303337509685,1.4574389035287498,2.3272282499325456,0.21125303337509685,1.4574389035287498,0.0,0.0,0.0,6,6,4,0.010657570914413918,0.010326021758061542,0.0024527860749891696,,,
16.521000146865845,1790848059.552,True,XY_YAW,ACCEPTED,2.3351209379447515,0.12126000755268335,1.4226788612563628,2.326989311188062,0.21226517185363444,1.4968553544661212,2.332763822812968,0.2007672808707936,1.4968553544661212,0.0057745116249059425,-0.011497890982840854,0.0,4,4,4,0.011497890982840854,0.004235150242171748,0.0028955591964310995,,,
16.66000008583069,1790848059.691,True,XY_YAW,ACCEPTED,2.3286439672149104,0.1242634446333215,1.4188056520719088,2.3260820823663066,0.20328246053356616,1.4929821452816672,2.3272385290046906,0.201165683893427,1.5366153765815254,0.00115644663838399,-0.0021167766401391577,0.043633231299858244,4,4,4,0.013243380434436569,0.009062504754293932,0.0024126468528275664,,,
16.80900001525879,1790848059.84,False,REJECTED,INSUFFICIENT_RESIDUAL_IMPROVEMENT,2.3074734237575365,0.13604969988503496,1.4232790915224829,2.3048294043125193,0.21038191162877543,1.5410888160320995,2.3048294043125193,0.21038191162877543,1.5410888160320995,0.0,0.0,0.0,4,4,2,0.00689791974689534,0.011669454281292638,,,,
16.94000005722046,1790848059.971,False,REJECTED,INSUFFICIENT_RESIDUAL_IMPROVEMENT,2.290943802886146,0.14459368783433327,1.4297983813154431,2.287410121112246,0.21692382793963833,1.5476081058250597,2.287410121112246,0.21692382793963833,1.5476081058250597,0.0,0.0,0.0,4,4,2,0.009264313167754341,0.01303787444841071,0.004470679406036179,,,
17.082000017166138,1790848060.113,False,REJECTED,INSUFFICIENT_RESIDUAL_IMPROVEMENT,2.2871214637451134,0.1466592899746722,1.4344855979996356,2.2833714911797434,0.21852584447498943,1.5522953225092522,2.2833714911797434,0.21852584447498943,1.5522953225092522,0.0,0.0,0.0,4,4,2,0.0062579534431611225,0.008933110620098043,0.005287300406199298,,,
17.22000002861023,1790848060.251,False,REJECTED,INSUFFICIENT_RESIDUAL_IMPROVEMENT,2.2705620312680157,0.1494843639786359,1.4395697813421688,2.2665947892756106,0.21938498376015214,1.5573795058517854,2.2665947892756106,0.21938498376015214,1.5573795058517854,0.0,0.0,0.0,6,6,2,0.006882621382456877,0.007399143831541895,0.011358434222214523,,,
17.360000133514404,1790848060.391,False,REJECTED,AMBIGUOUS_JOINT_HYPOTHESIS,2.2429354671462947,0.1526349506399946,1.4446387276053214,2.2387894081156454,0.2192665775468811,1.5624484521149382,2.2387894081156454,0.2192665775468811,1.5624484521149382,0.0,0.0,0.0,5,5,4,0.006842648421571729,0.010480362989441716,0.0003640043844968209,,,
17.5,1790848060.531,False,REJECTED,AMBIGUOUS_JOINT_HYPOTHESIS,2.217946863988326,0.15541159064698404,1.4534939869666652,2.2136476554960036,0.21908687577284736,1.5713037114762818,2.2136476554960036,0.21908687577284736,1.5713037114762818,0.0,0.0,0.0,6,6,4,0.01178858543149209,0.0038483437680376584,0.0006016425339122194,,,
17.640000104904175,1790848060.671,False,REJECTED,INSUFFICIENT_RESIDUAL_IMPROVEMENT,2.211393529757612,0.1556599570246368,1.460700401319114,2.207110553645953,0.2185632587381129,1.5785101258287306,2.207110553645953,0.2185632587381129,1.5785101258287306,0.0,0.0,0.0,6,6,4,0.011989317619044537,0.012869822592302613,0.005530979647288086,,,
17.78000020980835,1790848060.811,False,REJECTED,INSUFFICIENT_RESIDUAL_IMPROVEMENT,2.217431009097562,0.15458207789057538,1.460700401319114,2.213232875046166,0.21820248057848945,1.5785101258287306,2.213232875046166,0.21820248057848945,1.5785101258287306,0.0,0.0,0.0,6,6,2,0.0053729003388328575,0.0053729003388328575,0.0028426403817502083,,,
17.920000076293945,1790848060.951,False,REJECTED,AMBIGUOUS_JOINT_HYPOTHESIS,2.236605040440276,0.15186301931745788,1.4620875985108228,2.2325935918335,0.21775593501971158,1.5798973230204394,2.2325935918335,0.21775593501971158,1.5798973230204394,0.0,0.0,0.0,5,5,2,0.0045756094658039245,0.004960777372999284,0.0006017698107989959,,,
18.06500005722046,1790848061.096,False,REJECTED,INSUFFICIENT_RESIDUAL_IMPROVEMENT,2.266986412015334,0.14837637461902226,1.464547893293819,2.2631741847674314,0.21786440549521774,1.5823576178034355,2.2631741847674314,0.21786440549521774,1.5823576178034355,0.0,0.0,0.0,4,4,2,0.006618851131239702,0.007207202191414561,0.0035678385345569025,,,
18.200000047683716,1790848061.231,False,REJECTED,INSUFFICIENT_RESIDUAL_IMPROVEMENT,2.30265787948303,0.14504554535404643,1.4694335352712016,2.298989890926076,0.21874939546632297,1.5872432597808181,2.298989890926076,0.21874939546632297,1.5872432597808181,0.0,0.0,0.0,6,6,2,0.004700602921228432,0.005098081723333481,0.0041631915984564356,,,
18.34000015258789,1790848061.371,False,REJECTED,INSUFFICIENT_RESIDUAL_IMPROVEMENT,2.343829484653918,0.1410039216963595,1.4707313497566161,2.340351155269716,0.21957498981793883,1.5885410742662327,2.340351155269716,0.21957498981793883,1.5885410742662327,0.0,0.0,0.0,6,3,2,0.005704387289171317,0.006005992074879493,0.004188100674517133,,,
18.48200011253357,1790848061.513,False,REJECTED,INSUFFICIENT_RESIDUAL_IMPROVEMENT,2.3881396133666826,0.136553386213251,1.4708535163896457,2.3848772507759537,0.2203634006230253,1.5886632408992623,2.3848772507759537,0.2203634006230253,1.5886632408992623,0.0,0.0,0.0,5,3,2,0.00609864346707048,0.006417677891714768,0.0016352774552429485,,,
18.62000012397766,1790848061.651,False,REJECTED,INSUFFICIENT_RESIDUAL_IMPROVEMENT,2.4327322037646093,0.13137630592606386,1.47444142814462,2.429769246257432,0.2204635025119723,1.5922511526542367,2.429769246257432,0.2204635025119723,1.5922511526542367,0.0,0.0,0.0,5,4,2,0.005916279701072315,0.0067566986259688724,0.009113851513399676,,,
18.759999990463257,1790848061.791,False,REJECTED,AMBIGUOUS_JOINT_HYPOTHESIS,2.478224148137948,0.12644022297956548,1.47769344204954,2.47552603560331,0.22090863898383023,1.5955031665591566,2.47552603560331,0.22090863898383023,1.5955031665591566,0.0,0.0,0.0,5,3,2,0.007656854822537383,0.012032216087755551,0.00012707438292220222,,,
18.90000009536743,1790848061.931,False,REJECTED,AMBIGUOUS_JOINT_HYPOTHESIS,2.524232872101866,0.12320327895278066,1.4823757654767797,2.5215963100932477,0.22310187764897657,1.600185489986396,2.5215963100932477,0.22310187764897657,1.600185489986396,0.0,0.0,0.0,6,5,4,0.036917044833981574,0.006947397706912217,0.0007982015475166276,,,
19.040000200271606,1790848062.071,True,XY_YAW,ACCEPTED,2.555343006716295,0.12382367340413183,1.485560303416615,2.5524178839212506,0.22737457606662623,1.6033700279262313,2.479502381404852,0.23270496788580866,1.638276612966118,-0.07291550251639878,0.005330391819182434,0.034906585039886584,6,5,4,0.03462259606457663,0.007242640233546371,0.0027656558352554053,,,
19.180000066757202,1790848062.211,False,REJECTED,INSUFFICIENT_RESIDUAL_IMPROVEMENT,2.5652768142528863,0.12696657639408757,1.4863197541671576,2.4888424653811145,0.2373224566724401,1.6390360637166606,2.4888424653811145,0.2373224566724401,1.6390360637166606,0.0,0.0,0.0,7,7,2,0.011088845879761056,0.011081406538096306,0.0021407035967226165,0.11449474120044273,0.03163136808259169,0.03163136808259169
19.330000162124634,1790848062.361,True,X_ONLY,ACCEPTED,2.585233480375104,0.14241341073959382,1.4858311760850265,2.5062170413070173,0.2556253888256835,1.6385474856345295,2.483767525395227,0.2556253888256835,1.5687343155547562,-0.02244951591179012,0.0,-0.0698131700797732,5,5,2,0.03842294437236271,0.0008697631703131758,0.003424427745908957,0.051739907529966135,0.01922143685500597,0.0396503034510169
19.461000204086304,1790848062.492,False,REJECTED,AMBIGUOUS_JOINT_HYPOTHESIS,2.60835967564745,0.16851364127144014,1.4889853565072317,2.5046529805016764,0.28355101695804064,1.5718884959769615,2.5046529805016764,0.28355101695804064,1.5718884959769615,0.0,0.0,0.0,6,6,4,0.019326373248590503,0.00832544326521989,8.934997524956759e-05,,,
19.60199999809265,1790848062.633,True,X_ONLY,ACCEPTED,2.6357670410102525,0.2026224017827038,1.4913943554613942,2.529141730018196,0.31981218581484977,1.5742974949311237,2.575147262466689,0.31981218581484977,1.6266573724909537,0.046005532448492925,0.0,0.052359877559829876,6,5,2,0.02945187871115873,0.0009220138641017339,0.02091238399975209,0.05369396021908604,0.06774855977528105,0.05204052840042922
19.740000009536743,1790848062.771,True,X_ONLY,ACCEPTED,2.658307133488997,0.24083029743200554,1.4946451870374564,2.592329101155714,0.3607106390638739,1.6299082040670159,2.575150126019169,0.3607106390638739,1.621181557807044,-0.01717897513654476,0.0,-0.00872664625997166,8,7,2,0.012462443313135951,0.01017981333963558,0.011207690298675289,0.16126940006541357,0.022061544777934206,0.013443794699016465
19.880000114440918,1790848062.911,True,XY_YAW,ACCEPTED,2.673149997648986,0.28377418317994646,1.4664869097445927,2.5844548466212247,0.40518434044032525,1.5930232805141804,2.595007188664497,0.3577995698527397,1.606113249904138,0.010552342043272489,-0.047384770587585535,0.013089969389957462,9,8,5,0.026736429565236586,0.00803539810386869,0.005600981162664564,0.1582973275433317,0.03858118742703032,0.0436959779521322
20.020000219345093,1790848063.051,True,XY_YAW,ACCEPTED,2.683659696266754,0.3265592928379159,1.4401500339294722,2.5994600712317544,0.40163096511142365,1.5797763740890174,2.5937633024768396,0.3317373171412063,1.610319635998918,-0.0056967687549147605,-0.06989364797021735,0.030543261909900754,7,7,5,0.04283001319784785,0.008762620365082907,0.0023098994860585864,0.1725680777895855,0.01770295675028466,0.0287402615500989
20.16000008583069,1790848063.191,True,XY_YAW,ACCEPTED,2.693169978941353,0.37017264211470846,1.4262716808434763,2.5957503201289263,0.37633127942917277,1.596441282912922,2.5731234287068427,0.3868182238848106,1.5048114971832196,-0.022626891422083517,0.010486944455637803,-0.0916297857297023,8,8,5,0.02266501962579115,0.0018840996058520076,0.016458209187476012,0.1309691951882782,0.025191506118241724,0.02346154651895993
20.300000190734863,1790848063.331,True,X_ONLY,ACCEPTED,2.702488797200183,0.4143257827073446,1.4205920946703228,2.578949304674537,0.43156640113420514,1.499131911010066,2.6267886809307104,0.43156640113420514,1.5558551116998818,0.04783937625617374,0.0,0.056723200689815706,7,7,2,0.03988554626222629,0.0018642290180157506,0.010963196970912775,0.14454906837180825,0.0035812916220283597,0.03765089042848935
20.44000005722046,1790848063.471,True,XY_YAW,ACCEPTED,2.7111682272129247,0.46021749122997396,1.4216150381578188,2.629200292552966,0.4782093592935617,1.5568780551873778,2.5747327902748784,0.44493676619358247,1.478338238847633,-0.05446750227808739,-0.03327259309997921,-0.07853981633974483,6,6,5,0.023826213759025938,0.0010022080624230156,0.0101688133422389,0.13910030429481512,0.03810054509797145,0.03025022904161634
20.585000038146973,1790848063.616,True,XY_YAW,ACCEPTED,2.7202030217939166,0.5078350312155978,1.4221494028410588,2.581053482851042,0.49298992917751966,1.4788726035308732,2.6126541723018963,0.6079532946451385,1.557412419870618,0.03160068945085448,0.11496336546761887,0.07853981633974483,6,6,4,0.04739020365691296,0.010514189762635184,0.00665986256911447,0.13557771009953212,0.010567417206985619,0.014025835504177353
20.72000002861023,1790848063.751,True,XY_YAW,ACCEPTED,2.727992949184351,0.5521357072551004,1.4225239068499373,2.614398958320516,0.6528998027192309,1.5577869238794966,2.624066009079325,0.6358032030984767,1.5839668626594114,0.009667050758809248,-0.017096599620754188,0.026179938779914924,7,7,4,0.026823395623739588,0.02312087055359474,0.0022328930877267145,0.13792667544307724,0.016062989280866358,0.024325766537035998
20.860000133514404,1790848063.891,True,XY_YAW,ACCEPTED,2.735249341723777,0.5977739220625787,1.4227447738688375,2.62389203841234,0.6820143664435687,1.5841877296783116,2.598454496886892,0.6457737928296075,1.5143745595985383,-0.025437541525448193,-0.03624057361396127,-0.0698131700797732,7,7,5,0.023057021559036883,0.018021648629125586,0.003724352812044855,0.14508737817359818,0.025656451639554767,0.00323535052405588
21.0,1790848064.031,True,Y_ONLY,ACCEPTED,2.7427061773423436,0.6428837527631458,1.4228974703527975,2.601752428013241,0.6913766970524969,1.5145272560824983,2.601752428013241,0.7190404259684788,1.571250456772314,0.0,0.027663728915981872,0.056723200689815706,6,6,2,0.010669115294348941,0.0065999849539548905,0.0068192999197911885,0.14822248859290044,0.002872070990989295,0.02171533180183527
21.140000104904175,1790848064.171,False,REJECTED,INSUFFICIENT_RESIDUAL_IMPROVEMENT,2.7499636853376295,0.6884538991743769,1.4228822087405022,2.602194522042921,0.7651827516479632,1.5712351951600187,2.602194522042921,0.7651827516479632,1.5712351951600187,0.0,0.0,0.0,5,5,2,0.009160464075490093,0.007700932717633724,0.0030458114870746938,0.1530577062925862,0.02096426975798349,0.02096426975798349
21.28000020980835,1790848064.311,True,Y_ONLY,ACCEPTED,2.7568710516962787,0.734754605940403,1.4250197054122542,2.6021823367437062,0.8119958588783602,1.573372691831771,2.6021823367437062,0.8256016728891021,1.573372691831771,0.0,0.013605814010741901,0.0,5,5,2,0.013605814010741901,0.011224183134589394,0.0031516443988996654,0.15763200028703261,0.021461568060668013,0.021461568060668013
21.420000076293945,1790848064.451,True,XY_YAW,ACCEPTED,2.763472981895778,0.7815050143420775,1.4270210437592532,2.6018016001038995,0.8728143958321132,1.57537403017877,2.620338807578305,0.8692976025658419,1.5404674451388833,0.01853720747440546,-0.0035167932662713286,-0.0349065850398866,5,5,5,0.023535944686067456,0.007918529603255176,0.005193581350399899,0.06726321284164172,0.05288260205964024,0.05729838040666668
21.56000018119812,1790848064.591,True,XY_YAW,ACCEPTED,2.77059201802387,0.8284850584737679,1.4310696837715386,2.622093789536056,0.916781549962163,1.5445160851511686,2.6203974146255407,0.9201780186919895,1.5270627926312252,-0.0016963749105154413,0.0033964687298264906,-0.017453292519943306,5,5,5,0.019720959402733163,0.00869760047431467,0.004865256169374055,0.07549752021456535,0.05530462439667594,0.05537016036104481
21.700000047683716,1790848064.731,True,XY_YAW,ACCEPTED,2.777135995078406,0.8753820578150996,1.4307909352299906,2.622416386315017,0.9674863259564466,1.5267840440896772,2.6464870289987603,0.9481163228187577,1.5486006597396063,0.024070642683743038,-0.019370003137688913,0.021816615649929122,5,5,4,0.012154505113402853,0.005646012439507769,0.003348867555998992,0.08299536220872805,0.0480601413218984,0.05273795597692654
21.847000122070312,1790848064.878,True,XY_YAW,ACCEPTED,2.7841579565286922,0.9246379993843793,1.4312165499266971,2.647670902239605,0.9978561877827403,1.5490262744363128,2.649385196547396,0.9888096116719134,1.5533895975662986,0.00171429430779102,-0.009046576110826876,0.004363323129985816,5,5,4,0.004677505440222635,0.0021286432293365354,0.008919941438590706,0.09516265437648652,0.053290179522538894,0.049759413619006265
21.980000019073486,1790848065.011,True,X_ONLY,ACCEPTED,2.790352461394638,0.9684459227950507,1.433233781136066,2.6501946856514125,1.0330459177053053,1.5554068287756675,2.651709533597275,1.0330459177053053,1.564133475035639,0.0015148479458624298,0.0,0.008726646259971646,6,6,2,0.005018988489680298,0.001139553569136531,0.02233462622314116,,,
22.122000217437744,1790848065.153,True,X_ONLY,ACCEPTED,2.7965331662720843,1.0150322851723441,1.4355697752953638,2.651756621197196,1.0800404711672598,1.5664694691949368,2.656477270473264,1.0800404711672598,1.5751961154549083,0.0047206492760678564,0.0,0.008726646259971646,5,5,2,0.0037283175281417336,0.00020331668641537792,0.006798525289359087,0.17159400240787348,0.029590443599500915,0.03332782727527239
22.259999990463257,1790848065.291,False,REJECTED,INSUFFICIENT_RESIDUAL_IMPROVEMENT,2.8025575722286273,1.060583715861319,1.4323482783843402,2.656103513463013,1.1259870337224605,1.571974618543885,2.656103513463013,1.1259870337224605,1.571974618543885,0.0,0.0,0.0,5,5,4,0.0037249084741555194,0.011724904859716334,0.0073335816377609,0.0924316227258195,0.06556972443846898,0.06556972443846898
22.40000009536743,1790848065.431,False,REJECTED,INSUFFICIENT_RESIDUAL_IMPROVEMENT,2.809324563059083,1.106597053812543,1.432958941214707,2.6564008294756847,1.1724943561298153,1.5725852813742518,2.6564008294756847,1.1724943561298153,1.5725852813742518,0.0,0.0,0.0,5,5,2,0.004149983071574326,0.0031882470760014048,0.01459328555083801,0.11281771216977854,0.044320197656109644,0.044320197656109644
22.540000200271606,1790848065.571,True,XY_YAW,ACCEPTED,2.8158584369505464,1.1523726123933529,1.431966517375257,2.656500389719715,1.2187337696119578,1.5715928575348017,2.625726474692729,1.2414208588578606,1.5323229493649293,-0.03077391502698612,0.022687089245902903,-0.03926990816987243,6,6,5,0.011278987801343288,0.0059050913260090265,0.0019364539148258014,0.16663414788981967,0.0310727746386934,0.01335128069193936
22.680000066757202,1790848065.711,True,XY_YAW,ACCEPTED,2.821989731447938,1.1989583738288514,1.429554200553397,2.6271595825568137,1.2883865073957963,1.5299106325430694,2.6201698008118663,1.234923078219225,1.5211839862830976,-0.006989781744947576,-0.05346342917657121,-0.00872664625997166,6,6,5,0.04198239044788493,0.0028443593131188827,0.0019397693944557606,0.17177234469898384,0.014209823784352649,0.01059917453260506
22.820000171661377,1790848065.851,True,XY_YAW,ACCEPTED,2.8287938522853553,1.2453802621877708,1.4307603265899305,2.622697699943328,1.2817728114645626,1.522390112319631,2.632622684318316,1.290467294588865,1.5267534354496168,0.00992498437498801,0.008694483124302543,0.004363323129985816,7,7,5,0.014423261982516478,0.011070271505874807,0.0014775808453166561,0.1693309674379906,0.0013462720675376794,0.010222178883438238
22.960000038146973,1790848065.991,True,X_ONLY,ACCEPTED,2.835146081265587,1.2916467869515726,1.432531397775509,2.6345112190139135,1.3371296516172058,1.5285245066351953,2.628578506672276,1.3371296516172058,1.5328878297651811,-0.005932712341637281,0.0,0.004363323129985816,6,6,3,0.007538318706673319,0.0001925059490632819,0.0023048651675245287,0.11040968459626488,0.010403340566707886,0.008319539534883957
23.105000019073486,1790848066.136,True,X_ONLY,ACCEPTED,2.841372182174551,1.3398719615818564,1.433142139853736,2.6299416943010367,1.3857359631429609,1.5334985718434082,2.642065564813239,1.3857359631429609,1.5553151874933373,0.012123870512202206,0.0,0.021816615649929122,5,5,2,0.009780420446408034,0.00410683904746989,0.004000227264164515,0.16737962120645267,0.004349025332349932,0.014448243101053748
23.240000009536743,1790848066.271,True,X_ONLY,ACCEPTED,2.8478186392754905,1.385054636180253,1.4343635965434354,2.6429575881139025,1.4313674784306427,1.5565366441830366,2.6380375196489116,1.4313674784306427,1.5521733210530508,-0.004920068464990823,0.0,-0.00436332312998583,6,6,3,0.008075560388438596,0.003678351773680255,0.008011341308182589,0.10233420969657803,0.01398210051117621,0.011841122125733738
23.380000114440918,1790848066.411,False,REJECTED,INSUFFICIENT_RESIDUAL_IMPROVEMENT,2.854409289799754,1.4314893091971816,1.4352185855928683,2.639124676177156,1.4782549354229466,1.5530283101024838,2.639124676177156,1.4782549354229466,1.5530283101024838,0.0,0.0,0.0,6,6,3,0.003633309309972077,0.004666484204541188,0.0024964613166112617,0.09855616772972109,0.013822083495055981,0.013822083495055981
23.520000219345093,1790848066.551,False,REJECTED,INSUFFICIENT_RESIDUAL_IMPROVEMENT,2.860915547526595,1.477629398799751,1.4340734401562953,2.640162649448144,1.5248399316087349,1.5518831646659108,2.640162649448144,1.5248399316087349,1.5518831646659108,0.0,0.0,0.0,6,6,3,0.00213017829555584,0.001863242376815677,0.01267557398556467,0.11487169741276981,0.03185412876221572,0.03185412876221572
23.66000008583069,1790848066.691,True,XY_YAW,ACCEPTED,2.867240368965062,1.523601199482601,1.4340734401562953,2.6410402243058453,1.5712364798275549,1.5518831646659108,2.638793411794514,1.5392372316748948,1.5518831646659108,-0.0022468125113310755,-0.03199924815266009,0.0,6,6,6,0.009314370261648053,0.0020897846536691578,0.0040626975438720955,0.17345240986704846,0.014859800703197257,0.012612988191866181
23.800000190734863,1790848066.831,True,XY_YAW,ACCEPTED,2.8741595475175945,1.5696843255896193,1.4352185418118197,2.6402481390537336,1.5858141928492613,1.5530282663214352,2.644408045301439,1.5869395060872968,1.5181216812815486,0.004159906247705236,0.0011253132380355524,-0.0349065850398866,5,5,5,0.008108445252804852,0.00029476077889745156,,0.1733141376660332,0.015404848394725557,0.012584988097939842
23.94000005722046,1790848066.971,True,XY_YAW,ACCEPTED,2.8806092895820146,1.6155857720940772,1.435600239936876,2.647034619235597,1.6332173957676563,1.5185033794066047,2.6466555686635145,1.6422210010044098,1.5403199950565338,-0.0003790505720826509,0.009003605236753476,0.021816615649929122,5,5,4,0.003457459142643504,0.0003839503408511469,0.0026239480103576393,0.10179842813139317,0.03268832763921675,0.03025687717350012
24.080000162124634,1790848067.111,False,REJECTED,INSUFFICIENT_RESIDUAL_IMPROVEMENT,2.887111138421715,1.6620550665149951,1.4345271859487645,2.6482644357600207,1.68911536003594,1.5392469410684222,2.6482644357600207,1.68911536003594,1.5392469410684222,0.0,0.0,0.0,6,6,2,0.005482764443215826,0.019285406113559445,0.010195389726160752,0.09659095412671476,0.03668140962619526,0.03668140962619526
24.22000002861023,1790848067.251,True,X_ONLY,ACCEPTED,2.8936070152103133,1.7082420833405139,1.4368435308649827,2.649896869564207,1.73572836356895,1.5415632859846404,2.65404101170393,1.73572836356895,1.5371999628546547,0.00414414213972325,0.0,-0.00436332312998583,6,6,3,0.00539387718703388,0.00226184534386098,0.007307992761192983,,,
24.365000009536743,1790848067.396,False,REJECTED,INSUFFICIENT_RESIDUAL_IMPROVEMENT,2.900017053586765,1.7561648276637813,1.4366079475173061,2.6556175112284004,1.7840521947985846,1.536964379506978,2.6556175112284004,1.7840521947985846,1.536964379506978,0.0,0.0,0.0,6,6,2,0.016322655688182586,0.017153963303987885,0.003616347621402987,,,
24.5,1790848067.531,True,XY_YAW,ACCEPTED,2.906077362636843,1.801056491945434,1.434973861633249,2.6571497191171805,1.8293251581072147,1.535330293622921,2.6422216332536888,1.8044498218900253,1.5309669704929352,-0.014928085863491702,-0.024875336217189403,-0.00436332312998583,5,5,4,0.023789888614383914,0.007718481537591471,0.007514277318680734,,,
24.642000198364258,1790848067.673,True,XY_YAW,ACCEPTED,2.912291580958324,1.84771596954035,1.4348063444577699,2.64393512980443,1.851490094937151,1.530799453317456,2.6447504015318257,1.8596713588660112,1.5351627764474418,0.0008152717273959276,0.008181263928859983,0.004363323129985816,5,5,4,0.012589407910562178,0.010208016258312247,0.007026620658591633,,,
24.78000020980835,1790848067.811,True,XY_YAW,ACCEPTED,2.9186441625145823,1.8931823445524458,1.4400126142739917,2.6465158322089346,1.9055454234743905,1.5403690462636637,2.646877604435196,1.9130336274883044,1.5272790768737061,0.00036177222626143646,0.007488204013913813,-0.013089969389957476,5,5,4,0.017476392327923196,0.010402839371765005,0.00512797260822297,,,
24.920000076293945,1790848067.951,False,REJECTED,INSUFFICIENT_RESIDUAL_IMPROVEMENT,2.924555804847787,1.9396330376848423,1.4425317698820574,2.6487183065234516,1.9598227952878937,1.5297982324817718,2.6487183065234516,1.9598227952878937,1.5297982324817718,0.0,0.0,0.0,5,5,4,0.011893821856865716,0.012468223429370262,0.001229360382651954,,,
25.06000018119812,1790848068.091,False,REJECTED,INSUFFICIENT_RESIDUAL_IMPROVEMENT,2.930777800096856,1.9863684184965404,1.4436869003878137,2.6508433683748884,2.0069226164831107,1.5309533629875283,2.6508433683748884,2.0069226164831107,1.5309533629875283,0.0,0.0,0.0,5,5,2,0.01738252921593375,0.01738252921593375,0.003752689099965862,,,
25.200000047683716,1790848068.231,False,REJECTED,INSUFFICIENT_RESIDUAL_IMPROVEMENT,2.935686121855868,2.0329629661768323,1.4442005961455273,2.651672030076677,2.0537676462707513,1.5314670587452417,2.651672030076677,2.0537676462707513,1.5314670587452417,0.0,0.0,0.0,5,5,2,0.018411825718002373,0.0228191699100877,0.0053048574137818105,,,
25.34000015258789,1790848068.371,False,REJECTED,INSUFFICIENT_RESIDUAL_IMPROVEMENT,2.934793604845936,2.0809633357283177,1.452119939821729,2.6465994015030048,2.1015075719414695,1.5393864024214434,2.6465994015030048,2.1015075719414695,1.5393864024214434,0.0,0.0,0.0,5,5,2,0.019795823759284126,0.022751032285829753,0.003705523795588507,,,
25.481000185012817,1790848068.512,False,REJECTED,INSUFFICIENT_RESIDUAL_IMPROVEMENT,2.933594291415857,2.0980734978251383,1.4576010483986506,2.643913402936528,2.1184480976530273,1.544867510998365,2.643913402936528,2.1184480976530273,1.544867510998365,0.0,0.0,0.0,5,5,2,0.017663625312546616,0.0211733868418873,0.002821781852611241,,,
25.625,1790848068.656,True,X_ONLY,ACCEPTED,2.9320739768941735,2.0836451168326464,1.4571430376829984,2.643656389932642,2.1039421168649115,1.5444095002827127,2.6528375742471724,2.1039421168649115,1.5269562077627694,0.009181184314529967,0.0,-0.017453292519943306,4,4,2,0.018096746658913254,0.016090918191529857,0.0014884424690443689,,,
25.759999990463257,1790848068.791,False,REJECTED,INSUFFICIENT_RESIDUAL_IMPROVEMENT,2.928694104656007,2.055027149904186,1.4604329523620658,2.6514622236665613,2.0751580938965146,1.5302461224418369,2.6514622236665613,2.0751580938965146,1.5302461224418369,0.0,0.0,0.0,5,4,2,0.015165792384330024,0.01714265720381447,0.004472916702526163,,,
25.90000009536743,1790848068.931,False,REJECTED,AMBIGUOUS_JOINT_HYPOTHESIS,2.92446889297439,2.0184536599825726,1.4631761529527827,2.6497985420776904,2.0383789592904407,1.5329893230325538,2.6497985420776904,2.0383789592904407,1.5329893230325538,0.0,0.0,0.0,5,4,2,0.018091945166154533,0.028033431389416608,0.00010750911713443279,,,
26.040000200271606,1790848069.071,False,REJECTED,AMBIGUOUS_JOINT_HYPOTHESIS,2.9196131660490687,1.9769842455395241,1.4630363875946595,2.6478474035788917,1.9966718438689557,1.5328495576744305,2.6478474035788917,1.9966718438689557,1.5328495576744305,0.0,0.0,0.0,5,4,2,0.017455220816294137,0.018122898613914362,0.0007718472847673477,,,
26.180000066757202,1790848069.211,False,REJECTED,INSUFFICIENT_RESIDUAL_IMPROVEMENT,2.9147241329592757,1.9323457128621475,1.4634333520994813,2.6460841065606693,1.951801006705294,1.5332465221792524,2.6460841065606693,1.951801006705294,1.5332465221792524,0.0,0.0,0.0,5,3,2,0.017247716321017847,0.019913804745795405,0.0045317027537311524,,,
26.320000171661377,1790848069.351,False,REJECTED,INSUFFICIENT_RESIDUAL_IMPROVEMENT,2.9099976794358575,1.886707141643562,1.462288282686849,2.6445527522354118,1.9059439080213008,1.5321014527666201,2.6445527522354118,1.9059439080213008,1.5321014527666201,0.0,0.0,0.0,5,4,2,0.017346863838415105,0.018512798448230727,0.004719450348021393,,,
26.460000038146973,1790848069.491,False,REJECTED,AMBIGUOUS_JOINT_HYPOTHESIS,2.9047139810435403,1.8404578870655481,1.4634962278516288,2.642508109579477,1.8594387421347844,1.5333093979313999,2.642508109579477,1.8594387421347844,1.5333093979313999,0.0,0.0,0.0,5,4,4,0.0643446467065073,0.010616635332127755,0.0007624530263765396,,,
26.600000143051147,1790848069.631,True,XY_YAW,ACCEPTED,2.9001059589591147,1.7939658648445358,1.4699027808570397,2.6411544319326223,1.8127385327716767,1.5397159509368108,2.6428693915176282,1.9265717382335497,1.56153256658674,0.001714959585005671,0.11383320546187292,0.021816615649929122,5,4,4,0.0638486117955891,0.011370039297069923,0.0020969977144780633,,,
26.741000175476074,1790848069.772,False,REJECTED,INSUFFICIENT_RESIDUAL_IMPROVEMENT,2.8951256541181243,1.7470661034593404,1.4707381697839417,2.642201383497819,1.879413018789709,1.562367955513642,2.642201383497819,1.879413018789709,1.562367955513642,0.0,0.0,0.0,5,5,4,0.012760793184327879,0.011555567951197387,0.004381983792505425,,,
26.884999990463257,1790848069.916,True,Y_ONLY,ACCEPTED,2.890037682557134,1.6993858029464552,1.4726245940776825,2.6414975810213113,1.8314671829571931,1.564254379807383,2.6414975810213113,1.862900064484414,1.607887611107241,0.0,0.03143288152722101,0.043633231299858244,5,5,3,0.03209321196491077,0.010953469653411041,0.0029186257883154834,,,
27.020000219345093,1790848070.051,False,REJECTED,INSUFFICIENT_RESIDUAL_IMPROVEMENT,2.885673944918063,1.6546268936560422,1.47055604948815,2.6432094827654615,1.8179615335842114,1.6058190665177086,2.6432094827654615,1.8179615335842114,1.6058190665177086,0.0,0.0,0.0,5,5,3,0.01004499018625693,0.011584030449352412,0.0018153820380988894,0.17016479872300994,0.017443761152785564,0.017443761152785564
27.163000106811523,1790848070.194,True,Y_ONLY,ACCEPTED,2.8806191634747735,1.6080242934761675,1.470395546798901,2.6444852762019924,1.77110296435646,1.6056585638284593,2.6444852762019924,1.753668556351275,1.610021886958445,0.0,-0.01743440800518503,0.004363323129985816,5,5,3,0.017343288619777852,0.01013425173446958,0.0036227806157029963,0.16757404386966135,0.015054713884387949,0.016145403694714178
27.300000190734863,1790848070.331,True,XY_YAW,ACCEPTED,2.8758298223922876,1.5624910321409522,1.4713014704888967,2.6460795498345413,1.7079118741353412,1.610927810648441,2.6394518120838186,1.7157799431156513,1.6022011643884695,-0.006627737750722562,0.007868068980310006,-0.00872664625997166,5,5,4,0.01541659219593583,0.0084596447266293,0.00446916635355616,0.14100000862706663,0.01922309832151331,0.01925998748635921
27.443000078201294,1790848070.474,True,XY_YAW,ACCEPTED,2.869332965320492,1.5150513987947063,1.4743956277800812,2.639202651225908,1.667898152394079,1.605295321679654,2.645548943921265,1.6507129365669626,1.574752059769753,0.006346292695357025,-0.017185215827116296,-0.030543261909900768,5,5,4,0.009659571567386949,0.0005407478311829639,0.004001114657568994,0.17177874237682056,0.025423714410509224,0.033745046987470884
27.581000089645386,1790848070.612,True,XY_YAW,ACCEPTED,2.8489056244868483,1.4725768343413768,1.471647425179631,2.6294798271606044,1.6064055064274683,1.5720038571693027,2.64917477024101,1.595299081144161,1.5807305034292742,0.019694943080405647,-0.011106425283307297,0.008726646259971646,5,5,4,0.01533129666060884,0.004604335966529094,0.005806177559500648,0.1746648202809884,0.009029594132540897,0.01927080587947394
27.72000002861023,1790848070.751,True,XY_YAW,ACCEPTED,2.830003333541998,1.4506688189630987,1.4756475566645328,2.6327698852888006,1.5714634462568036,1.584730634914176,2.6325756722088283,1.5405586147387638,1.5716406655242185,-0.0001942130799723607,-0.030904831518039688,-0.013089969389957476,6,6,4,0.017393051712285335,0.003513111376868605,0.005185013444450012,0.15991372328660897,0.014134360947436198,0.02845407753810325
27.860000133514404,1790848070.891,True,XY_YAW,ACCEPTED,2.8106099864914587,1.4505337733342178,1.485919195930742,2.613284551831031,1.5385654208912252,1.5819123047904278,2.6252855336878387,1.5438138615229255,1.5600956891404987,0.012000981856807758,0.0052484406317003796,-0.021816615649929122,6,6,5,0.012848878758839777,0.007356778880805437,0.0023834281749469943,0.18131327148131038,0.015315916969701915,0.02072680875572197
28.002000093460083,1790848071.033,True,XY_YAW,ACCEPTED,2.7841716401540646,1.4583288239652317,1.491816118569999,2.598342208475888,1.5496281712772364,1.5659926117797556,2.6016080067638327,1.5097704462061876,1.5441759961298265,0.00326579828794471,-0.03985772507104879,-0.021816615649929122,5,5,4,0.027533959282833087,0.008010555197113911,0.0017068408264505723,0.17699319241231293,0.014237186652903855,0.01072007838155753
28.1560001373291,1790848071.187,False,REJECTED,INSUFFICIENT_RESIDUAL_IMPROVEMENT,2.747778696235812,1.4780233957179696,1.5005187662997639,2.564234203864924,1.5275333677123577,1.5528786438595914,2.564234203864924,1.5275333677123577,1.5528786438595914,0.0,0.0,0.0,6,6,5,0.01454365168424454,0.020217572785587556,0.001660740430862704,0.18338524121446387,0.016834516855778192,0.016834516855778192
28.28000020980835,1790848071.311,True,Y_ONLY,ACCEPTED,2.7134947015857946,1.496332085684641,1.505984608526599,2.529038991441088,1.5440226806119035,1.5583444860864264,2.529038991441088,1.53085817825337,1.593251071126313,0.0,-0.013164502358533614,0.034906585039886584,5,5,2,0.018065595645194943,0.008919137609612937,0.004712404517924608,0.18676642840666835,0.01841720576891359,0.03200596970821645
28.420000076293945,1790848071.451,True,XY_YAW,ACCEPTED,2.686746603623514,1.509880120204081,1.51170999401774,2.5012118890557127,1.5420234080662107,1.598976456617454,2.50860168588662,1.555891125839828,1.5946131334874682,0.007389796830907125,0.013867717773617283,-0.00436332312998583,6,6,5,0.01048730301719214,0.0028791936617436065,0.004715501254206405,,,
28.56000018119812,1790848071.591,True,XY_YAW,ACCEPTED,2.6870200489966845,1.5035815824397865,1.507893059699729,2.509395762734548,1.5496368639089575,1.5907961991694572,2.494915390173464,1.5590859415190041,1.5689795835195282,-0.014480372561084032,0.009449077610046763,-0.021816615649929122,5,4,4,0.0148526831925051,0.01029142119189519,0.009744309758469743,0.15127568397374586,0.038627951045583864,0.027780608901456172
28.700000047683716,1790848071.731,True,XY_YAW,ACCEPTED,2.6864927291676963,1.4815621476458045,1.499709544900728,2.495733308237809,1.537075385304122,1.5607960687205271,2.496046458774547,1.5559970365252238,1.5477060993305696,0.0003131505367381937,0.0189216512211019,-0.013089969389957476,5,5,4,0.017176438470731137,0.006806121369799412,0.010411405686199146,0.18806444520901455,0.027264770063402333,0.02535564367687182
28.84000015258789,1790848071.871,True,Y_ONLY,ACCEPTED,2.6853333333244063,1.4632792166490298,1.498869806003924,2.4957655789202895,1.5376795347561034,1.5468663604337656,2.4957655789202895,1.5442227843667793,1.5992262379935955,0.0,0.006543249610675872,0.052359877559829876,5,5,3,0.010762531998365077,0.0016735599931441136,0.0035601426441790006,0.18648255028239502,0.03471456157411312,0.04556688463028813
28.980000019073486,1790848072.011,True,Y_ONLY,ACCEPTED,2.6855289505090907,1.461332783050301,1.4992667597891112,2.496155221269993,1.54230574271973,1.5996231917787829,2.496155221269993,1.5286667283969848,1.573443252998868,0.0,-0.013639014322745058,-0.026179938779914952,6,5,2,0.014394608381760154,0.0037956805847080277,0.005525100122466511,0.13146750883388103,0.017968827651984265,0.010392286755940061
29.12000012397766,1790848072.151,True,Y_ONLY,ACCEPTED,2.6915895647499495,1.4534444985008412,1.4943200111931871,2.5027837588016983,1.5212492781409652,1.568496504402944,2.5027837588016983,1.5290168615881123,1.568496504402944,0.0,0.007767583447147064,0.0,5,5,2,0.007767583447147064,0.005643010045337349,0.00264825374076523,0.12405127172788166,0.01817944554211226,0.02206323726568571
29.261000156402588,1790848072.292,True,Y_ONLY,ACCEPTED,2.707961964310978,1.4292899711685847,1.4885793375985703,2.5209011928464333,1.5061420885473722,1.5627558308083271,2.5209011928464333,1.521742214160381,1.5627558308083271,0.0,0.015600125613008775,0.0,7,7,2,0.015600125613008775,0.0002074647939874219,0.00515371628657885,0.12706586377256524,0.019779877829753545,0.027579940636258016
29.40500020980835,1790848072.436,True,Y_ONLY,ACCEPTED,2.730364841090079,1.3936539526852265,1.4905336308505421,2.54588339738753,1.4878644315057756,1.564710124060299,2.54588339738753,1.5106741135266748,1.5603468009303132,0.0,0.022809682020899114,-0.00436332312998583,6,6,2,0.022942426841211228,0.012253361460000722,0.0013541411127619349,0.11598888604454616,0.027781948183313476,0.039933047200464644
29.540000200271606,1790848072.571,True,Y_ONLY,ACCEPTED,2.73385113733948,1.3861333984210116,1.4929764715528682,2.549885808540561,1.503415070687451,1.5627896416326392,2.549885808540561,1.4709992214121714,1.567152964762625,0.0,-0.032415849275279573,0.004363323129985816,7,7,2,0.03288550957188885,0.016635281929820167,0.005477397405788894,0.12729317307030752,0.03708519715443637,0.020700602408576296
29.68500018119812,1790848072.716,True,XY_YAW,ACCEPTED,2.733828134301489,1.3858385633189088,1.4929764715528682,2.5498847185409397,1.4707034923316098,1.567152964762625,2.5396393170889793,1.4499879643558586,1.5540629953726675,-0.0102454014519604,-0.020715527975751158,-0.013089969389957476,5,5,5,0.021398085851997983,0.013929054235394034,,0.17528023990083508,0.02549514291935462,0.01818355233432456
29.820000171661377,1790848072.851,True,XY_YAW,ACCEPTED,2.733828134301489,1.3858385633189088,1.4929764715528682,2.5396393170889793,1.4499879643558586,1.5540629953726675,2.542487916752086,1.4377585020952965,1.562789641632639,0.00284859966310691,-0.012229462260562096,0.008726646259971646,5,5,5,0.012657472008629878,0.0022406102523426785,0.0058931778980497816,0.13788738327738498,0.028623730964316696,0.03723520018161236
29.960000038146973,1790848072.991,False,REJECTED,INSUFFICIENT_RESIDUAL_IMPROVEMENT,2.733828134301489,1.3858385633189088,1.4929764715528682,2.542487916752086,1.4377585020952965,1.562789641632639,2.542487916752086,1.4377585020952965,1.562789641632639,0.0,0.0,0.0,5,5,5,0.002843639211131954,0.0011237889858533023,0.007529632207453019,0.13266533748338338,0.03725549219779822,0.03725549219779822
30.100000143051147,1790848073.131,True,XY_YAW,ACCEPTED,2.733828134301489,1.3858385633189088,1.4929764715528682,2.542487916752086,1.4377585020952965,1.562789641632639,2.526177652534738,1.4362069509063693,1.5496996722426815,-0.01631026421734827,-0.001551551188927247,-0.013089969389957476,6,6,5,0.014219689208688102,5.966789604761047e-05,0.008766261540528227,0.13792693695112157,0.036098808630558143,0.027682612784751648
30.240000009536743,1790848073.271,False,REJECTED,INSUFFICIENT_RESIDUAL_IMPROVEMENT,2.733828134301489,1.3858385633189088,1.4929764715528682,2.526177652534738,1.4362069509063693,1.5496996722426815,2.526177652534738,1.4362069509063693,1.5496996722426815,0.0,0.0,0.0,6,6,5,0.0005269813649140254,0.0004607063989556792,0.009508737157648078,0.13901373131449707,0.026855510757887724,0.026855510757887724
30.38100004196167,1790848073.412,False,REJECTED,INSUFFICIENT_RESIDUAL_IMPROVEMENT,2.733828134301489,1.3858385633189088,1.4929764715528682,2.526177652534738,1.4362069509063693,1.5496996722426815,2.526177652534738,1.4362069509063693,1.5496996722426815,0.0,0.0,0.0,6,6,5,0.0008467029453145258,0.0014071343039225859,,0.13466315924846844,0.026471171300969265,0.026471171300969265
30.520000219345093,1790848073.551,False,REJECTED,INSUFFICIENT_RESIDUAL_IMPROVEMENT,2.7320037448545005,1.3867616962737521,1.4936424085076292,2.5243038623265113,1.4370251694359508,1.5503656091974425,2.5243038623265113,1.4370251694359508,1.5503656091974425,0.0,0.0,0.0,6,6,6,0.0021429934742100976,0.0010071542608687256,0.0076733050894931525,0.1748814009166908,0.015154633653127636,0.015154633653127636
30.67300009727478,1790848073.704,False,REJECTED,INSUFFICIENT_RESIDUAL_IMPROVEMENT,2.721072141309068,1.3937925363629302,1.5032058490480842,2.5129912424773484,1.4434249585404788,1.5599290497378975,2.5129912424773484,1.4434249585404788,1.5599290497378975,0.0,0.0,0.0,5,5,5,0.013445458492551854,0.015893295237736638,,0.1885877574302146,0.01733337943575597,0.01733337943575597
30.800000190734863,1790848073.831,True,XY_YAW,ACCEPTED,2.710479320839915,1.40330180221199,1.5098015498989106,2.501876351964572,1.4523183938367414,1.5665247505887239,2.5306750792114436,1.441086855470451,1.535981488678823,0.028798727246871714,-0.011231538366290428,-0.030543261909900768,5,5,4,0.01782123235795685,0.009623241243402969,0.0011936723322214238,0.19622465986091653,0.025560992967149865,0.0177321542755422
30.94099998474121,1790848073.972,False,REJECTED,INSUFFICIENT_RESIDUAL_IMPROVEMENT,2.7100392367596795,1.4047050877754343,1.510048378912256,2.530198412203376,1.4424781401047615,1.5362283176921685,2.530198412203376,1.4424781401047615,1.5362283176921685,0.0,0.0,0.0,5,5,4,0.006989974838379043,0.011795431424477032,0.012973352771385734,0.18780529414578906,0.027308690412493952,0.027308690412493952
31.082000017166138,1790848074.113,False,REJECTED,INSUFFICIENT_RESIDUAL_IMPROVEMENT,2.7078717719889536,1.3988625645232489,1.5103511948615609,2.5281846295978534,1.436580881326112,1.5365311336414733,2.5281846295978534,1.436580881326112,1.5365311336414733,0.0,0.0,0.0,6,6,4,0.01872908733591072,0.016826070766795043,0.005288772997609235,0.12468800617438647,0.022841154089233928,0.022841154089233928
31.22000002861023,1790848074.251,True,XY_YAW,ACCEPTED,2.696915587129383,1.3778895505970365,1.5082595031213204,2.517781208650604,1.4153282548432387,1.5344394419012328,2.5141919864103857,1.45321496880311,1.556256057551162,-0.0035892222402185148,0.03788671395987131,0.021816615649929122,5,5,5,0.018903612749323617,0.0012080087630315095,0.007762391217009683,0.1567285360056283,0.052939019099552675,0.03421716291828647
31.360000133514404,1790848074.391,False,REJECTED,INSUFFICIENT_RESIDUAL_IMPROVEMENT,2.681688431853101,1.3558630463964159,1.5127176874739892,2.500039157381329,1.4304832602095559,1.5607142419038307,2.500039157381329,1.4304832602095559,1.5607142419038307,0.0,0.0,0.0,5,4,4,0.0033489220184022006,0.008599477133837796,0.01128425934684865,0.15310253705227678,0.02795429907444802,0.02795429907444802
31.5,1790848074.531,False,REJECTED,AMBIGUOUS_JOINT_HYPOTHESIS,2.677593624864784,1.3508293627794263,1.5207332458225757,2.496190572747592,1.4252589122746946,1.5687298002524173,2.496190572747592,1.4252589122746946,1.5687298002524173,0.0,0.0,0.0,6,6,4,0.023816134534069833,0.008443476151468454,6.57160665754556e-05,,,
31.640000104904175,1790848074.671,True,XY_YAW,ACCEPTED,2.677317832143089,1.3526879168539463,1.5207332458225757,2.495825927686272,1.4271020939945778,1.5687298002524173,2.4929241827175748,1.3976212471103335,1.573093123382403,-0.0029017449686972174,-0.02948084688424435,0.004363323129985816,5,5,4,0.02599649888433575,0.009423391980727835,0.004616382987442066,0.18413133291897155,0.0243186066172858,0.020464604854434576
31.78000020980835,1790848074.811,True,XY_YAW,ACCEPTED,2.6709805776684172,1.3637687654525696,1.527328929688336,2.4860156864225194,1.4083552435181752,1.5796888072481632,2.479585534356794,1.3974934213859873,1.5665988378582056,-0.006430152065725281,-0.010861822132187893,-0.013089969389957476,6,6,5,0.011610914573813247,0.0014575524527633554,0.001581379801834388,0.18857109406277295,0.020016766016996534,0.01316122192751723
31.925000190734863,1790848074.956,True,XY_YAW,ACCEPTED,2.655119377650231,1.3874444163899655,1.5342146927231992,2.4628070610552224,1.4205281114641017,1.5734846008930687,2.4712611044549706,1.4043553299439602,1.5822112471530403,0.008454043399748201,-0.016172781520141566,0.008726646259971646,5,5,5,0.011509020333105635,0.00853845008694476,0.002630658524438348,,,
32.06100010871887,1790848075.092,False,REJECTED,INSUFFICIENT_RESIDUAL_IMPROVEMENT,2.648885792937172,1.3925537364309755,1.5397432363072137,2.4647895628087295,1.4091596902944465,1.5877397907370547,2.4647895628087295,1.4091596902944465,1.5877397907370547,0.0,0.0,0.0,5,5,4,0.0119197970636582,0.01253728433764012,0.004901117715750528,0.19787283916812237,0.02514616738261566,0.02514616738261566
32.2039999961853,1790848075.235,True,XY_YAW,ACCEPTED,2.634292875839251,1.4003737503359561,1.5526123198943211,2.449838261479192,1.4162705577137016,1.6006088743241622,2.448216727753739,1.4298765452999427,1.5700656124142613,-0.0016215337254528173,0.013605987586241097,-0.030543261909900768,6,6,5,0.017543404452989186,0.0025029829898883804,0.0012698089725295299,,,
32.34000015258789,1790848075.371,True,Y_ONLY,ACCEPTED,2.607342164534737,1.4238487387119496,1.568063330401214,2.4208604261348468,1.452877603554043,1.5855166229211541,2.4208604261348468,1.4355029418863905,1.563700007271225,0.0,-0.017374661667652447,-0.021816615649929122,5,5,2,0.016770056855199833,0.0007169130704021143,0.008814828108064904,0.16221485147098935,0.029815245077512986,0.022868063970018504
32.480000019073486,1790848075.511,True,X_ONLY,ACCEPTED,2.571879880477147,1.4529657330708978,1.5806856995422316,2.3855255261044723,1.4647743919858247,1.5763223764122427,2.404419408568505,1.4647743919858247,1.6068656383221436,0.018893882464032563,0.0,0.030543261909900754,5,5,2,0.015190376573463227,0.005600747975978093,0.002509106649515893,,,
32.62000012397766,1790848075.651,True,XY_YAW,ACCEPTED,2.5308281365467007,1.472678615126866,1.5927536725976756,2.3628657089508356,1.4834059095506373,1.6189336113775878,2.380987376267249,1.4733160227402788,1.5753003800777297,0.018121667316413514,-0.010089886810358495,-0.043633231299858244,6,6,4,0.022065310314080988,0.006658486113436779,0.0027824118963444104,,,
32.75999999046326,1790848075.791,True,XY_YAW,ACCEPTED,2.4948599481943976,1.4747470610657099,1.5975453903645276,2.3450607654034656,1.4760118850867248,1.5800920978445816,2.376596571761473,1.489935629854918,1.5233688971547659,0.031535806358007235,0.013923744768193358,-0.05672320068981572,8,8,5,0.03129344385063737,0.019243074613784827,0.007441171385736713,0.10234653722944853,0.0757315414787505,0.048398497998161094
32.90000009536743,1790848075.931,False,REJECTED,NO_YAW_CONSENSUS,2.4899917085365715,1.4667887618409905,1.5897911853766897,2.37115194132153,1.48235999237094,1.515614692166928,2.37115194132153,1.48235999237094,1.515614692166928,0.0,0.0,0.0,5,0,0,,,,,0.054219892991107965,0.054219892991107965
33.04100012779236,1790848076.072,False,REJECTED,NO_YAW_CONSENSUS,2.4884326398969376,1.4462924038930272,1.5874686673387228,2.3680782056900447,1.4620355358364627,1.513292174128961,2.3680782056900447,1.4620355358364627,1.513292174128961,0.0,0.0,0.0,6,0,0,,,,,,
33.18500018119812,1790848076.216,False,REJECTED,NO_YAW_CONSENSUS,2.478381640695276,1.4116315514539397,1.5910871266264963,2.355486181432606,1.4282148587016672,1.5169106334167344,2.355486181432606,1.4282148587016672,1.5169106334167344,0.0,0.0,0.0,5,0,0,,,,,,
33.32000017166138,1790848076.351,False,REJECTED,NO_YAW_CONSENSUS,2.466896288077308,1.3888153047589462,1.5989500209900303,2.3423415338139124,1.4063125146036886,1.5247735277802685,2.3423415338139124,1.4063125146036886,1.5247735277802685,0.0,0.0,0.0,4,0,0,,,,,,
33.46000003814697,1790848076.491,False,REJECTED,NO_YAW_CONSENSUS,2.465016406059772,1.3903964347474613,1.6054082778611387,2.340583996280211,1.4080286119954666,1.5312317846513768,2.340583996280211,1.4080286119954666,1.5312317846513768,0.0,0.0,0.0,5,0,0,,,,,,
33.60000014305115,1790848076.631,False,REJECTED,NO_YAW_CONSENSUS,2.4607259706718185,1.4070571163541634,1.618233216706374,2.337540056754916,1.4249614375005157,1.5440567234966123,2.337540056754916,1.4249614375005157,1.5440567234966123,0.0,0.0,0.0,5,0,0,,,,,,
33.74000000953674,1790848076.771,False,REJECTED,NO_YAW_CONSENSUS,2.459362159374133,1.4132546224019182,1.6257907198982529,2.336639283502035,1.4312429715499775,1.5516142266884911,2.336639283502035,1.4312429715499775,1.5516142266884911,0.0,0.0,0.0,6,0,0,,,,,,
33.88000011444092,1790848076.911,False,REJECTED,NO_YAW_CONSENSUS,2.459105091431576,1.4144820862991114,1.6661128968925487,2.3364738879449267,1.4324861110657563,1.5919364036827868,2.3364738879449267,1.4324861110657563,1.5919364036827868,0.0,0.0,0.0,5,0,0,,,,,,
34.02000021934509,1790848077.051,False,REJECTED,NO_YAW_CONSENSUS,2.4583433299033013,1.414487178469029,1.7300635575167074,2.3357145984928773,1.4325476422298988,1.6558870643069454,2.3357145984928773,1.4325476422298988,1.6558870643069454,0.0,0.0,0.0,6,0,0,,,,,,
34.16100001335144,1790848077.192,False,REJECTED,NO_YAW_CONSENSUS,2.4581695888642896,1.4146138535825579,1.7364362018944595,2.3355507229109724,1.432686844696399,1.6622597086846975,2.3355507229109724,1.432686844696399,1.6622597086846975,0.0,0.0,0.0,5,0,0,,,,,0.0228871380830602,0.0228871380830602
34.30000019073486,1790848077.331,False,REJECTED,NO_YAW_CONSENSUS,2.4518389297745493,1.4195608297353066,1.7412455595257936,2.3296040848956405,1.438089373167493,1.6670690663160317,2.3296040848956405,1.438089373167493,1.6670690663160317,0.0,0.0,0.0,5,0,0,,,,,,
34.44500017166138,1790848077.476,False,REJECTED,NO_YAW_CONSENSUS,2.4378846391551248,1.4296653961749812,1.750757378602564,2.3164370001554104,1.449200285329362,1.6765808853928021,2.3164370001554104,1.449200285329362,1.6765808853928021,0.0,0.0,0.0,5,0,0,,,,,,
34.58200001716614,1790848077.613,False,REJECTED,NO_YAW_CONSENSUS,2.4366985201016913,1.430486098592455,1.7495359662793504,2.3153149637268826,1.4501066324593412,1.6753594730695882,2.3153149637268826,1.4501066324593412,1.6753594730695882,0.0,0.0,0.0,5,0,0,,,,,,
34.72200012207031,1790848077.753,False,REJECTED,NO_YAW_CONSENSUS,2.432911186127411,1.4297802525314176,1.748879432979308,2.3114857350341045,1.4496834009470199,1.6747029397695459,2.3114857350341045,1.4496834009470199,1.6747029397695459,0.0,0.0,0.0,5,0,0,,,,,,
34.861000061035156,1790848077.892,False,REJECTED,NO_YAW_CONSENSUS,2.4220598392523938,1.428566109795818,1.7530491571617328,2.3005742490693972,1.4492767738126997,1.6788726639519707,2.3005742490693972,1.4492767738126997,1.6788726639519707,0.0,0.0,0.0,5,0,0,,,,,,
35.0,1790848078.031,False,REJECTED,NO_YAW_CONSENSUS,2.420840052446838,1.428418459231361,1.7517497944050278,2.299346874291367,1.4492199258184852,1.6775733011952658,2.299346874291367,1.4492199258184852,1.6775733011952658,0.0,0.0,0.0,5,0,0,,,,,0.0026116522025452227,0.0026116522025452227
35.140000104904175,1790848078.171,False,REJECTED,NO_YAW_CONSENSUS,2.4159139331279897,1.427704454102754,1.7506466204571083,2.294381387046751,1.4488729513370624,1.6764701272473463,2.294381387046751,1.4488729513370624,1.6764701272473463,0.0,0.0,0.0,6,0,0,,,,,,
35.28000020980835,1790848078.311,False,REJECTED,NO_YAW_CONSENSUS,2.400100243209009,1.4244856404875328,1.756070581003319,2.278372640430697,1.4468349175477964,1.681894087793557,2.278372640430697,1.4468349175477964,1.681894087793557,0.0,0.0,0.0,6,0,0,,,,,,
35.420000076293945,1790848078.451,False,REJECTED,NO_YAW_CONSENSUS,2.385442891615584,1.4218480663326565,1.762177691051643,2.2635601272026893,1.4452908304304841,1.688001197841881,2.2635601272026893,1.4452908304304841,1.688001197841881,0.0,0.0,0.0,4,0,0,,,,,,
35.56000018119812,1790848078.591,False,REJECTED,NO_YAW_CONSENSUS,2.38322059128758,1.4215760432683096,1.779124933350948,2.2613237785706435,1.445184246701282,1.704948440141186,2.2613237785706435,1.445184246701282,1.704948440141186,0.0,0.0,0.0,5,0,0,,,,,,
35.705000162124634,1790848078.736,False,REJECTED,NO_YAW_CONSENSUS,2.382390311143494,1.422067321287927,1.8470053791933863,2.2605321894155694,1.4457357046051984,1.772828885983624,2.2605321894155694,1.4457357046051984,1.772828885983624,0.0,0.0,0.0,6,0,0,,,,,,
35.842000007629395,1790848078.873,False,REJECTED,NO_YAW_CONSENSUS,2.3822495579815115,1.4218155445002032,1.8506696400763398,2.2603731645011247,1.445495051161362,1.7764931468665777,2.2603731645011247,1.445495051161362,1.7764931468665777,0.0,0.0,0.0,6,0,0,,,,,0.00882016312190359,0.00882016312190359
35.98100018501282,1790848079.012,False,REJECTED,NO_YAW_CONSENSUS,2.382173066148231,1.425570009632767,1.8488375155643841,2.260575120748693,1.449244860904038,1.774661022354622,2.260575120748693,1.449244860904038,1.774661022354622,0.0,0.0,0.0,6,0,0,,,,,0.0109481760878829,0.0109481760878829
36.12000012397766,1790848079.151,False,REJECTED,NO_YAW_CONSENSUS,2.383630156855371,1.4491855676593428,1.8532193674612603,2.2637783180765667,1.472687497724884,1.779042874251498,2.2637783180765667,1.472687497724884,1.779042874251498,0.0,0.0,0.0,6,0,0,,,,,0.020396735930064303,0.020396735930064303
36.25999999046326,1790848079.291,False,REJECTED,NO_YAW_CONSENSUS,2.388524436963509,1.482711724978179,1.8552652373186176,2.2711437127212886,1.5057587566073598,1.7810887441088554,2.2711437127212886,1.5057587566073598,1.7810887441088554,0.0,0.0,0.0,5,0,0,,,,,0.02472932166402253,0.02472932166402253
36.402000188827515,1790848079.433,False,REJECTED,NO_YAW_CONSENSUS,2.3886758181871914,1.4976203849817191,1.8604562877986741,2.2723995359583253,1.5206152019215444,1.786279794588912,2.2723995359583253,1.5206152019215444,1.786279794588912,0.0,0.0,0.0,6,0,0,,,,,0.07186173903047965,0.07186173903047965
36.540000200271606,1790848079.571,False,REJECTED,NO_YAW_CONSENSUS,2.378138156586898,1.5087934320854381,1.8616471786864723,2.2627188686286557,1.5325384554052413,1.7874706854767102,2.2627188686286557,1.5325384554052413,1.7874706854767102,0.0,0.0,0.0,5,0,0,,,,,,
36.6800000667572,1790848079.711,False,REJECTED,NO_YAW_CONSENSUS,2.361734009568889,1.5204676913691388,1.8647159995169176,2.2472249917082117,1.545396299205259,1.7905395063071554,2.2472249917082117,1.545396299205259,1.7905395063071554,0.0,0.0,0.0,5,0,0,,,,,0.04425816549598682,0.04425816549598682
36.82000017166138,1790848079.851,False,REJECTED,NO_YAW_CONSENSUS,2.3593580658437316,1.5223325973702984,1.8647159995169176,2.244993786756615,1.5474321546623693,1.7905395063071554,2.244993786756615,1.5474321546623693,1.7905395063071554,0.0,0.0,0.0,6,0,0,,,,,,
36.96500015258789,1790848079.996,False,REJECTED,NO_YAW_CONSENSUS,2.358211349068595,1.5283630072309238,1.8671283044315663,2.244297127810384,1.5535309634609906,1.7929518112218041,2.244297127810384,1.5535309634609906,1.7929518112218041,0.0,0.0,0.0,6,0,0,,,,,,
37.10000014305115,1790848080.131,False,REJECTED,NO_YAW_CONSENSUS,2.353394705975271,1.5413007810017934,1.8704108757387798,2.240452528474657,1.566790114896222,1.7962343825290175,2.240452528474657,1.566790114896222,1.7962343825290175,0.0,0.0,0.0,5,0,0,,,,,0.09477785492122615,0.09477785492122615
37.24500012397766,1790848080.276,False,REJECTED,NO_YAW_CONSENSUS,2.3523039832251604,1.5432284351671737,1.8719746870265346,2.239507660550032,1.5687933001856873,1.7977981938167722,2.239507660550032,1.5687933001856873,1.7977981938167722,0.0,0.0,0.0,5,0,0,,,,,0.05138524827968416,0.05138524827968416
37.38100004196167,1790848080.412,False,REJECTED,NO_YAW_CONSENSUS,2.3438822927067053,1.5486869369797662,1.8770655141986752,2.2315136494497123,1.5748609108978768,1.8028890209889126,2.2315136494497123,1.5748609108978768,1.8028890209889126,0.0,0.0,0.0,6,0,0,,,,,,
37.52000021934509,1790848080.551,False,REJECTED,NO_YAW_CONSENSUS,2.3220647577090454,1.5640597634540445,1.8841824116826902,2.210895365594926,1.5918083295233147,1.8100059184729278,2.210895365594926,1.5918083295233147,1.8100059184729278,0.0,0.0,0.0,5,0,0,,,,,,
37.66000008583069,1790848080.691,False,REJECTED,NO_YAW_CONSENSUS,2.3178918679059013,1.5678188805974984,1.8914345921136602,2.20701253296231,1.5958663563534978,1.8172580989038978,2.20701253296231,1.5958663563534978,1.8172580989038978,0.0,0.0,0.0,6,0,0,,,,,,
37.80000019073486,1790848080.831,False,REJECTED,NO_YAW_CONSENSUS,2.317851974859121,1.5679399364020299,1.8921979839587306,2.206981720876927,1.5959900356904404,1.8180214907489682,2.206981720876927,1.5959900356904404,1.8180214907489682,0.0,0.0,0.0,6,0,0,,,,,,
37.94000005722046,1790848080.971,False,REJECTED,NO_YAW_CONSENSUS,2.317851974859121,1.5679399364020299,1.8921979839587306,2.206981720876927,1.5959900356904406,1.8180214907489682,2.206981720876927,1.5959900356904406,1.8180214907489682,0.0,0.0,0.0,6,0,0,,,,,,
38.080000162124634,1790848081.111,False,REJECTED,NO_YAW_CONSENSUS,2.317851974859121,1.5679399364020299,1.8921979839587306,2.206981720876927,1.5959900356904408,1.8180214907489682,2.206981720876927,1.5959900356904408,1.8180214907489682,0.0,0.0,0.0,6,0,0,,,,,,
38.22500014305115,1790848081.256,False,REJECTED,NO_YAW_CONSENSUS,2.317851974859121,1.5679399364020299,1.8921979839587306,2.206981720876927,1.595990035690441,1.8180214907489682,2.206981720876927,1.595990035690441,1.8180214907489682,0.0,0.0,0.0,6,0,0,,,,,,
38.360000133514404,1790848081.391,False,REJECTED,NO_YAW_CONSENSUS,2.317851974859121,1.5679399364020299,1.8921979839587306,2.206981720876927,1.5959900356904413,1.8180214907489682,2.206981720876927,1.5959900356904413,1.8180214907489682,0.0,0.0,0.0,6,0,0,,,,,,
38.5,1790848081.531,False,REJECTED,NO_YAW_CONSENSUS,2.317851974859121,1.5679399364020299,1.8921979839587306,2.206981720876927,1.5959900356904415,1.8180214907489682,2.206981720876927,1.5959900356904415,1.8180214907489682,0.0,0.0,0.0,5,0,0,,,,,0.08028703628737788,0.08028703628737788
38.640000104904175,1790848081.671,False,REJECTED,NO_YAW_CONSENSUS,2.317851974859121,1.5679399364020299,1.8921979839587306,2.206981720876927,1.5959900356904417,1.8180214907489682,2.206981720876927,1.5959900356904417,1.8180214907489682,0.0,0.0,0.0,6,0,0,,,,,,
38.78000020980835,1790848081.811,False,REJECTED,NO_YAW_CONSENSUS,2.317851974859121,1.5679399364020299,1.8921979839587306,2.206981720876927,1.595990035690442,1.8180214907489682,2.206981720876927,1.595990035690442,1.8180214907489682,0.0,0.0,0.0,6,0,0,,,,,,
38.920000076293945,1790848081.951,False,REJECTED,NO_YAW_CONSENSUS,2.317851974859121,1.5679399364020299,1.8921979839587306,2.206981720876927,1.5959900356904422,1.8180214907489682,2.206981720876927,1.5959900356904422,1.8180214907489682,0.0,0.0,0.0,6,0,0,,,,,,
39.06000018119812,1790848082.091,False,REJECTED,NO_YAW_CONSENSUS,2.317851974859121,1.5679399364020299,1.8921979839587306,2.206981720876927,1.5959900356904424,1.8180214907489682,2.206981720876927,1.5959900356904424,1.8180214907489682,0.0,0.0,0.0,6,0,0,,,,,,
39.200000047683716,1790848082.231,False,REJECTED,NO_YAW_CONSENSUS,2.317851974859121,1.5679399364020299,1.8921979839587306,2.206981720876927,1.5959900356904426,1.8180214907489682,2.206981720876927,1.5959900356904426,1.8180214907489682,0.0,0.0,0.0,6,0,0,,,,,,
39.34000015258789,1790848082.371,False,REJECTED,NO_YAW_CONSENSUS,2.317851974859121,1.5679399364020299,1.8921979839587306,2.206981720876927,1.5959900356904428,1.8180214907489682,2.206981720876927,1.5959900356904428,1.8180214907489682,0.0,0.0,0.0,6,0,0,,,,,,
39.491000175476074,1790848082.522,False,REJECTED,NO_YAW_CONSENSUS,2.3126284052690838,1.568911217618229,1.8883673527613372,2.20184449532087,1.5973457569188299,1.8141908595515748,2.20184449532087,1.5973457569188299,1.8141908595515748,0.0,0.0,0.0,6,0,0,,,,,,
39.62000012397766,1790848082.651,False,REJECTED,NO_YAW_CONSENSUS,2.3020609773436074,1.5749187574647923,1.8975874953502807,2.1917513355739806,1.604119913271613,1.8234110021405183,2.1917513355739806,1.604119913271613,1.8234110021405183,0.0,0.0,0.0,6,0,0,,,,,,
39.76300001144409,1790848082.794,False,REJECTED,NO_YAW_CONSENSUS,2.3008417966095864,1.5762250839808558,1.9002440825201234,2.1906323172471165,1.6055129992750317,1.826067589310361,2.1906323172471165,1.6055129992750317,1.826067589310361,0.0,0.0,0.0,5,0,0,,,,,,
39.90000009536743,1790848082.931,False,REJECTED,NO_YAW_CONSENSUS,2.2997613416127622,1.5804096704104342,1.9022288925403508,2.18986494668393,1.6097661497550328,1.8280523993305884,2.18986494668393,1.6097661497550328,1.8280523993305884,0.0,0.0,0.0,5,0,0,,,,,0.07268175771910457,0.07268175771910457
40.040000200271606,1790848083.071,False,REJECTED,NO_YAW_CONSENSUS,2.2936287008476004,1.5989543829522248,1.9065038738515243,2.1851234901933037,1.628714348517967,1.8323273806417621,2.1851234901933037,1.628714348517967,1.8323273806417621,0.0,0.0,0.0,6,0,0,,,,,,
40.1800000667572,1790848083.211,False,REJECTED,NO_YAW_CONSENSUS,2.2866883588352094,1.618675536062174,1.9130690102931505,2.1796637377186827,1.6488956103752175,1.838892517083388,2.1796637377186827,1.6488956103752175,1.838892517083388,0.0,0.0,0.0,5,0,0,,,,,,
40.32000017166138,1790848083.351,False,REJECTED,NO_YAW_CONSENSUS,2.2845918342810787,1.623855870878143,1.916403070895067,2.1779568850109285,1.654217070498684,1.8422265776853046,2.1779568850109285,1.654217070498684,1.8422265776853046,0.0,0.0,0.0,6,0,0,,,,,,
40.46000003814697,1790848083.491,False,REJECTED,NO_YAW_CONSENSUS,2.2823691995301383,1.631674511281797,1.9173134464712507,2.17631978972984,1.6621789271941028,1.8431369532614883,2.17631978972984,1.6621789271941028,1.8431369532614883,0.0,0.0,0.0,5,0,0,,,,,,
40.60000014305115,1790848083.631,False,REJECTED,NO_YAW_CONSENSUS,2.274807572419066,1.6524778719617004,1.9216779723596331,2.170320661344648,1.6834854632514498,1.8475014791498707,2.170320661344648,1.6834854632514498,1.8475014791498707,0.0,0.0,0.0,5,0,0,,,,,,
40.74500012397766,1790848083.776,False,REJECTED,NO_YAW_CONSENSUS,2.2628242370572984,1.684475953828811,1.929376641661747,2.160741607473336,1.7162836232074206,1.8552001484519844,2.160741607473336,1.7162836232074206,1.8552001484519844,0.0,0.0,0.0,5,0,0,,,,,,
40.88000011444092,1790848083.911,False,REJECTED,NO_YAW_CONSENSUS,2.2488189515273387,1.7215761243430123,1.9330466581350179,2.149524271509012,1.7543196856853114,1.8588701649252553,2.149524271509012,1.7543196856853114,1.8588701649252553,0.0,0.0,0.0,5,0,0,,,,,,
41.02000021934509,1790848084.051,False,REJECTED,NO_YAW_CONSENSUS,2.233681008136676,1.761788970696356,1.9385509148681983,2.1374080679903544,1.795543804283906,1.8643744216584357,2.1374080679903544,1.795543804283906,1.8643744216584357,0.0,0.0,0.0,5,0,0,,,,,,
41.16000008583069,1790848084.191,False,REJECTED,NO_YAW_CONSENSUS,2.217579422827913,1.8033749684268534,1.9451160474251485,2.124432634565872,1.838208712395176,1.870939554215386,2.124432634565872,1.838208712395176,1.870939554215386,0.0,0.0,0.0,5,0,0,,,,,,
41.30000019073486,1790848084.331,False,REJECTED,NO_YAW_CONSENSUS,2.2002470090559987,1.8465788185087317,1.9504558564763101,2.110349653823806,1.8825782389024188,1.8762793632665475,2.110349653823806,1.8825782389024188,1.8762793632665475,0.0,0.0,0.0,5,0,0,,,,,,
41.44000005722046,1790848084.471,False,REJECTED,NO_YAW_CONSENSUS,2.183134264401578,1.8894662204896229,1.9548110650321264,2.0964622866588316,1.9266159081357375,1.8806345718223638,2.0964622866588316,1.9266159081357375,1.8806345718223638,0.0,0.0,0.0,4,0,0,,,,,,
41.580000162124634,1790848084.611,False,REJECTED,NO_YAW_CONSENSUS,2.165704858205543,1.9329922836800828,1.9577176237307437,2.082306458930857,1.971313949687266,1.883541130520981,2.082306458930857,1.971313949687266,1.883541130520981,0.0,0.0,0.0,4,0,0,,,,,,
41.72000002861023,1790848084.751,False,REJECTED,NO_YAW_CONSENSUS,2.147995806016057,1.9760156817794978,1.961079289125073,2.067834502433179,2.015531432526071,1.8869027959153104,2.067834502433179,2.015531432526071,1.8869027959153104,0.0,0.0,0.0,4,0,0,,,,,,
41.860000133514404,1790848084.891,False,REJECTED,NO_YAW_CONSENSUS,2.1360997880683197,2.0063910280858344,1.9639717213127275,2.058222267386776,2.0467048481819705,1.8897952281029649,2.058222267386776,2.0467048481819705,1.8897952281029649,0.0,0.0,0.0,4,0,0,,,,,,
42.00600004196167,1790848085.037,False,REJECTED,NO_YAW_CONSENSUS,2.1348666071495925,2.0096170731948355,1.9651626074065613,2.057231554819645,2.0500134114400854,1.890986114196799,2.057231554819645,2.0500134114400854,1.890986114196799,0.0,0.0,0.0,4,0,0,,,,,,
42.140000104904175,1790848085.171,False,REJECTED,NO_YAW_CONSENSUS,2.136224085408904,2.0056252545980655,1.965162606949224,2.0582894726156713,2.045931968941303,1.8909861137394617,2.0582894726156713,2.045931968941303,1.8909861137394617,0.0,0.0,0.0,4,0,0,,,,,,
42.28200006484985,1790848085.313,False,REJECTED,NO_YAW_CONSENSUS,2.142723807020997,1.989710800834365,1.9662008138051887,2.063591925055714,2.0295795924243327,1.8920243205954264,2.063591925055714,2.0295795924243327,1.8920243205954264,0.0,0.0,0.0,4,0,0,,,,,,
42.420000076293945,1790848085.451,False,REJECTED,NO_YAW_CONSENSUS,2.154300812556806,1.9619738454562572,1.9662008138051887,2.0730815520835084,2.001060954138176,1.8920243205954264,2.0730815520835084,2.001060954138176,1.8920243205954264,0.0,0.0,0.0,4,0,0,,,,,,
42.56000018119812,1790848085.591,False,REJECTED,NO_YAW_CONSENSUS,2.1688189548899057,1.9268056975264691,1.9686741978220343,2.0849535138664477,1.964913594496841,1.894497704612272,2.0849535138664477,1.964913594496841,1.894497704612272,0.0,0.0,0.0,4,0,0,,,,,,
42.70100021362305,1790848085.732,False,REJECTED,NO_YAW_CONSENSUS,2.1859433531154937,1.8871154775842331,1.9751324666124301,2.0990894408911904,1.9240634520148037,1.9009559734026678,2.0990894408911904,1.9240634520148037,1.9009559734026678,0.0,0.0,0.0,4,0,0,,,,,,
42.84000015258789,1790848085.871,False,REJECTED,NO_YAW_CONSENSUS,2.2024322336136657,1.8457546071628812,1.9820562250658527,2.1124677883599814,1.8815943502925023,1.90787973185609,2.1124677883599814,1.8815943502925023,1.90787973185609,0.0,0.0,0.0,4,0,0,,,,,,
42.980000019073486,1790848086.011,False,REJECTED,NO_YAW_CONSENSUS,2.217992622231727,1.8020690777795159,1.986922876645163,2.124747920163575,1.836875791121434,1.9127463834354004,2.124747920163575,1.836875791121434,1.9127463834354004,0.0,0.0,0.0,4,0,0,,,,,,
43.12000012397766,1790848086.151,False,REJECTED,NO_YAW_CONSENSUS,2.2347269462452353,1.7591214496367245,1.9887360278158677,2.1382534440044245,1.7928061055193696,1.914559534606105,2.1382534440044245,1.7928061055193696,1.914559534606105,0.0,0.0,0.0,5,0,0,,,,,,
43.26600003242493,1790848086.297,False,REJECTED,NO_YAW_CONSENSUS,2.2521762119614523,1.7148463826711524,1.9906903029774687,2.1523735691036525,1.7473596480554137,1.9165138097677061,2.1523735691036525,1.7473596480554137,1.9165138097677061,0.0,0.0,0.0,5,0,0,,,,,,
43.40000009536743,1790848086.431,False,REJECTED,NO_YAW_CONSENSUS,2.269267849794875,1.6737483442073426,1.9918964604052611,2.1663724945161418,1.7051079861153522,1.9177199671954983,2.1663724945161418,1.7051079861153522,1.9177199671954983,0.0,0.0,0.0,5,0,0,,,,,,
43.540000200271606,1790848086.571,False,REJECTED,NO_YAW_CONSENSUS,2.287492977720793,1.6306897966284217,1.9945835888584122,2.1813565027626445,1.6608172048579504,1.9204070956486496,2.1813565027626445,1.6608172048579504,1.9204070956486496,0.0,0.0,0.0,5,0,0,,,,,,
43.6800000667572,1790848086.711,False,REJECTED,NO_YAW_CONSENSUS,2.306034140867644,1.587543405578659,1.9978661488177156,2.1966491672447233,1.6164154007899194,1.9236896556079528,2.1966491672447233,1.6164154007899194,1.9236896556079528,0.0,0.0,0.0,5,0,0,,,,,,
43.82100009918213,1790848086.852,False,REJECTED,NO_YAW_CONSENSUS,2.3241803121992373,1.5437255459561239,1.9968279440436003,2.211498164543781,1.5713732468104717,1.9226514508338377,2.211498164543781,1.5713732468104717,1.9226514508338377,0.0,0.0,0.0,6,0,0,,,,,,
43.96000003814697,1790848086.991,False,REJECTED,NO_YAW_CONSENSUS,2.3383248779507473,1.4986190505614119,1.999118101918771,2.222261061085918,1.5253425535165925,1.9249416087090083,2.222261061085918,1.5253425535165925,1.9249416087090083,0.0,0.0,0.0,6,0,0,,,,,,
44.10000014305115,1790848087.131,False,REJECTED,NO_YAW_CONSENSUS,2.351129741350859,1.4522265703909847,1.9987516810495123,2.231592636820002,1.4781286949856696,1.92457518783975,2.231592636820002,1.4781286949856696,1.92457518783975,0.0,0.0,0.0,5,0,0,,,,,,
44.24000000953674,1790848087.271,False,REJECTED,NO_YAW_CONSENSUS,2.3601361721517966,1.4236954492793354,2.003454144006589,2.2384599032941566,1.4490085761872742,1.9292776507968266,2.2384599032941566,1.4490085761872742,1.9292776507968266,0.0,0.0,0.0,5,0,0,,,,,,
44.38100004196167,1790848087.412,False,REJECTED,NO_YAW_CONSENSUS,2.362085352720951,1.4184180233479498,2.0060496681943327,2.2400126219096452,1.4436012113712533,1.9318731749845701,2.2400126219096452,1.4436012113712533,1.9318731749845701,0.0,0.0,0.0,6,0,0,,,,,0.011841704016513965,0.011841704016513965
44.532999992370605,1790848087.564,False,REJECTED,NO_YAW_CONSENSUS,2.362085352720951,1.4184180233479498,2.0060496681943327,2.2400126219096452,1.4436012113712533,1.9318731749845701,2.2400126219096452,1.4436012113712533,1.9318731749845701,0.0,0.0,0.0,6,0,0,,,,,,
44.66000008583069,1790848087.691,False,REJECTED,NO_YAW_CONSENSUS,2.367917371283049,1.4209738371808012,2.0052025749947133,2.2460180110045744,1.4457177950987148,1.9310260817849507,2.2460180110045744,1.4457177950987148,1.9310260817849507,0.0,0.0,0.0,6,0,0,,,,,,
44.807000160217285,1790848087.838,False,REJECTED,NO_YAW_CONSENSUS,2.387701965058481,1.4293726014134212,2.0049503863887725,2.2663706205460286,1.4526272579104758,1.93077389317901,2.2663706205460286,1.4526272579104758,1.93077389317901,0.0,0.0,0.0,6,0,0,,,,,0.018471514221265695,0.018471514221265695
44.94000005722046,1790848087.971,False,REJECTED,NO_YAW_CONSENSUS,2.4028646872884782,1.4360293810953042,2.0049151417697466,2.2819849719882934,1.4581420462286825,1.9307386485599842,2.2819849719882934,1.4581420462286825,1.9307386485599842,0.0,0.0,0.0,7,0,0,,,,,,
45.08200001716614,1790848088.113,False,REJECTED,NO_YAW_CONSENSUS,2.409756401767008,1.4367506048673322,2.0057788097299265,2.288911184332498,1.4583505522139741,1.9316023165201637,2.288911184332498,1.4583505522139741,1.9316023165201637,0.0,0.0,0.0,6,0,0,,,,,,
45.22000002861023,1790848088.251,False,REJECTED,NO_YAW_CONSENSUS,2.4331953316582213,1.4347219248701464,2.008808582973857,2.3121353190933633,1.4545904270052388,1.9346320897640945,2.3121353190933633,1.4545904270052388,1.9346320897640945,0.0,0.0,0.0,5,0,0,,,,,0.02039743071850797,0.02039743071850797
45.360000133514404,1790848088.391,False,REJECTED,NO_YAW_CONSENSUS,2.4700964086677555,1.4294630335292988,2.01360720929131,2.34854519647412,1.4466113135383993,1.9394307160815474,2.34854519647412,1.4466113135383993,1.9394307160815474,0.0,0.0,0.0,6,0,0,,,,,,
45.50100016593933,1790848088.532,False,REJECTED,NO_YAW_CONSENSUS,2.493165366358956,1.4236592972058,2.0138612406386804,2.371120612665295,1.4391139307906449,1.9396847474289176,2.371120612665295,1.4391139307906449,1.9396847474289176,0.0,0.0,0.0,7,0,0,,,,,,
45.640000104904175,1790848088.671,False,REJECTED,NO_YAW_CONSENSUS,2.499120492155269,1.4252152020472564,2.0129569200144464,2.3771746687266475,1.440224231800096,1.9387804268046838,2.3771746687266475,1.440224231800096,1.9387804268046838,0.0,0.0,0.0,6,0,0,,,,,,
45.78500008583069,1790848088.816,False,REJECTED,NO_YAW_CONSENSUS,2.512283565101982,1.4397803005708656,2.01444862644059,2.391380943120367,1.4537737835363447,1.9402721332308273,2.391380943120367,1.4537737835363447,1.9402721332308273,0.0,0.0,0.0,5,0,0,,,,,0.012850146097619586,0.012850146097619586
45.920000076293945,1790848088.951,False,REJECTED,NO_YAW_CONSENSUS,2.515618712204945,1.4543945455628848,2.018179256733862,2.395789958817835,1.4681006793433447,1.9440027635240993,2.395789958817835,1.4681006793433447,1.9440027635240993,0.0,0.0,0.0,6,0,0,,,,,,
46.06000018119812,1790848089.091,False,REJECTED,NO_YAW_CONSENSUS,2.5153788884193355,1.4553827190795534,2.021653315296247,2.395624026550616,1.469103908544417,1.9474768220864842,2.395624026550616,1.469103908544417,1.9474768220864842,0.0,0.0,0.0,8,0,0,,,,,,
46.200000047683716,1790848089.231,False,REJECTED,NO_YAW_CONSENSUS,2.5153788884193355,1.4553827190795534,2.021653315296247,2.395624026550616,1.469103908544417,1.9474768220864842,2.395624026550616,1.469103908544417,1.9474768220864842,0.0,0.0,0.0,5,0,0,,,,,,
46.34000015258789,1790848089.371,False,REJECTED,NO_YAW_CONSENSUS,2.516985188905188,1.4560930895205224,2.02056597773752,2.397278554488317,1.4696932850943563,1.9463894845277572,2.397278554488317,1.4696932850943563,1.9463894845277572,0.0,0.0,0.0,5,0,0,,,,,,
46.480000019073486,1790848089.511,False,REJECTED,NO_YAW_CONSENSUS,2.522284850582783,1.4586678675018832,2.016385939466422,2.4027544559860505,1.4718682329873856,1.9422094462566593,2.4027544559860505,1.4718682329873856,1.9422094462566593,0.0,0.0,0.0,6,0,0,,,,,0.07228068237685648,0.07228068237685648
46.62000012397766,1790848089.651,False,REJECTED,NO_YAW_CONSENSUS,2.522544754088888,1.4588630350317138,2.016004244636042,2.4030281083765925,1.4720436027862007,1.9418277514262792,2.4030281083765925,1.4720436027862007,1.9418277514262792,0.0,0.0,0.0,5,0,0,,,,,0.04432288977901688,0.04432288977901688
46.75999999046326,1790848089.791,False,REJECTED,NO_YAW_CONSENSUS,2.522544754088888,1.4588630350317138,2.016004244636042,2.4030281083765925,1.472043602786201,1.9418277514262792,2.4030281083765925,1.472043602786201,1.9418277514262792,0.0,0.0,0.0,6,0,0,,,,,0.04464818935043757,0.04464818935043757
46.90000009536743,1790848089.931,False,REJECTED,NO_YAW_CONSENSUS,2.522544754088888,1.4588630350317138,2.016004244636042,2.4030281083765925,1.4720436027862012,1.9418277514262792,2.4030281083765925,1.4720436027862012,1.9418277514262792,0.0,0.0,0.0,6,0,0,,,,,0.04412536495889663,0.04412536495889663
47.045000076293945,1790848090.076,False,REJECTED,NO_YAW_CONSENSUS,2.522544754088888,1.4588630350317138,2.016004244636042,2.4030281083765925,1.4720436027862014,1.9418277514262792,2.4030281083765925,1.4720436027862014,1.9418277514262792,0.0,0.0,0.0,6,0,0,,,,,0.03486753413361221,0.03486753413361221
47.1800000667572,1790848090.211,False,REJECTED,NO_YAW_CONSENSUS,2.522544754088888,1.4588630350317138,2.016004244636042,2.4030281083765925,1.4720436027862016,1.9418277514262792,2.4030281083765925,1.4720436027862016,1.9418277514262792,0.0,0.0,0.0,6,0,0,,,,,,
47.32200002670288,1790848090.353,False,REJECTED,NO_YAW_CONSENSUS,2.522544754088888,1.4588630350317138,2.016004244636042,2.4030281083765925,1.4720436027862018,1.9418277514262792,2.4030281083765925,1.4720436027862018,1.9418277514262792,0.0,0.0,0.0,5,0,0,,,,,,
47.46000003814697,1790848090.491,False,REJECTED,NO_YAW_CONSENSUS,2.522544754088888,1.4588630350317138,2.016004244636042,2.4030281083765925,1.472043602786202,1.9418277514262792,2.4030281083765925,1.472043602786202,1.9418277514262792,0.0,0.0,0.0,6,0,0,,,,,0.0321891430932304,0.0321891430932304
47.60000014305115,1790848090.631,False,REJECTED,NO_YAW_CONSENSUS,2.522544754088888,1.4588630350317138,2.016004244636042,2.4030281083765925,1.4720436027862023,1.9418277514262792,2.4030281083765925,1.4720436027862023,1.9418277514262792,0.0,0.0,0.0,5,0,0,,,,,0.07247043553983357,0.07247043553983357
47.74000000953674,1790848090.771,False,REJECTED,NO_YAW_CONSENSUS,2.522544754088888,1.4588630350317138,2.016004244636042,2.4030281083765925,1.4720436027862025,1.9418277514262792,2.4030281083765925,1.4720436027862025,1.9418277514262792,0.0,0.0,0.0,5,0,0,,,,0.12137797209865209,0.050969198638981306,0.050969198638981306
47.88000011444092,1790848090.911,False,REJECTED,NO_YAW_CONSENSUS,2.522544754088888,1.4588630350317138,2.016004244636042,2.4030281083765925,1.4720436027862027,1.9418277514262792,2.4030281083765925,1.4720436027862027,1.9418277514262792,0.0,0.0,0.0,6,0,0,,,,,0.05197176318055696,0.05197176318055696
48.02000021934509,1790848091.051,False,REJECTED,NO_YAW_CONSENSUS,2.522544754088888,1.4588630350317138,2.016004244636042,2.4030281083765925,1.472043602786203,1.9418277514262792,2.4030281083765925,1.472043602786203,1.9418277514262792,0.0,0.0,0.0,6,0,0,,,,,0.05158634609461943,0.05158634609461943
48.16000008583069,1790848091.191,False,REJECTED,NO_YAW_CONSENSUS,2.522544754088888,1.4588630350317138,2.016004244636042,2.4030281083765925,1.4720436027862032,1.9418277514262792,2.4030281083765925,1.4720436027862032,1.9418277514262792,0.0,0.0,0.0,6,0,0,,,,,0.04450961445761159,0.04450961445761159
48.3050000667572,1790848091.336,False,REJECTED,NO_YAW_CONSENSUS,2.522544754088888,1.4588630350317138,2.016004244636042,2.4030281083765925,1.4720436027862034,1.9418277514262792,2.4030281083765925,1.4720436027862034,1.9418277514262792,0.0,0.0,0.0,5,0,0,,,,,0.033301052340605874,0.033301052340605874
48.44000005722046,1790848091.471,False,REJECTED,NO_YAW_CONSENSUS,2.522544754088888,1.4588630350317138,2.016004244636042,2.4030281083765925,1.4720436027862036,1.9418277514262792,2.4030281083765925,1.4720436027862036,1.9418277514262792,0.0,0.0,0.0,6,0,0,,,,0.12146091823906424,0.051988980644382954,0.051988980644382954
48.580000162124634,1790848091.611,False,REJECTED,INSUFFICIENT_INDEPENDENT_WALLS,2.522544754088888,1.4588630350317138,2.016004244636042,2.4030281083765925,1.4720436027862038,1.9418277514262792,2.4030281083765925,1.4720436027862038,1.9418277514262792,0.0,0.0,0.0,5,0,0,,,,0.12283728175134545,0.057441551766792665,0.057441551766792665
48.72200012207031,1790848091.753,True,Y_ONLY,ACCEPTED,2.522544754088888,1.4588630350317138,2.016004244636042,2.4030281083765925,1.472043602786204,1.9418277514262792,2.4030281083765925,1.5109781870559038,1.898194520126421,0.0,0.03893458426969976,-0.043633231299858244,6,2,2,0.05137772254395079,0.009156973013679237,0.012781323536128014,,0.05751472652428913,0.07071332464710534
48.860000133514404,1790848091.891,False,REJECTED,NO_YAW_CONSENSUS,2.522544754088888,1.4588630350317138,2.016004244636042,2.4030281083765925,1.510978187055904,1.898194520126421,2.4030281083765925,1.510978187055904,1.898194520126421,0.0,0.0,0.0,5,0,0,,,,,0.06914696783086915,0.06914696783086915
49.0,1790848092.031,False,REJECTED,NO_YAW_CONSENSUS,2.522544754088888,1.4588630350317138,2.016004244636042,2.4030281083765925,1.5109781870559043,1.898194520126421,2.4030281083765925,1.5109781870559043,1.898194520126421,0.0,0.0,0.0,6,0,0,,,,,,
49.140000104904175,1790848092.171,False,REJECTED,NO_YAW_CONSENSUS,2.522544754088888,1.4588630350317138,2.016004244636042,2.4030281083765925,1.5109781870559045,1.898194520126421,2.4030281083765925,1.5109781870559045,1.898194520126421,0.0,0.0,0.0,6,0,0,,,,,0.06695611173298666,0.06695611173298666
49.28000020980835,1790848092.311,False,REJECTED,NO_YAW_CONSENSUS,2.522544754088888,1.4588630350317138,2.016004244636042,2.4030281083765925,1.5109781870559047,1.898194520126421,2.4030281083765925,1.5109781870559047,1.898194520126421,0.0,0.0,0.0,6,0,0,,,,,0.05971956749453622,0.05971956749453622
49.420000076293945,1790848092.451,False,REJECTED,NO_YAW_CONSENSUS,2.522544754088888,1.4588630350317138,2.016004244636042,2.4030281083765925,1.510978187055905,1.898194520126421,2.4030281083765925,1.510978187055905,1.898194520126421,0.0,0.0,0.0,6,0,0,,,,,0.0599756946440817,0.0599756946440817
49.56500005722046,1790848092.596,False,REJECTED,NO_YAW_CONSENSUS,2.522544754088888,1.4588630350317138,2.016004244636042,2.4030281083765925,1.5109781870559051,1.898194520126421,2.4030281083765925,1.5109781870559051,1.898194520126421,0.0,0.0,0.0,7,0,0,,,,,0.06341906343212633,0.06341906343212633
49.700000047683716,1790848092.731,False,REJECTED,NO_YAW_CONSENSUS,2.522544754088888,1.4588630350317138,2.016004244636042,2.4030281083765925,1.5109781870559054,1.898194520126421,2.4030281083765925,1.5109781870559054,1.898194520126421,0.0,0.0,0.0,6,0,0,,,,,0.06178752361900153,0.06178752361900153
49.84500002861023,1790848092.876,False,REJECTED,NO_YAW_CONSENSUS,2.522544754088888,1.4588630350317138,2.016004244636042,2.4030281083765925,1.5109781870559056,1.898194520126421,2.4030281083765925,1.5109781870559056,1.898194520126421,0.0,0.0,0.0,5,0,0,,,,,0.02350598144285776,0.02350598144285776
49.980000019073486,1790848093.011,False,REJECTED,NO_YAW_CONSENSUS,2.522544754088888,1.4588630350317138,2.016004244636042,2.4030281083765925,1.5109781870559058,1.898194520126421,2.4030281083765925,1.5109781870559058,1.898194520126421,0.0,0.0,0.0,6,0,0,,,,,0.023565890149020663,0.023565890149020663
50.12000012397766,1790848093.151,False,REJECTED,NO_YAW_CONSENSUS,2.522544754088888,1.4588630350317138,2.016004244636042,2.4030281083765925,1.510978187055906,1.898194520126421,2.4030281083765925,1.510978187055906,1.898194520126421,0.0,0.0,0.0,6,0,0,,,,0.12175924195299492,0.01661163654675979,0.01661163654675979
50.25999999046326,1790848093.291,True,Y_ONLY,ACCEPTED,2.522544754088888,1.4588630350317138,2.016004244636042,2.4030281083765925,1.5109781870559063,1.898194520126421,2.4030281083765925,1.468526525998838,1.7934747650067613,0.0,-0.04245166105706821,-0.10471975511965978,5,5,2,0.05341919925728056,0.032209850071077684,0.010670129661858707,,0.054862194248214036,0.09224125666903094
50.40000009536743,1790848093.431,True,Y_ONLY,ACCEPTED,2.522544754088888,1.4588630350317138,2.016004244636042,2.4030281083765925,1.4685265259988383,1.7934747650067613,2.4030281083765925,1.4581585016199037,1.6887550098871016,0.0,-0.010368024378934582,-0.10471975511965978,5,5,2,0.03219226176004153,0.016020736996268825,0.012119391998758312,,0.09723560266172204,0.06750067122451542
50.540000200271606,1790848093.571,True,Y_ONLY,ACCEPTED,2.522544754088888,1.4588630350317138,2.016004244636042,2.4030281083765925,1.458158501619904,1.6887550098871016,2.4030281083765925,1.459632306184754,1.6276684860673,0.0,0.0014738045648501341,-0.06108652381980154,6,6,2,0.016202357268189527,0.0034933547206983384,0.008156411680515629,0.12191600405612046,0.021791765618065284,0.03916854917223955
50.6800000667572,1790848093.711,False,REJECTED,INSUFFICIENT_RESIDUAL_IMPROVEMENT,2.522544754088888,1.4588630350317138,2.016004244636042,2.4030281083765925,1.4596323061847543,1.6276684860673,2.4030281083765925,1.4596323061847543,1.6276684860673,0.0,0.0,0.0,6,6,2,0.003185915313318466,0.0071760259941879845,0.008645832148885027,,0.04692714924389252,0.04692714924389252
50.825000047683716,1790848093.856,True,Y_ONLY,ACCEPTED,2.522544754088888,1.4588630350317138,2.016004244636042,2.4030281083765925,1.4596323061847545,1.6276684860673,2.4030281083765925,1.4662455964719898,1.7236615949269882,0.0,0.0066132902872353405,0.09599310885968812,7,6,2,0.017507562351981365,0.012079847890570594,0.0027469285294201493,,0.02163201237881074,0.027779223929861097
50.96000003814697,1790848093.991,True,Y_ONLY,ACCEPTED,2.524720121734391,1.4599010228420966,2.016004244636042,2.4054103223464685,1.4666126110348239,1.7236615949269882,2.4054103223464685,1.4526732245587863,1.6233051629373143,0.0,-0.01393938647603754,-0.10035643198967395,6,6,2,0.021800816951104696,0.00763426436049941,0.0061850110782690065,,0.08196922061623169,0.04749661068302591
51.10000014305115,1790848094.131,False,REJECTED,AMBIGUOUS_JOINT_HYPOTHESIS,2.535898403300558,1.4650396902783147,2.0154240712080065,2.417704190786373,1.4531429910698057,1.6227249895092788,2.417704190786373,1.4531429910698057,1.6227249895092788,0.0,0.0,0.0,5,5,2,0.007381441094451491,0.007020623809208426,0.0008845585500779959,,0.04501663260747857,0.04501663260747857
51.24000000953674,1790848094.271,False,REJECTED,INSUFFICIENT_RESIDUAL_IMPROVEMENT,2.560687791541281,1.4763238521849302,2.02072121018628,2.4449248610152403,1.4540817091186806,1.6280221284875522,2.4449248610152403,1.4540817091186806,1.6280221284875522,0.0,0.0,0.0,8,7,2,0.00799142230045291,0.006476697826501621,0.004745360494430162,,0.07157250656310854,0.07157250656310854
51.38000011444092,1790848094.411,True,X_ONLY,ACCEPTED,2.595119042671098,1.4866370407558411,2.0270428393555453,2.4806818756137794,1.4504335835912923,1.6343437576568174,2.395984221793207,1.4504335835912923,1.647433727046775,-0.0846976538205726,0.0,0.013089969389957462,8,7,3,0.07810675527935595,5.893681965218889e-05,0.00410318195781682,,0.014207620974104551,0.014123037088319634
51.52000021934509,1790848094.551,False,REJECTED,INSUFFICIENT_RESIDUAL_IMPROVEMENT,2.6435162493142244,1.4835429035250283,2.03549240858698,2.4397894540921046,1.4296257744971053,1.6558832962782095,2.4397894540921046,1.4296257744971053,1.6558832962782095,0.0,0.0,0.0,5,5,2,0.0036127158451289,0.0061519592473525675,0.0034025101434950362,,0.03945995833742422,0.03945995833742422
51.66000008583069,1790848094.691,True,XY_YAW,ACCEPTED,2.683836163751855,1.4759641626746862,2.0425701475167046,2.4744306170037005,1.4076457234219428,1.6629610352079343,2.482023987777029,1.4590119351727449,1.6716876814679058,0.007593370773328334,0.05136621175080203,0.008726646259971646,6,6,5,0.03562057014461528,0.015335701940411783,0.007338131457062504,,0.031019620420958516,0.03552961343508865
51.80000019073486,1790848094.831,False,REJECTED,INSUFFICIENT_RESIDUAL_IMPROVEMENT,2.689524068229095,1.4738794094251617,2.01656152499127,2.4865695656314823,1.455007415797999,1.645679058942471,2.4865695656314823,1.455007415797999,1.645679058942471,0.0,0.0,0.0,11,11,5,0.01421690768190631,0.013492015167887228,0.007474988031661776,,0.020997850490379832,0.020997850490379832
51.94200015068054,1790848094.973,True,XY_YAW,ACCEPTED,2.6920904874292173,1.4699594675113419,1.9831785511946092,2.4875407524644433,1.4504238311468816,1.6122960851458104,2.527313897176284,1.4212946911518598,1.6908359014855552,0.03977314471184046,-0.02912913999502187,0.07853981633974483,6,5,4,0.025367085088843666,0.0033984626682098673,0.007582492671333797,,0.006951353644145175,0.02753137664043548
52.08500003814697,1790848095.116,True,XY_YAW,ACCEPTED,2.698288702379285,1.4541115219484004,1.9873466522745915,2.528681811531749,1.4043328499354908,1.6950040025655375,2.529461352532548,1.4357914507144918,1.633917478745736,0.0007795410007989112,0.03145860077900092,-0.06108652381980154,6,6,5,0.03930921278717214,0.014741916243204867,0.009511529522986801,,0.024722712104130462,0.018017873901741366
52.22000002861023,1790848095.251,True,XY_YAW,ACCEPTED,2.710511860192046,1.4256701994904073,1.9894144071385935,2.5310849864615412,1.4048774049918786,1.635985233609738,2.53215232202872,1.4230411522901865,1.6185319410897947,0.001067335567179084,0.01816374729830783,-0.017453292519943306,6,6,4,0.024425313442150376,0.017209832033921457,0.00621219744060535,,0.00521362498736111,0.01117505649496442
52.366000175476074,1790848095.397,True,X_ONLY,ACCEPTED,2.7270620359616276,1.3892422504618682,1.9924308146655085,2.5343743416993814,1.383091603894578,1.6215483486167097,2.5278061054759897,1.383091603894578,1.6259116717466955,-0.006568236223391644,0.0,0.004363323129985816,6,6,3,0.00941256038308902,0.0021048299416488447,0.003685643878858858,,0.027806383333177642,0.025075563802496648
52.50100016593933,1790848095.532,True,XY_YAW,ACCEPTED,2.743567225625923,1.3581325092929843,1.9954232914381451,2.5320662933286218,1.3481332274890638,1.628904148519332,2.5375880205585184,1.3699808307850427,1.628904148519332,0.0055217272298965225,0.021847603295978957,0.0,5,5,4,0.012450593790083009,0.006643036368364108,0.0068397746569257185,,0.010977482655023074,0.016499209884919708
52.640000104904175,1790848095.671,True,X_ONLY,ACCEPTED,2.7485162931767704,1.3475673418525391,1.9773767948737828,2.5384221557611664,1.3583438100696197,1.61085765195497,2.5410907474920883,1.3583438100696197,1.6457642369948566,0.00266859173092171,0.0,0.034906585039886584,6,6,3,0.0178741242561391,0.006339430385305711,0.007805103981244239,,0.026316845876909245,0.03322869452141225
52.78000020980835,1790848095.811,False,REJECTED,INSUFFICIENT_RESIDUAL_IMPROVEMENT,2.7511340298484566,1.3396452236983254,1.9753919874509993,2.5409866767543363,1.350001048499662,1.643779429572073,2.5409866767543363,1.350001048499662,1.643779429572073,0.0,0.0,0.0,6,6,3,0.007311213541814521,0.006053511884723584,0.009001513143449184,,0.04722286911223317,0.04722286911223317
52.920000076293945,1790848095.951,True,XY_YAW,ACCEPTED,2.7604928917013125,1.3181173540603346,1.9771534649513443,2.542826865695245,1.3265991004826072,1.6455409070724178,2.5430881299247234,1.2882664629315561,1.641177583942432,0.00026126422947836403,-0.03833263755105115,-0.00436332312998583,6,6,5,0.008435348527510822,0.004148373648831694,0.005428298876209332,,0.0313797628619461,0.02959795643111085
53.06000018119812,1790848096.091,True,X_ONLY,ACCEPTED,2.7747449249886555,1.287472837924407,1.9768271544729523,2.5464401077709566,1.2546365496615663,1.6408512734640401,2.5485498642347704,1.2546365496615663,1.6321246272040684,0.002109756463813728,0.0,-0.00872664625997166,5,5,3,0.006629310779721287,0.0013690724683366184,0.01768742897103468,,0.03557402604258347,0.035882530423054504
53.2020001411438,1790848096.233,True,X_ONLY,ACCEPTED,2.790971964641935,1.2503952900402655,1.9539712745962017,2.5512932414624307,1.2142566629059472,1.6092687473273177,2.5527352304346396,1.2142566629059472,1.6310853629772468,0.0014419889722088186,0.0,0.021816615649929122,6,6,3,0.014263479881229113,0.0009667858007560426,0.0057608988395569044,,0.020559059114618528,0.023888832795688986
53.34500002861023,1790848096.376,True,XY_YAW,ACCEPTED,2.8083040438930236,1.2091890396441018,1.9136033588900485,2.5560967160586583,1.1696802514613627,1.5907174472710937,2.55514219622526,1.2182249817920738,1.6168973860510085,-0.0009545198333982263,0.04854473033071122,0.026179938779914924,5,5,4,0.029365951752729602,0.007327263796740036,0.0036925204376161563,,0.0318608209696869,0.02403827250080348
53.480000019073486,1790848096.511,False,REJECTED,INSUFFICIENT_RESIDUAL_IMPROVEMENT,2.81786036603597,1.1829764164706709,1.9026869000888318,2.556617123217604,1.1903637273892418,1.6059809272497918,2.556617123217604,1.1903637273892418,1.6059809272497918,0.0,0.0,0.0,5,5,3,0.0017094083965525364,8.038673583588007e-05,0.01734617672378947,,0.031023403047427234,0.031023403047427234
53.62000012397766,1790848096.651,True,XY_YAW,ACCEPTED,2.8256713805999496,1.1772270322249403,1.9044274244267836,2.5624058763210042,1.182581844247506,1.6077214515877436,2.5590553222563415,1.1231623502877284,1.572814866547857,-0.0033505540646625587,-0.059419493959777525,-0.0349065850398866,5,5,4,0.034393906103373784,0.001137362276526166,,,0.04063828652542956,0.023183104524951315
53.75999999046326,1790848096.791,True,X_ONLY,ACCEPTED,2.8545302914776194,1.1628619276655485,1.9019951412571707,2.5816651379827578,1.100184334732311,1.570382583378244,2.5437784970275517,1.100184334732311,1.5442026445983292,-0.03788664095520611,0.0,-0.026179938779914952,5,5,3,0.0181914605589788,0.0001463277390154616,0.0031495890999968627,,0.03149552028165137,0.008911186923614478
53.90000009536743,1790848096.931,True,X_ONLY,ACCEPTED,2.8930812113553115,1.1420417152553906,1.9028243108302059,2.572596679481502,1.0671818040979608,1.5450318141713644,2.570650685715135,1.0671818040979608,1.575575076081265,-0.0019459937663670601,0.0,0.030543261909900754,5,5,3,0.021317932322918676,0.0010103679970678847,0.0036981265553516184,,0.01865002382999803,0.020347523801255152
54.040000200271606,1790848097.071,True,XY_YAW,ACCEPTED,2.9248317969119793,1.111794399274758,1.9027021642666706,2.590993590732185,1.0283338180151433,1.5754529295177297,2.6205010271430735,1.068092006237145,1.592906222037673,0.029507436410888488,0.03975818822200172,0.017453292519943292,7,7,4,0.027385190274610283,0.01138050345479602,0.0024750711820186386,,0.05107457863748088,0.04589711878887881
54.1800000667572,1790848097.211,True,XY_YAW,ACCEPTED,2.9491833035002113,1.076110200444628,1.8970372277532528,2.6328144614699673,1.0266826201713959,1.587241285524255,2.602707867021352,1.0475657065788297,1.5479713773543826,-0.030106594448614965,0.020883086407433776,-0.03926990816987243,5,5,4,0.011785142753075073,0.004262544576866173,0.00740304059238894,,0.034644593002666424,0.027016464686113517
54.32000017166138,1790848097.351,False,REJECTED,AMBIGUOUS_JOINT_HYPOTHESIS,2.968706313381955,1.0371073821724803,1.890628729096764,2.607713745847212,1.0042377834207366,1.541562878697894,2.607713745847212,1.0042377834207366,1.541562878697894,0.0,0.0,0.0,6,6,5,0.006249328191472614,0.0019140854254540152,0.0003948058059885205,,,
54.46000003814697,1790848097.491,True,XY_YAW,ACCEPTED,2.9837817120555004,0.9951969993138156,1.8890891959504492,2.6075457915839944,0.95969881589912,1.540023345551579,2.6511130449086506,0.9609054965426604,1.5749299305914657,0.043567253324656496,0.0012066806435404587,0.034906585039886584,5,5,5,0.0056726140724686624,0.003248024772330549,0.007027193617643368,,0.007887952980411894,0.023124464665466915
54.61199998855591,1790848097.643,True,XY_YAW,ACCEPTED,2.9971000325031114,0.9472310024841263,1.8933598173944493,2.648957212183949,0.9111715353423486,1.5792005520354657,2.6512273812073714,0.907396064192632,1.570473905775494,0.0022701690234225858,-0.0037754711497166304,-0.00872664625997166,5,5,4,0.00949449624750226,0.0043726367362103,0.00533656994041078,,0.02057086429782684,0.02321317646175647
54.74000000953674,1790848097.771,True,XY_YAW,ACCEPTED,3.0046391234068484,0.903219674732504,1.9022288524094553,2.6444118802199745,0.8632668923399184,1.5793429407905,2.651068168742378,0.8521465178033716,1.5618896482705567,0.0066562885224031865,-0.01112037453654674,-0.017453292519943306,5,5,4,0.010896382190498544,0.0027790663969921303,0.0055411867875802216,,0.016114552033291485,0.02359023808780547
54.88700008392334,1790848097.918,False,REJECTED,INSUFFICIENT_RESIDUAL_IMPROVEMENT,3.007945194695375,0.8481203907335372,1.9099696051103017,2.6357920897737266,0.799104057303248,1.5696304009714033,2.6357920897737266,0.799104057303248,1.5696304009714033,0.0,0.0,0.0,6,6,2,0.00833412583062601,0.008746596728338052,0.00779197816298903,,0.013605888697233448,0.013605888697233448
55.021000146865845,1790848098.052,True,XY_YAW,ACCEPTED,3.001800899611183,0.7968044207298747,1.9141119916075922,2.6128705995183967,0.7527825026664132,1.5737727874686935,2.626386132000242,0.7967660021704174,1.582499433728665,0.013515532481845005,0.04398349950400415,0.008726646259971646,5,5,4,0.02898015704045598,0.003373923845247595,0.0018623409002807498,,0.022973772139017523,0.03845851109290943
55.16000008583069,1790848098.191,True,Y_ONLY,ACCEPTED,2.9812155024204667,0.7481386300145073,1.9232678337299354,2.591078224901929,0.7574535428249575,1.5916552758510083,2.591078224901929,0.7372814902469063,1.574201983331065,0.0,-0.02017205257805124,-0.017453292519943306,5,5,2,0.015701282069483014,0.00220084123102246,0.004123856409143787,,0.03840130370743533,0.028607332925197015
55.30000019073486,1790848098.331,True,Y_ONLY,ACCEPTED,2.9676603179322485,0.7225942432830009,1.9349476685091689,2.5696038232538827,0.7179137646742749,1.5858818181102985,2.5696038232538827,0.685634117449793,1.5640652024603694,0.0,-0.032279647224481955,-0.021816615649929122,6,5,3,0.028572669703157916,0.0023909030275933163,0.005651842016667994,,0.026310936853616962,0.01830569247762437
55.44000005722046,1790848098.471,True,Y_ONLY,ACCEPTED,2.9644496687192827,0.7178163015030706,1.9400895738669677,2.5648797650761406,0.6823446995142872,1.5692071078181682,2.5648797650761406,0.6590297770405724,1.5692071078181682,0.0,-0.023314922473714805,0.0,7,7,3,0.023314922473714805,0.00396337047505696,0.003698602083511953,,0.048882736005995464,0.048882736005995464
55.580000162124634,1790848098.611,True,XY_YAW,ACCEPTED,2.948755513473202,0.7102938865935126,1.9528567465688451,2.547526279582071,0.6577069859887633,1.5819742805200456,2.542791789441409,0.6056977460188107,1.6081542192999605,-0.004734490140661851,-0.05200923996995266,0.026179938779914924,7,7,6,0.03129800392416249,0.008507812878725485,0.0063596376893544256,,0.04014861418599058,0.0373660223593395
55.72000002861023,1790848098.751,False,REJECTED,INSUFFICIENT_RESIDUAL_IMPROVEMENT,2.9212736523004166,0.700188500093272,1.9623838256233674,2.513511741810662,0.6054733789520197,1.6176812983544826,2.513511741810662,0.6054733789520197,1.6176812983544826,0.0,0.0,0.0,7,7,3,0.0022571761596497097,0.0017818439928369845,0.012101979790369902,,0.024573878963815687,0.024573878963815687
55.878000020980835,1790848098.909,True,XY_YAW,ACCEPTED,2.880633965741983,0.6899365801563034,1.9736819772487366,2.471798348415994,0.6095573472995263,1.6289794499798518,2.487556132835739,0.6048129631123964,1.6333427731098376,0.015757784419744847,-0.0047443841871298575,0.004363323129985816,7,7,5,0.012381973971247184,3.598558859008172e-05,0.014337260392153836,,0.017096970342099227,0.018128106918459008
56.0,1790848099.031,False,REJECTED,INSUFFICIENT_RESIDUAL_IMPROVEMENT,2.8427489851774173,0.6867137868169403,1.9760332136022296,2.4507683877437865,0.6144212907678875,1.6356940094633305,2.4507683877437865,0.6144212907678875,1.6356940094633305,0.0,0.0,0.0,8,8,5,0.009114907190753474,0.008089118368366233,0.008790227993581723,,0.015770959533571438,0.015770959533571438
56.140000104904175,1790848099.171,True,Y_ONLY,ACCEPTED,2.7941705267355017,0.6886226053327815,1.9798348920123603,2.4056134939567597,0.6324364449387985,1.6394956878734612,2.4056134939567597,0.6737435289861047,1.6133157490935464,0.0,0.04130708404730615,-0.026179938779914952,7,7,3,0.035418798582322775,0.00686222351202459,0.00816563909220342,,0.03080036347370052,0.05536413325588185
56.28000020980835,1790848099.311,False,REJECTED,INSUFFICIENT_RESIDUAL_IMPROVEMENT,2.743676466809271,0.691503953665018,1.9793005145957208,2.3595058108490043,0.694528952110982,1.6127813716769068,2.3595058108490043,0.694528952110982,1.6127813716769068,0.0,0.0,0.0,7,7,3,0.01003277845602385,0.013779910673738627,0.001211873482033627,,0.05276425857263145,0.05276425857263145
56.420000076293945,1790848099.451,False,REJECTED,INSUFFICIENT_INDEPENDENT_WALLS,2.699740201298921,0.6790269253452069,1.9724605709109666,2.3140164062997672,0.6986259920723776,1.6059414279921527,2.3140164062997672,0.6986259920723776,1.6059414279921527,0.0,0.0,0.0,7,0,0,,,,,0.03777213690731274,0.03777213690731274
56.56000018119812,1790848099.591,True,Y_ONLY,ACCEPTED,2.6745609965073402,0.6587798527439958,1.9562003808121042,2.2832536916591923,0.688747141390359,1.5896812378932903,2.2832536916591923,0.7247742537805413,1.5547746528534037,0.0,0.03602711239018236,-0.0349065850398866,6,6,3,0.03951383837339606,0.00040761145996015546,,,0.028423665174674956,0.011336038097053469
56.700000047683716,1790848099.731,True,Y_ONLY,ACCEPTED,2.6717661753578366,0.6531129891185533,1.9527651507140114,2.278466825207179,0.7206499019311395,1.5513394227553108,2.278466825207179,0.6544160651250946,1.5295228071053817,0.0,-0.06623383680604489,-0.021816615649929122,6,6,3,0.07377308818875727,0.0013072965556351068,0.006571408482713176,,0.012154386774200943,0.043429678750385836
56.84000015258789,1790848099.871,True,Y_ONLY,ACCEPTED,2.6717661753578366,0.6531129891185533,1.9527651507140114,2.278466825207179,0.6544160651250946,1.5295228071053817,2.278466825207179,0.7162183372710123,1.5382494533653532,0.0,0.06180227214591755,0.008726646259971646,6,6,3,0.06112664489650044,0.0018754639885973368,0.004598461531955228,,0.02455365131397591,0.02233724858418873
56.980000019073486,1790848100.011,True,XY_YAW,ACCEPTED,2.6717661753578366,0.6531129891185533,1.9527651507140114,2.278466825207179,0.7162183372710123,1.5382494533653532,2.2449909167772404,0.7150091265228854,1.5251594839753957,-0.03347590842993836,-0.001209210748126896,-0.013089969389957476,7,7,4,0.015723113803878197,0.003094831071702331,0.004167459783382373,,0.057612646034212345,0.04460474141848447
57.125,1790848100.156,True,X_ONLY,ACCEPTED,2.6717661753578366,0.6531129891185533,1.9527651507140114,2.2449909167772404,0.7150091265228854,1.5251594839753957,2.245899355406728,0.7150091265228854,1.542612776495339,0.0009084386294877511,0.0,0.017453292519943292,7,7,3,0.004218877121829667,0.0004624272056763523,0.0013003959701092752,,0.041804219415652766,0.038883844935565404
57.25999999046326,1790848100.291,False,REJECTED,INSUFFICIENT_RESIDUAL_IMPROVEMENT,2.6717661753578366,0.6531129891185533,1.9527651507140114,2.245899355406728,0.7150091265228854,1.542612776495339,2.245899355406728,0.7150091265228854,1.542612776495339,0.0,0.0,0.0,7,7,3,0.0027087333763504695,0.005283602170668367,0.0035242668390105016,,0.03887359038160315,0.03887359038160315
57.40500020980835,1790848100.436,False,REJECTED,INSUFFICIENT_RESIDUAL_IMPROVEMENT,2.669226042251214,0.6521416441214866,1.9535802456515776,2.2431825778378354,0.7151312205188342,1.5434278714329053,2.2431825778378354,0.7151312205188342,1.5434278714329053,0.0,0.0,0.0,8,8,5,0.004281522168436247,0.0030411033279693633,0.006452025819753265,,0.03809318021098679,0.03809318021098679
57.540000200271606,1790848100.571,True,Y_ONLY,ACCEPTED,2.6532754410212354,0.6458789169487583,1.9627044760238987,2.226057661658326,0.7157482108612097,1.5525521018052264,2.226057661658326,0.7125582116214494,1.5307354861552973,0.0,-0.003189999239760294,-0.021816615649929122,7,7,3,0.011015666781918565,0.00366458902722272,0.007456898699091854,,0.02435891843971061,0.022644485746921905
57.6800000667572,1790848100.711,True,XY_YAW,ACCEPTED,2.6388137636702247,0.6396514007370545,1.972643768547136,2.210317177787243,0.7129572573280307,1.5406747786785346,2.239487498432504,0.7148156347266283,1.5232214861585913,0.029170320645260983,0.0018583773985976493,-0.017453292519943306,7,7,4,0.008163550903322547,0.004544026231258574,,,0.04550587828871905,0.04575207309618434
57.82000017166138,1790848100.851,True,XY_YAW,ACCEPTED,2.637998977708076,0.6395141852606679,1.9757736639705532,2.2386940095380132,0.7150460248856941,1.5263513815820084,2.217034339846862,0.6821165426180992,1.5088980890620651,-0.021659669691151073,-0.03292948226759497,-0.017453292519943306,7,7,5,0.016327807785720516,0.014144330973971275,0.005676562356962216,,0.04558651042176848,0.04848775182290324
57.96000003814697,1790848100.991,True,XY_YAW,ACCEPTED,2.638139523560162,0.6398657630920478,1.9773767782006018,2.2173180889671658,0.6823672347495732,1.5105012032921137,2.215516702767669,0.6850320844705938,1.527954495812057,-0.0018013861994967684,0.002664849721020629,0.017453292519943292,7,7,5,0.014102621487206868,0.005347124330087882,0.008878841063103042,,0.046923831881831524,0.044462173761059376
58.1010000705719,1790848101.132,False,REJECTED,INSUFFICIENT_RESIDUAL_IMPROVEMENT,2.635543877553876,0.6448110188206616,1.9748117959553495,2.215327251877851,0.6906139336956879,1.5253895135668045,2.215327251877851,0.6906139336956879,1.5253895135668045,0.0,0.0,0.0,7,7,3,0.004445077281723275,0.010059763506815589,0.003739818608031246,,0.043846738598813606,0.043846738598813606
58.24000000953674,1790848101.271,True,XY_YAW,ACCEPTED,2.62829964524908,0.6612681326166989,1.9778299522779632,2.2159520996349307,0.7085840494844644,1.5284076698894182,2.2160025894872057,0.68622741536571,1.532770993019404,5.0489852275070746e-05,-0.022356634118754465,0.004363323129985816,8,8,5,0.013872524131983255,0.008814508625478723,0.0018589253130746504,,0.04243276550897068,0.041652358071166184
58.39300012588501,1790848101.424,True,X_ONLY,ACCEPTED,2.614384904068025,0.6916640070894186,1.98494958774004,2.216529110119346,0.719652734857392,1.5398906284814808,2.2211130823632983,0.719652734857392,1.535527305351495,0.004583972243952239,0.0,-0.00436332312998583,7,7,3,0.0059329556624909685,0.00011927246633058886,0.012084188420118405,,0.041666649344103135,0.04236611984973726
58.52000021934509,1790848101.551,True,X_ONLY,ACCEPTED,2.600109469771936,0.7240136798673765,1.9927056123344504,2.222309385744214,0.7549919228984849,1.5432833299459054,2.2248429925490165,0.7549919228984849,1.5476466530758912,0.002533606804802524,0.0,0.004363323129985816,7,7,3,0.006992750690439475,0.0024859508805770147,0.015406189604348043,,0.05370828415783632,0.05301681052321311
58.66000008583069,1790848101.691,True,XY_YAW,ACCEPTED,2.5882416694888764,0.7501234685111279,2.003360018150522,2.2253718444023787,0.7836674536223815,1.5583010588919628,2.2121214620791054,0.7534021753019383,1.5670277051519343,-0.013250382323273024,-0.030265278320443206,0.008726646259971646,7,7,4,0.02154262625050704,0.011320496497706278,0.00268260885976768,,0.010306361128803121,0.006510362497562205
58.80000019073486,1790848101.831,True,XY_YAW,ACCEPTED,2.587095438243015,0.7526983909520032,2.0031226826189004,2.2121708330213163,0.7562202658177986,1.5667903696203125,2.2122219962371283,0.8159839612890072,1.5711536927502983,5.116321581200012e-05,0.05976369547120858,0.004363323129985816,7,7,5,0.016380767580039368,0.0077440046093979475,0.006600174760891982,,0.00912434778320148,0.010016112228805163
58.94099998474121,1790848101.972,True,XY_YAW,ACCEPTED,2.5862385032495143,0.7547131929328229,2.0035151838226417,2.2122872930408493,0.8181724541339634,1.57154619395404,2.2098136540403024,0.8266183948546135,1.5802728402140116,-0.00247363900054709,0.00844594072065008,0.008726646259971646,8,8,5,0.012136781632094251,0.0013929077843291005,0.002082344668848154,,0.007429055021649367,0.006610735749047247
59.080000162124634,1790848102.111,False,REJECTED,AMBIGUOUS_JOINT_HYPOTHESIS,2.5790205607510295,0.770679747426288,2.0069046321171244,2.2097903729792083,0.8441406382696675,1.5836622885084939,2.2097903729792083,0.8441406382696675,1.5836622885084939,0.0,0.0,0.0,8,8,5,0.016030636379353425,0.003640968515403742,0.0008577787624488263,,0.006729513207906823,0.006729513207906823
59.22000002861023,1790848102.251,True,Y_ONLY,ACCEPTED,2.5662998085588375,0.7974389292971699,2.0133170815057366,2.2091825744395015,0.8737632973614715,1.590074737897106,2.2091825744395015,0.8374789367534288,1.5377148603372761,0.0,-0.03628436060804269,-0.05235987755982989,8,8,3,0.02921304685847842,0.00397283926245684,0.01434027940718973,,0.013511711488506162,0.0031950570453652682
59.360000133514404,1790848102.391,True,X_ONLY,ACCEPTED,2.549724387441453,0.8316966286419613,2.020981509738974,2.2101324478607016,0.8755240716605419,1.5453792885705138,2.211553407522268,0.8755240716605419,1.5933758430003577,0.001420959661565968,0.0,0.047996554429844046,7,7,2,0.02476978448935463,0.0004288127991860513,0.001743790853464773,,0.000915484243692144,0.01022071379562961
59.5,1790848102.531,False,REJECTED,AMBIGUOUS_JOINT_HYPOTHESIS,2.535454463822444,0.8603524252330818,2.028169841520915,2.2104516948998727,0.9075173776426013,1.6005641747822987,2.2104516948998727,0.9075173776426013,1.6005641747822987,0.0,0.0,0.0,7,7,4,0.005660711080078817,0.0038053995268630403,0.00011803289452069765,,0.0026688786434529987,0.0026688786434529987
59.64500021934509,1790848102.676,True,XY_YAW,ACCEPTED,2.5319702136763995,0.8671420353084461,2.028966540618538,2.210096767627451,0.9151405548468247,1.6013608738799219,2.2025770997382086,0.9348595985268403,1.6100875201398934,-0.007519667889242632,0.019719043680015647,0.008726646259971646,6,6,4,0.0066556843144167654,0.0031390690116396835,0.009552317042978223,,0.006149799101924813,0.007739683777000961
59.78000020980835,1790848102.811,False,REJECTED,INSUFFICIENT_RESIDUAL_IMPROVEMENT,2.5298251671755887,0.8732487240956853,2.0294386901421024,2.2031013163485906,0.9413108053426413,1.6105596696634576,2.2031013163485906,0.9413108053426413,1.6105596696634576,0.0,0.0,0.0,7,7,4,0.0026697939367121837,0.010442402168406001,0.004929649110420389,,0.005389168267767586,0.005389168267767586
59.92200016975403,1790848102.953,True,Y_ONLY,ACCEPTED,2.521250888359364,0.892068673252539,2.03192848367971,2.2029230858263835,0.9619911577904573,1.6130494632010648,2.2029230858263835,0.9519072679403086,1.5955961706811215,0.0,-0.010083889850148783,-0.017453292519943306,6,6,2,0.0177766064352593,0.003931542988426989,0.01089711464715271,,0.006889728794318817,0.006822524001933283
60.06000018119812,1790848103.091,False,REJECTED,INSUFFICIENT_RESIDUAL_IMPROVEMENT,2.510819381108333,0.9119303752344686,2.0371347925847685,2.2018628475410593,0.9743166285720991,1.60080247958618,2.2018628475410593,0.9743166285720991,1.60080247958618,0.0,0.0,0.0,6,6,4,0.008021364208511406,0.008737458236934448,0.006486530511761823,,0.005298652315500196,0.005298652315500196
60.200000047683716,1790848103.231,True,XY_YAW,ACCEPTED,2.5084759777925743,0.9165178311712773,2.0365851541807194,2.2016777455216463,0.9794646406461798,1.600252841182131,2.211409422419657,1.004040436824186,1.578436225532202,0.0097316768980108,0.024575796178006204,-0.021816615649929122,6,6,4,0.015541033497944307,0.008108757708964576,0.006889429589362749,,0.012611309742547566,0.004941172889765033
60.34000015258789,1790848103.371,True,XY_YAW,ACCEPTED,2.500788863852317,0.9182535001550184,2.0413181646849683,2.205282726227057,1.0089970345802275,1.5831692360364509,2.2147160392199705,1.0056645195518596,1.574442589776479,0.009433312992913612,-0.003332515028367844,-0.00872664625997166,6,6,4,0.010353760754015146,0.007826423998299581,0.002864313123260718,,0.0030693689531506863,0.009354866955195829
60.480000019073486,1790848103.511,True,XY_YAW,ACCEPTED,2.4742339324663227,0.9262573392458632,2.0456694747742654,2.1946055601456536,1.024764112545127,1.5787938998657762,2.2080281168427955,1.013942049886616,1.5744305767357905,0.013422556697142152,-0.010822062658510906,-0.00436332312998583,6,6,4,0.011853767649602248,0.00451382673714551,0.0074751842272678115,,0.00623343769111484,0.004941205199391729
60.62000012397766,1790848103.651,True,X_ONLY,ACCEPTED,2.451478882453273,0.93282110592267,2.0479596370307296,2.1907331065367135,1.0301209853459241,1.5767207389922546,2.179547807613601,1.0301209853459241,1.5723574158622688,-0.011185298923112819,0.0,-0.00436332312998583,5,5,2,0.012629986985899455,0.00767544491182115,0.004719484559323613,,0.007093097017821515,0.013797916406955213
60.76100015640259,1790848103.792,True,XY_YAW,ACCEPTED,2.4479455865713313,0.9342158452504615,2.0491352475996187,2.1770452617651967,1.0329787365349659,1.5735330264311582,2.178663830937644,1.0447729511328003,1.5822596726911298,0.0016185691724470708,0.01179421459783453,0.008726646259971646,6,6,5,0.009158643894274565,0.006144342580053586,0.0031056672253002918,,0.027456877985481243,0.025459024209946834
60.90500020980835,1790848103.936,True,XY_YAW,ACCEPTED,2.4454478788422485,0.9327573323041406,2.0512269276742554,2.1757769561254054,1.0445947441380707,1.5843513527657664,2.162519270092063,1.0457116385495426,1.5625347371158373,-0.01325768603334243,0.0011168944114718915,-0.021816615649929122,6,6,5,0.011504023340241698,5.9866828831078855e-05,0.013566720687780844,,0.024519648456387655,0.0295848591136183
61.040000200271606,1790848104.071,True,XY_YAW,ACCEPTED,2.4293547837129603,0.9241648114945681,2.058631790788993,2.144275966313268,1.0456801435045486,1.5699396002305748,2.1615041446075045,1.048709166493462,1.5786662464905463,0.017228178294236507,0.0030290229889133324,0.008726646259971646,6,6,5,0.010160264293195054,0.002478476521061812,0.009153730153061531,,0.02368557263218718,0.026071508831920054
61.1800000667572,1790848104.211,True,XY_YAW,ACCEPTED,2.406510976482185,0.9121205117027523,2.0650442457623788,2.135680001396514,1.0485738384098946,1.5850787014639323,2.144498696409966,1.0397332096595553,1.6548918715437053,0.008818695013452338,-0.008840628750339308,0.06981317007977317,6,6,5,0.008727388100347788,0.006286738189167362,0.008818870516379296,,0.030958640634338952,0.046039207489505185
61.32000017166138,1790848104.351,True,X_ONLY,ACCEPTED,2.403154229608413,0.9103426669322451,2.067487084580106,2.1407114439252792,1.0394413188926033,1.6573347103614324,2.123693016799154,1.0394413188926033,1.596248186541631,-0.017018427126125335,0.0,-0.06108652381980154,5,5,3,0.01795180324537249,0.00027064167961565744,0.010778958474334745,,0.02898650452808796,0.028500605022383663
61.46000003814697,1790848104.491,True,X_ONLY,ACCEPTED,2.403127619527784,0.910252784361432,2.0670901228142453,2.123628501210463,1.0393733136594006,1.5958512247757703,2.1112680820715592,1.0393733136594006,1.608941194165728,-0.012360419138903733,0.0,0.013089969389957462,5,5,3,0.011998488555365228,0.0008751720754314185,0.006361907854224871,,0.030418702681079324,0.02737470734884878
61.60000014305115,1790848104.631,True,XY_YAW,ACCEPTED,2.398217426032076,0.9075938767804307,2.0693192173209076,2.1056882586181933,1.0391603349776841,1.61117028867239,2.110559865133962,1.032924515354599,1.6460768737122766,0.004871606515769011,-0.006235819623085059,0.034906585039886584,5,5,5,0.007662018940688853,0.0019582777043698485,0.0016736262594284484,,0.022132593200258288,0.034474518052982406
61.74000000953674,1790848104.771,True,XY_YAW,ACCEPTED,2.3827447355147306,0.8987931434686779,2.074145609516338,2.092837826120271,1.0312552664614256,1.6509032659077072,2.1079291800941404,1.0335005645059159,1.6421766196477354,0.015091353973869404,0.0022452980444903625,-0.00872664625997166,5,5,5,0.01340675038002681,0.0033529473850784086,0.0032936525531348446,,0.027263545000787426,0.03187779007186353
61.88000011444092,1790848104.911,True,X_ONLY,ACCEPTED,2.3699982860876334,0.8917239020700428,2.0805518217091885,2.093393972307874,1.0324171063573067,1.648582831840586,2.1093757558960586,1.0324171063573067,1.5918596311507702,0.015981783588184584,0.0,-0.05672320068981572,5,5,3,0.014561451693663852,0.002431288949362731,0.017149802388052568,,0.0215535588996702,0.03011903629887311
62.0220000743866,1790848105.053,True,XY_YAW,ACCEPTED,2.3685470129749158,0.8907767300911872,2.08203725135166,2.107649687485463,1.0322621345948095,1.5933450607932418,2.0904015136727296,0.9902484887619761,1.6020717070532133,-0.01724817381273347,-0.0420136458328334,0.008726646259971646,6,6,5,0.03428539173701495,0.006736802607316239,0.0013280491261600125,,,
62.165000200271606,1790848105.196,True,X_ONLY,ACCEPTED,2.368342161116503,0.8908342224095055,2.0811364516349538,2.090246354853376,0.9903940751326896,1.601170907336507,2.079880372523286,0.9903940751326896,1.6186241998564503,-0.010365982330089896,0.0,0.017453292519943292,5,5,3,0.009994487439832334,0.0025417545848651635,0.012045111963049653,,0.03650219473505531,0.03396054867064796
62.30000019073486,1790848105.331,False,REJECTED,INSUFFICIENT_RESIDUAL_IMPROVEMENT,2.3635894197942493,0.888331384322591,2.083609834932737,2.074510220121246,0.9902748621114494,1.6210975831542336,2.074510220121246,0.9902748621114494,1.6210975831542336,0.0,0.0,0.0,5,5,2,0.006237956279402157,0.011195615332346365,0.0026335527015902555,,0.03248835819900531,0.03248835819900531
62.44200015068054,1790848105.473,True,X_ONLY,ACCEPTED,2.346704575870268,0.8791611568478149,2.088388638702539,2.0553076576584237,0.9896020908741465,1.6258763869240356,2.080620433649821,0.9896020908741465,1.6040597712741065,0.025312775991397363,0.0,-0.021816615649929122,5,5,3,0.009067114254109665,0.0006422702109980527,0.014958370990278393,,0.03924773448192412,0.04248993691080888
62.580000162124634,1790848105.611,False,REJECTED,AMBIGUOUS_JOINT_HYPOTHESIS,2.320253370722709,0.8640385377055394,2.096816447921098,2.050170133040243,0.9885348250839722,1.6124875804926655,2.050170133040243,0.9885348250839722,1.6124875804926655,0.0,0.0,0.0,5,4,3,0.015607242516973763,0.0005316050875139311,0.0005845581134548642,,0.04236422325015696,0.04236422325015696
62.72000002861023,1790848105.751,True,XY_YAW,ACCEPTED,2.288224621460003,0.8450946613452659,2.1061065289619383,2.0130045419947575,0.9866827794240699,1.6217776615335058,2.0581601405140417,0.9885187897650917,1.5999610458835767,0.04515559851928419,0.0018360103410217654,-0.021816615649929122,6,6,4,0.021440534875425188,0.006428795192258807,0.001615556359601398,,0.044657392373024185,0.07702856886224416
62.860000133514404,1790848105.891,False,REJECTED,INSUFFICIENT_RESIDUAL_IMPROVEMENT,2.2532639875143863,0.8241009375590505,2.1092138656104016,2.0174049218347667,0.9871065168821722,1.60306838253204,2.0174049218347667,0.9871065168821722,1.60306838253204,0.0,0.0,0.0,5,5,4,0.009968383544456172,0.009322105275772041,0.001674926546894077,,0.07642741283667692,0.07642741283667692
63.0,1790848106.031,True,XY_YAW,ACCEPTED,2.216341866682356,0.8013294050375599,2.1160556090960427,1.9740722492915197,0.9850902851563774,1.6099101260176811,1.9888130070342624,0.9861540447853354,1.662270003577511,0.01474075774274275,0.0010637596289579943,0.052359877559829876,6,6,5,0.016123469709774074,0.0025362138816955593,0.010605992117282387,,0.028029718397406755,0.06259343487187807
63.140000104904175,1790848106.171,False,REJECTED,AMBIGUOUS_JOINT_HYPOTHESIS,2.198512807795228,0.7901235833791,2.127362672427072,1.9678760461642621,0.983898063985342,1.6735770669085404,1.9678760461642621,0.983898063985342,1.6735770669085404,0.0,0.0,0.0,5,5,4,0.015679098867252383,0.004028121279784247,0.00044040432889865325,,0.0652176205592021,0.0652176205592021
63.28000020980835,1790848106.311,True,Y_ONLY,ACCEPTED,2.197631555638573,0.7899210586071947,2.134329340606671,1.9669952009560587,0.984102351444649,1.6805437350881394,1.9669952009560587,0.9756624679592443,1.6805437350881394,0.0,-0.008439883485404698,0.0,6,6,2,0.008439883485404698,0.0031409866855299784,0.00334912160171035,,,
63.426000118255615,1790848106.457,False,REJECTED,INSUFFICIENT_RESIDUAL_IMPROVEMENT,2.195881711959199,0.7909325576667132,2.1379300322170565,1.9658658638777806,0.977338678272206,1.6841444266985248,1.9658658638777806,0.977338678272206,1.6841444266985248,0.0,0.0,0.0,5,5,2,0.005667100052768603,0.005667100052768603,0.00343666038332357,,0.06132089768749838,0.06132089768749838
63.56000018119812,1790848106.591,True,XY_YAW,ACCEPTED,2.1714002329675806,0.8000436172304479,2.1507269106784546,1.9478560819449335,0.9962596183842161,1.696941305159923,1.8996772513966853,0.9789397017663594,1.6925779820299371,-0.04817883054824823,-0.0173199166178567,-0.00436332312998583,6,6,4,0.027937501808610543,0.008026212852614178,0.004769300690374774,,,
63.700000047683716,1790848106.731,True,XY_YAW,ACCEPTED,2.1341065508750936,0.811243831354322,2.157673738584304,1.8711832925315688,1.0054794423195217,1.6995248099357863,1.8684916737644215,0.988466542943057,1.6689815480258854,-0.002691618767147297,-0.017012899376464663,-0.030543261909900768,6,6,5,0.025176460326582717,0.0008503703354816317,0.0012397420509757846,,,
63.84000015258789,1790848106.871,True,XY_YAW,ACCEPTED,2.1110644448824964,0.8214883849545376,2.157673738584304,1.852956228332595,1.0083295603945044,1.6689815480258854,1.8419376499380338,1.0201631148454748,1.6646182248958996,-0.01101857839456144,0.011833554450970452,-0.00436332312998583,6,6,5,0.011942134150829009,0.00031573021616182473,,,,
63.98100018501282,1790848107.012,True,X_ONLY,ACCEPTED,2.1097287597698133,0.8222536460856222,2.157673738584304,1.8411232704369866,1.0214694323211546,1.6646182248958996,1.852840958360168,1.0214694323211546,1.6209849935960414,0.011717687923181286,0.0,-0.043633231299858244,5,5,4,0.0251817428269554,0.008509027213569054,0.008953192835546839,,,
64.12000012397766,1790848107.151,False,REJECTED,INSUFFICIENT_RESIDUAL_IMPROVEMENT,2.105967799081718,0.8289171924778935,2.158788277943617,1.8530157898305357,1.0291190800108407,1.6220995329553545,1.8530157898305357,1.0291190800108407,1.6220995329553545,0.0,0.0,0.0,6,6,6,0.013713218409538541,0.015791653741825895,0.003838906949864891,,,
64.26100015640259,1790848107.292,False,REJECTED,INSUFFICIENT_RESIDUAL_IMPROVEMENT,2.093300783554287,0.8485784195487123,2.165025656224742,1.8521823249367737,1.0524926220738942,1.6283369112364794,1.8521823249367737,1.0524926220738942,1.6283369112364794,0.0,0.0,0.0,6,6,6,0.012250849536723951,0.012277499577257323,0.0071135657902588675,,,
64.40000009536743,1790848107.431,True,XY_YAW,ACCEPTED,2.073875915043573,0.8761372556401081,2.1723155195118444,1.8495791107499555,1.0861086634718413,1.635626774523582,1.8352285590510173,1.081977839368334,1.635626774523582,-0.014350551698938174,-0.004130824103507402,0.0,5,5,4,0.014350551698938174,0.007051391659214645,0.005499004392025313,,0.036817139766419205,0.02246658806748092
64.5400002002716,1790848107.571,False,REJECTED,INSUFFICIENT_RESIDUAL_IMPROVEMENT,2.0601419639989875,0.8952575357082897,2.1773780844539323,1.8332015804707713,1.1054320048622497,1.6406893394656699,1.8332015804707713,1.1054320048622497,1.6406893394656699,0.0,0.0,0.0,5,5,4,0.008029061175424956,0.011347923630966539,0.002094548308762788,,0.023962779310146676,0.023962779310146676
64.69200015068054,1790848107.723,True,XY_YAW,ACCEPTED,2.0580625458529855,0.8978403077096795,2.177832667048409,1.8327350686511288,1.1087148478008044,1.6411439220601463,1.8835002924268371,1.1527946654133783,1.6062373370202596,0.05076522377570836,0.04407981761257379,-0.0349065850398866,6,6,5,0.023443633612157844,0.021250735162106515,0.0031598898576145965,,,
64.82000017166138,1790848107.851,False,REJECTED,INSUFFICIENT_RESIDUAL_IMPROVEMENT,2.050070230371775,0.9057816658562068,2.180666994453683,1.8810745153284814,1.1637972960729845,1.6090716644255338,1.8810745153284814,1.1637972960729845,1.6090716644255338,0.0,0.0,0.0,6,6,5,0.009962384909448119,0.018114585288541596,0.004906216164829717,,0.03540553167402227,0.03540553167402227
64.96200013160706,1790848107.993,True,XY_YAW,ACCEPTED,2.0319813079358866,0.924717772690415,2.192133068377391,1.8761049762418163,1.1895089459265864,1.620537738349242,1.8147473831063208,1.1619781186859104,1.6554443233891287,-0.06135759313549549,-0.027530827240675904,0.034906585039886584,5,5,4,0.05224699326878601,0.012020177861414516,0.002371374503470365,,0.03281997558147043,0.02182081953361359
65.10000014305115,1790848108.131,True,XY_YAW,ACCEPTED,2.0101037602818725,0.9512354001825423,2.1996001528538986,1.8095039579804242,1.1959533766262704,1.6629114078656362,1.8126495116843988,1.182630184563009,1.6367314690857213,0.003145553703974624,-0.013323192063261602,-0.026179938779914952,6,6,5,0.011159835234561655,0.006059364137987133,0.008039764097219392,,,
65.24000000953674,1790848108.271,False,REJECTED,AMBIGUOUS_JOINT_HYPOTHESIS,1.9962725979298659,0.9686249891570937,2.2087291507622626,1.8102314499794292,1.2047175527697997,1.6458604669940853,1.8102314499794292,1.2047175527697997,1.6458604669940853,0.0,0.0,0.0,6,6,6,0.014912273728240222,0.00928866693834518,0.0005208021479364347,,,
65.38000011444092,1790848108.411,True,X_ONLY,ACCEPTED,1.9950517782323138,0.9702717524218722,2.2087291507622626,1.8100777055782875,1.2067617133905126,1.6458604669940853,1.809703905751488,1.2067617133905126,1.7156736370738583,-0.0003737998267994147,0.0,0.06981317007977317,6,6,4,0.033371113587681744,0.005232149956182486,0.0025570785695849495,,,
65.52600002288818,1790848108.557,True,X_ONLY,ACCEPTED,1.9953398480619424,0.9702289891921432,2.2050296582993187,1.809937423118701,1.2065876945416232,1.7119741446109145,1.8227579345233278,1.2065876945416232,1.7512440527807869,0.0128205114046267,0.0,0.039269908169872414,6,6,3,0.011045119301428485,0.0012948415490829923,0.0032191978157937087,,,
65.66300010681152,1790848108.694,True,X_ONLY,ACCEPTED,1.996695674339351,0.9708106732274691,2.1902790026786474,1.8242315366069135,1.2065161535693267,1.7364933971601153,1.808033368229255,1.2065161535693267,1.7234034277701578,-0.016198168377658417,0.0,-0.013089969389957476,6,6,4,0.013849700424704237,0.005757101672630771,0.005139396736627439,,,
65.80000019073486,1790848108.831,True,X_ONLY,ACCEPTED,1.9978801116031126,0.9716436224178235,2.1478911120633426,1.8094659548976275,1.2067268462913188,1.681015537154853,1.8082219713966106,1.2067268462913188,1.7115587990647536,-0.0012439835010169542,0.0,0.030543261909900754,6,6,4,0.02030673825476037,0.002335885990641162,0.006789059049129164,,,
65.94500017166138,1790848108.976,True,XY_YAW,ACCEPTED,1.9987670516242741,0.972501266142686,2.0567372595405833,1.809388267944618,1.2071292984276532,1.6204049465419943,1.7976997338923837,1.2469824558995521,1.6727648241018243,-0.011688534052234356,0.03985315747189899,0.052359877559829876,6,6,5,0.027654681764609723,0.0025041671978471847,0.0031498206676362182,,,
66.08000016212463,1790848109.111,True,X_ONLY,ACCEPTED,1.9981153888357759,0.9735162395299963,1.9842614480210783,1.7974757383992943,1.2481676400143364,1.6002890125823193,1.7887492264663434,1.2481676400143364,1.5741090738024044,-0.008726511932950931,0.0,-0.026179938779914952,5,5,3,0.02600548633797839,0.0013647242863377151,0.010349603107253958,,0.018391210992065643,0.026212887591278156
66.22000002861023,1790848109.251,True,X_ONLY,ACCEPTED,1.9965314084339951,0.9792519081037965,1.9826441364887941,1.7895837137847284,1.25405920337368,1.57249176227012,1.8079242356326244,1.25405920337368,1.5157685615803043,0.01834052184789603,0.0,-0.05672320068981572,6,6,4,0.033123497872780794,0.006737517014013927,0.012782575007870833,,,
66.3600001335144,1790848109.391,False,REJECTED,INSUFFICIENT_RESIDUAL_IMPROVEMENT,1.9863632416558723,1.0010619219128307,1.9877588430110145,1.8086609300211194,1.2781117624756952,1.5208832681025248,1.8086609300211194,1.2781117624756952,1.5208832681025248,0.0,0.0,0.0,6,6,4,0.006074509357473223,0.004640070067408297,0.011225186439996043,,,
66.5,1790848109.531,True,X_ONLY,ACCEPTED,1.9726501430233223,1.0321928836056604,1.9999119700988144,1.8104274190192713,1.3120833000718346,1.5330363951903248,1.8103071254760095,1.3120833000718346,1.5155831026703814,-0.00012029354326181796,0.0,-0.017453292519943306,6,6,4,0.013549898828361107,0.0047572625411399505,0.012380913444776665,,,
66.64000010490417,1790848109.671,True,XY_YAW,ACCEPTED,1.9558791097597834,1.068330949004738,2.0052098898244513,1.8122913763565653,1.3518738778002077,1.5208810223960183,1.810971344025822,1.2872723104562551,1.525244345526004,-0.0013200323307434036,-0.06460156734395262,0.004363323129985816,6,6,6,0.017434746396273404,0.008760794176638886,0.0073370061143458384,,,
66.78000020980835,1790848109.811,False,REJECTED,INSUFFICIENT_RESIDUAL_IMPROVEMENT,1.937418341940401,1.1070909793624502,2.011782034353127,1.8124938332478635,1.330177111217716,1.5318164900546798,1.8124938332478635,1.330177111217716,1.5318164900546798,0.0,0.0,0.0,5,5,5,0.006489147691953079,0.0068935478859029065,0.01130822137958071,,,
66.92000007629395,1790848109.951,False,REJECTED,INSUFFICIENT_RESIDUAL_IMPROVEMENT,1.9177360122364773,1.147458449200374,2.0191298348493416,1.8136750167957665,1.3750717827179713,1.5391642905508942,1.8136750167957665,1.3750717827179713,1.5391642905508942,0.0,0.0,0.0,4,4,4,0.005965504695932378,0.005583481235918397,0.005471276253641542,,,
67.06000018119812,1790848110.091,False,REJECTED,INSUFFICIENT_RESIDUAL_IMPROVEMENT,1.8977380138944207,1.1890481970241256,2.023088445923442,1.8151405840068944,1.42119638758871,1.5431229016249948,1.8151405840068944,1.42119638758871,1.5431229016249948,0.0,0.0,0.0,4,4,4,0.005878395797281444,0.00427661779922639,0.005011353075142017,,,
67.20500016212463,1790848110.236,True,XY_YAW,ACCEPTED,1.8768330260467123,1.2319711959327593,2.025607628267587,1.816417268540469,1.4689224017615399,1.5456420839691394,1.8081180311873977,1.4723763140474009,1.528188791449196,-0.008299237353071254,0.003453912285860977,-0.017453292519943306,5,5,4,0.009909370462344802,0.0027186424248901164,0.002190646795891045,,,
67.34000015258789,1790848110.371,False,REJECTED,INSUFFICIENT_RESIDUAL_IMPROVEMENT,1.8570963758535681,1.2726699842085498,2.029271889775427,1.8101929086087847,1.5175606211866104,1.5318530529570364,1.8101929086087847,1.5175606211866104,1.5318530529570364,0.0,0.0,0.0,4,4,2,0.0018781079969546477,0.00017012707047359132,0.002396269673594815,,,
67.48200011253357,1790848110.513,True,X_ONLY,ACCEPTED,1.8362561751300848,1.315148203165488,2.0331651670804827,1.812147037877206,1.5648352912621482,1.535746330262092,1.807733202959618,1.5648352912621482,1.5531996227820353,-0.004413834917587955,0.0,0.017453292519943292,4,4,2,0.0042993501273900225,5.737715919196251e-05,0.003538728962040487,,,
67.62000012397766,1790848110.651,False,REJECTED,AMBIGUOUS_JOINT_HYPOTHESIS,1.8151667105443354,1.3565539948157066,2.0394860160331083,1.8081456862805174,1.6113007080385515,1.5595204717346614,1.8081456862805174,1.6113007080385515,1.5595204717346614,0.0,0.0,0.0,5,5,4,0.004375694847067235,0.00521574262517821,0.00011208876513812971,,,
67.75999999046326,1790848110.791,False,REJECTED,INSUFFICIENT_RESIDUAL_IMPROVEMENT,1.7940750863932584,1.3979660167217878,2.0426464429690427,1.8085591308555808,1.6577726482956934,1.5626808986705958,1.8085591308555808,1.6577726482956934,1.5626808986705958,0.0,0.0,0.0,6,6,4,0.00321020674077388,0.002762737619652289,0.0021440772477038066,,,
67.90000009536743,1790848110.931,True,XY_YAW,ACCEPTED,1.7734367681734102,1.439745186865368,2.0418067101254453,1.809544192891905,1.7043609396317634,1.5618411658269982,1.811339775348367,1.6956594913127128,1.5443878733070548,0.0017955824564622747,-0.00870144831905073,-0.017453292519943306,6,6,4,0.0056363473342546655,0.0024104307296639593,0.0019393477062986438,,,
68.0400002002716,1790848111.071,False,REJECTED,INSUFFICIENT_RESIDUAL_IMPROVEMENT,1.752634927438378,1.4812269671482308,2.043944194418589,1.8128521565886848,1.7420401702252226,1.5465253576001987,1.8128521565886848,1.7420401702252226,1.5465253576001987,0.0,0.0,0.0,6,6,4,0.0029559563982755055,0.0035224488646403707,,,,
68.1800000667572,1790848111.211,False,REJECTED,INSUFFICIENT_RESIDUAL_IMPROVEMENT,1.7310082074228117,1.5222156945020513,2.0448755272875827,1.8134043552770247,1.7883811441611055,1.5474566904691922,1.8134043552770247,1.7883811441611055,1.5474566904691922,0.0,0.0,0.0,5,5,2,0.0026571313843096744,0.0018393014485100778,0.007168177485902,,0.005856918567677116,0.005856918567677116
68.32000017166138,1790848111.351,False,REJECTED,INSUFFICIENT_RESIDUAL_IMPROVEMENT,1.7095227224139988,1.5636983489643088,2.043837317405524,1.8143163553529265,1.8350887981715622,1.5464184805871335,1.8143163553529265,1.8350887981715622,1.5464184805871335,0.0,0.0,0.0,5,5,2,0.004118076813202087,0.0028186249304256172,0.007956250627467094,,0.003873165347482832,0.003873165347482832
68.46500015258789,1790848111.496,True,X_ONLY,ACCEPTED,1.6873958536336755,1.6057204402493486,2.044982397835796,1.8149220934002388,1.8825765603783444,1.5475635610174054,1.8101033813696896,1.8825765603783444,1.5519268841473912,-0.004818712030549177,0.0,0.004363323129985816,6,6,2,0.0038428052762207177,0.001542177980320969,0.004130688050155436,,0.0011670013257172318,0.005531917026522892
68.6010000705719,1790848111.632,False,REJECTED,AMBIGUOUS_JOINT_HYPOTHESIS,1.6664372640902294,1.6459780238864212,2.0441198996176575,1.8106958600437852,1.927959205574138,1.551064385929253,1.8106958600437852,1.927959205574138,1.551064385929253,0.0,0.0,0.0,6,6,5,0.0022340788759873664,0.0017670581948219244,0.0003403940474203705,,0.002867018317016412,0.002867018317016412
68.74000000953674,1790848111.771,False,REJECTED,INSUFFICIENT_RESIDUAL_IMPROVEMENT,1.645284745598529,1.6868942246421192,2.043226602063455,1.8114292449388838,1.9740138108749974,1.5501710883750506,1.8114292449388838,1.9740138108749974,1.5501710883750506,0.0,0.0,0.0,5,5,4,0.006081280208900197,0.004879661127801527,0.005440486426059307,,0.0035809041181078527,0.0035809041181078527
68.88000011444092,1790848111.911,True,XY_YAW,ACCEPTED,1.623945137141741,1.7282882965821618,2.0422341919095244,1.8122240098464564,2.0205779218362094,1.5491786782211199,1.8080319615203895,2.024424847232434,1.544815355091134,-0.0041920483260668995,0.003846925396224554,-0.00436332312998583,6,6,5,0.0051928270608989635,0.0020941465286987704,0.015397689685123516,,,
69.02000021934509,1790848112.051,False,REJECTED,INSUFFICIENT_RESIDUAL_IMPROVEMENT,1.6027875063225874,1.7697409372971287,2.044844977191493,1.809217764146174,2.0709496861494734,1.5474261403731027,1.809217764146174,2.0709496861494734,1.5474261403731027,0.0,0.0,0.0,5,5,2,0.0015835918473581234,0.0018172982951589756,0.010947325654905136,,0.001895291472107763,0.001895291472107763
69.16000008583069,1790848112.191,False,REJECTED,INSUFFICIENT_RESIDUAL_IMPROVEMENT,1.5816613334728542,1.8112441321881851,2.0481275380644783,1.8104553349418036,2.117503942495887,1.5507087012460883,1.8104553349418036,2.117503942495887,1.5507087012460883,0.0,0.0,0.0,6,6,3,0.0013484068246751857,0.0007201859376220199,0.0024863469916944873,,,
69.30000019073486,1790848112.331,True,X_ONLY,ACCEPTED,1.560050754668626,1.8528710897743998,2.045913721542967,1.811326255949336,2.1643981021614245,1.5484948847245767,1.8068765334209,2.1643981021614245,1.5354049153346192,-0.0044497225284358954,0.0,-0.013089969389957476,6,6,3,0.0037681061313665776,0.0011675228280294547,0.007482700296779337,,,
69.44000005722046,1790848112.471,False,REJECTED,INSUFFICIENT_RESIDUAL_IMPROVEMENT,1.538096857099983,1.8943790384306984,2.0426311637985566,1.8080035108570065,2.211340762311515,1.5321223575902088,1.8080035108570065,2.211340762311515,1.5321223575902088,0.0,0.0,0.0,5,5,4,0.00475438823648866,0.011358599994086616,0.007698108284616076,,0.004330664147465191,0.004330664147465191
69.58000016212463,1790848112.611,True,XY_YAW,ACCEPTED,1.5165621341412718,1.9365432501789386,2.0410891204490746,1.809816880553278,2.258651191770605,1.5305803142407268,1.8089358559541877,2.2385847195629567,1.5349436373707126,-0.0008810245990902854,-0.020066472207648345,0.004363323129985816,5,5,4,0.008936469007493786,0.00663874386982044,,,0.010819727918837896,0.02147576702029297
69.7260000705719,1790848112.757,False,REJECTED,INSUFFICIENT_RESIDUAL_IMPROVEMENT,1.4947942549811175,1.9798938768381884,2.040066180626084,1.8109140407061999,2.2870533091851812,1.5339206975477218,1.8109140407061999,2.2870533091851812,1.5339206975477218,0.0,0.0,0.0,5,5,5,0.006212731744949185,0.005320728205541414,,,0.008856522012946622,0.008856522012946622
69.8600001335144,1790848112.891,True,X_ONLY,ACCEPTED,1.4806088785205378,2.0082819169738233,2.041379202873656,1.812270025858281,2.3187592555097765,1.5352337197952943,1.8118670067957583,2.3187592555097765,1.570140304835181,-0.00040301906252260267,0.0,0.034906585039886584,5,5,3,0.005491818915378532,0.0011590375374601614,0.003716915499563782,,0.02354670012587734,0.02593377233446814
70.00200009346008,1790848113.033,True,XY_YAW,ACCEPTED,1.47650059095156,2.015796887722184,2.0429517733940226,1.8116182210941334,2.3273202670021647,1.5717128753555474,1.8126614336209688,2.379164332757841,1.5586229059655898,0.0010432125268353687,0.05184406575567635,-0.013089969389957476,6,6,5,0.004985718244749471,0.0015192471854357237,0.004990533024341489,,0.038671229553083775,0.013244901764234651
70.14000010490417,1790848113.171,False,REJECTED,INSUFFICIENT_RESIDUAL_IMPROVEMENT,1.47650059095156,2.015796887722184,2.0429517733940226,1.8126614336209688,2.379164332757841,1.5586229059655898,1.8126614336209688,2.379164332757841,1.5586229059655898,0.0,0.0,0.0,6,6,5,0.000840244485031949,0.0005256885384081755,0.005444215553521304,,0.0254558049694813,0.0254558049694813
70.2810001373291,1790848113.312,False,REJECTED,INSUFFICIENT_RESIDUAL_IMPROVEMENT,1.47650059095156,2.015796887722184,2.0429517733940226,1.8126614336209688,2.379164332757841,1.5586229059655898,1.8126614336209688,2.379164332757841,1.5586229059655898,0.0,0.0,0.0,6,6,5,0.001333415172593888,0.002014555857454914,0.005866141320927127,,0.02557010962134143,0.02557010962134143
70.42000007629395,1790848113.451,False,REJECTED,INSUFFICIENT_RESIDUAL_IMPROVEMENT,1.4762262628916536,2.017606927288082,2.04410726540813,1.8132614373835876,2.3808939265250055,1.5597783979796973,1.8132614373835876,2.3808939265250055,1.5597783979796973,0.0,0.0,0.0,6,6,5,0.004022153057815281,0.002973172783019784,0.01070454785591086,,0.024446399386662154,0.024446399386662154
70.56000018119812,1790848113.591,False,REJECTED,INSUFFICIENT_RESIDUAL_IMPROVEMENT,1.4737481440437576,2.023427302463149,2.044661770258066,1.8137783840342865,2.3871987347190085,1.5603329028296329,1.8137783840342865,2.3871987347190085,1.5603329028296329,0.0,0.0,0.0,6,6,5,0.001829286142378983,0.001339515443985917,0.015991966992192123,,0.020791152674955793,0.020791152674955793
70.70000004768372,1790848113.731,False,REJECTED,INSUFFICIENT_RESIDUAL_IMPROVEMENT,1.4688635095374218,2.03250629776854,2.050161013077778,1.8136828549268076,2.3975078900774958,1.5658321456493451,1.8136828549268076,2.3975078900774958,1.5658321456493451,0.0,0.0,0.0,6,6,5,0.0040257636847229605,0.0031572282103413674,0.01899223289442093,,0.015099067250395892,0.015099067250395892
70.84000015258789,1790848113.871,True,XY_YAW,ACCEPTED,1.4677777617281509,2.035054383358219,2.053187786988183,1.8139084071877858,2.400268454268966,1.5688589195597502,1.812983210122503,2.4163691459796297,1.5644955964297644,-0.0009251970652828234,0.01610069171066364,-0.00436332312998583,7,7,6,0.003463033248539804,0.0010133391499513866,0.007899992461441062,,0.019379445189669386,0.012239080370057387
70.98600006103516,1790848114.017,False,REJECTED,INSUFFICIENT_RESIDUAL_IMPROVEMENT,1.4679827199476,2.034990156083107,2.054097243886998,1.8131340246097822,2.4162162146060835,1.5654050533285797,1.8131340246097822,2.4162162146060835,1.5654050533285797,0.0,0.0,0.0,6,6,5,0.003637326012647435,0.004643438381048526,0.010733540835927822,,0.018177079319269485,0.018177079319269485
71.12000012397766,1790848114.151,True,XY_YAW,ACCEPTED,1.4679827199476,2.034990156083107,2.054097243886998,1.8131340246097822,2.4162162146060835,1.5654050533285797,1.8144114722856801,2.4229762916934776,1.561041730198594,0.0012774476758978803,0.006760077087394123,-0.00436332312998583,7,7,6,0.004695307698062923,0.0025126587950143886,0.008948049002283121,,0.01788825310795028,0.014356811207207443
71.26200008392334,1790848114.293,False,REJECTED,INSUFFICIENT_RESIDUAL_IMPROVEMENT,1.4679827199476,2.034990156083107,2.054097243886998,1.8144114722856801,2.4229762916934776,1.561041730198594,1.8144114722856801,2.4229762916934776,1.561041730198594,0.0,0.0,0.0,6,6,5,0.003081336234516119,0.00317809296231486,0.009856089689802184,,0.014388332402220039,0.014388332402220039
71.40000009536743,1790848114.431,True,XY_YAW,ACCEPTED,1.4650560953685907,2.040566660341418,2.0560820482936153,1.8144729049394253,2.4292738116178985,1.5630265346052108,1.8146058065177189,2.423062768368557,1.5630265346052108,0.00013290157829359828,-0.006211043249341408,0.0,7,7,6,0.003948536773608069,0.0015580309746536791,0.0023235736344562625,,0.01093378096608233,0.013972851801606234
71.5400002002716,1790848114.571,False,REJECTED,INSUFFICIENT_RESIDUAL_IMPROVEMENT,1.4565373112807307,2.0559485150724344,2.0624487126394935,1.8143822228759219,2.4406446097868155,1.569393198951089,1.8143822228759219,2.4406446097868155,1.569393198951089,0.0,0.0,0.0,7,7,6,0.005495963700391404,0.003614835799281013,0.007042912838574637,,0.004620134107901519,0.004620134107901519
71.6800000667572,1790848114.711,False,REJECTED,INSUFFICIENT_RESIDUAL_IMPROVEMENT,1.4551526269132256,2.0578396240826513,2.066418328029859,1.8140575663285747,2.4429658685428364,1.5733628143414546,1.8140575663285747,2.4429658685428364,1.5733628143414546,0.0,0.0,0.0,7,7,6,0.003824251543862789,0.0035083880668146383,0.005053808218192445,,0.009282478712320463,0.009282478712320463
71.82000017166138,1790848114.851,True,XY_YAW,ACCEPTED,1.4551526269132256,2.0578396240826513,2.066418328029859,1.8140575663285747,2.4429658685428364,1.5733628143414546,1.8138735961783743,2.450124193312765,1.564636168081483,-0.00018397015020044094,0.007158324769928726,-0.00872664625997166,7,7,6,0.004908265239029763,0.0028135703107416976,0.010550915711245777,,0.01684740078561031,0.01638504697442622
71.96000003814697,1790848114.991,False,REJECTED,INSUFFICIENT_RESIDUAL_IMPROVEMENT,1.4551526269132256,2.0578396240826513,2.066418328029859,1.8138735961783743,2.450124193312765,1.564636168081483,1.8138735961783743,2.450124193312765,1.564636168081483,0.0,0.0,0.0,7,7,6,0.003672000629199923,0.002453402445810937,0.010516066764574346,,0.015077126219324333,0.015077126219324333
72.10000014305115,1790848115.131,False,REJECTED,INSUFFICIENT_RESIDUAL_IMPROVEMENT,1.4551526269132256,2.0578396240826513,2.066418328029859,1.8138735961783743,2.450124193312765,1.564636168081483,1.8138735961783743,2.450124193312765,1.564636168081483,0.0,0.0,0.0,7,7,6,0.003637821285393361,0.00299928761248891,0.006011171843873019,,0.015064681754476505,0.015064681754476505
72.2480001449585,1790848115.279,False,REJECTED,INSUFFICIENT_RESIDUAL_IMPROVEMENT,1.4551526269132256,2.0578396240826513,2.066418328029859,1.8138735961783743,2.450124193312765,1.564636168081483,1.8138735961783743,2.450124193312765,1.564636168081483,0.0,0.0,0.0,7,7,6,0.0025985074699919064,0.003001899027160082,0.007766336266251055,,0.014472558052820217,0.014472558052820217
72.38000011444092,1790848115.411,False,REJECTED,INSUFFICIENT_RESIDUAL_IMPROVEMENT,1.4551526269132256,2.0578396240826513,2.066418328029859,1.8138735961783743,2.450124193312765,1.564636168081483,1.8138735961783743,2.450124193312765,1.564636168081483,0.0,0.0,0.0,7,7,6,0.0031851834162771597,0.0035250763742897817,0.010171151567131742,,0.014697477352953126,0.014697477352953126
72.52400016784668,1790848115.555,False,REJECTED,INSUFFICIENT_RESIDUAL_IMPROVEMENT,1.4551526269132256,2.0578396240826513,2.066418328029859,1.8138735961783743,2.450124193312765,1.564636168081483,1.8138735961783743,2.450124193312765,1.564636168081483,0.0,0.0,0.0,7,7,6,0.00277037328484675,0.0025417115231827214,0.0097774276989264,,0.014840701021474167,0.014840701021474167
72.66000008583069,1790848115.691,False,REJECTED,INSUFFICIENT_RESIDUAL_IMPROVEMENT,1.4551526269132256,2.0578396240826513,2.066418328029859,1.8138735961783743,2.450124193312765,1.564636168081483,1.8138735961783743,2.450124193312765,1.564636168081483,0.0,0.0,0.0,7,7,6,0.0029569674288334458,0.0017938404586399503,0.009681689459896354,,0.014747346506696513,0.014747346506696513
72.80000019073486,1790848115.831,True,XY_YAW,ACCEPTED,1.4551526269132256,2.0578396240826513,2.066418328029859,1.8138735961783743,2.450124193312765,1.564636168081483,1.8181210078256758,2.4544118339538015,1.5559095218215115,0.004247411647301469,0.004287640641036594,-0.00872664625997166,7,7,5,0.003630757899898418,0.0008573643678744247,0.003151883049455257,,0.014817082619205113,0.013557167162013606
72.94000005722046,1790848115.971,False,REJECTED,INSUFFICIENT_RESIDUAL_IMPROVEMENT,1.4551526269132256,2.0578396240826513,2.066418328029859,1.8181210078256758,2.4544118339538015,1.5559095218215115,1.8181210078256758,2.4544118339538015,1.5559095218215115,0.0,0.0,0.0,7,7,5,0.0008143185759794669,0.0006659794717540635,0.00951172556595169,,0.01244618148648513,0.01244618148648513
73.08000016212463,1790848116.111,False,REJECTED,INSUFFICIENT_RESIDUAL_IMPROVEMENT,1.4551526269132256,2.0578396240826513,2.066418328029859,1.8181210078256758,2.4544118339538015,1.5559095218215115,1.8181210078256758,2.4544118339538015,1.5559095218215115,0.0,0.0,0.0,7,7,6,0.00379319393912092,0.0030384028390784135,0.007608258427252795,,0.009870688532502392,0.009870688532502392
73.22000002861023,1790848116.251,False,REJECTED,INSUFFICIENT_RESIDUAL_IMPROVEMENT,1.4551526269132256,2.0578396240826513,2.066418328029859,1.8181210078256758,2.4544118339538015,1.5559095218215115,1.8181210078256758,2.4544118339538015,1.5559095218215115,0.0,0.0,0.0,7,7,6,0.000575963693353776,0.0005375577002162402,0.012234497262167968,,0.013237297950090099,0.013237297950090099
73.36100006103516,1790848116.392,False,REJECTED,INSUFFICIENT_RESIDUAL_IMPROVEMENT,1.4551526269132256,2.0578396240826513,2.066418328029859,1.8181210078256758,2.4544118339538015,1.5559095218215115,1.8181210078256758,2.4544118339538015,1.5559095218215115,0.0,0.0,0.0,7,7,6,0.0038739397863327696,0.0036826813177754936,0.0073647584763099835,,0.010995473125408717,0.010995473125408717
73.50500011444092,1790848116.536,False,REJECTED,INSUFFICIENT_RESIDUAL_IMPROVEMENT,1.4551526269132256,2.0578396240826513,2.066418328029859,1.8181210078256758,2.4544118339538015,1.5559095218215115,1.8181210078256758,2.4544118339538015,1.5559095218215115,0.0,0.0,0.0,7,7,6,0.0019395237983254043,0.002618904380552012,0.010678673391742693,,0.014412659936686834,0.014412659936686834
73.64000010490417,1790848116.671,False,REJECTED,INSUFFICIENT_RESIDUAL_IMPROVEMENT,1.4551526269132256,2.0578396240826513,2.066418328029859,1.8181210078256758,2.4544118339538015,1.5559095218215115,1.8181210078256758,2.4544118339538015,1.5559095218215115,0.0,0.0,0.0,7,7,6,0.00249455234071283,0.0023302042857709093,0.0068913829397372894,,0.013158105322109703,0.013158105322109703
73.78000020980835,1790848116.811,False,REJECTED,INSUFFICIENT_RESIDUAL_IMPROVEMENT,1.4551526269132256,2.0578396240826513,2.066418328029859,1.8181210078256758,2.4544118339538015,1.5559095218215115,1.8181210078256758,2.4544118339538015,1.5559095218215115,0.0,0.0,0.0,7,7,6,0.002103001454286435,0.00249268623297505,0.011604892720841312,,0.012223203274112748,0.012223203274112748
73.92000007629395,1790848116.951,False,REJECTED,INSUFFICIENT_RESIDUAL_IMPROVEMENT,1.4551526269132256,2.0578396240826513,2.066418328029859,1.8181210078256758,2.4544118339538015,1.5559095218215115,1.8181210078256758,2.4544118339538015,1.5559095218215115,0.0,0.0,0.0,7,7,6,0.0008010064270742578,0.0021940819954351376,0.009957566272666783,,0.013431438684289865,0.013431438684289865
74.06000018119812,1790848117.091,False,REJECTED,INSUFFICIENT_RESIDUAL_IMPROVEMENT,1.454840372082015,2.0586852603356682,2.066418328029859,1.8182617625680595,2.4553022225512846,1.5559095218215115,1.8182617625680595,2.4553022225512846,1.5559095218215115,0.0,0.0,0.0,7,7,6,0.0037281741108967648,0.0039297404136325875,0.006385376862617937,,0.010830856560711588,0.010830856560711588
74.20000004768372,1790848117.231,True,XY_YAW,ACCEPTED,1.4491482627830417,2.069540932763386,2.069761962836375,1.8185997320717988,2.4675550389109593,1.5592531566280272,1.8180180825952232,2.454510394961949,1.5592531566280272,-0.0005816494765755742,-0.013044643949010393,0.0,7,7,6,0.008931746616297032,0.0008515933345757398,0.011792712943797438,,0.005983411897956259,0.012796558610749242
74.34000015258789,1790848117.371,False,REJECTED,INSUFFICIENT_RESIDUAL_IMPROVEMENT,1.4414252164641133,2.083140954648006,2.074571311219077,1.817925015097169,2.4701500042328766,1.5640625050107293,1.817925015097169,2.4701500042328766,1.5640625050107293,0.0,0.0,0.0,7,7,6,0.0032759598359277664,0.0032759598359277664,0.0032624502030923277,,0.007812695952075455,0.007812695952075455
74.48000001907349,1790848117.511,True,XY_YAW,ACCEPTED,1.4395592406952409,2.0865261798503867,2.074571311219077,1.8179510516306674,2.474015355101785,1.5640625050107293,1.818803107677456,2.480406156495774,1.5640625050107293,0.0008520560467886185,0.006390801393989065,0.0,7,7,6,0.009072962196947643,0.005729406345693522,0.002635780432394045,,0.011655041848668501,0.008885669175068278
74.62000012397766,1790848117.651,True,XY_YAW,ACCEPTED,1.4338734643087567,2.0974774135948353,2.0778691501515123,1.8191932959112758,2.4927392553271646,1.5673603439431645,1.8177721099820174,2.483116211610717,1.5673603439431645,-0.0014211859292583284,-0.009623043716447732,0.0,7,7,6,0.00730430083612621,0.004977780161550371,0.005740775977798908,,0.007060314517518984,0.011161243411113686
74.76500010490417,1790848117.796,True,XY_YAW,ACCEPTED,1.4252010684339536,2.113082566805179,2.0819914389984335,1.8178304885448853,2.500969162315601,1.5714826327900857,1.8150222652467445,2.4777385203150275,1.5802092790500573,-0.0028082232981407884,-0.023230642000573454,0.008726646259971646,7,7,6,0.0109082783235539,0.0008905472110564139,0.00518882063259162,,0.004606561959347832,0.016409202749362084
74.90000009536743,1790848117.931,False,REJECTED,INSUFFICIENT_RESIDUAL_IMPROVEMENT,1.424395719956433,2.1148074948474433,2.082838529799832,1.8151458657043573,2.479638174454104,1.5810563698514564,1.8151458657043573,2.479638174454104,1.5810563698514564,0.0,0.0,0.0,6,6,5,0.0026687655464234794,0.005474960663959472,0.0021964896337115496,,0.019130207352689776,0.019130207352689776
75.04500007629395,1790848118.076,True,XY_YAW,ACCEPTED,1.424539257074082,2.1145236229884232,2.0847396278232497,1.8151351693598363,2.479320256658596,1.5829574678748735,1.8121173821372951,2.5209326954275872,1.569867498484916,-0.0030177872225412017,0.04161243876899123,-0.013089969389957476,6,6,4,0.0200187413013162,0.0018556291934033187,0.003910701933233866,,0.02846340946056003,0.01070141123931001
75.1800000667572,1790848118.211,False,REJECTED,INSUFFICIENT_RESIDUAL_IMPROVEMENT,1.4231805727287867,2.117883890591578,2.0838039115321036,1.812589518414429,2.524526371658243,1.5689317821937698,1.812589518414429,2.524526371658243,1.5689317821937698,0.0,0.0,0.0,6,6,4,0.0037739039889577164,0.0020906000859459706,0.0033291653639977714,,0.009996674829612973,0.009996674829612973
75.32000017166138,1790848118.351,True,XY_YAW,ACCEPTED,1.4148301437665298,2.132036581983976,2.0845716927249365,1.8122907936840773,2.5409561951824817,1.5696995633866027,1.8156245974420622,2.522258187290039,1.5696995633866027,0.00333380375798481,-0.018698007892442803,0.0,6,6,5,0.018158960827216575,0.000539047065226228,0.004716300270470333,,0.0018739046165110462,0.010145193784666162
75.46000003814697,1790848118.491,False,REJECTED,AMBIGUOUS_JOINT_HYPOTHESIS,1.4131412770353808,2.13469942000731,2.0898390627886543,1.8154659268423528,2.525407441299306,1.5749669334503205,1.8154659268423528,2.525407441299306,1.5749669334503205,0.0,0.0,0.0,5,5,5,0.01425908463030634,0.0003822519463096974,0.00015184468667019634,,0.013931995035210809,0.013931995035210809
75.60000014305115,1790848118.631,True,XY_YAW,ACCEPTED,1.410873286748612,2.138224195603704,2.0917436336970665,1.8152276511256693,2.529592061667828,1.5768715043587325,1.8135551093327877,2.5414968304072563,1.5725081812287467,-0.0016725417928814545,0.011904768739428473,-0.00436332312998583,6,6,5,0.013090104156352922,0.003314505163535486,0.0034754727083855953,,0.018417594266325388,0.012482058901468696
75.74000000953674,1790848118.771,True,XY_YAW,ACCEPTED,1.4064600536693237,2.1461191741557237,2.094789411818666,1.8136411642589592,2.5505411605150448,1.575553959350346,1.8110464914292363,2.541813845598705,1.5799172824803318,-0.002594672829722866,-0.008727314916339601,0.004363323129985816,6,6,5,0.0065949551341706325,0.002584197888069628,0.01068416686803599,,0.007974690673261842,0.012052532668579197
75.88000011444092,1790848118.911,False,REJECTED,INSUFFICIENT_RESIDUAL_IMPROVEMENT,1.4060606703011036,2.1470426804884344,2.0962362468317437,1.811153642115974,2.542814290375641,1.5813641174934094,1.811153642115974,2.542814290375641,1.5813641174934094,0.0,0.0,0.0,6,6,5,0.005645874120162819,0.005399130334023949,0.0018818405604744352,,0.013683975307590135,0.013683975307590135
76.02500009536743,1790848119.056,False,REJECTED,INSUFFICIENT_RESIDUAL_IMPROVEMENT,1.402990275734269,2.1523890623369106,2.0963889248756624,1.8111139910994458,2.548979478893656,1.5815167955373282,1.8111139910994458,2.548979478893656,1.5815167955373282,0.0,0.0,0.0,6,6,5,0.005839486984688502,0.006735507515321704,0.004746072573378984,,0.01535745827142132,0.01535745827142132
76.16000008583069,1790848119.191,True,XY_YAW,ACCEPTED,1.3959643410098725,2.1643480933617663,2.097610349227012,1.810887837425413,2.562847825454103,1.5827382198886781,1.8137742956735619,2.5590629598038017,1.5783748967586924,0.002886458248148982,-0.003784865650301228,-0.00436332312998583,6,6,5,0.005730502101175539,0.0015311892385221348,0.005441747213468188,,0.008218058122865468,0.010692431769230515
76.30000019073486,1790848119.331,True,XY_YAW,ACCEPTED,1.3945486478368307,2.166624854490917,2.0987249002079484,1.813674958986257,2.5617421314336086,1.5794894477396286,1.8194875485660769,2.5691686595911536,1.566399478349671,0.005812589579819782,0.007426528157544965,-0.013089969389957476,5,5,5,0.012580812351498327,0.005064199322547314,0.002060639496123181,,0.0155818602789084,0.016092983966220054
76.44000005722046,1790848119.471,False,REJECTED,INSUFFICIENT_RESIDUAL_IMPROVEMENT,1.397984670554283,2.168628522687454,2.0987249002079484,1.8234650644117605,2.569151165192028,1.566399478349671,1.8234650644117605,2.569151165192028,1.566399478349671,0.0,0.0,0.0,6,6,5,0.007268247229309299,0.0056736064996338875,0.002280114449347859,,0.022547407245578466,0.022547407245578466
76.58000016212463,1790848119.611,True,XY_YAW,ACCEPTED,1.4113198224010781,2.1762058222214646,2.0969691130492296,1.8388007903030292,2.5689118862897757,1.5646436911909523,1.8121992912687443,2.5761426153932323,1.6039135993608247,-0.026601499034284992,0.007230729103456568,0.039269908169872414,6,6,5,0.023283254777006768,0.004314993034213455,0.002567308515520717,,0.033248365624989784,0.012373965788269548
76.72000002861023,1790848119.751,False,REJECTED,INSUFFICIENT_RESIDUAL_IMPROVEMENT,1.4270794738298929,2.185547551647527,2.0959767114111227,1.830503446512607,2.5769123053542353,1.6029211977227178,1.830503446512607,2.5769123053542353,1.6029211977227178,0.0,0.0,0.0,6,6,5,0.005278289476610576,0.005245835367252871,0.004286972612102029,,0.021843187183021584,0.021843187183021584
76.8600001335144,1790848119.891,True,XY_YAW,ACCEPTED,1.4311843354010618,2.187592771544109,2.099014990650565,1.8350874238530355,2.576771008906022,1.60595947696216,1.848902378792206,2.5722655113754733,1.5841428613122308,0.013814954939170676,-0.004505497530548741,-0.021816615649929122,6,6,5,0.007219598788081649,0.004074093573412707,0.0029286884243675433,,0.019641273786924707,0.030680285819478348
77.0,1790848120.031,True,XY_YAW,ACCEPTED,1.433244652493617,2.188615244545932,2.0980989302123327,1.8511990773048212,2.5721408778988972,1.583226800873999,1.8554811519497436,2.579159449031376,1.6006800933939422,0.004282074644922473,0.007018571132478613,0.017453292519943292,5,5,5,0.013020836491498766,0.0006589987155996013,0.009294210789891889,,0.022870380487935105,0.01576360700377677
77.14000010490417,1790848120.171,True,XY_YAW,ACCEPTED,1.4457942213262012,2.195372363813432,2.098749132055034,1.8697341464489543,2.5791095843700047,1.601330295236644,1.8491259112874376,2.5780319678891397,1.6056936183666297,-0.020608235161516608,-0.001077616480865018,0.004363323129985816,6,6,5,0.012433840407971353,0.0061746977279781845,0.0012595622948301227,,0.020386926159602137,0.01925648324999485
77.28500008583069,1790848120.316,True,XY_YAW,ACCEPTED,1.4689985915820347,2.2087665416896427,2.099824190511489,1.8759061539462722,2.578847690319443,1.6067686768230842,1.8731940159810772,2.5712643226311505,1.589315384303141,-0.002712137965195094,-0.007583367688292597,-0.017453292519943306,7,7,5,0.012752172458614819,0.006671669996612728,0.003795220225612862,,0.020622954679912375,0.024135158764503784
77.42000007629395,1790848120.451,True,XY_YAW,ACCEPTED,1.4974203222641873,2.227393592970636,2.1018853374867272,1.9070934354377003,2.573628889165951,1.591376531278379,1.8994003692640877,2.575398716605951,1.6044665006683365,-0.007693066173612539,0.0017698274399999825,0.013089969389957462,7,7,5,0.01694823200429818,0.009573635394365176,0.009911046394423858,,0.024196052235898602,0.01879121683738072
77.56200003623962,1790848120.593,True,Y_ONLY,ACCEPTED,1.5296324378889081,2.252475052271071,2.101060885091877,1.9396767657354357,2.5820704390928775,1.6036420482734866,1.9396767657354357,2.5597760410855583,1.5818254326235575,0.0,-0.022294398007319083,-0.021816615649929122,6,6,2,0.014678931021691155,0.003421968412785692,0.006034983212562186,,0.037668615602719724,0.04165369141732678
77.70000004768372,1790848120.731,False,REJECTED,INSUFFICIENT_RESIDUAL_IMPROVEMENT,1.5497840121040685,2.269352942879072,2.098709654884298,1.965547426446043,2.5644298620019037,1.5794742024159785,1.965547426446043,2.5644298620019037,1.5794742024159785,0.0,0.0,0.0,5,5,2,0.00500680877931331,0.00417311856996605,0.002840959141012971,,0.05177191378503365,0.05177191378503365
77.84000015258789,1790848120.871,True,Y_ONLY,ACCEPTED,1.5514418411891644,2.270701595710217,2.0963889546993406,1.9676559754848912,2.5647781186387637,1.577153502231021,1.9676559754848912,2.6036795988390247,1.6207867335308792,0.0,0.03890148020026096,0.043633231299858244,5,5,3,0.012934963741781491,0.0008476295945454293,0.0013399267313306106,,0.0338865295570594,0.013241272892479117
77.98000001907349,1790848121.011,True,XY_YAW,ACCEPTED,1.5514418411891644,2.270701595710217,2.0963889546993406,1.9676559754848912,2.6036795988390247,1.6207867335308792,1.9889106137378525,2.599743095211389,1.6120600872709074,0.021254638252961255,-0.003936503627635535,-0.00872664625997166,5,5,5,0.014806746224300671,0.006204007075554685,0.003908803892807278,,0.011852539763935077,0.020466134969983396
78.12000012397766,1790848121.151,False,REJECTED,INSUFFICIENT_RESIDUAL_IMPROVEMENT,1.5550684870684754,2.269607026644973,2.0958545810150273,1.9916105032562226,2.597085796138814,1.6115257135865944,1.9916105032562226,2.597085796138814,1.6115257135865944,0.0,0.0,0.0,5,5,5,0.00801004346824108,0.007851430780637436,0.00346054175004204,,0.023764892532211923,0.023764892532211923
78.25999999046326,1790848121.291,True,XY_YAW,ACCEPTED,1.5655856740342888,2.266279934951953,2.0948927112953624,1.9993689414991318,2.5892444061575284,1.6105638438669292,1.9832118642598946,2.584170397125618,1.6760136908167165,-0.016157077239237205,-0.005074009031910187,0.06544984694978734,6,6,5,0.013950865414940061,0.003267737033530782,0.0017328552524995093,,0.02409255526662446,0.04855138232261169
78.40000009536743,1790848121.431,True,XY_YAW,ACCEPTED,1.567603118203525,2.2651421718017803,2.091869706542157,1.9845921212524311,2.5823104302989166,1.6729906860635113,1.9987539627208817,2.5936891477378943,1.633720777893639,0.014161841468450564,0.01137871743897756,-0.03926990816987243,5,5,4,0.015464617944603187,0.0068415999358644175,0.003867705701442223,,0.04088416072037826,0.02466189138406716
78.54500007629395,1790848121.576,True,XY_YAW,ACCEPTED,1.567603118203525,2.2651421718017803,2.091869706542157,1.9987539627208817,2.5936891477378943,1.633720777893639,1.9935260331142568,2.5969201409622373,1.6380841010236247,-0.0052279296066248815,0.0032309932243430595,0.004363323129985816,6,6,5,0.0065500432459324465,0.0021285927283525297,0.0017955941376520124,,,
78.6800000667572,1790848121.711,False,REJECTED,AMBIGUOUS_JOINT_HYPOTHESIS,1.567603118203525,2.2651421718017803,2.091869706542157,1.9935260331142568,2.5969201409622373,1.6380841010236247,1.9935260331142568,2.5969201409622373,1.6380841010236247,0.0,0.0,0.0,5,5,3,0.007363434423544035,0.0008131801391555449,0.0008464886102712132,,0.011438314242753655,0.011438314242753655
78.82000017166138,1790848121.851,False,REJECTED,AMBIGUOUS_JOINT_HYPOTHESIS,1.567603118203525,2.2651421718017803,2.091869706542157,1.9935260331142568,2.5969201409622373,1.6380841010236247,1.9935260331142568,2.5969201409622373,1.6380841010236247,0.0,0.0,0.0,5,5,3,0.007613784067749041,6.071768129300992e-05,0.0005523193256980821,,0.011675629370937468,0.011675629370937468
78.96000003814697,1790848121.991,False,REJECTED,INSUFFICIENT_RESIDUAL_IMPROVEMENT,1.567603118203525,2.2651421718017803,2.091869706542157,1.9935260331142568,2.5969201409622373,1.6380841010236247,1.9935260331142568,2.5969201409622373,1.6380841010236247,0.0,0.0,0.0,6,6,5,0.0020479243762725474,0.002831684024687142,0.0017227969375583768,,,
79.10000014305115,1790848122.131,True,X_ONLY,ACCEPTED,1.567603118203525,2.2651421718017803,2.091869706542157,1.9935260331142568,2.5969201409622373,1.6380841010236247,1.992089239390579,2.5969201409622373,1.655537393543568,-0.0014367937236778872,0.0,0.017453292519943292,5,5,3,0.00762229058220476,0.00057276404714246,0.0026930336498603383,,0.011304369207386866,0.016078572839022254
79.24000000953674,1790848122.271,True,XY_YAW,ACCEPTED,1.567603118203525,2.2651421718017803,2.091869706542157,1.992089239390579,2.5969201409622373,1.655537393543568,1.99413723494818,2.597283742614496,1.633720777893639,0.0020479955576011566,0.0003636016522587937,-0.021816615649929122,6,6,5,0.011895276897302853,0.002456315209844906,0.004155325132770152,,,
79.38000011444092,1790848122.411,False,REJECTED,INSUFFICIENT_RESIDUAL_IMPROVEMENT,1.567603118203525,2.2651421718017803,2.091869706542157,1.99413723494818,2.597283742614496,1.633720777893639,1.99413723494818,2.597283742614496,1.633720777893639,0.0,0.0,0.0,5,5,5,0.002515513263804392,0.0005189650004964186,0.0021070294188008758,,0.02118181107821404,0.02118181107821404
79.52000021934509,1790848122.551,False,REJECTED,INSUFFICIENT_RESIDUAL_IMPROVEMENT,1.567603118203525,2.2651421718017803,2.091869706542157,1.99413723494818,2.597283742614496,1.633720777893639,1.99413723494818,2.597283742614496,1.633720777893639,0.0,0.0,0.0,6,6,5,0.004089416272951674,0.0022596542509529804,0.00781333412186703,,,
79.66000008583069,1790848122.691,False,REJECTED,INSUFFICIENT_RESIDUAL_IMPROVEMENT,1.567603118203525,2.2651421718017803,2.091869706542157,1.99413723494818,2.597283742614496,1.633720777893639,1.99413723494818,2.597283742614496,1.633720777893639,0.0,0.0,0.0,6,6,5,0.0034975401911871984,0.003682034505146037,0.0012319889507513022,,,
79.80599999427795,1790848122.837,False,REJECTED,AMBIGUOUS_JOINT_HYPOTHESIS,1.5648610277822392,2.269506664306036,2.0927857700209422,1.9936082944676887,2.6024109325530795,1.634636841372424,1.9936082944676887,2.6024109325530795,1.634636841372424,0.0,0.0,0.0,6,6,5,0.007028989111547812,0.004846003858151038,0.0009730808259185153,,,
79.94000005722046,1790848122.971,False,REJECTED,AMBIGUOUS_JOINT_HYPOTHESIS,1.5576619529025082,2.281058523893856,2.093259068730189,1.992260897290496,2.6159555499307534,1.6351101400816705,1.992260897290496,2.6159555499307534,1.6351101400816705,0.0,0.0,0.0,6,6,5,0.012337001260414926,0.008049876005208567,6.260952797089436e-05,,,
80.08500003814697,1790848123.116,True,XY_YAW,ACCEPTED,1.5557461403899229,2.2835601588547907,2.0963584194432894,1.9916491021203486,2.619046540343377,1.6382094907947713,1.99348327185873,2.6218536439774516,1.6338461676647855,0.0018341697383814637,0.002807103634074215,-0.00436332312998583,6,6,5,0.006797209247622504,0.003962769309479253,0.008167473023571108,,,
80.22000002861023,1790848123.251,False,REJECTED,INSUFFICIENT_RESIDUAL_IMPROVEMENT,1.5594886323841481,2.285721036291126,2.092465147872041,1.9977967353288744,2.622117595703034,1.6299528960935372,1.9977967353288744,2.622117595703034,1.6299528960935372,0.0,0.0,0.0,5,5,2,0.007849689252704573,0.007849689252704573,0.007581381742904833,,0.006992452203937294,0.006992452203937294
80.3600001335144,1790848123.391,True,Y_ONLY,ACCEPTED,1.5698277308212136,2.2913899758640386,2.0887398107858113,2.0095790182282753,2.622577641408533,1.6262275590073072,2.0095790182282753,2.631388114818333,1.6436808515272505,0.0,0.008810473409800013,0.017453292519943292,5,5,2,0.015670758123363937,0.009152298645594081,0.011862734516524573,0.09696708495115525,0.003496282172620102,0.010610130981848709
80.5,1790848123.531,True,XY_YAW,ACCEPTED,1.5720421798209956,2.2922415319923473,2.0866023292103915,2.0119443516712137,2.63120337198082,1.6415433699518307,2.0074720955667793,2.62791613085295,1.6459066930818165,-0.004472256104434247,-0.003287241127869822,0.004363323129985816,5,5,4,0.01180008655834941,0.008060377560968002,0.005164043088514644,,0.02647513687184877,0.025374286517430344
80.64200019836426,1790848123.673,False,REJECTED,INSUFFICIENT_RESIDUAL_IMPROVEMENT,1.5721291044199774,2.2922176057144625,2.0862206349684618,2.0075405087653873,2.627857411291152,1.645524998839887,2.0075405087653873,2.627857411291152,1.645524998839887,0.0,0.0,0.0,5,5,2,0.009376726651102008,0.009338731450506454,0.0072672910274711,,0.00808381843931505,0.00808381843931505
80.78000020980835,1790848123.811,False,REJECTED,INSUFFICIENT_RESIDUAL_IMPROVEMENT,1.5721291044199774,2.2922176057144625,2.0862206349684618,2.0075405087653873,2.627857411291152,1.645524998839887,2.0075405087653873,2.627857411291152,1.645524998839887,0.0,0.0,0.0,5,5,2,0.007594924022692684,0.0076457482380407615,0.0060222911533796275,,0.007455458320415165,0.007455458320415165
80.92000007629395,1790848123.951,False,REJECTED,INSUFFICIENT_RESIDUAL_IMPROVEMENT,1.5760901357589163,2.2852255247594084,2.087489334482711,2.00814048077891,2.6198437355469584,1.6467936983541362,2.00814048077891,2.6198437355469584,1.6467936983541362,0.0,0.0,0.0,5,5,2,0.009307158548272021,0.009342507381160825,0.007496630484002601,,0.0015118713198671863,0.0015118713198671863
81.06500005722046,1790848124.096,True,XY_YAW,ACCEPTED,1.5794787717890588,2.2796372478355074,2.0927246917092206,2.0088215658267954,2.6133439035275496,1.6520290555806458,2.00884650815418,2.6192326398825134,1.643302409320674,2.4942327384813723e-05,0.005888736354963786,-0.00872664625997166,6,6,4,0.01643238446592954,0.012695324206782432,0.0043013045628534675,,0.018385814349287655,0.02172484839665878
81.20000004768372,1790848124.231,True,X_ONLY,ACCEPTED,1.579200211115741,2.279712391503031,2.091503281237821,2.008628254856158,2.6194213410149705,1.6420809988492744,2.004868468795455,2.6194213410149705,1.676987583889161,-0.003759786060702819,0.0,0.034906585039886584,6,5,3,0.014922324622251182,0.001195424110776555,0.0031101203728237693,,0.010500228062132244,0.007745398451522556
81.34000015258789,1790848124.371,True,X_ONLY,ACCEPTED,1.579200211115741,2.279712391503031,2.091503281237821,2.004868468795455,2.6194213410149705,1.676987583889161,2.0024637760260227,2.6194213410149705,1.6813509070191468,-0.002404692769432115,0.0,0.004363323129985816,5,5,3,0.0032591166858113585,0.0010452531459066439,0.002374897254091242,,0.007467700965826385,0.008840335368337837
81.48000001907349,1790848124.511,True,XY_YAW,ACCEPTED,1.579200211115741,2.279712391503031,2.091503281237821,2.0024637760260227,2.6194213410149705,1.6813509070191468,1.9995486502459854,2.626224772744009,1.6857142301491326,-0.002915125780037331,0.006803431729038412,0.004363323129985816,6,6,5,0.007108429973423647,0.003683560330829838,0.003846761189811948,,,
81.62000012397766,1790848124.651,False,REJECTED,AMBIGUOUS_JOINT_HYPOTHESIS,1.579200211115741,2.279712391503031,2.091503281237821,1.9995486502459854,2.626224772744009,1.6857142301491326,1.9995486502459854,2.626224772744009,1.6857142301491326,0.0,0.0,0.0,6,6,5,0.0032139935698904942,0.00465403126831454,0.0008059324896121586,,,
81.75999999046326,1790848124.791,True,X_ONLY,ACCEPTED,1.5792665295925608,2.279956872014843,2.077556420904611,1.999706090259601,2.626423220478025,1.6717673698159228,2.0047746017135344,2.626423220478025,1.6761306929459086,0.005068511453933056,0.0,0.004363323129985816,5,5,3,0.007451658061558675,0.0007714678063988067,0.009959521195441757,,0.001985697580029422,0.0007091204320863742
81.90000009536743,1790848124.931,False,REJECTED,AMBIGUOUS_JOINT_HYPOTHESIS,1.580832964254835,2.2805692134326754,2.035516389372834,2.0064557732759845,2.626374828941815,1.6340906614141315,2.0064557732759845,2.626374828941815,1.6340906614141315,0.0,0.0,0.0,6,6,5,0.016038906041575096,0.004706846054955083,0.00038284552992737253,,,
82.0400002002716,1790848125.071,True,Y_ONLY,ACCEPTED,1.5833860368618058,2.281313346000199,1.9975454626717357,2.009096644759772,2.6260622416409958,1.5961197347130331,2.009096644759772,2.617095194982914,1.574303119063104,0.0,-0.00896704665808179,-0.021816615649929122,5,5,2,0.009654931995943139,0.0055381713582531855,0.007485818322635205,0.07458994286171539,0.007757168403258463,0.010241537550512936
82.1800000667572,1790848125.211,False,REJECTED,INSUFFICIENT_RESIDUAL_IMPROVEMENT,1.5837469271419222,2.281480580496309,1.9951637070653179,2.009494377179437,2.6170994486070756,1.5719213634566862,2.009494377179437,2.6170994486070756,1.5719213634566862,0.0,0.0,0.0,5,5,5,0.002593437088803885,0.003713740733602755,0.006609145005372763,,0.025121691281730807,0.025121691281730807
82.32500004768372,1790848125.356,False,REJECTED,INSUFFICIENT_RESIDUAL_IMPROVEMENT,1.5837469271419222,2.281480580496309,1.9951637070653179,2.009494377179437,2.6170994486070756,1.5719213634566862,2.009494377179437,2.6170994486070756,1.5719213634566862,0.0,0.0,0.0,5,5,5,0.0012739168213300456,0.0001658009817706585,0.001952307840892422,,0.02569631340485723,0.02569631340485723
82.46000003814697,1790848125.491,True,XY_YAW,ACCEPTED,1.5837469271419222,2.281480580496309,1.9951637070653179,2.009494377179437,2.6170994486070756,1.5719213634566862,2.0098176553191345,2.6063609029684507,1.550104747806757,0.0003232781396974582,-0.010738545638624863,-0.021816615649929122,6,6,5,0.007932695880321639,0.00039401847053355255,0.011546488337496713,,,
82.60199999809265,1790848125.633,False,REJECTED,INSUFFICIENT_RESIDUAL_IMPROVEMENT,1.5837469271419222,2.281480580496309,1.9951637070653179,2.0098176553191345,2.6063609029684507,1.550104747806757,2.0098176553191345,2.6063609029684507,1.550104747806757,0.0,0.0,0.0,6,6,5,0.003162306512729085,0.0014435089104005705,0.011311376250377378,,,
82.74000000953674,1790848125.771,False,REJECTED,INSUFFICIENT_RESIDUAL_IMPROVEMENT,1.5837469271419222,2.281480580496309,1.9951637070653179,2.0098176553191345,2.6063609029684507,1.550104747806757,2.0098176553191345,2.6063609029684507,1.550104747806757,0.0,0.0,0.0,5,5,5,0.0019045884417963066,0.0009803928243696802,0.013494593986609045,,0.02231637479327042,0.02231637479327042
82.88000011444092,1790848125.911,False,REJECTED,INSUFFICIENT_RESIDUAL_IMPROVEMENT,1.5837469271419222,2.281480580496309,1.9951637070653179,2.0098176553191345,2.6063609029684507,1.550104747806757,2.0098176553191345,2.6063609029684507,1.550104747806757,0.0,0.0,0.0,5,5,3,0.000751802677247948,2.092040458423483e-05,0.001524671504534716,,0.01050062232463067,0.01050062232463067
83.02000021934509,1790848126.051,False,REJECTED,INSUFFICIENT_RESIDUAL_IMPROVEMENT,1.5837469271419222,2.281480580496309,1.9951637070653179,2.0098176553191345,2.6063609029684507,1.550104747806757,2.0098176553191345,2.6063609029684507,1.550104747806757,0.0,0.0,0.0,5,5,5,0.0011232238700449315,0.0012856031579295824,0.007689545992954235,,0.02017703655583425,0.02017703655583425
83.16000008583069,1790848126.191,False,REJECTED,INSUFFICIENT_RESIDUAL_IMPROVEMENT,1.582775573670578,2.2834198888289614,1.995682809952662,2.0097758197273365,2.6085294725796566,1.5506238506941012,2.0097758197273365,2.6085294725796566,1.5506238506941012,0.0,0.0,0.0,5,5,4,0.0022680051627466113,0.0008430996511190614,0.01125243444850821,,0.009460423797848172,0.009460423797848172
83.30000019073486,1790848126.331,True,XY_YAW,ACCEPTED,1.5764930148758227,2.30047095140983,1.9978202969470862,2.011445946264564,2.62662422202517,1.5527613376885254,2.0176120715953,2.605878889094036,1.5483980145585396,0.006166125330735905,-0.02074533293113401,-0.00436332312998583,5,5,5,0.006663724103243229,9.467534468043937e-05,0.008540896141872298,,0.015219168816261175,0.025738193026482503
83.44000005722046,1790848126.471,True,XY_YAW,ACCEPTED,1.5713686045453774,2.3187476321501137,2.001973127023426,2.0209367415018127,2.6245669390225275,1.5525508446348797,2.010982424084303,2.6199817219937844,1.5263709058549648,-0.00995431741750985,-0.004585217028743038,-0.026179938779914952,6,6,5,0.011488148289432676,0.0014447363340939212,0.006244267888778405,,,
83.59300017356873,1790848126.624,True,XY_YAW,ACCEPTED,1.5724079048279118,2.318428897597629,2.003469366143305,2.0117604396131976,2.6192224930236954,1.5278671449748438,2.0115334246622556,2.640460588709451,1.571500376274702,-0.00022701495094223922,0.02123809568575563,0.043633231299858244,6,6,5,0.011637239303321945,0.00188140438374651,0.006551215732097571,,,
83.72000002861023,1790848126.751,True,XY_YAW,ACCEPTED,1.5726687183229706,2.3176334578098188,2.0045686448952607,2.0114372620446432,2.6396290233865747,1.5725996550266574,2.018818968137082,2.6304108487532556,1.5595096856367,0.007381706092438822,-0.009218174633319087,-0.013089969389957476,5,4,4,0.00659469067493379,0.003235165776855231,0.004697756068186527,,0.015122174664151555,0.017119776423312194
83.8600001335144,1790848126.891,True,XY_YAW,ACCEPTED,1.575267065469411,2.3116442190193762,2.001637235984404,2.018585764274371,2.6238864326766422,1.5565782767258436,2.0150943187454,2.631893060036023,1.5653049229858151,-0.003491445528971293,0.008006627359381069,0.008726646259971646,6,6,5,0.006551729135297446,0.004054369567517924,0.003049287338684814,,,
84.0,1790848127.031,True,XY_YAW,ACCEPTED,1.5763726156114322,2.309238932056429,2.001637235984404,2.015079769252805,2.6292459040521585,1.5653049229858151,2.012090854954792,2.627425577405667,1.569668246115801,-0.0029889142980130123,-0.0018203266464915657,0.004363323129985816,6,6,5,0.00451916698897703,0.0017437029959395112,0.013592861623655125,,,
84.14000010490417,1790848127.171,True,XY_YAW,ACCEPTED,1.5763726156114322,2.309238932056429,2.001637235984404,2.012090854954792,2.627425577405667,1.569668246115801,2.0145219318642678,2.625514031863913,1.5653049229858151,0.002431076909475638,-0.0019115455417537675,-0.00436332312998583,6,6,5,0.005779986531949888,0.0025703755808752504,0.0019585220750232175,,,
84.28000020980835,1790848127.311,False,REJECTED,AMBIGUOUS_JOINT_HYPOTHESIS,1.5763726156114322,2.309238932056429,2.001637235984404,2.0145219318642678,2.625514031863913,1.5653049229858151,2.0145219318642678,2.625514031863913,1.5653049229858151,0.0,0.0,0.0,5,5,4,0.0026603822596811266,0.006136153058259541,0.000651241459291841,,0.020479672270408145,0.020479672270408145
84.42000007629395,1790848127.451,False,REJECTED,INSUFFICIENT_RESIDUAL_IMPROVEMENT,1.5776031786048685,2.306773979983105,2.0021563399619353,2.0145954669271555,2.6227599682119394,1.5658240269633463,2.0145954669271555,2.6227599682119394,1.5658240269633463,0.0,0.0,0.0,6,6,5,0.0033802804484830418,0.0025924239738246424,0.005354541688977112,,,
84.56000018119812,1790848127.591,True,XY_YAW,ACCEPTED,1.5789269556358017,2.303553278287434,2.0012860783777504,2.0144340890063805,2.619281568837685,1.5649537653791614,2.011958930251162,2.6248420281667175,1.5649537653791614,-0.002475158755218587,0.0055604593290325965,0.0,6,6,5,0.0055604593290325965,0.0016248385377979346,0.005622305612972528,,,
84.70000004768372,1790848127.731,True,XY_YAW,ACCEPTED,1.5789892157187704,2.3034177028874856,2.0012860783777504,2.011958060409317,2.6246928428779737,1.5649537653791614,2.0139124426563733,2.6167078595900466,1.5605904422491756,0.00195438224705613,-0.007984983287927072,-0.00436332312998583,6,6,5,0.009471432691083415,0.0015365589370781585,0.005165093447251759,,,
84.84500002861023,1790848127.876,False,REJECTED,INSUFFICIENT_RESIDUAL_IMPROVEMENT,1.5789892157187704,2.3034177028874856,2.0012860783777504,2.0139124426563733,2.6167078595900466,1.5605904422491756,2.0139124426563733,2.6167078595900466,1.5605904422491756,0.0,0.0,0.0,6,6,5,0.0017967521768524897,0.001498711266777697,0.010192586682098255,,,
84.98000001907349,1790848128.011,False,REJECTED,INSUFFICIENT_RESIDUAL_IMPROVEMENT,1.5789892157187704,2.3034177028874856,2.0012860783777504,2.0139124426563733,2.6167078595900466,1.5605904422491756,2.0139124426563733,2.6167078595900466,1.5605904422491756,0.0,0.0,0.0,6,6,5,0.003107288182543577,0.0012805622897360536,0.00832009655956228,,,
85.125,1790848128.156,False,REJECTED,INSUFFICIENT_RESIDUAL_IMPROVEMENT,1.5789892157187704,2.3034177028874856,2.0012860783777504,2.0139124426563733,2.6167078595900466,1.5605904422491756,2.0139124426563733,2.6167078595900466,1.5605904422491756,0.0,0.0,0.0,6,6,5,0.0030033055053872992,0.001100123243196638,0.005785598023052091,,,
85.25999999046326,1790848128.291,True,XY_YAW,ACCEPTED,1.5789892157187704,2.3034177028874856,2.0012860783777504,2.0139124426563733,2.6167078595900466,1.5605904422491756,2.012420429803358,2.6197761478706307,1.5605904422491756,-0.0014920128530152565,0.0030682882805841416,0.0,6,6,5,0.0030682882805841416,0.0005115985767614184,0.009901827049106695,,,
85.40000009536743,1790848128.431,False,REJECTED,INSUFFICIENT_RESIDUAL_IMPROVEMENT,1.5789892157187704,2.3034177028874856,2.0012860783777504,2.012420429803358,2.6197761478706307,1.5605904422491756,2.012420429803358,2.6197761478706307,1.5605904422491756,0.0,0.0,0.0,6,6,5,0.001055369694439534,0.0008950201112121192,0.011967893327037158,,,
85.5400002002716,1790848128.571,True,XY_YAW,ACCEPTED,1.5832233538199425,2.3053620507248853,1.9991399501094407,2.017079415802457,2.6197285723223347,1.5584443139808657,2.0130283492759293,2.6159275125782164,1.5584443139808657,-0.004051066526527647,-0.0038010597441182625,0.0,6,6,5,0.004759535427203421,0.0009584756830851582,0.012161109563039016,,,
85.6800000667572,1790848128.711,True,XY_YAW,ACCEPTED,1.5986336711940956,2.31238900446717,1.9972248561465733,2.0299637689212595,2.615709517383522,1.5565292200179985,2.0153477976716374,2.6164486749972964,1.56525586627797,-0.014615971249622328,0.0007391576137742994,0.008726646259971646,6,6,5,0.0077169115576603,0.003138917038441491,0.006341339764548554,,,
85.82000017166138,1790848128.851,True,XY_YAW,ACCEPTED,1.6104606217611073,2.31776960573617,1.9953621863673159,2.0283410032113087,2.6163835632905594,1.5633931964987124,2.038849515349221,2.612386402997881,1.5633931964987124,0.010508512137912263,-0.003997160292678492,0.0,5,5,5,0.0092487846770557,0.0005993063705842516,0.006949198005055758,,0.011529565485685733,0.018782401700980778
85.96000003814697,1790848128.991,True,XY_YAW,ACCEPTED,1.611157609076098,2.3180847164897127,1.9953621863673159,2.039614403806946,2.6123807681513482,1.5633931964987124,2.0393488338975616,2.6154968370302747,1.5633931964987124,-0.00026556990938431113,0.003116068878926681,0.0,5,5,5,0.003927696888344379,0.0008116280094179196,0.0023067462588603673,,0.013023833796603768,0.011333014402448383
86.11400008201599,1790848129.145,False,REJECTED,INSUFFICIENT_RESIDUAL_IMPROVEMENT,1.6179659693538566,2.321710742845416,1.9933926439259195,2.0470498710511325,2.61593940178637,1.561423654057316,2.0470498710511325,2.61593940178637,1.561423654057316,0.0,0.0,0.0,5,5,5,0.002610351086004492,0.0018615614311547901,0.0067154830678726445,,0.014977296763183268,0.014977296763183268
86.24000000953674,1790848129.271,True,XY_YAW,ACCEPTED,1.636259893559871,2.3300145206527385,1.9918200618008095,2.0671398308786806,2.615821491412431,1.559851071932206,2.0456343273140654,2.612259404978406,1.5642143950621918,-0.021505503564615447,-0.0035620864340253355,0.004363323129985816,5,5,5,0.006841393533034257,0.0003349300808022093,0.005107957941612149,,0.02351001329394886,0.016274537484422646
86.38000011444092,1790848129.411,True,XY_YAW,ACCEPTED,1.664188340601883,2.3425819538959813,1.9944308610940091,2.076259762121529,2.6121135442378782,1.5668251943553915,2.067418184527591,2.621254734844797,1.5973684562652921,-0.008841577593937888,0.009141190606918537,0.030543261909900754,5,5,5,0.007710248351239901,0.0020078391984310606,0.006494913521160245,,0.01587221530203109,0.018279366557085508
86.52000021934509,1790848129.551,True,XY_YAW,ACCEPTED,1.688359236593017,2.353704305681078,1.9998509139870253,2.094009743651238,2.6221646280359177,1.6027885091583083,2.0991438130899915,2.6392862548499956,1.607151832288294,0.005134069438753386,0.017121626814077917,0.004363323129985816,6,6,6,0.009247999360595838,0.00019997266729365748,0.004409488760606987,,,
86.66000008583069,1790848129.691,True,XY_YAW,ACCEPTED,1.6923400651640523,2.355519861367181,2.0006753715346064,2.1035164022108153,2.6394402124473,1.6079762898358751,2.1345535248403933,2.623794401113279,1.5468897660160736,0.03103712262957814,-0.015645811334020987,-0.06108652381980154,5,5,5,0.02053073055737764,0.00692257695053522,0.0038954282217423947,,,
86.80000019073486,1790848129.831,True,XY_YAW,ACCEPTED,1.696511952862405,2.357432682059687,1.998385203403402,2.1391417180660772,2.62368479776874,1.5445995978848692,2.12552295119318,2.6241196142167764,1.6100494448346565,-0.013618766872897314,0.0004348164480363348,0.06544984694978734,6,6,5,0.01354276509019936,0.0022500859623921787,0.013512356100373607,,,
86.94000005722046,1790848129.971,False,REJECTED,INSUFFICIENT_RESIDUAL_IMPROVEMENT,1.7124219733528496,2.3642068108903165,1.9962477168700667,2.1428133340923208,2.624365037568202,1.6079119583013213,2.1428133340923208,2.624365037568202,1.6079119583013213,0.0,0.0,0.0,5,5,5,0.015272163429736807,0.017860559117395702,0.0038760723891919785,,,
87.08100008964539,1790848130.112,True,XY_YAW,ACCEPTED,1.7406641187880592,2.376796876383278,1.9992860060099986,2.173719794504249,2.6253238038100637,1.6109502474412531,2.1355486478615306,2.6259338398814007,1.6196768937012247,-0.038171146642718146,0.0006100360713372499,0.008726646259971646,5,5,5,0.03273444127718572,0.0029025544862570918,0.011756178457883022,,,
87.22000002861023,1790848130.251,True,XY_YAW,ACCEPTED,1.7741435325706543,2.3914347476947655,1.9993384151187392,2.17206881929114,2.6271235888086095,1.619729302809965,2.1610662591404246,2.6294426072489734,1.6371825953299084,-0.011002560150715546,0.0023190184403638625,0.017453292519943292,5,5,5,0.01519277804988306,0.005913501281127775,0.0030787869877177965,,,
87.36500000953674,1790848130.396,True,XY_YAW,ACCEPTED,1.798216324464334,2.402167182603582,2.004141153501573,2.1873799799397364,2.6309501105903568,1.6419853337127424,2.211704792591737,2.6323209509991194,1.5678088405029833,0.024324812652000483,0.0013708404087626747,-0.07417649320975901,4,4,4,0.020024933867274886,0.00430980675121273,0.0013458782530657715,,,
87.5,1790848130.531,False,REJECTED,AMBIGUOUS_JOINT_HYPOTHESIS,1.799056606263496,2.4027801043901036,2.007805417145256,2.2127253784696252,2.632521328353754,1.571473104146666,2.2127253784696252,2.632521328353754,1.571473104146666,0.0,0.0,0.0,5,5,4,0.021608351368237244,0.006787079963653353,0.00024480337106518035,,,
87.64200019836426,1790848130.673,False,REJECTED,AMBIGUOUS_JOINT_HYPOTHESIS,1.8043203594437753,2.403962087308833,2.006080153319296,2.217995486532472,2.6313680104578614,1.5697478403207061,2.217995486532472,2.6313680104578614,1.5697478403207061,0.0,0.0,0.0,5,5,4,0.018017420112173665,0.008381144586789957,0.0005825105484488537,,,
87.78000020980835,1790848130.811,False,REJECTED,INSUFFICIENT_RESIDUAL_IMPROVEMENT,1.827675783625416,2.401752934564323,2.003739485278383,2.2382290610450326,2.6194954093528966,1.567407172279793,2.2382290610450326,2.6194954093528966,1.567407172279793,0.0,0.0,0.0,4,4,4,0.011406663175788534,0.011705905767719016,0.004529988583719606,,,
87.92000007629395,1790848130.951,True,XY_YAW,ACCEPTED,1.8514263789369223,2.3977511935606617,2.0071641683052217,2.258063201695703,2.605831165013719,1.5708318553066316,2.2442128567036255,2.6285295424787467,1.5795585015666032,-0.013850344992077601,0.022698377465027675,0.008726646259971646,5,5,4,0.013713654697807831,0.004427367346753308,0.004962292065055093,,,
88.06000018119812,1790848131.091,True,XY_YAW,ACCEPTED,1.8538487812511715,2.3968685303208854,2.008156574240669,2.2460511145109976,2.6267217992446104,1.5805509075020503,2.2679712293487584,2.6165716497504317,1.6110941694119512,0.021920114837760685,-0.010150149494178695,0.030543261909900754,4,4,4,0.015939868513106026,0.008590370415977766,0.0012479537641167417,,,
88.20000004768372,1790848131.231,False,REJECTED,INSUFFICIENT_RESIDUAL_IMPROVEMENT,1.853994243025673,2.4014034251841894,2.009759684052503,2.269859067892055,2.6206974825370946,1.6126972792237857,2.269859067892055,2.6206974825370946,1.6126972792237857,0.0,0.0,0.0,4,4,4,0.012450668892044048,0.011146868903510354,0.0018711206608564464,,,
88.34000015258789,1790848131.371,True,XY_YAW,ACCEPTED,1.858931428992456,2.4285910389615157,2.01369877241236,2.2849258938563803,2.643860662446951,1.6166363675836426,2.280641368769441,2.61397580643321,1.6122730444536568,-0.00428452508693955,-0.029884856013741468,-0.00436332312998583,4,4,4,0.01166198537488905,0.007739994820092799,0.003876914380680642,,,
88.48000001907349,1790848131.511,False,REJECTED,AMBIGUOUS_JOINT_HYPOTHESIS,1.8714849687491077,2.466656480765766,2.015601632068242,2.307070316076065,2.6441101716071818,1.6141759041095387,2.307070316076065,2.6441101716071818,1.6141759041095387,0.0,0.0,0.0,4,4,4,0.0034503585557027483,0.004756825334471082,0.0006966877599146118,,,
88.625,1790848131.656,True,XY_YAW,ACCEPTED,1.895351807063351,2.50089492677726,2.0127607322787036,2.34241788322868,2.6663013106674356,1.6113350043200003,2.315977251302388,2.6446479937886034,1.6375149430999152,-0.026440631926292424,-0.02165331687883243,0.026179938779914924,5,5,4,0.025943655218654826,0.0027700581736589402,0.0060953711383076,,,
88.75999999046326,1790848131.791,True,XY_YAW,ACCEPTED,1.9305800279705048,2.5082827136121533,2.00612922883906,2.3514618398609213,2.638610534270509,1.6308834396602723,2.319801183579373,2.6415201465166396,1.6701533478301447,-0.03166065628154835,0.0029096122461305107,0.039269908169872414,4,4,4,0.013145427174424906,0.009508437571363548,0.0023889866786946587,,,
88.90000009536743,1790848131.931,False,REJECTED,INSUFFICIENT_RESIDUAL_IMPROVEMENT,1.9688099842244555,2.503820680561726,2.0108004482724215,2.354422574973245,2.624703531159367,1.6748245672635056,2.354422574973245,2.624703531159367,1.6748245672635056,0.0,0.0,0.0,5,5,4,0.005549586173696497,0.011782823291009548,0.0016975143980852286,,,
89.0400002002716,1790848132.071,False,REJECTED,NO_YAW_CONSENSUS,1.9768678608498993,2.5017928681183874,2.0109768732139814,2.36136137703009,2.620132489152105,1.6750009922050655,2.36136137703009,2.620132489152105,1.6750009922050655,0.0,0.0,0.0,4,0,0,,,,,,
89.1800000667572,1790848132.211,False,REJECTED,NO_YAW_CONSENSUS,1.9772874384037022,2.5016424482491604,2.0105994221639967,2.3617079035680932,2.6198521486106685,1.6746235411550807,2.3617079035680932,2.6198521486106685,1.6746235411550807,0.0,0.0,0.0,4,0,0,,,,,,
89.32000017166138,1790848132.351,True,XY_YAW,ACCEPTED,1.9772874384037022,2.5016424482491604,2.0105994221639967,2.3617079035680932,2.619852148610668,1.6746235411550807,2.3641045427984793,2.6158078604613664,1.7793432962747404,0.002396639230386244,-0.004044288149301911,0.10471975511965978,4,4,4,0.01355590364147663,0.010589288832281829,,,,
89.46000003814697,1790848132.491,False,REJECTED,INSUFFICIENT_RESIDUAL_IMPROVEMENT,1.9775676874999482,2.5016756583575916,1.9961714542529179,2.3643849432258026,2.6157759532896696,1.7649153283636616,2.3643849432258026,2.6157759532896696,1.7649153283636616,0.0,0.0,0.0,5,5,4,0.011212691747528702,0.012444752232459555,0.0029213283137723006,,,
89.60000014305115,1790848132.631,False,REJECTED,NO_YAW_CONSENSUS,1.9788064455541998,2.5020537200289863,1.9221241584234978,2.3656773765049386,2.6158600268487304,1.6908680325342416,2.3656773765049386,2.6158600268487304,1.6908680325342416,0.0,0.0,0.0,4,0,0,,,,,,
89.74000000953674,1790848132.771,True,XY_YAW,ACCEPTED,1.9794972479871884,2.5019518342574125,1.864563289452053,2.36632643700623,2.615602521164257,1.633307163562797,2.3634106268653117,2.62472163552483,1.7380269186824566,-0.002915810140918129,0.009119114360573333,0.10471975511965978,5,5,4,0.018011458617670284,0.009864677045008818,,,,
89.88499999046326,1790848132.916,True,XY_YAW,ACCEPTED,1.9794972479871884,2.5019518342574125,1.864563289452053,2.3634106268653117,2.62472163552483,1.7380269186824566,2.361259533835236,2.6273955587301794,1.6943936873825984,-0.002151093030075657,0.0026739232053489825,-0.043633231299858244,5,5,4,0.018099995794296664,0.007713759567191669,0.004366304656054722,,,
90.02000021934509,1790848133.051,False,REJECTED,INSUFFICIENT_RESIDUAL_IMPROVEMENT,1.9850287906324602,2.503039073739328,1.8628838328274233,2.3668953026720487,2.6275303301867323,1.6927142307579686,2.3668953026720487,2.6275303301867323,1.6927142307579686,0.0,0.0,0.0,4,4,4,0.009088092881700649,0.012367841161385118,0.0044915090779387885,,,
90.16200017929077,1790848133.193,True,XY_YAW,ACCEPTED,2.003357682903064,2.5078844218093077,1.8614028591321972,2.385780010796792,2.6292017035232162,1.6912332570627424,2.3707743607095546,2.6206921644265706,1.7086865495826857,-0.015005650087237199,-0.008509539096645646,0.017453292519943292,5,5,4,0.023823950135213767,0.015595215218558223,0.004472073941712961,,,
90.30000019073486,1790848133.331,False,REJECTED,AMBIGUOUS_JOINT_HYPOTHESIS,2.024594863854868,2.514219392399299,1.8654946117937836,2.39272807013072,2.623722733648147,1.7127783022442722,2.39272807013072,2.623722733648147,1.7127783022442722,0.0,0.0,0.0,5,5,4,0.017466423263677866,0.014367426332484001,0.0005293871175431307,,,
90.44000005722046,1790848133.471,False,REJECTED,INSUFFICIENT_RESIDUAL_IMPROVEMENT,2.029529234505393,2.515577408263823,1.8482268273714182,2.397811598131892,2.6243143110871725,1.6955105178219068,2.397811598131892,2.6243143110871725,1.6955105178219068,0.0,0.0,0.0,4,4,4,0.014169647285057207,0.015025118461372111,0.0018673040145775893,,,
90.58000016212463,1790848133.611,False,REJECTED,INSUFFICIENT_RESIDUAL_IMPROVEMENT,2.031395670633965,2.514784473731763,1.7756285025306004,2.399535687877075,2.6232466765313776,1.622912192981089,2.399535687877075,2.6232466765313776,1.622912192981089,0.0,0.0,0.0,5,5,4,0.003052276235897433,0.012780861960472789,0.005408286090773498,,,
90.72000002861023,1790848133.751,False,REJECTED,INSUFFICIENT_RESIDUAL_IMPROVEMENT,2.032283743236004,2.5142003378474866,1.7036411032854113,2.4003245639267194,2.622534242495072,1.5509247937358999,2.4003245639267194,2.622534242495072,1.5509247937358999,0.0,0.0,0.0,6,6,4,0.012598626054425743,0.01141271941519606,0.0019899898838110844,,,
90.8600001335144,1790848133.891,True,XY_YAW,ACCEPTED,2.0382959879164964,2.514637855708917,1.7037632466050467,2.406333391859032,2.6220520652900525,1.5510469370555353,2.4099233544179617,2.6330075264668933,1.555410260185521,0.003589962558929516,0.010955461176840986,0.004363323129985816,5,5,4,0.010548032598847401,0.005069533873889975,0.0024132275646826552,,,
91.00100016593933,1790848134.032,True,XY_YAW,ACCEPTED,2.0594061391524967,2.5177066645665938,1.7030609575505098,2.4312552276984576,2.6329223480857107,1.5547079711309841,2.411523232176318,2.602295523377105,1.4630781854012818,-0.019731995522139334,-0.030626824708605893,-0.0916297857297023,6,6,4,0.021298988335476388,0.0036970516558856303,0.0017054876489033255,,,
91.14500021934509,1790848134.176,False,REJECTED,AMBIGUOUS_JOINT_HYPOTHESIS,2.090661663444556,2.5218926636871144,1.7007707937530463,2.4428779907715032,2.5989325632455875,1.4607880216038183,2.4428779907715032,2.5989325632455875,1.4607880216038183,0.0,0.0,0.0,4,4,4,0.015398237162393302,0.012319123727125847,0.00029946353274679094,,,
91.28000020980835,1790848134.311,False,REJECTED,AMBIGUOUS_JOINT_HYPOTHESIS,2.1109384437912593,2.5239876913697854,1.7032441753616003,2.4630716390868224,2.5961480471409812,1.463261403212372,2.4630716390868224,2.5961480471409812,1.463261403212372,0.0,0.0,0.0,5,5,4,0.010397804078711825,0.010817132094028015,0.0009811825258487332,,,
91.42000007629395,1790848134.451,False,REJECTED,AMBIGUOUS_JOINT_HYPOTHESIS,2.112664706197227,2.5240795939674925,1.7056259352789949,2.464770274336219,2.5958270077801076,1.4656431631297666,2.464770274336219,2.5958270077801076,1.4656431631297666,0.0,0.0,0.0,4,4,4,0.011518978775939659,0.012450333532192603,0.0005758604542829768,,,
91.56000018119812,1790848134.591,True,XY_YAW,ACCEPTED,2.1176993555512134,2.5245979558472245,1.7026945320849427,2.4697838483664363,2.595133849357027,1.4627117599357145,2.4820839501680734,2.6238176263336275,1.5674315150553741,0.012300101801636876,0.028683776976600628,0.10471975511965978,4,4,4,0.01644329029234526,0.008547274890000844,0.004924847730956172,,,
91.70000004768372,1790848134.731,True,XY_YAW,ACCEPTED,2.136992663925566,2.5268400859160023,1.700946876697271,2.5015033848095576,2.623437555973945,1.5656838596677023,2.4825567195036706,2.6238868523308225,1.5656838596677023,-0.018946665305887178,0.0004492963568771824,0.0,4,4,4,0.017119190437887122,0.008284329472662,0.0064452009516913315,,,
91.84000015258789,1790848134.871,True,XY_YAW,ACCEPTED,2.1553578051211004,2.5292409219091274,1.7052219249913991,2.5010778665821283,2.6237892024668032,1.5699589079618304,2.489756426375898,2.6233008259571737,1.5699589079618304,-0.011321440206230382,-0.0004883765096295178,0.0,4,4,4,0.014795095522461388,0.010888591164560202,0.0027553852088134413,,,
91.98000001907349,1790848135.011,False,REJECTED,AMBIGUOUS_JOINT_HYPOTHESIS,2.156961057064909,2.5296580362785823,1.707213813869659,2.491401282312689,2.623497930345091,1.5719507968400903,2.491401282312689,2.623497930345091,1.5719507968400903,0.0,0.0,0.0,4,4,4,0.018376049041266773,0.010390714167010096,0.00046436787381335873,,,
92.12000012397766,1790848135.151,False,REJECTED,AMBIGUOUS_JOINT_HYPOTHESIS,2.1604435004134777,2.5309493508051744,1.707213813869659,2.495026051631554,2.624307839147111,1.5719507968400903,2.495026051631554,2.624307839147111,1.5719507968400903,0.0,0.0,0.0,4,4,4,0.02166910010759815,0.007637489435175393,0.0005224202419247537,,,
92.26100015640259,1790848135.292,False,REJECTED,AMBIGUOUS_JOINT_HYPOTHESIS,2.176105259169451,2.532607239900053,1.707580256884622,2.5107683221626838,2.62383858217491,1.5723172398550531,2.5107683221626838,2.62383858217491,1.5723172398550531,0.0,0.0,0.0,4,4,4,0.01479458231184494,0.008122758917868955,0.00013394101076352402,,,
92.40500020980835,1790848135.436,False,REJECTED,INSUFFICIENT_RESIDUAL_IMPROVEMENT,2.20401857652569,2.5362058066844537,1.7094429114950511,2.538911946492447,2.6236401424685267,1.5741798944654826,2.538911946492447,2.6236401424685267,1.5741798944654826,0.0,0.0,0.0,4,4,4,0.014894961845846932,0.014211886228885584,0.0016662845995538862,,,
92.5400002002716,1790848135.571,False,REJECTED,AMBIGUOUS_JOINT_HYPOTHESIS,2.2207444746086895,2.539027429890411,1.7106643248686595,2.5558655670202652,2.6241804897624292,1.5754013078390907,2.5558655670202652,2.6241804897624292,1.5754013078390907,0.0,0.0,0.0,4,4,4,0.014396025618217845,0.01161203984991066,0.00016411766246846385,,,
92.68400001525879,1790848135.715,False,REJECTED,AMBIGUOUS_JOINT_HYPOTHESIS,2.221469767990164,2.539271134039925,1.7096719114850434,2.556617099228842,2.6243241614060215,1.5744088944554746,2.556617099228842,2.6243241614060215,1.5744088944554746,0.0,0.0,0.0,4,4,4,0.01486381052471697,0.009495691667305017,0.0003484788198464539,,,
92.82000017166138,1790848135.851,False,REJECTED,AMBIGUOUS_JOINT_HYPOTHESIS,2.2170327908652894,2.538806278677341,1.7087512727155256,2.5521579637302314,2.624461882572912,1.5734882556859568,2.5521579637302314,2.624461882572912,1.5734882556859568,0.0,0.0,0.0,4,4,4,0.022691930995440313,0.008664251492630282,0.0005126336099996465,,,
92.9610002040863,1790848135.992,False,REJECTED,AMBIGUOUS_JOINT_HYPOTHESIS,2.198940098084506,2.5323939195168648,1.7149850812199579,2.5333658188638157,2.620547911011645,1.5797220641903893,2.5333658188638157,2.620547911011645,1.5797220641903893,0.0,0.0,0.0,5,5,4,0.032290108781806603,0.005815294236557689,0.00048785321609546434,,,
93.1010000705719,1790848136.132,False,REJECTED,AMBIGUOUS_JOINT_HYPOTHESIS,2.169074444250446,2.5252265237718152,1.7213975206938967,2.5028064309926235,2.6174733941975554,1.5861345036643282,2.5028064309926235,2.6174733941975554,1.5861345036643282,0.0,0.0,0.0,4,4,4,0.03619938468041706,0.011843621946211469,0.0008948756636553944,,,
93.24000000953674,1790848136.271,True,XY_YAW,ACCEPTED,2.132954072079096,2.5147592020337615,1.7289076480242607,2.4656044579332597,2.611972547839481,1.593644630994692,2.529654551516719,2.6196488888845844,1.6067346003846494,0.06405009358345926,0.007676341045103063,0.013089969389957462,4,4,4,0.03860319001396639,0.013213714359739948,0.0011500358420597837,,,
93.38100004196167,1790848136.412,False,REJECTED,AMBIGUOUS_JOINT_HYPOTHESIS,2.0922501045429245,2.502708466460845,1.7328636038439853,2.4877853699503385,2.612648543464857,1.610690556204374,2.4877853699503385,2.612648543464857,1.610690556204374,0.0,0.0,0.0,4,4,2,0.01958928285918704,0.019589282859187263,0.0009003803283922709,,,
93.52000021934509,1790848136.551,False,REJECTED,AMBIGUOUS_JOINT_HYPOTHESIS,2.049880740118579,2.4927502650118463,1.7374133926326838,2.4445182208713803,2.6079280955622726,1.6152403449930726,2.4445182208713803,2.6079280955622726,1.6152403449930726,0.0,0.0,0.0,4,4,4,0.02648466841800934,0.01388971118242055,0.00024284232968490443,,,
93.6650002002716,1790848136.696,False,REJECTED,AMBIGUOUS_JOINT_HYPOTHESIS,2.004187224337451,2.4836401790856573,1.7392455159971154,2.3980550574376704,2.604454553601231,1.6170724683575042,2.3980550574376704,2.604454553601231,1.6170724683575042,0.0,0.0,0.0,4,4,4,0.02598081978363509,0.013747040142294775,7.014336204899316e-05,,,
93.80000019073486,1790848136.831,False,REJECTED,AMBIGUOUS_JOINT_HYPOTHESIS,1.9599433047423995,2.475679784522875,1.735581264937245,2.353170797251462,2.601945472043115,1.6134082172976338,2.353170797251462,2.601945472043115,1.6134082172976338,0.0,0.0,0.0,4,4,4,0.024542121606230483,0.013336931947464103,0.00022722202295509183,,,
93.94000005722046,1790848136.971,False,REJECTED,AMBIGUOUS_JOINT_HYPOTHESIS,1.913229439101199,2.4678789473531877,1.732054423867484,2.3058544467771185,2.5998957692643705,1.6098813762278728,2.3058544467771185,2.5998957692643705,1.6098813762278728,0.0,0.0,0.0,4,4,4,0.025450316060026568,0.012248883436425384,0.00023775336711610862,,,
94.08000016212463,1790848137.111,False,REJECTED,AMBIGUOUS_JOINT_HYPOTHESIS,1.8670139619504533,2.4607422812578164,1.7319017458464472,2.2591137119737335,2.598444548651378,1.6097286982068357,2.2591137119737335,2.598444548651378,1.6097286982068357,0.0,0.0,0.0,4,4,4,0.022453063715989208,0.012828403650481102,8.092164231815122e-05,,,
94.22000002861023,1790848137.251,False,REJECTED,INSUFFICIENT_RESIDUAL_IMPROVEMENT,1.8217373650026363,2.4533135039881646,1.7322834390789739,2.213269259705607,2.5965889735026355,1.6101103914393624,2.213269259705607,2.5965889735026355,1.6101103914393624,0.0,0.0,0.0,4,4,4,0.01728697949441993,0.01871719576102615,0.0015966117896655946,,,
94.3600001335144,1790848137.391,False,REJECTED,INSUFFICIENT_RESIDUAL_IMPROVEMENT,1.7757813890335292,2.4450997664414027,1.7322834390789739,2.1666548298108226,2.594037084526904,1.6101103914393624,2.1666548298108226,2.594037084526904,1.6101103914393624,0.0,0.0,0.0,4,4,2,0.012122464108448083,0.010164422493410541,0.0016621022198196299,,,
94.5,1790848137.531,False,REJECTED,AMBIGUOUS_JOINT_HYPOTHESIS,1.730200117713551,2.4374378355294564,1.7317490679051653,2.1204795598858044,2.5919872240934474,1.6095760202655538,2.1204795598858044,2.5919872240934474,1.6095760202655538,0.0,0.0,0.0,4,4,4,0.033649395078314326,0.011778661186775397,0.00029049804373573046,,,
94.64000010490417,1790848137.671,False,REJECTED,AMBIGUOUS_JOINT_HYPOTHESIS,1.6843345040478144,2.4300571352543,1.7320544282916488,2.0740563404528065,2.5902511506612402,1.6098813806520373,2.0740563404528065,2.5902511506612402,1.6098813806520373,0.0,0.0,0.0,5,5,4,0.030830706405228003,0.013091958264437542,0.0009834249898107751,,,
94.78000020980835,1790848137.811,True,X_ONLY,ACCEPTED,1.6382715190965371,2.4225499475939256,1.73281138899105,2.027421805975315,2.5884135861705806,1.6106383413514382,2.088226980053606,2.5884135861705806,1.5713684331815658,0.060805174078291335,0.0,-0.03926990816987243,5,5,2,0.060886059633430856,0.015541148531287963,0.0028146947639352757,0.10152091396454621,0.023068926355757302,0.006484868233518792
94.92500019073486,1790848137.956,True,XY_YAW,ACCEPTED,1.591499048549692,2.415045053663164,1.7339018295244304,2.040856365663809,2.5885246100448276,1.5724588737149465,2.0273305193363407,2.5846006241408643,1.581185519974918,-0.01352584632746806,-0.003923985903963256,0.008726646259971646,6,6,4,0.005399300831176901,0.0017466139469144437,0.009348817042791778,0.1205244395023437,0.009531341021596473,0.017915405224150138
95.06000018119812,1790848138.091,True,XY_YAW,ACCEPTED,1.5478537507146282,2.40767372458192,1.7326804165493632,1.9830718353027028,2.58395455669391,1.5799641069998507,1.9909834233138617,2.583637841193295,1.5712374607398791,0.007911588011158877,-0.0003167155006147393,-0.00872664625997166,5,5,5,0.0036123418165572296,0.0012919336383685476,0.01184840999594607,0.15003990635654518,0.0215671704881647,0.022553707946502688
95.2020001411438,1790848138.233,False,REJECTED,AMBIGUOUS_JOINT_HYPOTHESIS,1.5009785570953325,2.399979406065966,1.7308398226535704,1.9434809730309819,2.5835784156604324,1.5693968668440863,1.9434809730309819,2.5835784156604324,1.5693968668440863,0.0,0.0,0.0,8,8,5,0.008385236332670853,0.0064651511626681035,0.0008096974768313989,0.13775942945766007,0.03651828685073544,0.03651828685073544
95.34000015258789,1790848138.371,True,XY_YAW,ACCEPTED,1.4682917318770436,2.395295864118027,1.7292691322310167,1.9104663507573167,2.584209940922216,1.5678261764215329,1.8945720504086774,2.5807438402197804,1.5721894995515187,-0.015894300348639423,-0.0034661007024356927,0.004363323129985816,6,6,4,0.010921160907254368,0.0011212740011139477,0.01702168009547269,0.13948854207455907,0.029346555720660028,0.03870037261389525
95.48100018501282,1790848138.512,True,XY_YAW,ACCEPTED,1.463805921981747,2.3948158087917513,1.7341461356794672,1.8900663710788108,2.5809714304424216,1.577066502999969,1.877998427365141,2.563932272257377,1.5596132104800258,-0.01206794371366976,-0.017039158185044645,-0.017453292519943306,6,6,5,0.00849614476531002,0.004450996210009439,0.004560918943287005,0.11079506504425174,0.013645033560788944,0.030049616025837445
95.62000012397766,1790848138.651,True,XY_YAW,ACCEPTED,1.463805921981747,2.3948158087917513,1.7341461356794672,1.877998427365141,2.5639322722573774,1.5596132104800258,1.8499498318843552,2.573389693321284,1.6076097649098697,-0.028048595480785865,0.00945742106390668,0.047996554429844046,7,7,5,0.022503884174785438,0.006272422743293982,0.0038277792183316253,0.09763395976546385,0.026177977537534813,0.022063943788494855
95.75999999046326,1790848138.791,False,REJECTED,INSUFFICIENT_RESIDUAL_IMPROVEMENT,1.463805921981747,2.3948158087917513,1.7341461356794672,1.8499498318843552,2.5733896933212845,1.6076097649098697,1.8499498318843552,2.5733896933212845,1.6076097649098697,0.0,0.0,0.0,8,8,5,0.006510149069740123,0.009199788600478653,0.0031397872960345907,0.10279454576701941,0.02272644355227582,0.02272644355227582
95.90000009536743,1790848138.931,False,REJECTED,AMBIGUOUS_JOINT_HYPOTHESIS,1.463805921981747,2.3948158087917513,1.7341461356794672,1.8499498318843552,2.573389693321285,1.6076097649098697,1.8499498318843552,2.573389693321285,1.6076097649098697,0.0,0.0,0.0,6,6,5,0.012511726098103804,0.007980142438317017,0.00039080701884196267,0.10310070664513105,0.023325811964237664,0.023325811964237664
96.0400002002716,1790848139.071,True,XY_YAW,ACCEPTED,1.463805921981747,2.3948158087917513,1.7341461356794672,1.8499498318843552,2.5733896933212854,1.6076097649098697,1.8663061747670404,2.570890740653252,1.572703179869983,0.01635634288268517,-0.0024989526680334606,-0.0349065850398866,6,6,5,0.01352884643752228,0.0065273932339349194,0.00476643379812851,0.10053436739407595,0.02474183482504766,0.021218429546387974
96.1930000782013,1790848139.224,True,XY_YAW,ACCEPTED,1.463805921981747,2.3948158087917513,1.7341461356794672,1.8663061747670404,2.5708907406532524,1.572703179869983,1.8525343437520148,2.5774640814976797,1.598883118649898,-0.013771831015025549,0.006573340844427289,0.026179938779914924,7,7,5,0.01846224986154521,0.007081632747798938,0.00908962967797982,0.09709645245966048,0.019491538366557704,0.017440008367283877
96.32000017166138,1790848139.351,True,XY_YAW,ACCEPTED,1.463805921981747,2.3948158087917513,1.7341461356794672,1.8525343437520148,2.57746408149768,1.598883118649898,1.8616952136364837,2.581574242643157,1.5901564723899262,0.009160869884468847,0.004110161145476909,-0.00872664625997166,6,6,4,0.008650405394121652,0.001952507644476853,0.003508804007395441,0.1038016530969299,0.021602109562359306,0.015546835082405952
96.4610002040863,1790848139.492,False,REJECTED,INSUFFICIENT_RESIDUAL_IMPROVEMENT,1.4637386921933948,2.394722017672223,1.7341461356794672,1.8616152212495447,2.5814910691102515,1.5901564723899262,1.8616152212495447,2.5814910691102515,1.5901564723899262,0.0,0.0,0.0,6,6,4,0.002345802000443875,0.003115000781570121,0.0021850058869551554,0.10310585596884358,0.014359395249778917,0.014359395249778917
96.60000014305115,1790848139.631,True,XY_YAW,ACCEPTED,1.4642327457012876,2.3873661332424794,1.7341461356794672,1.861048646844906,2.5741404148498184,1.5901564723899262,1.8600677781526314,2.5784469336845923,1.594519795519912,-0.0009808686922744836,0.004306518834773954,0.004363323129985816,6,6,5,0.006409526205684912,0.003006022209191883,0.011518702128574195,0.10422380524582175,0.01966604546121231,0.017611422596035764
96.74000000953674,1790848139.771,True,XY_YAW,ACCEPTED,1.4682768598265186,2.362437194211359,1.733764442909763,1.8606030974885885,2.5531977694710237,1.5941381027502077,1.8677589076282441,2.5659867955616287,1.5679581639702929,0.007155810139655661,0.012789026090604949,-0.026179938779914952,6,6,5,0.010342646223030938,0.007547014050406808,0.004620173348251055,0.09698946311610124,0.025323695057302142,0.02295861737861271
96.88000011444092,1790848139.911,True,XY_YAW,ACCEPTED,1.4720522435174663,2.3428382044434226,1.739428783263812,1.8682477478644184,2.5460334761094403,1.573622504324342,1.8654358415765226,2.540000986678001,1.5779858274543277,-0.0028119062878956824,-0.006032489431439192,0.004363323129985816,6,6,5,0.008147142694749476,0.005547005425645901,0.0016336115525971435,0.10334653511732705,0.02252350882361842,0.023484953073333648
97.02000021934509,1790848140.051,True,XY_YAW,ACCEPTED,1.4720365220435223,2.341385044974768,1.7419937597673334,1.86518673995764,2.538569250672464,1.580550803957849,1.863660353340567,2.5259337047097357,1.61109406586775,-0.001526386617073161,-0.012635545962728312,0.030543261909900754,7,7,5,0.012144234373522078,0.0004759910924239108,0.014953188670303253,0.08559520840922974,0.00681880390741707,0.008598014648397045
97.16000008583069,1790848140.191,True,XY_YAW,ACCEPTED,1.4661598967320895,2.3409841935140356,1.7480426932402815,1.8577816817585122,2.5263033361138234,1.617142999340698,1.8670052918485622,2.522149529326388,1.6040530299507405,0.009223610090050016,-0.004153806787435599,-0.013089969389957476,7,7,6,0.012192354266483019,0.00563975284086482,0.0042647239024407,0.08862550591604035,0.01134794968289965,0.01155755164658534
97.30000019073486,1790848140.331,False,REJECTED,AMBIGUOUS_JOINT_HYPOTHESIS,1.4547246756412595,2.3395323728644213,1.7510170100551805,1.8554800838857586,2.522353602864456,1.6070273467656395,1.8554800838857586,2.522353602864456,1.6070273467656395,0.0,0.0,0.0,7,7,6,0.008602997789171618,0.004529437920321011,0.0009606723017779543,0.09727413634569326,0.015129439800316113,0.015129439800316113
97.44500017166138,1790848140.476,False,REJECTED,INSUFFICIENT_RESIDUAL_IMPROVEMENT,1.4541225372304944,2.3397077914300937,1.7510170100551805,1.8549093480424221,2.52261360851061,1.6070273467656395,1.8549093480424221,2.52261360851061,1.6070273467656395,0.0,0.0,0.0,6,6,5,0.0037164200729922214,0.0061136191106834215,0.0032315884223415095,0.0959737860549148,0.013945012773248555,0.013945012773248555
97.58000016212463,1790848140.611,False,REJECTED,INSUFFICIENT_RESIDUAL_IMPROVEMENT,1.4541225372304944,2.3397077914300937,1.7510170100551805,1.8549093480424221,2.5226136085106097,1.6070273467656395,1.8549093480424221,2.5226136085106097,1.6070273467656395,0.0,0.0,0.0,7,7,5,0.0021137363247225593,0.00041156179709411767,0.015286070073710625,0.08800189029726369,0.013740007984961,0.013740007984961
97.7240002155304,1790848140.755,False,REJECTED,INSUFFICIENT_RESIDUAL_IMPROVEMENT,1.4544885073952525,2.3379551343761045,1.750742185666914,1.855020037567381,2.5208265750079977,1.606752522377373,1.855020037567381,2.5208265750079977,1.606752522377373,0.0,0.0,0.0,6,6,5,0.0032812985904073777,0.006113034807884388,0.004350363725626907,0.09234735304794528,0.01399824839637498,0.01399824839637498
97.86199998855591,1790848140.893,True,XY_YAW,ACCEPTED,1.4582418179331635,2.3182660517849896,1.7517040456015112,1.8559092684607894,2.500802674746262,1.6077143823119702,1.856882903390431,2.5184738575336367,1.5989877360519986,0.0009736349296416424,0.017671182787374562,-0.00872664625997166,7,7,6,0.01001250522198166,0.006404600927920279,0.004195491091939663,0.09671796446876701,0.025232744085645464,0.01875124994715316
98.0,1790848141.031,False,REJECTED,INSUFFICIENT_RESIDUAL_IMPROVEMENT,1.468068554894234,2.292287796531664,1.7518567345303586,1.862643371819802,2.4913030734304273,1.599140424980846,1.862643371819802,2.4913030734304273,1.599140424980846,0.0,0.0,0.0,7,7,6,0.005869859581887349,0.005042022723085182,0.002253170814778889,0.10027186959188694,0.02826641572803501,0.02826641572803501
98.14000010490417,1790848141.171,True,X_ONLY,ACCEPTED,1.472157643491316,2.279933360129906,1.750711657309694,1.8648054709021469,2.4784703780035895,1.5979953477601812,1.8596331012748013,2.4784703780035895,1.6372652559300536,-0.005172369627345574,0.0,0.039269908169872414,7,7,3,0.012679872804479686,0.0004515000931624158,0.004427383264681652,0.0978234528441626,0.029803776882153965,0.01876401317431764
98.28000020980835,1790848141.311,False,REJECTED,INSUFFICIENT_RESIDUAL_IMPROVEMENT,1.4748734224378013,2.260654093948042,1.7522384221879332,1.8601489479113942,2.4590076068225666,1.6387920208082931,1.8601489479113942,2.4590076068225666,1.6387920208082931,0.0,0.0,0.0,7,7,6,0.002361055776277654,0.005030601248206867,0.00787598365948726,0.18017150931073211,0.01731209491665564,0.01731209491665564
98.42000007629395,1790848141.451,False,REJECTED,INSUFFICIENT_RESIDUAL_IMPROVEMENT,1.4774371373749084,2.246359123700806,1.7526048483518089,1.8610779463461775,2.4445143059371133,1.6391584469721685,1.8610779463461775,2.4445143059371133,1.6391584469721685,0.0,0.0,0.0,7,7,4,0.0020238853527225764,0.0007391306676092224,0.006824185774057327,0.18164187606178173,0.02165231290765446,0.02165231290765446
98.56000018119812,1790848141.591,True,XY_YAW,ACCEPTED,1.473868177304977,2.244193560756136,1.7574905372487606,1.857286779381707,2.442766681293319,1.6440441358691202,1.8689255849184083,2.421375354965495,1.6222275202191911,0.01163880553670138,-0.021391326327823812,-0.021816615649929122,7,7,6,0.00873140037719633,0.0050329811178200234,0.004514505242116974,0.09361487689350634,0.008545996675064726,0.02115135782384714
98.70600008964539,1790848141.737,True,XY_YAW,ACCEPTED,1.4562179848523589,2.241003625867689,1.7630632634542844,1.8510064454475736,2.4205947021413943,1.6278002464247148,1.859924552089798,2.4252189199815195,1.6496168620746439,0.008918106642224366,0.004624217840125233,0.021816615649929122,7,7,6,0.01193317261847604,0.00081404480936631,0.007998344621390732,0.09908603034487395,0.0195048015143644,0.010703604566830727
98.84000015258789,1790848141.871,False,REJECTED,INSUFFICIENT_RESIDUAL_IMPROVEMENT,1.4406727241268407,2.2377123524235008,1.7663152955993473,1.8441066358124976,2.4237085767910274,1.6528688942197067,1.8441066358124976,2.4237085767910274,1.6528688942197067,0.0,0.0,0.0,7,7,6,0.0038663288483895553,0.0033333000209181396,0.009938131424055582,0.10292422181688843,0.013024372202850465,0.013024372202850465
98.98100018501282,1790848142.012,True,XY_YAW,ACCEPTED,1.4397545530087454,2.2376637553248995,1.76709394825158,1.8431888654831217,2.4237642320029464,1.6536475468719394,1.833298746827741,2.423700898120686,1.6405575774819818,-0.009890118655380586,-6.333388226043013e-05,-0.013089969389957476,7,7,6,0.011719036957200224,0.0022801678615127496,0.008543543578632207,0.10366454692580951,0.015188564621534395,0.02143268812842014
99.12000012397766,1790848142.151,True,XY_YAW,ACCEPTED,1.4382386147546786,2.231087367489148,1.76709394825158,1.8309649952107887,2.417368398681544,1.6405575774819818,1.8260739223509694,2.4170720935014067,1.662374193131911,-0.004891072859819268,-0.00029630518013723517,0.021816615649929122,7,7,6,0.005923902650328383,0.0017031186711540247,0.002074914988516849,0.09432750309318094,0.014463566389342652,0.014263985958399505
99.25999999046326,1790848142.291,True,XY_YAW,ACCEPTED,1.4341686855437565,2.2082367140316546,1.7658267233252416,1.819637744947535,2.3947720417604823,1.6611069682055726,1.8238596208849756,2.399889013354417,1.6611069682055726,0.004221875937440611,0.005116971593934705,0.0,6,6,5,0.009051547568516227,0.004829671631075616,0.009191813881316582,0.10752713920037626,0.028463619410442176,0.02379419564475449
99.40000009536743,1790848142.431,False,REJECTED,INSUFFICIENT_RESIDUAL_IMPROVEMENT,1.4340984296317372,2.1843455018769076,1.7692484449885435,1.821292438150056,2.3761360235021516,1.6645286898688745,1.821292438150056,2.3761360235021516,1.6645286898688745,0.0,0.0,0.0,6,6,5,0.001874142009338331,0.002513466753923055,0.012626170453100884,0.10592284596398027,0.03427641986460528,0.03427641986460528
99.5400002002716,1790848142.571,False,REJECTED,INSUFFICIENT_RESIDUAL_IMPROVEMENT,1.4346131482770124,2.177959587783135,1.761200548373069,1.8211368273259552,2.3697312893649483,1.6564807932534,1.8211368273259552,2.3697312893649483,1.6564807932534,0.0,0.0,0.0,6,6,6,0.003414326850203153,0.005080099341247868,0.0027241497039463616,0.14553179608395161,0.030668115629697512,0.030668115629697512
99.6800000667572,1790848142.711,True,XY_YAW,ACCEPTED,1.435179846087038,2.178166683447351,1.7328178278924122,1.8217220680976127,2.3698780144862277,1.6280980727727432,1.818760812081449,2.350920272061293,1.6630046578126298,-0.0029612560161638157,-0.018957742424934698,0.034906585039886584,6,6,6,0.012219239618410871,0.0017919197550007038,0.005210208303700704,0.13017251437303257,0.016592217678988552,0.027884339754750243
99.82000017166138,1790848142.851,True,XY_YAW,ACCEPTED,1.4353790534358486,2.178135798317929,1.73090935167735,1.8189573797334502,2.350875566164296,1.6610961815975676,1.819147730066791,2.3470674717178506,1.6130996271677236,0.00019035033334091622,-0.003808094446445476,-0.04799655442984407,6,6,6,0.015008371023193412,0.0035819001639140202,0.0021405847640871972,0.12816228437353883,0.02714050126941392,0.025577217306848032
99.96900010108948,1790848143.0,False,REJECTED,INSUFFICIENT_RESIDUAL_IMPROVEMENT,1.4364914452121065,2.1710398266655484,1.7311078324047882,1.8194183692111132,2.339889938464091,1.6132981078951618,1.8194183692111132,2.339889938464091,1.6132981078951618,0.0,0.0,0.0,6,6,6,0.0016796696370757758,0.0029282292265508936,0.009357162043891082,0.13755066785852188,0.03087864486123859,0.03087864486123859
100.10000014305115,1790848143.131,False,REJECTED,INSUFFICIENT_RESIDUAL_IMPROVEMENT,1.44012724556208,2.149187032172553,1.7254914401851984,1.8204604472625696,2.317761275045967,1.607681715675572,1.8204604472625696,2.317761275045967,1.607681715675572,0.0,0.0,0.0,6,6,6,0.0011098781394061064,0.00187173647642358,0.0075473051016831435,0.15131328366554797,0.04247941839648006,0.04247941839648006
100.24400019645691,1790848143.275,False,REJECTED,INSUFFICIENT_RESIDUAL_IMPROVEMENT,1.4460083829257924,2.1162367395481505,1.7116872654690842,1.8224279276289443,2.2843481252134152,1.5938775409594579,1.8224279276289443,2.2843481252134152,1.5938775409594579,0.0,0.0,0.0,5,5,3,0.0030392537806260833,0.0012627567669145634,0.002210199841661248,0.14875017332601137,0.062411295991111504,0.062411295991111504
100.38000011444092,1790848143.411,True,XY_YAW,ACCEPTED,1.450347639836108,2.0907757466710764,1.711504068252418,1.8237444879537388,2.2585535913402994,1.5936943437427917,1.8189428345055987,2.295882654666351,1.5675144049628769,-0.004801653448139986,0.03732906332605168,-0.026179938779914952,5,5,4,0.014664875310245795,0.008978602198491337,0.006106330761815293,0.10273406517756933,0.020252865941331577,0.00966226685204885
100.52000021934509,1790848143.551,False,REJECTED,INSUFFICIENT_RESIDUAL_IMPROVEMENT,1.4512397058293849,2.08649556979048,1.7133250766543493,1.819211495049797,2.291518766792271,1.569335413364808,1.819211495049797,2.291518766792271,1.569335413364808,0.0,0.0,0.0,5,5,2,0.003904003709648274,0.004983484013080908,0.0026309339136963705,0.119188671160814,0.01104082842894094,0.01104082842894094
100.66000008583069,1790848143.691,False,REJECTED,INSUFFICIENT_RESIDUAL_IMPROVEMENT,1.451590951818292,2.079948121270286,1.7145423526666745,1.8186195955743187,2.284988674076219,1.570552689377133,1.8186195955743187,2.284988674076219,1.570552689377133,0.0,0.0,0.0,5,5,2,0.0050412034970882535,0.006283891181502965,0.0011867441696037963,0.11785224507483094,0.01149050751898617,0.01149050751898617
100.80000019073486,1790848143.831,False,REJECTED,INSUFFICIENT_RESIDUAL_IMPROVEMENT,1.455262632647443,2.057719808805499,1.719351694842644,1.8190636807608354,2.2624635347094912,1.5753620315531025,1.8190636807608354,2.2624635347094912,1.5753620315531025,0.0,0.0,0.0,6,6,4,0.004634369915649472,0.00931407882825841,0.004815293815063897,0.12920261395310706,0.008659128321204967,0.008659128321204967
100.94000005722046,1790848143.971,False,REJECTED,INSUFFICIENT_RESIDUAL_IMPROVEMENT,1.4584432685401747,2.040922675799476,1.7257976524494638,1.819801136826077,2.245383830951639,1.5818079891599224,1.819801136826077,2.245383830951639,1.5818079891599224,0.0,0.0,0.0,5,5,2,0.003216305149324361,0.007849430843704597,0.011086788960312385,0.12124125028865207,0.009009826376831898,0.009009826376831898
101.08000016212463,1790848144.111,True,X_ONLY,ACCEPTED,1.459023506167314,2.0387396116047407,1.7281306453261398,1.8200621161931825,2.243140098625307,1.5841409820365984,1.8186384381837035,2.243140098625307,1.544871073866726,-0.001423678009479068,0.0,-0.03926990816987243,5,5,2,0.010541144531389546,0.0040562044119693,0.013101153033243119,0.1054057043795979,0.030292836501869536,0.036611256090657573
101.22500014305115,1790848144.256,False,REJECTED,INSUFFICIENT_RESIDUAL_IMPROVEMENT,1.4567782748032516,2.0381159987617683,1.7274588454768711,1.8163171590122296,2.242936089154515,1.5441992740174573,1.8163171590122296,2.242936089154515,1.5441992740174573,0.0,0.0,0.0,5,5,2,0.004436060310795353,0.0028502902722554735,,0.1157989186860301,0.027215713150013476,0.027215713150013476
101.3600001335144,1790848144.391,True,X_ONLY,ACCEPTED,1.4388433547903516,2.0344856218284466,1.733664411807315,1.7980209772446003,2.2426348827917306,1.5504048403479014,1.8167564767689273,2.2426348827917306,1.559131486607873,0.01873549952432696,0.0,0.008726646259971646,5,5,2,0.02174500706458593,0.002374431672241606,0.005221468431912662,0.11195005643082268,0.031400107352165474,0.01899945464229269
101.5,1790848144.531,True,X_ONLY,ACCEPTED,1.4101410272297277,2.029753232456375,1.7403196156314709,1.7876684312672582,2.2429584959235442,1.5657866904320286,1.802378861048203,2.2429584959235442,1.5657866904320286,0.014710429780944723,0.0,0.0,5,5,2,0.013408195199415385,0.0032720641732035816,0.01141365166099358,0.10244896403401249,0.027748510817364958,0.02039329592689265
101.64000010490417,1790848144.671,True,X_ONLY,ACCEPTED,1.3749811965006502,2.0205751240357883,1.7478565784529163,1.7661594253499464,2.240025264126147,1.573323653253474,1.7764796617599352,2.240025264126147,1.5471437144735591,0.010320236409988859,0.0,-0.026179938779914952,5,5,2,0.02076754553607074,0.012059392440424976,0.004213577175301388,0.08587946356139309,0.017610917489926048,0.0194788919327884
101.78200006484985,1790848144.813,False,REJECTED,AMBIGUOUS_JOINT_HYPOTHESIS,1.354571351818661,2.0113788879196277,1.7543606672365128,1.7546461161396882,2.2350827137424187,1.553647803257156,1.7546461161396882,2.2350827137424187,1.553647803257156,0.0,0.0,0.0,6,6,3,0.028627257912213988,0.015426401066423345,0.00025989482010528933,0.025442372174740546,0.019149096635333596,0.019149096635333596
101.92000007629395,1790848144.951,True,X_ONLY,ACCEPTED,1.3526633755686346,2.0102104038866875,1.7572462867869245,1.7525434848284107,2.234318076655471,1.5565334228075673,1.7217126945142596,2.234318076655471,1.5870766847174682,-0.030830790314151146,0.0,0.030543261909900754,6,6,3,0.03684883935737693,0.0002462749382012852,0.0015463347550469693,,,
102.06200003623962,1790848145.093,True,XY_YAW,ACCEPTED,1.3486594616817635,2.011657603806887,1.757750112612883,1.7180116955115632,2.236422434135688,1.5875805105434269,1.7139305513813243,2.208494802398116,1.5963071568033984,-0.004081144130238856,-0.027927631737572067,0.008726646259971646,6,6,6,0.007493703816166208,0.0007709035836450662,0.0034567459115631936,,,
102.20000004768372,1790848145.231,True,XY_YAW,ACCEPTED,1.3281163390177977,2.0207860087164167,1.7651365285060467,1.6951218871792175,2.220806659118833,1.6036935726965622,1.710657744563874,2.205388915105371,1.5862402801766189,0.01553585738465646,-0.015417744013461743,-0.017453292519943306,6,6,6,0.015394407357541606,0.0017194285843842305,0.006185932075225961,,,
102.34100008010864,1790848145.372,False,REJECTED,AMBIGUOUS_JOINT_HYPOTHESIS,1.2965351665373954,2.029993265708877,1.7683306735389952,1.6812189575170984,2.220068896501024,1.5894344252095671,1.6812189575170984,2.220068896501024,1.5894344252095671,0.0,0.0,0.0,6,6,6,0.018196516873044577,0.004603105363964022,0.0002558772402444752,,,
102.4850001335144,1790848145.516,False,REJECTED,AMBIGUOUS_JOINT_HYPOTHESIS,1.261213281136555,2.0299962699607974,1.7732010762370143,1.6464613193523112,2.2263571543282263,1.5943048279075864,1.6464613193523112,2.2263571543282263,1.5943048279075864,0.0,0.0,0.0,5,5,5,0.022805281976063352,0.0032182547332810785,0.0006485083401042147,,,
102.62100005149841,1790848145.652,True,XY_YAW,ACCEPTED,1.25685894872002,2.024499784832561,1.7694146799201584,1.6411984149919974,2.2217232146164045,1.5905184315907304,1.6517601649700104,2.254848521591274,1.5905184315907304,0.010561749978013069,0.03312530697486982,0.0,5,5,5,0.014849700749657746,0.008898247652556535,0.0015088966596645045,,,
102.76200008392334,1790848145.793,True,XY_YAW,ACCEPTED,1.260065839334937,2.008139323545862,1.7686054782543015,1.6520046373610457,2.2381785163669305,1.5897092299248734,1.6314177979452111,2.2435397808714668,1.5809825836649019,-0.020586839415834723,0.005361264504536334,-0.00872664625997166,5,5,5,0.017836858456197646,0.00124895651711876,0.0016682397788855483,0.10282800130190506,0.01056534542265597,0.014051945975075641
102.90000009536743,1790848145.931,False,REJECTED,AMBIGUOUS_JOINT_HYPOTHESIS,1.2633784853933654,1.991453974661455,1.7730025963656697,1.6315600897667046,2.226529365111106,1.58537970177627,1.6315600897667046,2.226529365111106,1.58537970177627,0.0,0.0,0.0,7,7,5,0.011567075285424555,0.010952505711493643,0.0003614270952569318,0.049739806214067206,0.0018315353139071178,0.0018315353139071178
103.0400002002716,1790848146.071,True,Y_ONLY,ACCEPTED,1.263683038734234,1.9902800253480002,1.7761324838539818,1.6316403285535543,2.225319211622874,1.5885095892645822,1.6316403285535543,2.208223523721186,1.5972362355245537,0.0,-0.01709568790168814,0.008726646259971646,7,7,3,0.014725515090323271,3.641795469055964e-05,0.0028173529034762647,0.07782223041770159,0.005099463635196755,0.0012930756746802885
103.18099999427795,1790848146.212,True,XY_YAW,ACCEPTED,1.2562498760459142,1.9918312166947376,1.7814761964453552,1.6246018184439686,2.211072642459056,1.602579948115927,1.6281185554862272,2.204420374490623,1.5894899787259695,0.003516737042258633,-0.006652267968433101,-0.013089969389957476,6,6,5,0.010947154348043053,0.001835693477315381,0.015315806721745961,0.0645591455804711,0.0052177766741483556,0.0006074977758780964
103.32000017166138,1790848146.351,True,XY_YAW,ACCEPTED,1.2348828601400466,1.9935988149136414,1.7888104116195354,1.6074813854842471,2.2102325157909055,1.5968241939001497,1.6283449133644012,2.2072378408328364,1.5837342245101922,0.02086352788015422,-0.0029946749580691545,-0.013089969389957476,6,6,5,0.013321736461226141,0.0005622167658365651,0.010772556323901318,,,
103.46000003814697,1790848146.491,True,Y_ONLY,ACCEPTED,1.202349127613649,1.9898706046877714,1.790945920063634,1.5957336905723924,2.2102129797535293,1.5858697329542908,1.5957336905723924,2.2131662626984507,1.581506409824305,0.0,0.002953282944921365,-0.00436332312998583,5,5,3,0.0037858830958730216,2.4630291717286923e-06,,0.0755749389992163,0.005400904201058654,0.005268544420550247
103.60000014305115,1790848146.631,True,XY_YAW,ACCEPTED,1.1729755801565371,1.984370881076514,1.7969119177149404,1.565858568767131,2.2138938251605236,1.5874724074756115,1.5799281119978992,2.2212142597055253,1.622378992515498,0.014069543230768367,0.007320434545001864,0.034906585039886584,6,6,4,0.013954603373608432,0.003866815733318596,0.003517091039972043,,,
103.74600005149841,1790848146.777,False,REJECTED,INSUFFICIENT_RESIDUAL_IMPROVEMENT,1.1655996656462686,1.9835155704243483,1.7980111829098684,1.5725157310665439,2.2216527572573743,1.623478257710426,1.5725157310665439,2.2216527572573743,1.623478257710426,0.0,0.0,0.0,5,5,4,0.006776024829720617,0.006810375787403733,0.0023750896082844995,,,
103.88000011444092,1790848146.911,True,XY_YAW,ACCEPTED,1.1608073333938265,1.981831842155731,1.7996906374778265,1.5675038287637966,2.2208267883668844,1.6251577122783845,1.5381391823704413,2.224182820475497,1.585887804108512,-0.02936464639335523,0.003356032108612683,-0.03926990816987243,6,6,4,0.015907017270079926,0.007189637363065993,0.003603013355640762,,,
104.02000021934509,1790848147.051,False,REJECTED,INSUFFICIENT_RESIDUAL_IMPROVEMENT,1.1436167961842667,1.9773019499274302,1.804194643362783,1.520378912684335,2.2234035170493214,1.5903918099934684,1.520378912684335,2.2234035170493214,1.5903918099934684,0.0,0.0,0.0,6,6,4,0.011172558769555696,0.009528215618842095,0.0037979067876762907,,,
104.16000008583069,1790848147.191,True,XY_YAW,ACCEPTED,1.1144233917302282,1.9705147513493861,1.809614675992289,1.4904101177535494,2.2229650440724966,1.5958118426229746,1.5221228514085354,2.2243592770380713,1.6045384888829461,0.03171273365498606,0.0013942329655746155,0.008726646259971646,5,5,4,0.026337837183928015,0.004261259494420688,0.0033538821173872604,,,
104.30000019073486,1790848147.331,True,XY_YAW,ACCEPTED,1.0793339390328431,1.961693473795877,1.8152637381862657,1.4859723012049086,2.2228685227816247,1.6101875510769228,1.4868007573216844,2.2155899952755886,1.6625474286367528,0.0008284561167757332,-0.007278527506036081,0.052359877559829876,6,6,5,0.006948770784655389,0.0034045756702441032,0.003056904014724922,,,
104.44000005722046,1790848147.471,True,X_ONLY,ACCEPTED,1.0380518936295928,1.9551222068175758,1.8235083199035407,1.4449995291874318,2.215375172454816,1.6707920103540275,1.4664877547951152,2.215375172454816,1.6751553334840132,0.021488225607683376,0.0,0.004363323129985816,6,6,3,0.01971889259701154,0.00034102657735379793,0.0043650545868547524,0.09720312845180168,0.006076397316484239,0.017791873453552043
104.58000016212463,1790848147.611,True,XY_YAW,ACCEPTED,1.0093834881982455,1.9573625362218483,1.8324914520395688,1.4384653888162038,2.22182835389963,1.6841384656200415,1.4009320918232406,2.2157829485306784,1.6055986492802967,-0.03753329699296315,-0.006045405368951595,-0.07853981633974483,7,7,5,0.011608449932571041,0.005967983764351814,0.0031408327000744737,0.04852230057557533,0.021710995662813204,0.022903280694620998
104.72000002861023,1790848147.751,True,XY_YAW,ACCEPTED,1.0042091111596154,1.9701888978675977,1.835852304182008,1.3987756373084945,2.229444552928818,1.6089595014227358,1.4027552051133065,2.2232918833859285,1.6656827021125515,0.003979567804812012,-0.0061526695428890665,0.056723200689815706,5,5,4,0.007899621667594392,0.002349668294480911,0.0013022123388949924,,,
104.8600001335144,1790848147.891,False,REJECTED,AMBIGUOUS_JOINT_HYPOTHESIS,0.9977650933852278,1.994950977714279,1.839768501060374,1.4005977102873866,2.248787592426592,1.6695988989909174,1.4005977102873866,2.248787592426592,1.6695988989909174,0.0,0.0,0.0,5,5,2,0.012119739010602482,0.0012627063522296922,6.492343404726486e-05,0.046444081083493405,0.01896629208767253,0.01896629208767253
105.00500011444092,1790848148.036,True,XY_YAW,ACCEPTED,0.9885358990805592,2.0296592273199883,1.8464099683906052,1.3973796467703912,2.284557477601221,1.6762403663211487,1.3817224297661195,2.2541701850233293,1.6369704581512763,-0.015657217004271584,-0.030387292577891634,-0.03926990816987243,6,6,4,0.020619560037272056,0.010795631787372417,0.0024921194072744235,,,
105.14200019836426,1790848148.173,False,REJECTED,INSUFFICIENT_RESIDUAL_IMPROVEMENT,0.9784683225258046,2.0685084133055662,1.8544718345192552,1.379952053859038,2.29426358994952,1.6450323242799263,1.379952053859038,2.29426358994952,1.6450323242799263,0.0,0.0,0.0,6,6,5,0.014836244986021985,0.019242106256734726,0.008416268594566817,,,
105.28400015830994,1790848148.315,True,XY_YAW,ACCEPTED,0.9727367437997089,2.1141210363324117,1.8632350328676257,1.3838291214558354,2.340071129950402,1.6537955226282968,1.3807834756519672,2.3186055530095033,1.67124881514824,-0.0030456458038680134,-0.02146557694089868,0.017453292519943292,5,5,4,0.007388759404880263,0.005258381326553319,0.0024656531767502064,,,
105.42000007629395,1790848148.451,True,XY_YAW,ACCEPTED,0.9813165462214644,2.1641655446708135,1.8590821950337324,1.3987545852979364,2.3660934992961273,1.6670959773143468,1.3788133394321946,2.3602507663567374,1.6758226235743183,-0.019941245865741752,-0.005842732939389972,0.008726646259971646,5,5,4,0.014687754177763024,0.003985500983573198,0.00626808473319777,,,
105.56000018119812,1790848148.591,True,Y_ONLY,ACCEPTED,0.998692531545925,2.2109658729582145,1.8528834929118214,1.4044270446948897,2.403100897004381,1.6696239214524073,1.4044270446948897,2.4081396502871644,1.6652605983224216,0.0,0.005038753282783581,-0.00436332312998583,5,5,2,0.004877130109898431,0.0010889054670735199,0.010104927189797754,0.026619493187700738,0.016310852733793846,0.01733204958749135
105.70000004768372,1790848148.731,True,XY_YAW,ACCEPTED,1.002275403525621,2.222968099600895,1.8528834929118214,1.410185742450826,2.4192629508837022,1.6652605983224216,1.4145461174476512,2.4618264006992163,1.7001671833623082,0.004360374996825289,0.0425634498155143,0.034906585039886584,5,5,4,0.027050112987608843,0.005475095160577759,0.0027471794534679878,,,
105.84000015258789,1790848148.871,True,Y_ONLY,ACCEPTED,1.0004285481858308,2.230318364590545,1.8509541191214178,1.4138389039140196,2.4693720695948165,1.6982378095719046,1.4138389039140196,2.48134503473815,1.7069644558318762,0.0,0.011972965143333347,0.008726646259971646,6,6,2,0.01206725499058614,0.0007541344925079407,0.010295958974320212,,,
105.98000001907349,1790848149.011,False,REJECTED,INSUFFICIENT_RESIDUAL_IMPROVEMENT,0.9969542161207723,2.243216610228166,1.8530819815319763,1.4122513294531913,2.494608342438646,1.7090923182424345,1.4122513294531913,2.494608342438646,1.7090923182424345,0.0,0.0,0.0,6,6,5,0.005714315447032714,0.005004612457528701,0.0037921784123869998,,,
106.12000012397766,1790848149.151,False,REJECTED,AMBIGUOUS_JOINT_HYPOTHESIS,0.9959553000675638,2.246617957129377,1.8404519409438687,1.4117508189809735,2.4981178272001086,1.6964622776543268,1.4117508189809735,2.4981178272001086,1.6964622776543268,0.0,0.0,0.0,5,5,5,0.00476147687510986,0.0019467815900173768,0.0009975752271814808,,,
106.27300000190735,1790848149.304,True,XY_YAW,ACCEPTED,0.9970641735760166,2.246922229875577,1.7688082474768567,1.4128918780805737,2.498259835978172,1.6248185841873148,1.4240385605209198,2.510393565071908,1.6553618460972155,0.011146682440346223,0.012133729093736223,0.030543261909900754,5,5,4,0.019489150648621,0.006072511634706013,0.008185980737398036,,,
106.40000009536743,1790848149.431,True,XY_YAW,ACCEPTED,0.9969261328062864,2.251318999121944,1.7174890026981209,1.424399135506065,2.5147776979097674,1.6040426013184799,1.4228706467848602,2.5096002250982883,1.647675832618338,-0.0015284887212048126,-0.005177472811479289,0.043633231299858244,5,5,4,0.007748427657488621,0.0036120401712036454,0.003683558426935669,,,
106.5400002002716,1790848149.571,True,XY_YAW,ACCEPTED,0.9947461334917603,2.2681392577746187,1.7225426479947457,1.4218692797701726,2.526531579511215,1.6527294779149626,1.4266404179487089,2.50933607438257,1.5610996921852602,0.004771138178536138,-0.01719550512864476,-0.0916297857297023,5,5,4,0.018320026026090064,0.0036066561849872336,0.004724814785750132,,,
106.6800000667572,1790848149.711,False,REJECTED,INSUFFICIENT_RESIDUAL_IMPROVEMENT,0.9911106882674392,2.288538152925663,1.7320849705749264,1.4263312174635376,2.5300540805709635,1.5706420147654412,1.4263312174635376,2.5300540805709635,1.5706420147654412,0.0,0.0,0.0,5,5,5,0.0014817429442364194,0.003084723201191686,0.0015209362342619263,,,
106.82000017166138,1790848149.851,False,REJECTED,AMBIGUOUS_JOINT_HYPOTHESIS,0.9901128575664477,2.2922446086217767,1.7354323885004788,1.425942147385107,2.5338727327427604,1.5739894326909938,1.425942147385107,2.5338727327427604,1.5739894326909938,0.0,0.0,0.0,5,5,5,0.0139048647349731,0.004989287403290632,0.0005574013522904216,,,
106.96000003814697,1790848149.991,True,XY_YAW,ACCEPTED,0.9915675739207694,2.2856128359489953,1.7333063956057992,1.4263119389872738,2.527093362371853,1.5718634397963143,1.4245641453492788,2.5576971360146152,1.5805900860562858,-0.0017477936379950432,0.030603773642762455,0.008726646259971646,5,5,4,0.014243002345574518,0.004016691531898431,0.009149941795928549,,,
107.10000014305115,1790848150.131,False,REJECTED,AMBIGUOUS_JOINT_HYPOTHESIS,0.9949947112506083,2.2631018029465944,1.7323903272287369,1.4245269414102204,2.5349267496986196,1.5796740176792232,1.4245269414102204,2.5349267496986196,1.5796740176792232,0.0,0.0,0.0,5,5,4,0.0025943939001411565,0.007936510640018213,0.0001540208735618595,,,
107.24000000953674,1790848150.271,True,XY_YAW,ACCEPTED,1.0005286498087633,2.2286326483758674,1.732817816754173,1.4247529087699915,2.500016922550116,1.5801015072046596,1.4219163970721787,2.544439541441418,1.5844648303346454,-0.002836511697812849,0.04442261889130228,0.004363323129985816,5,5,4,0.016050232516224394,0.00866550656805809,0.009730051965856815,,,
107.38000011444092,1790848150.411,False,REJECTED,INSUFFICIENT_RESIDUAL_IMPROVEMENT,1.0071262661742328,2.1887334698150553,1.7360329132009817,1.4225440702303749,2.504003431119827,1.5876799267814539,1.4225440702303749,2.504003431119827,1.5876799267814539,0.0,0.0,0.0,6,6,4,0.006086138309798095,0.010536367629507826,0.003885751945613476,,,
107.52500009536743,1790848150.556,False,REJECTED,INSUFFICIENT_RESIDUAL_IMPROVEMENT,1.0146825069034775,2.1444320125608827,1.737260728968105,1.4234691398700559,2.459071703632858,1.5889077425485771,1.4234691398700559,2.459071703632858,1.5889077425485771,0.0,0.0,0.0,5,5,4,0.006161729869831101,0.007726073118404786,0.0016749700925132553,,,
107.66000008583069,1790848150.691,False,REJECTED,INSUFFICIENT_RESIDUAL_IMPROVEMENT,1.0223214826194726,2.100884782047697,1.7413830129193808,1.4245875175345315,2.4148736893476244,1.593030026499853,1.4245875175345315,2.4148736893476244,1.593030026499853,0.0,0.0,0.0,6,6,4,0.007520088188528562,0.009055155606291887,0.00802055050941405,,,
107.80200004577637,1790848150.833,False,REJECTED,INSUFFICIENT_RESIDUAL_IMPROVEMENT,1.030640569781977,2.053909373716325,1.7462381607582813,1.425871819263905,2.3671846259453684,1.5978851743387534,1.425871819263905,2.3671846259453684,1.5978851743387534,0.0,0.0,0.0,5,4,2,0.020669991054924508,0.020669991054924508,0.0025782226430909744,0.06749654661565196,0.01227859711289625,0.01227859711289625
107.94000005722046,1790848150.971,True,X_ONLY,ACCEPTED,1.0348879923794212,2.0240262924424854,1.7526811443793928,1.4256555869453547,2.337001975486461,1.6043281579598647,1.4314936709176496,2.337001975486461,1.5781482191799499,0.005838083972295016,0.0,-0.026179938779914952,6,6,2,0.00776554986505118,0.005241397977288842,0.004461209442504048,,,
108.08000016212463,1790848151.111,False,REJECTED,INSUFFICIENT_RESIDUAL_IMPROVEMENT,1.0350371181776392,2.020473805127877,1.7521162330302984,1.4310236482115422,2.3334775630134534,1.5775833078308557,1.4310236482115422,2.3334775630134534,1.5775833078308557,0.0,0.0,0.0,5,5,4,0.0013346006912396957,0.008027447222920925,0.006709172521506844,,,
108.22000002861023,1790848151.251,True,XY_YAW,ACCEPTED,1.0350371181776392,2.020473805127877,1.7521162330302984,1.4310236482115422,2.3334775630134534,1.5775833078308557,1.4299223503986132,2.3002419090057336,1.5863099540908272,-0.001101297812929114,-0.03323565400771966,0.008726646259971646,6,6,4,0.01944930094175157,0.003570104881188696,0.0029438731143954164,,,
108.36100006103516,1790848151.392,False,REJECTED,INSUFFICIENT_RESIDUAL_IMPROVEMENT,1.0361478076126354,2.014559662249962,1.7522383731273699,1.4300416922734116,2.2942255584077107,1.5864320941878987,1.4300416922734116,2.2942255584077107,1.5864320941878987,0.0,0.0,0.0,5,5,4,0.0019932189465878825,0.0024944907501431857,0.004499192714314256,,,
108.5,1790848151.531,True,XY_YAW,ACCEPTED,1.0401413543462827,1.9909775521062165,1.750406248965347,1.4300882990955057,2.270307737391788,1.5845999700258757,1.4326707505782528,2.2970963595725253,1.575873323765904,0.00258245148274705,0.02678862218073763,-0.00872664625997166,5,5,4,0.011857669179098806,0.003339605955897662,0.0034175166988221067,,,
108.64000010490417,1790848151.671,False,REJECTED,INSUFFICIENT_RESIDUAL_IMPROVEMENT,1.044487390345909,1.9679843577633926,1.7493833068807259,1.4329580342291819,2.273697802285786,1.5748503816812829,1.4329580342291819,2.273697802285786,1.5748503816812829,0.0,0.0,0.0,5,5,4,0.006824127167898375,0.005792898760068832,0.00341430825096075,,,
108.79200005531311,1790848151.823,False,REJECTED,INSUFFICIENT_RESIDUAL_IMPROVEMENT,1.0455253050276334,1.9646170061118646,1.7493833068807259,1.4333954461768574,2.270201376279187,1.5748503816812829,1.4333954461768574,2.270201376279187,1.5748503816812829,0.0,0.0,0.0,6,6,5,0.014538099761223222,0.021890864567295942,0.002733509464929,,,
108.92000007629395,1790848151.951,False,REJECTED,AMBIGUOUS_JOINT_HYPOTHESIS,1.051146370210592,1.9653441061703008,1.7476884458731339,1.439057374349351,2.269941342328383,1.573155520673691,1.439057374349351,2.269941342328383,1.573155520673691,0.0,0.0,0.0,5,5,2,0.024667007735621027,0.006973103551652482,0.0009294004424690548,0.05006777342510549,0.013783357438555854,0.013783357438555854
109.06000018119812,1790848152.091,False,REJECTED,AMBIGUOUS_JOINT_HYPOTHESIS,1.0704613887405423,1.9683546961292724,1.7451846845511612,1.4586017378072982,2.2695521768917897,1.5706517593517182,1.4586017378072982,2.2695521768917897,1.5706517593517182,0.0,0.0,0.0,5,5,2,0.023931324970949186,0.005927096097195772,0.0009955121753041432,0.06591598004216348,0.03051994602898911,0.03051994602898911
109.20000004768372,1790848152.231,True,XY_YAW,ACCEPTED,1.1016755517237238,1.974063355110079,1.7483145661868469,1.4903329857458611,2.269753825995962,1.573781640987404,1.4286163228978086,2.2474369985722094,1.6392314879371912,-0.06171666284805255,-0.022316827423752406,0.06544984694978734,6,6,5,0.03735443583137288,0.0051785469353089475,0.0011880654227064032,,,
109.34100008010864,1790848152.372,True,X_ONLY,ACCEPTED,1.138822252986687,1.980303025903586,1.7526200799937315,1.4662215301917025,2.249595537595357,1.6435370017440758,1.464267609102074,2.249595537595357,1.6479003248740616,-0.001953921089628441,0.0,0.004363323129985816,7,7,3,0.007884447285817275,0.004421714361154239,0.006247139488990021,0.07079187366510231,0.010241717178557597,0.011951109976050756
109.48000001907349,1790848152.511,True,X_ONLY,ACCEPTED,1.1593294738097477,1.983686071112035,1.756864505959581,1.485016113740564,2.250816461849655,1.6521447508399112,1.4669936174248202,2.250816461849655,1.6521447508399112,-0.018022496315743708,0.0,0.0,7,7,2,0.011915489383978795,0.008934302021031515,0.005493634150350533,0.09574738517726089,0.016676772710203513,0.025688020868075423
109.62000012397766,1790848152.651,False,REJECTED,INSUFFICIENT_RESIDUAL_IMPROVEMENT,1.160798654631129,1.9784754134742517,1.7582290878781959,1.4679100878844478,2.2454807775260903,1.653509332758526,1.4679100878844478,2.2454807775260903,1.653509332758526,0.0,0.0,0.0,6,6,2,0.00842328586851615,0.007308502476744305,0.0035675091630740716,0.07457920049398953,0.04806207751085678,0.04806207751085678
109.75999999046326,1790848152.791,True,XY_YAW,ACCEPTED,1.1651689518612849,1.955801157690504,1.7603646203384358,1.469886339056292,2.2224739132344813,1.655644865218766,1.5340330430446092,2.2452329153048733,1.633828249568837,0.06414670398831723,0.02275900207039183,-0.021816615649929122,5,5,4,0.037996212936521556,0.010346147582549037,0.001205085166684005,,,
109.90000009536743,1790848152.931,True,XY_YAW,ACCEPTED,1.1698208457887953,1.9349753942250396,1.7607730743573382,1.536019554965276,2.2239865906480922,1.6342367035877392,1.504773821469256,2.230745655946502,1.6167834110677959,-0.03124573349601989,0.006759065298410194,-0.017453292519943306,6,6,4,0.023606333236302568,0.019312669158945472,0.0016867545626299274,0.09345176997207938,0.003748670298713841,0.02183259992764952
110.0530002117157,1790848153.084,True,Y_ONLY,ACCEPTED,1.1702906790177532,1.9330586977135922,1.7619486776776312,1.504963760767879,2.228781376983914,1.6179590143880889,1.504963760767879,2.1919652830852305,1.5961423987381598,0.0,-0.036816093898683566,-0.021816615649929122,6,6,3,0.03700163637342602,0.002817779003518872,0.004654287521108802,0.0847651687987851,0.027546943006759528,0.03232735241160012
110.1800000667572,1790848153.211,True,XY_YAW,ACCEPTED,1.176498032993234,1.941888007556208,1.7627948122261503,1.5125432410684667,2.1996489953421303,1.596988533286679,1.5331717551800348,2.1956885749864976,1.6057151795466504,0.02062851411156802,-0.00396042035563271,0.008726646259971646,6,6,4,0.016526519219851155,0.008575553642669709,0.0034042604997184603,,,
110.32300019264221,1790848153.354,True,X_ONLY,ACCEPTED,1.1945864180243413,1.9667335180727081,1.7637867834896355,1.5549241363217554,2.217398549203996,1.6067071508101356,1.5364869483910137,2.217398549203996,1.6197971202000931,-0.01843718793074156,0.0,0.013089969389957462,5,5,2,0.020096213743876934,0.008299266863654897,0.00842294387419763,0.14321545244006106,0.020416297989430454,0.01838767409025266
110.46200013160706,1790848153.493,True,X_ONLY,ACCEPTED,1.222127958088465,1.9911167118919426,1.769048185284869,1.5672422801242647,2.237577402984818,1.6250585219953264,1.55000162640976,2.237577402984818,1.6163318757353546,-0.017240653714504783,0.0,-0.00872664625997166,7,7,2,0.01864707176501801,0.003319309714299279,0.020934433470730204,0.12190869883378164,0.02662124878616301,0.02371706970578047
110.60000014305115,1790848153.631,True,Y_ONLY,ACCEPTED,1.256651172363542,2.004698521532823,1.7736743190807052,1.5861891534900352,2.2457493526186787,1.620958009531191,1.5861891534900352,2.2413048804407047,1.6165946864012053,0.0,-0.004444472177973724,-0.00436332312998583,5,5,2,0.0054913971765635505,0.00044935691733527516,0.008374580318772322,0.09517544983985232,0.013161005871309195,0.011843070126737354
110.74200010299683,1790848153.773,True,Y_ONLY,ACCEPTED,1.2806119733397476,2.0035798137070104,1.789216901736238,1.6096799527852867,2.236451650681969,1.6321372690567382,1.6096799527852867,2.2502052503682513,1.6234106227967664,0.0,0.01375359968628237,-0.00872664625997166,7,7,2,0.015548064945391515,0.007886293874624195,0.004132835565144367,0.10395274927262121,0.014544998085713523,0.017757781757336222
110.88000011444092,1790848153.911,True,X_ONLY,ACCEPTED,1.2829968884813767,2.0013065237886787,1.7990951321399855,1.6116569591919157,2.2475695127193744,1.6332888532005136,1.6430619495939034,2.2475695127193744,1.6812854076303576,0.0314049904019878,0.0,0.047996554429844046,6,6,2,0.05613859098464269,0.012879644627753373,,0.0877221255441567,0.011797968905236322,0.010480176952185172
111.02000021934509,1790848154.051,True,XY_YAW,ACCEPTED,1.2858033356201353,1.9877759482419972,1.8030952852749769,1.6442585950876523,2.2338028624467268,1.685285560765349,1.6193354698542322,2.2494388730747126,1.6896488838953347,-0.024923125233420107,0.01563601062798603,0.004363323129985816,6,6,4,0.02041073932952675,0.010515124772093154,0.0031607753211506974,0.06890884056230562,0.003260581706431731,0.016737510253407528
111.16000008583069,1790848154.191,False,REJECTED,INSUFFICIENT_RESIDUAL_IMPROVEMENT,1.29149942546915,1.9610894747100316,1.8024387596242148,1.621973949847667,2.222279128369274,1.6889923582445727,1.621973949847667,2.222279128369274,1.6889923582445727,0.0,0.0,0.0,8,8,4,0.0145814124494007,0.012745817126824321,0.0023332683155381923,0.06568455114900107,0.011668720378263053,0.011668720378263053
111.3050000667572,1790848154.336,False,REJECTED,INSUFFICIENT_RESIDUAL_IMPROVEMENT,1.2975130146032123,1.936156001784617,1.804326923989671,1.6251263334973218,2.1968251737900526,1.690880522610029,1.6251263334973218,2.1968251737900526,1.690880522610029,0.0,0.0,0.0,7,7,4,0.0037578766969488253,0.0065655028557093376,0.003112149646645433,0.06459697899783867,0.03194937582981394,0.03194937582981394
111.44099998474121,1790848154.472,False,REJECTED,INSUFFICIENT_RESIDUAL_IMPROVEMENT,1.3012462506343683,1.9395525091138106,1.797217192356176,1.6292200672937271,2.1997772335634576,1.683770790976534,1.6292200672937271,2.1997772335634576,1.683770790976534,0.0,0.0,0.0,8,8,2,0.0027566020448037687,0.009197899003559162,0.006107157238928983,0.03603116896552039,0.03398837666765964,0.03398837666765964
111.58000016212463,1790848154.611,False,REJECTED,INSUFFICIENT_RESIDUAL_IMPROVEMENT,1.314144978399941,1.9524225020848565,1.7948964857000143,1.6434928047411272,2.2111043189256634,1.6814500843203724,1.6434928047411272,2.2111043189256634,1.6814500843203724,0.0,0.0,0.0,6,6,4,0.010213725470605839,0.011278065615343724,0.0016904381408364873,0.048671948698104095,0.020860914411050868,0.020860914411050868
111.72200012207031,1790848154.753,True,XY_YAW,ACCEPTED,1.337098237970388,1.980018671747116,1.7977362812561428,1.669422492539815,2.235924713676736,1.684289879876501,1.6618372924228932,2.1806322235677307,1.7366497574363309,-0.007585200116921598,-0.05529249010900572,0.052359877559829876,5,5,4,0.03614356676643027,0.000651994003959433,0.0035839465885844322,0.10799994906693933,0.03262186468524941,0.01279279973460945
111.8600001335144,1790848154.891,True,X_ONLY,ACCEPTED,1.3617244955589816,2.0066402549193785,1.8009883239707463,1.6880428258497417,2.205700755061055,1.739901800150934,1.6756857421792168,2.205700755061055,1.7529917695408916,-0.012357083670524904,0.0,0.013089969389957462,8,8,3,0.015724364753253006,0.0002741306040432434,0.00557486420672833,0.15678603567266647,0.02057321600403128,0.025700232647473342
112.0,1790848155.031,True,XY_YAW,ACCEPTED,1.3657274845420937,2.0126264275964,1.805263288070764,1.6799713266281646,2.2114879780608168,1.7572667336409094,1.7166155201021625,2.2411542979998553,1.7005435329510936,0.03664419347399789,0.029666319939038455,-0.05672320068981572,8,8,4,0.039716755704747975,0.006216412835365892,0.0031613455365014226,0.12028488721114838,0.023743872505652686,0.016514292045793688
112.14000010490417,1790848155.171,False,REJECTED,INSUFFICIENT_RESIDUAL_IMPROVEMENT,1.3766801864415743,2.0158955222786807,1.804896877845144,1.7278499353980525,2.2432606151412338,1.7001771227254738,1.7278499353980525,2.2432606151412338,1.7001771227254738,0.0,0.0,0.0,7,7,5,0.007788146584979838,0.014559276013734745,0.003931584375229398,0.12021126967489737,0.029445496727402043,0.029445496727402043
112.28000020980835,1790848155.311,True,XY_YAW,ACCEPTED,1.4014768979944652,2.0218089019055827,1.8074237480248343,1.7531289244556523,2.2465496385030974,1.7027039929051642,1.7375072979084103,2.2507544290891435,1.7245206085550933,-0.015621626547242085,0.004204790586046059,0.021816615649929122,5,5,5,0.028146395195670304,0.010533462483763412,0.003667030741639937,0.10234723134167756,0.01505461565323829,0.00761672057952123
112.42000007629395,1790848155.451,False,REJECTED,INSUFFICIENT_RESIDUAL_IMPROVEMENT,1.4212189443118255,2.026453870501767,1.8103016571342934,1.7575661817404051,2.253748641084123,1.7273985176645523,1.7575661817404051,2.253748641084123,1.7273985176645523,0.0,0.0,0.0,7,7,5,0.009579062751806866,0.013268517571472849,0.005916604259340829,0.1374953068311291,0.018594711589950297,0.018594711589950297
112.5680000782013,1790848155.599,True,XY_YAW,ACCEPTED,1.4227195074558794,2.0273380741280427,1.7944537242846712,1.7591348105214564,2.2545055489710335,1.7115505848149302,1.7613809359560464,2.2488561219137595,1.7071872616849444,0.0022461254345901294,-0.0056494270572740035,-0.00436332312998583,5,5,5,0.018819997476091643,0.016317701392052353,0.004370610061891666,0.08352993239614726,0.01671344500731342,0.016403530203067618
112.7020001411438,1790848155.733,True,X_ONLY,ACCEPTED,1.4244423921394564,2.027716004338165,1.7205719179357342,1.7631302033314193,2.249082454691067,1.6333054553360071,1.7747414820906158,2.249082454691067,1.7074819485457662,0.01161127875919643,0.0,0.074176493209759,5,5,2,0.01349814756688028,0.005594584402633052,0.0027926571525536056,0.11468624604578181,0.029208898696566177,0.00137947869359345
112.84500002861023,1790848155.876,False,REJECTED,INSUFFICIENT_RESIDUAL_IMPROVEMENT,1.4253532775409359,2.0280703026907614,1.6688033347080973,1.7756569270764802,2.2494247995685472,1.6557133653181295,1.7756569270764802,2.2494247995685472,1.6557133653181295,0.0,0.0,0.0,5,5,2,0.011315752068740803,0.009861160525919566,0.0020097862106901246,0.11113645840467057,0.0026981336000512224,0.0026981336000512224
112.98000001907349,1790848156.011,False,REJECTED,INSUFFICIENT_RESIDUAL_IMPROVEMENT,1.430391209747563,2.0289166563770857,1.6689940129969925,1.7807055060986972,2.2502051362505973,1.6559040436070247,1.7807055060986972,2.2502051362505973,1.6559040436070247,0.0,0.0,0.0,5,5,2,0.0037119886708709693,0.006353931685906922,0.009687294681624024,0.07668167041031215,0.022073280253249283,0.022073280253249283
113.12000012397766,1790848156.151,True,X_ONLY,ACCEPTED,1.4517527618981347,2.0249323877058854,1.6697008369868815,1.8020130756877197,2.245941594842932,1.656610867596914,1.7789585188944024,2.245941594842932,1.5998876669070983,-0.02305455679331725,0.0,-0.05672320068981572,5,5,2,0.012658133704037566,0.008448697164811336,0.006958196613256907,0.10149043130240698,0.04649279186867039,0.006532229852407978
113.25999999046326,1790848156.291,False,REJECTED,INSUFFICIENT_RESIDUAL_IMPROVEMENT,1.474715784007354,2.011090366451763,1.674983491855895,1.8009000336437024,2.2305314726080394,1.6051703217761117,1.8009000336437024,2.2305314726080394,1.6051703217761117,0.0,0.0,0.0,5,5,2,0.01433752346895023,0.014337523468950342,0.003623567706000197,0.12288645158462219,0.010083124911675734,0.010083124911675734
113.40100002288818,1790848156.432,True,XY_YAW,ACCEPTED,1.479376923864501,2.007420676731144,1.676968287386518,1.8052938345837801,2.2265455773870793,1.6071551173067347,1.8202866941444742,2.207749503467289,1.5853385016568056,0.014992859560694183,-0.0187960739197901,-0.021816615649929122,6,6,4,0.011447831973909417,0.006673361455715954,0.0014607101769835255,0.10816162498453696,0.02172924590119729,0.024972539931154225
113.5400002002716,1790848156.571,True,X_ONLY,ACCEPTED,1.4799828978284255,1.9999129256198187,1.678124408624878,1.8202031546245239,2.2002178003170596,1.5864946228951657,1.8224212593670652,2.2002178003170596,1.6126745616750806,0.0022181047425413047,0.0,0.026179938779914924,5,5,2,0.00918716327394875,0.005830700620074514,0.003769569834960608,0.1092882970425455,0.016836101558779126,0.01678386428064438
113.6800000667572,1790848156.711,False,REJECTED,AMBIGUOUS_JOINT_HYPOTHESIS,1.4815256907604635,1.9859827199984454,1.6806325823170474,1.8230496700225518,2.186216516849714,1.6151827353672499,1.8230496700225518,2.186216516849714,1.6151827353672499,0.0,0.0,0.0,5,5,2,0.0050272763655915265,0.009029805933140067,0.000833217245761117,0.13423103396003072,0.0031939463729744877,0.0031939463729744877
113.83400011062622,1790848156.865,True,X_ONLY,ACCEPTED,1.4820295496649183,1.9845172683849368,1.6842815756964908,1.8234566050051564,2.1847212489315586,1.6188317287466933,1.8230383276708055,2.1847212489315586,1.60137843622675,-0.00041827733435095826,0.0,-0.017453292519943306,5,5,2,0.0071189307460555185,0.002208301094255849,0.007810017858861231,0.13506102238321804,0.003290637941735286,0.0062174197173296974
113.96000003814697,1790848156.991,False,REJECTED,INSUFFICIENT_RESIDUAL_IMPROVEMENT,1.4826683562753307,1.9776741215506666,1.6834418463790568,1.8231082715784213,2.1778487064376426,1.600538706909316,1.8231082715784213,2.1778487064376426,1.600538706909316,0.0,0.0,0.0,5,5,2,0.0029385617367494454,0.006305863661378308,0.006514739917722178,0.13580158676219556,0.007336936138471861,0.007336936138471861
114.10000014305115,1790848157.131,False,REJECTED,INSUFFICIENT_RESIDUAL_IMPROVEMENT,1.4835638667129027,1.9661516469864906,1.6825257724070943,1.823046550922868,2.166291650169433,1.5996226329373535,1.823046550922868,2.166291650169433,1.5996226329373535,0.0,0.0,0.0,5,5,2,0.0033437932448578955,0.004228869922408229,0.00570986024253522,0.13234520852206638,0.010043400054434326,0.010043400054434326
114.24000000953674,1790848157.271,True,X_ONLY,ACCEPTED,1.4839865897539717,1.9658142030019883,1.6825257724070943,1.8234398789912156,2.165920360198147,1.5996226329373535,1.8291466520700739,2.165920360198147,1.6214392485872826,0.005706773078858252,0.0,0.021816615649929122,6,6,3,0.0038789526149329845,1.403744894723502e-05,0.005409261778989044,,,
114.38000011444092,1790848157.411,False,REJECTED,INSUFFICIENT_RESIDUAL_IMPROVEMENT,1.4824959732748297,1.9642357900898366,1.683289161682708,1.8275624560880714,2.164435891303308,1.6222026378628962,1.8275624560880714,2.164435891303308,1.6222026378628962,0.0,0.0,0.0,6,6,3,0.0019765681539476443,0.0003133816365825659,0.006535937875296827,,,
114.52000021934509,1790848157.551,True,X_ONLY,ACCEPTED,1.468293875129185,1.9475775542601987,1.6875858887861923,1.8123698867496738,2.1486757437915514,1.6264993649663806,1.8287858456982573,2.1486757437915514,1.613409395576423,0.016415958948583498,0.0,-0.013089969389957476,6,6,3,0.012903438148780921,0.0005990686076242646,0.011819594617426592,,,
114.66000008583069,1790848157.691,False,REJECTED,INSUFFICIENT_RESIDUAL_IMPROVEMENT,1.4490906288439735,1.9236685640001001,1.6895376830066386,1.8078635456155465,2.1262556224181735,1.6153611897968694,1.8078635456155465,2.1262556224181735,1.6153611897968694,0.0,0.0,0.0,6,6,3,0.003925135039984262,0.0025991079651745963,0.0016295658340987895,,,
114.80000019073486,1790848157.831,True,X_ONLY,ACCEPTED,1.4456352029116637,1.9184665514630697,1.691350546815783,1.8040321081698563,2.1213239908515553,1.6171740536060137,1.7958499243029358,2.1213239908515553,1.6171740536060137,-0.00818218386692049,0.0,0.0,6,6,3,0.008454887767340047,0.0002727039004195575,0.005154461884866602,,,
114.94000005722046,1790848157.971,True,X_ONLY,ACCEPTED,1.4489380878329603,1.9183474275531336,1.6899897974406786,1.7991348988089493,2.120960422695515,1.6158133042309093,1.7857288252459873,2.120960422695515,1.6158133042309093,-0.013406073562961973,0.0,0.0,6,6,3,0.013406073562961973,0.0020921550162746883,0.004986682872367137,,,
115.09000015258789,1790848158.121,True,X_ONLY,ACCEPTED,1.4674440239848343,1.9146468027109647,1.6912742156443628,1.8039096257790503,2.1158985268988104,1.6170977224345937,1.7904249635724208,2.1158985268988104,1.6214610455645795,-0.013484662206629583,0.0,0.004363323129985816,6,6,3,0.014430472981834086,0.000267864637249815,0.014831404429727127,,,
115.22000002861023,1790848158.251,True,X_ONLY,ACCEPTED,1.4841412209965807,1.9073897319417754,1.6955491703723222,1.8065752593848743,2.107494396404325,1.625736000292539,1.7995007769515585,2.107494396404325,1.6300993234225247,-0.007074482433315765,0.0,0.004363323129985816,6,6,3,0.0058177412202335965,0.00029078931082793247,0.0017423440359914978,,,
115.36199998855591,1790848158.393,True,X_ONLY,ACCEPTED,1.4857794795744181,1.904410472948849,1.6979767405122552,1.8009406750311014,2.1044143689961152,1.6325268935624575,1.8147589134874234,2.1044143689961152,1.6281635704324717,0.013818238456322018,0.0,-0.00436332312998583,5,5,2,0.012973365597744535,0.0009686314246305505,,0.13969538478445798,0.011956068226547267,0.0057754391993234955
115.5,1790848158.531,True,X_ONLY,ACCEPTED,1.4857986154764846,1.8847218347683286,1.7013304877813777,1.813404592803097,2.0847723564956055,1.6315173177015942,1.8235629648928056,2.0847723564956055,1.6402439639615658,0.01015837208970849,0.0,0.008726646259971646,6,6,3,0.007563135253289666,0.0001420258806084096,0.0031784252055532813,,,
115.64000010490417,1790848158.671,True,X_ONLY,ACCEPTED,1.4817073886920555,1.857746982098334,1.7042338444318674,1.81783259371136,2.058097580783476,1.6431473206120555,1.8217573374518423,2.058097580783476,1.6387839974820697,0.00392474374048235,0.0,-0.00436332312998583,6,6,3,0.005894080035370841,0.001325728709157481,0.00281667186546284,,,
115.78000020980835,1790848158.811,False,REJECTED,INSUFFICIENT_RESIDUAL_IMPROVEMENT,1.4810878433242984,1.8533738494311995,1.7072900847051895,1.8208531020173055,2.0537743315348203,1.6418402377553918,1.8208531020173055,2.0537743315348203,1.6418402377553918,0.0,0.0,0.0,6,6,3,0.0010107536310091092,6.196037778449792e-05,0.001303452297572498,,,
115.92000007629395,1790848158.951,True,X_ONLY,ACCEPTED,1.4812534477036177,1.853592202964337,1.7084504150962008,1.8210326328292827,2.0539813865116607,1.643000568146403,1.8147179217708902,2.0539813865116607,1.6473638912763888,-0.006314711058392541,0.0,0.004363323129985816,6,6,3,0.008025229100428799,0.0010875318180307847,0.011166542655086636,,,
116.06000018119812,1790848159.091,False,REJECTED,INSUFFICIENT_RESIDUAL_IMPROVEMENT,1.4812534477036177,1.853592202964337,1.7084504150962008,1.8147179217708902,2.0539813865116607,1.6473638912763888,1.8147179217708902,2.0539813865116607,1.6473638912763888,0.0,0.0,0.0,6,6,3,0.001694032665295886,0.0008714254107413666,0.010756126748971865,,,
116.20000004768372,1790848159.231,False,REJECTED,INSUFFICIENT_RESIDUAL_IMPROVEMENT,1.4812534477036177,1.853592202964337,1.7084504150962008,1.8147179217708902,2.0539813865116607,1.6473638912763888,1.8147179217708902,2.0539813865116607,1.6473638912763888,0.0,0.0,0.0,6,6,3,0.0008701006849114457,0.0011299863057177006,0.011196909475964334,,,
116.34500002861023,1790848159.376,False,REJECTED,INSUFFICIENT_RESIDUAL_IMPROVEMENT,1.4812534477036177,1.853592202964337,1.7084504150962008,1.8147179217708902,2.0539813865116607,1.6473638912763888,1.8147179217708902,2.0539813865116607,1.6473638912763888,0.0,0.0,0.0,6,6,3,0.001853524400747375,0.002850746408517457,0.007348382340069589,,,
116.48000001907349,1790848159.511,False,REJECTED,INSUFFICIENT_RESIDUAL_IMPROVEMENT,1.4812534477036177,1.853592202964337,1.7084504150962008,1.8147179217708902,2.0539813865116607,1.6473638912763888,1.8147179217708902,2.0539813865116607,1.6473638912763888,0.0,0.0,0.0,6,6,3,0.0019670341671651492,0.0011972119047638508,0.009844652027495458,,,
116.62000012397766,1790848159.651,False,REJECTED,INSUFFICIENT_RESIDUAL_IMPROVEMENT,1.4812534477036177,1.853592202964337,1.7084504150962008,1.8147179217708902,2.0539813865116607,1.6473638912763888,1.8147179217708902,2.0539813865116607,1.6473638912763888,0.0,0.0,0.0,6,6,3,0.0010092076571579511,0.0009466155645014851,0.012854523750978054,,,
116.76200008392334,1790848159.793,False,REJECTED,INSUFFICIENT_RESIDUAL_IMPROVEMENT,1.4812534477036177,1.853592202964337,1.7084504150962008,1.8147179217708902,2.0539813865116607,1.6473638912763888,1.8147179217708902,2.0539813865116607,1.6473638912763888,0.0,0.0,0.0,6,6,3,0.0009697970028623715,0.00017887973429120407,0.010019931036903624,,,
116.90000009536743,1790848159.931,False,REJECTED,INSUFFICIENT_RESIDUAL_IMPROVEMENT,1.4812534477036177,1.853592202964337,1.7084504150962008,1.8147179217708902,2.0539813865116607,1.6473638912763888,1.8147179217708902,2.0539813865116607,1.6473638912763888,0.0,0.0,0.0,6,6,3,0.0021627481440533725,0.0012588016164876148,0.008271637211456882,,,
117.0400002002716,1790848160.071,True,X_ONLY,ACCEPTED,1.4812534477036177,1.853592202964337,1.7084504150962008,1.8147179217708902,2.0539813865116607,1.6473638912763888,1.815559645419658,2.0539813865116607,1.6517272144063746,0.0008417236487678892,0.0,0.004363323129985816,6,6,3,0.002164928387388354,0.0001269722059964451,0.014178106628615352,,,
117.1800000667572,1790848160.211,False,REJECTED,INSUFFICIENT_RESIDUAL_IMPROVEMENT,1.4812534477036177,1.853592202964337,1.7084504150962008,1.815559645419658,2.0539813865116607,1.6517272144063746,1.815559645419658,2.0539813865116607,1.6517272144063746,0.0,0.0,0.0,6,6,3,0.001205325466213658,0.0010700791275732868,0.009851942754178665,,,
117.32000017166138,1790848160.351,False,REJECTED,INSUFFICIENT_RESIDUAL_IMPROVEMENT,1.4812534477036177,1.853592202964337,1.7084504150962008,1.815559645419658,2.0539813865116607,1.6517272144063746,1.815559645419658,2.0539813865116607,1.6517272144063746,0.0,0.0,0.0,6,6,3,0.0017151515576143694,0.0004444740850302331,0.012739115358707214,,,
117.46000003814697,1790848160.491,False,REJECTED,INSUFFICIENT_RESIDUAL_IMPROVEMENT,1.4812534477036177,1.853592202964337,1.7084504150962008,1.815559645419658,2.0539813865116607,1.6517272144063746,1.815559645419658,2.0539813865116607,1.6517272144063746,0.0,0.0,0.0,6,6,3,0.0018333051723322669,0.0001719344361146291,0.01090490386421884,,,
117.60500001907349,1790848160.636,False,REJECTED,INSUFFICIENT_RESIDUAL_IMPROVEMENT,1.4812534477036177,1.853592202964337,1.7084504150962008,1.815559645419658,2.0539813865116607,1.6517272144063746,1.815559645419658,2.0539813865116607,1.6517272144063746,0.0,0.0,0.0,6,6,3,0.0007046824122296513,0.001352571970137273,0.009398163290810696,,,
117.74000000953674,1790848160.771,False,REJECTED,INSUFFICIENT_RESIDUAL_IMPROVEMENT,1.4812534477036177,1.853592202964337,1.7084504150962008,1.815559645419658,2.0539813865116607,1.6517272144063746,1.815559645419658,2.0539813865116607,1.6517272144063746,0.0,0.0,0.0,6,6,3,0.0002978395335888617,1.5791846187607206e-05,0.010009238377995463,,,
117.882000207901,1790848160.913,False,REJECTED,INSUFFICIENT_RESIDUAL_IMPROVEMENT,1.4812534477036177,1.853592202964337,1.7084504150962008,1.815559645419658,2.0539813865116607,1.6517272144063746,1.815559645419658,2.0539813865116607,1.6517272144063746,0.0,0.0,0.0,6,6,3,0.0019100854800750966,2.408037524048723e-05,0.012911424687980655,,,
118.02000021934509,1790848161.051,True,X_ONLY,ACCEPTED,1.4812534477036177,1.853592202964337,1.7084504150962008,1.815559645419658,2.0539813865116607,1.6517272144063746,1.8120247480928984,2.0539813865116607,1.6473638912763888,-0.0035348973267597117,0.0,-0.00436332312998583,6,6,3,0.004425153530662307,0.0008829305026134548,0.01078774169883948,,,
118.16000008583069,1790848161.191,True,X_ONLY,ACCEPTED,1.4812534477036177,1.853592202964337,1.7084504150962008,1.8120247480928984,2.0539813865116607,1.6473638912763888,1.8147174216353354,2.0539813865116607,1.6473638912763888,0.002692673542437074,0.0,0.0,6,6,3,0.0032981457272729386,0.0008041532649114558,0.012157481780150534,,,
118.30000019073486,1790848161.331,False,REJECTED,INSUFFICIENT_RESIDUAL_IMPROVEMENT,1.4812534477036177,1.853592202964337,1.7084504150962008,1.8147174216353354,2.0539813865116607,1.6473638912763888,1.8147174216353354,2.0539813865116607,1.6473638912763888,0.0,0.0,0.0,6,6,3,0.002066295837505283,0.00047053504314797934,0.010386829633470023,,,
118.44000005722046,1790848161.471,False,REJECTED,INSUFFICIENT_RESIDUAL_IMPROVEMENT,1.4812534477036177,1.853592202964337,1.7084504150962008,1.8147174216353354,2.0539813865116607,1.6473638912763888,1.8147174216353354,2.0539813865116607,1.6473638912763888,0.0,0.0,0.0,6,6,3,0.0021386627138948455,0.0007514390226823764,0.00999805752966021,,,
118.58000016212463,1790848161.611,False,REJECTED,INSUFFICIENT_RESIDUAL_IMPROVEMENT,1.4812534477036177,1.853592202964337,1.7084504150962008,1.8147174216353354,2.0539813865116607,1.6473638912763888,1.8147174216353354,2.0539813865116607,1.6473638912763888,0.0,0.0,0.0,6,6,3,0.001158113911197134,0.001585668116675265,0.009740247932807675,,,
118.72000002861023,1790848161.751,False,REJECTED,INSUFFICIENT_RESIDUAL_IMPROVEMENT,1.4812534477036177,1.853592202964337,1.7084504150962008,1.8147174216353354,2.0539813865116607,1.6473638912763888,1.8147174216353354,2.0539813865116607,1.6473638912763888,0.0,0.0,0.0,6,6,3,0.0012105426070041503,0.0009843627951187095,0.01351446387078772,,,
118.86500000953674,1790848161.896,False,REJECTED,INSUFFICIENT_RESIDUAL_IMPROVEMENT,1.4812534477036177,1.853592202964337,1.7084504150962008,1.8147174216353354,2.0539813865116607,1.6473638912763888,1.8147174216353354,2.0539813865116607,1.6473638912763888,0.0,0.0,0.0,6,6,3,0.001763586054916999,0.0001329373911240772,0.010586344546988464,,,
119.00100016593933,1790848162.032,False,REJECTED,INSUFFICIENT_RESIDUAL_IMPROVEMENT,1.4816887755409753,1.8514902888042968,1.7093054167103938,1.8150236187088258,2.0518568167165387,1.6482188928905817,1.8150236187088258,2.0518568167165387,1.6482188928905817,0.0,0.0,0.0,6,6,3,0.0009545954422149894,0.0011878742426116862,0.00999230692677706,,,
119.14000010490417,1790848162.171,True,X_ONLY,ACCEPTED,1.483465890736557,1.8408508398678136,1.713320863233907,1.816147896407312,2.041128722209727,1.6522343394140948,1.8137676038780886,2.041128722209727,1.643507693154123,-0.002380292529223338,0.0,-0.00872664625997166,6,6,3,0.0040150574249366855,0.00029276045714787813,0.012446983425411824,,,
119.28000020980835,1790848162.311,False,REJECTED,INSUFFICIENT_RESIDUAL_IMPROVEMENT,1.487134230020281,1.8140348787762408,1.7164507492082852,1.8155564203858794,2.014122193038678,1.6466375791285013,1.8155564203858794,2.014122193038678,1.6466375791285013,0.0,0.0,0.0,6,6,3,0.0007139760366214887,0.0005595125921202815,0.0014259993539632691,,,
119.42000007629395,1790848162.451,False,REJECTED,INSUFFICIENT_RESIDUAL_IMPROVEMENT,1.492782071202178,1.7789145710809433,1.7199623172356673,1.8187406348888837,1.9786934631626694,1.6501491471558833,1.8187406348888837,1.9786934631626694,1.6501491471558833,0.0,0.0,0.0,6,6,3,0.0015197206445498601,0.004396714556280434,0.0020297037666220513,,,
119.56000018119812,1790848162.591,True,X_ONLY,ACCEPTED,1.4989509283737128,1.7378660966059487,1.7199623172356673,1.8220310682024428,1.937314662985089,1.6501491471558833,1.819776585384251,1.937314662985089,1.6414225008959118,-0.0022544828181918497,0.0,-0.00872664625997166,6,5,3,0.004085883940438073,3.1393595243400796e-06,0.005934171602508025,,,
119.70000004768372,1790848162.731,True,XY_YAW,ACCEPTED,1.505327687658432,1.694654997243806,1.7170461791010754,1.8227433834668707,1.8937364542541513,1.6385063627613201,1.8167942325765734,1.9411531581174766,1.6123264239814052,-0.0059491508902972945,0.04741670386332525,-0.026179938779914952,6,5,4,0.024993035209409875,0.0034170892563149535,0.007255983459442937,0.07529730277266633,0.0030757862004494596,0.011262318392532222
119.84000015258789,1790848162.871,True,X_ONLY,ACCEPTED,1.5122171449442394,1.649536930216965,1.7185729389304698,1.8189298264825902,1.8955621081997562,1.6138531838107997,1.8271780674509843,1.8955621081997562,1.6269431532007572,0.00824824096839416,0.0,0.013089969389957462,6,5,3,0.010067383291468834,0.0006189753677987575,0.012197262020713891,,,
119.98000001907349,1790848163.011,True,X_ONLY,ACCEPTED,1.5190741245067134,1.6028471194174831,1.7026028848955024,1.8297340882243336,1.848440739808995,1.61097309916579,1.8206707944722562,1.848440739808995,1.6153364222957758,-0.009063293752077373,0.0,0.004363323129985816,6,6,3,0.011792094662554042,0.0008465088354565609,0.007794709362876468,0.07527137027295427,0.018251790132899348,0.01641707469025
120.125,1790848163.156,False,REJECTED,AMBIGUOUS_JOINT_HYPOTHESIS,1.524719432207324,1.5600547186104907,1.6266457587017062,1.8225650165964118,1.8053191560207666,1.5393792961019797,1.8225650165964118,1.8053191560207666,1.5393792961019797,0.0,0.0,0.0,6,6,3,0.037975643375318,0.01222403992946175,0.000962992086508279,,,
120.26200008392334,1790848163.293,False,REJECTED,INSUFFICIENT_INDEPENDENT_WALLS,1.5251023104789243,1.5483855926585368,1.6107672928324133,1.8219294065610356,1.793661064575922,1.5235008302326867,1.8219294065610356,1.793661064575922,1.5235008302326867,0.0,0.0,0.0,6,0,0,,,,0.09194900817605112,0.030347318101054066,0.030347318101054066
120.40400004386902,1790848163.435,True,X_ONLY,ACCEPTED,1.5257691512316658,1.5306851190850288,1.612523074778119,1.821051011862104,1.7759698276471803,1.5252566121783924,1.8421851952835444,1.7759698276471803,1.53834658156835,0.021134183421440467,0.0,0.013089969389957462,6,6,3,0.022397686668287786,7.812062892376126e-05,0.016485260950271925,,,
120.5400002002716,1790848163.571,False,REJECTED,INSUFFICIENT_RESIDUAL_IMPROVEMENT,1.526619267312414,1.501705172035318,1.6124314878642902,1.84088531358063,1.747006569268448,1.5382549946545212,1.84088531358063,1.747006569268448,1.5382549946545212,0.0,0.0,0.0,5,5,3,0.003332701564265239,0.0015753711984705099,0.006697489183960961,,,
120.6800000667572,1790848163.711,False,REJECTED,INSUFFICIENT_RESIDUAL_IMPROVEMENT,1.528147216461005,1.46488070829591,1.6125078273467857,1.8396800557419017,1.7101701319836367,1.5383313341370166,1.8396800557419017,1.7101701319836367,1.5383313341370166,0.0,0.0,0.0,6,6,2,0.0017949861551390667,0.0012534434465304445,0.0050003050346074055,,,
120.82200002670288,1790848163.853,True,X_ONLY,ACCEPTED,1.5275194102674483,1.4217219683513789,1.6127018272763867,1.8358555468431454,1.6671765963544318,1.5385253340666178,1.842093725756963,1.6671765963544318,1.5254353646766603,0.006238178913817505,0.0,-0.013089969389957476,5,5,2,0.0038738777965524607,0.0008475990857208515,0.001753117559465854,,,
120.96000003814697,1790848163.991,True,X_ONLY,ACCEPTED,1.520343246177795,1.3757329731298629,1.614263619073487,1.830936664101464,1.621988047055504,1.5269971564737603,1.8389005562207943,1.621988047055504,1.5357238027337319,0.007963892119330351,0.0,0.008726646259971646,5,4,2,0.009172279755980672,0.0013908351207674308,0.005879016799070674,,,
121.10000014305115,1790848164.131,True,X_ONLY,ACCEPTED,1.5047007301884945,1.325323074882168,1.6160957465881607,1.8193511458556157,1.572960843360083,1.5375559302484059,1.8330829625545366,1.572960843360083,1.5550092227683492,0.013731816698920873,0.0,0.017453292519943292,5,4,2,0.018918314447195828,0.008549764169779928,0.00234617150109101,0.03822558849444191,0.06202173040810521,0.060023029194323785
121.24000000953674,1790848164.271,True,X_ONLY,ACCEPTED,1.4892006235407331,1.2863733162553979,1.6162637021935562,1.8152339408507558,1.5350299927580517,1.5551771783737445,1.81146565130141,1.5350299927580517,1.5028173008139145,-0.0037682895493458823,0.0,-0.05235987755982989,5,5,2,0.013005818519816748,0.0029039585003520774,0.002547866624846032,0.0781047081618712,0.01136453559321704,0.01599329911954639
121.38499999046326,1790848164.416,False,REJECTED,INSUFFICIENT_RESIDUAL_IMPROVEMENT,1.4853301446124618,1.27824362101911,1.6198821584009415,1.8066997447425888,1.5273907070295492,1.5064357570213,1.8066997447425888,1.5273907070295492,1.5064357570213,0.0,0.0,0.0,5,5,2,0.005033897617009897,0.006514704743870392,0.0014401373122571726,,,
121.52000021934509,1790848164.551,True,X_ONLY,ACCEPTED,1.4896510710331532,1.2703124684604334,1.6198821584009415,1.8100950636661108,1.5190213943068935,1.5064357570213,1.7976805751609322,1.5190213943068935,1.5806122502310591,-0.012414488505178678,0.0,0.074176493209759,5,5,2,0.02111524806900844,0.008002854379154156,0.0025963503577020007,,,
121.66000008583069,1790848164.691,True,X_ONLY,ACCEPTED,1.5019842144755917,1.2468573028946064,1.6181568893795595,1.8090833647180258,1.4951001148844056,1.578886981209677,1.7973511926784407,1.4951001148844056,1.578886981209677,-0.011732172039584987,0.0,0.0,5,5,2,0.020610550070867317,0.008878378031282441,0.004761974081611543,,,
121.80000019073486,1790848164.831,True,X_ONLY,ACCEPTED,1.5135942032512752,1.2121761298874556,1.612573503679661,1.8075906541109632,1.4599898737844743,1.5733035955097785,1.8033042225237748,1.4599898737844743,1.560213626119821,-0.004286431587188444,0.0,-0.013089969389957476,5,5,2,0.0097583817295398,0.00543421381097553,0.0011112698700536626,,,
121.94000005722046,1790848164.971,False,REJECTED,AMBIGUOUS_JOINT_HYPOTHESIS,1.5208650871297624,1.173199863469149,1.6130727682139676,1.8085252817348212,1.4206864943241777,1.5607128906541277,1.8085252817348212,1.4206864943241777,1.5607128906541277,0.0,0.0,0.0,6,6,2,0.001861237562845397,0.0026344404415006295,0.0007385229472013557,,,
122.08000016212463,1790848165.111,False,REJECTED,AMBIGUOUS_JOINT_HYPOTHESIS,1.5259081651260868,1.1317514343423531,1.6120803699414417,1.8113922051949025,1.3790309345196328,1.5597204923816017,1.8113922051949025,1.3790309345196328,1.5597204923816017,0.0,0.0,0.0,4,4,2,0.003740590819838574,0.0008097189720076559,0.000571911010730463,,,
122.22000002861023,1790848165.251,True,X_ONLY,ACCEPTED,1.5298929705900726,1.0878359604505652,1.6144926551955479,1.8130731913015008,1.3349670966541498,1.562132777635708,1.8163732172509013,1.3349670966541498,1.5272261925958213,0.003300025949400487,0.0,-0.0349065850398866,4,4,2,0.007904935988570228,0.0002107944806051254,0.003936483095920589,,,
122.3600001335144,1790848165.391,False,REJECTED,INSUFFICIENT_RESIDUAL_IMPROVEMENT,1.534014722822841,1.0425981319895494,1.616874454341818,1.8165365484322213,1.2895421774108335,1.5296079917420915,1.8165365484322213,1.2895421774108335,1.5296079917420915,0.0,0.0,0.0,4,4,2,0.0022546754307530836,0.0030346794558726575,0.005345919883686118,,,
122.5,1790848165.531,True,X_ONLY,ACCEPTED,1.5372632305128413,0.9961781739752431,1.61836151075555,1.8157269286506577,1.2430157352507962,1.5310950481558234,1.8221429866026146,1.2430157352507962,1.539821694415795,0.006416057951957099,0.0,0.008726646259971646,6,6,4,0.010435911585923385,0.003710633808555963,0.010051180621551435,,,
122.65200018882751,1790848165.683,False,REJECTED,INSUFFICIENT_RESIDUAL_IMPROVEMENT,1.5403264626723456,0.9454567282524424,1.6200427877853343,1.821217217074253,1.1922103083924929,1.5415029714455792,1.821217217074253,1.1922103083924929,1.5415029714455792,0.0,0.0,0.0,5,5,3,0.002220579820027435,0.0008789925152203892,0.006763794193980908,,,
122.78000020980835,1790848165.811,True,X_ONLY,ACCEPTED,1.5389755821546591,0.9020691112277515,1.6250274381385599,1.816466347672825,1.149062429775058,1.5464876217988048,1.8195640088435623,1.149062429775058,1.5595775911887624,0.003097661170737176,0.0,0.013089969389957462,6,4,3,0.010052788734897122,0.0020532922195846126,0.013470139147943498,,,
122.92200016975403,1790848165.953,True,X_ONLY,ACCEPTED,1.5339102382183512,0.852072700165879,1.6301421125422562,1.8112395884637216,1.0995043542111254,1.5646922655924589,1.8159982344303434,1.0995043542111254,1.5559656193324871,0.004758645966621788,0.0,-0.00872664625997166,6,6,3,0.00545996792925818,0.000518113249682095,0.004785558848784861,,,
123.06000018119812,1790848166.091,True,X_ONLY,ACCEPTED,1.5292433178238403,0.8194059018227986,1.6426616800997438,1.8089232600983494,1.0672732419411801,1.5684851868899747,1.817404081724014,1.0672732419411801,1.5379419249800739,0.00848082162566477,0.0,-0.030543261909900768,5,5,4,0.028528968773607555,0.009571089462999227,0.005401107810919313,0.07589795945149125,0.049638229489866514,0.05001592958652612
123.20000004768372,1790848166.231,False,REJECTED,AMBIGUOUS_JOINT_HYPOTHESIS,1.5289724240398146,0.8152035342271289,1.6440815707739243,1.8166954048976198,1.0631222114658538,1.5393618156542543,1.8166954048976198,1.0631222114658538,1.5393618156542543,0.0,0.0,0.0,5,5,2,0.0012405701426441151,0.012948443128265152,0.00011483952838307193,0.11285616487240724,0.02823781083423238,0.02823781083423238
123.34000015258789,1790848166.371,False,REJECTED,AMBIGUOUS_JOINT_HYPOTHESIS,1.5289724240398146,0.8152035342271289,1.6440815707739243,1.8166954048976198,1.0631222114658538,1.5393618156542543,1.8166954048976198,1.0631222114658538,1.5393618156542543,0.0,0.0,0.0,6,6,5,0.012337419545719097,0.012162712670184206,0.00012267635242744004,,,
123.48000001907349,1790848166.511,False,REJECTED,AMBIGUOUS_JOINT_HYPOTHESIS,1.5289724240398146,0.8152035342271289,1.6440815707739243,1.8166954048976198,1.0631222114658538,1.5393618156542543,1.8166954048976198,1.0631222114658538,1.5393618156542543,0.0,0.0,0.0,6,6,6,0.017114846130678485,0.011681349901769389,1.5749389918388174e-05,,,
123.62000012397766,1790848166.651,False,REJECTED,AMBIGUOUS_JOINT_HYPOTHESIS,1.5289724240398146,0.8152035342271289,1.6440815707739243,1.8166954048976198,1.0631222114658538,1.5393618156542543,1.8166954048976198,1.0631222114658538,1.5393618156542543,0.0,0.0,0.0,6,6,5,0.012242575255023258,0.010581251497631117,0.0003178483114965394,,,
123.75999999046326,1790848166.791,True,XY_YAW,ACCEPTED,1.5289724240398146,0.8152035342271289,1.6440815707739243,1.8166954048976198,1.0631222114658538,1.5393618156542543,1.8163462363334417,1.0564863290337634,1.5873583700840983,-0.00034916856417810394,-0.006635882432090345,0.047996554429844046,6,6,5,0.012925559720609492,0.010067729813271864,0.008220704830696122,,,
123.90500020980835,1790848166.936,False,REJECTED,AMBIGUOUS_JOINT_HYPOTHESIS,1.529535589692101,0.8151937478016928,1.6437762173582096,1.8169079414100904,1.0564446309174353,1.5870530166683836,1.8169079414100904,1.0564446309174353,1.5870530166683836,0.0,0.0,0.0,6,6,6,0.01699945330924446,0.010722607910908732,0.0002825044577797302,,,
124.0400002002716,1790848167.071,True,XY_YAW,ACCEPTED,1.5418121861324314,0.8125716779293204,1.6413333900324916,1.8290161405886596,1.0531307837232464,1.5846101893426658,1.8052685021325292,1.0533914345125068,1.5453402811727934,-0.02374763845613037,0.0002606507892604082,-0.03926990816987243,6,6,6,0.02146485523937458,0.011157977051455381,0.0023391929871662206,,,
124.1800000667572,1790848167.211,True,XY_YAW,ACCEPTED,1.5537914519256446,0.8087149059226382,1.642860151880825,1.816822962547044,1.0484042565744958,1.5468670430211267,1.80839637491179,1.0521646916780083,1.5512303661511124,-0.008426587635254057,0.003760435103512594,0.004363323129985816,6,6,6,0.016561846005970216,0.01037226742001307,0.002359094929475402,,,
124.32200002670288,1790848167.353,True,X_ONLY,ACCEPTED,1.5537914519256446,0.8087149059226382,1.6451503035306136,1.80839637491179,1.052164691678008,1.553520517800901,1.809472781906354,1.052164691678008,1.457527408941213,0.0010764069945641275,0.0,-0.09599310885968813,5,5,3,0.0178050054929888,0.01197405194494161,0.002162528743116166,,,
124.46000003814697,1790848167.491,False,REJECTED,INSUFFICIENT_RESIDUAL_IMPROVEMENT,1.5593725101037443,0.8086560296944247,1.645715242884688,1.814944912901446,1.0510658472076044,1.4580923482952874,1.814944912901446,1.0510658472076044,1.4580923482952874,0.0,0.0,0.0,6,6,5,0.013179924069456561,0.014662673969053408,0.0028048188732440853,,,
124.60000014305115,1790848167.631,True,XY_YAW,ACCEPTED,1.5795092060225617,0.8096735298667825,1.6425853574602685,1.8349180060545536,1.048309512861964,1.454962462870868,1.8280180330348634,1.047142506740833,1.5422289254705843,-0.006899973019690031,-0.0011670061211308536,0.08726646259971646,6,6,6,0.023780198262714602,0.008467671678449085,0.008249478313367826,,,
124.74000000953674,1790848167.771,True,XY_YAW,ACCEPTED,1.6090902265369835,0.8114922209662168,1.6433945460738428,1.857632428320371,1.0459883820233462,1.5430381140841587,1.8420116645559546,1.0324995861125046,1.5648547297340878,-0.015620763764416346,-0.013488795910841622,0.021816615649929122,6,6,6,0.02002729439850981,0.0026328176921364133,0.0027464246163893535,,,
124.88000011444092,1790848167.911,False,REJECTED,INSUFFICIENT_RESIDUAL_IMPROVEMENT,1.627508983794966,0.8127294682605122,1.6470588191158269,1.8604707162361624,1.0322879003474101,1.5685190027760718,1.8604707162361624,1.0322879003474101,1.5685190027760718,0.0,0.0,0.0,6,6,6,0.008923435623780396,0.010691296638138503,0.006175095765641632,,,
125.02000021934509,1790848168.051,True,X_ONLY,ACCEPTED,1.629016969978282,0.8129097911052034,1.648295510175457,1.8619882017686737,1.0323493520846379,1.569755693835702,1.8885963581952419,1.0323493520846379,1.5086691700159005,0.026608156426568164,0.0,-0.06108652381980154,6,4,2,0.03937893951586591,0.014256264605379876,0.003918395467077958,0.17256241247967463,0.003381893371436573,0.021803394724126846
125.1710000038147,1790848168.202,True,XY_YAW,ACCEPTED,1.635165187149791,0.8109589418518186,1.6459137592804325,1.8944132355997767,1.0295618219129474,1.5062874191208762,1.8859164358036429,1.0375786729850012,1.5455573272907486,-0.008496799796133825,0.008016851072053688,0.039269908169872414,5,5,5,0.02117155249826519,0.009889970204628229,0.0010817196492066243,,,
125.30000019073486,1790848168.331,True,XY_YAW,ACCEPTED,1.6533252803417335,0.8034335466399245,1.6442195635415802,1.9032312020589839,1.0282717171261746,1.543863131551896,1.9103118789587243,1.0501720719566872,1.5307731621619385,0.007080676899740457,0.02190035483051256,-0.013089969389957476,5,5,5,0.0055442204977227405,0.0014236817299395632,0.008924208207413537,0.12914903039550818,0.028936021380217114,0.04273748399685373
125.4430000782013,1790848168.474,True,XY_YAW,ACCEPTED,1.673255155571878,0.7999371037226479,1.6433945754603863,1.92971783349955,1.0444419787530554,1.5299481740807446,1.9093667752997747,1.0303328874392925,1.5866713747705603,-0.02035105819977523,-0.014109091313762923,0.056723200689815706,5,5,4,0.025009679896768333,0.005110991526103059,0.00552398398376127,,,
125.58000016212463,1790848168.611,True,XY_YAW,ACCEPTED,1.6740246849967901,0.7996198909512515,1.6433945754603863,1.9101170833915948,1.0299725580823251,1.5866713747705603,1.9253424403259392,1.0380794735047025,1.547401466600688,0.015225356934344347,0.008106915422377403,-0.03926990816987243,5,5,5,0.015199548358942216,0.0002668148359807887,0.006728324960649788,0.14639152213745527,0.037988062066588724,0.04574643730508865
125.72000002861023,1790848168.751,True,XY_YAW,ACCEPTED,1.676150391346876,0.7997098426770388,1.6414651424628643,1.9274669818365084,1.0379652711858267,1.5454720336031662,1.9236887818413728,1.0214117618304517,1.5760152955130668,-0.0037781999951356227,-0.016553509355374918,0.030543261909900754,6,6,5,0.016589543925478623,0.005915178276845179,0.00499099321036257,,,
125.8600001335144,1790848168.891,True,XY_YAW,ACCEPTED,1.6937209841472722,0.803166569597008,1.6397276273809946,1.9414478354113,1.023711915881168,1.574277780431197,1.92532127113287,1.0202719340626927,1.5830044266911685,-0.016126564278430067,-0.0034399818184753794,0.008726646259971646,5,5,5,0.00883945055248625,0.004426324429113171,0.0035250660465763507,,,
126.0,1790848169.031,False,REJECTED,AMBIGUOUS_JOINT_HYPOTHESIS,1.7230880741975794,0.8121818640506295,1.642025044585942,1.955152231400885,1.027607826755233,1.5853018438961157,1.955152231400885,1.027607826755233,1.5853018438961157,0.0,0.0,0.0,6,6,5,0.007449551274225974,0.004841035971378638,0.0007647318231480699,,,
126.14000010490417,1790848169.171,True,XY_YAW,ACCEPTED,1.759763533103829,0.8178495453629393,1.64630260187337,1.9920900207393686,1.0311871585682546,1.5895794011835438,1.969235503723751,1.0394468626914306,1.5764894317935862,-0.022854517015617692,0.008259704123175893,-0.013089969389957476,6,6,4,0.021022010689152548,0.01215836818955185,0.0019582396786565134,0.1713560771326483,0.029377769670943576,0.028622833312593493
126.2829999923706,1790848169.314,True,XY_YAW,ACCEPTED,1.802774033102485,0.8169872123002972,1.6516544716894792,2.0120810789924675,1.0355863694149103,1.5818413016096955,2.000080054133714,1.035058330058349,1.5774779784797097,-0.01200102485875354,-0.0005280393565613162,-0.00436332312998583,6,6,4,0.008516213352885327,0.004653166293225541,0.004357635707947068,,,
126.42500019073486,1790848169.456,False,REJECTED,INSUFFICIENT_RESIDUAL_IMPROVEMENT,1.8361283297624293,0.8074762405286082,1.6556851705459035,2.0326377888934157,1.0231016751315578,1.581508677336134,2.0326377888934157,1.0231016751315578,1.581508677336134,0.0,0.0,0.0,5,5,2,0.01639969972041122,0.01679308188411932,0.00348524322800485,0.14736375628602139,0.05113832729586171,0.05113832729586171
126.56000018119812,1790848169.591,True,X_ONLY,ACCEPTED,1.8387056166572657,0.8060577909401097,1.6556851705459035,2.0351028695689233,1.0214961271762966,1.581508677336134,2.062204948916444,1.0214961271762966,1.5509654154262331,0.027102079347520625,0.0,-0.030543261909900768,5,4,2,0.030261646752538618,0.003192333543299397,0.006580735353624263,0.18478900845687968,0.04682385842438397,0.049418007152148835
126.70000004768372,1790848169.731,True,X_ONLY,ACCEPTED,1.844648524957857,0.806436297299246,1.654021013370611,2.068154866031606,1.021251356965993,1.5493012582509404,2.091594883968752,1.021251356965993,1.6060244589407562,0.02344001793714634,0.0,0.056723200689815706,5,5,3,0.028630899417901645,0.0013851652193084263,0.012724716856078584,0.17816399423454765,0.055887547463151555,0.03702460204091518
126.84000015258789,1790848169.871,True,X_ONLY,ACCEPTED,1.866505233053658,0.8082464958852529,1.649582775921982,2.1135132715245244,1.0220108269527686,1.6015862214921275,2.0843487442034,1.0220108269527686,1.6234028371420566,-0.02916452732112429,0.0,0.021816615649929122,5,5,3,0.027904676580130072,0.002680142065051516,0.0015289727899567805,0.17937561966247828,0.038653090327795514,0.031294467367617984
126.98000001907349,1790848170.011,False,REJECTED,AMBIGUOUS_JOINT_HYPOTHESIS,1.898755235651136,0.8085142076637879,1.6522003945680335,2.116594703407838,1.0214342403422398,1.626020455788108,2.116594703407838,1.0214342403422398,1.626020455788108,0.0,0.0,0.0,5,5,3,0.0192047815575469,0.00838724315319217,0.0006109987093226577,0.17975539011456065,0.010892451968495198,0.010892451968495198
127.12000012397766,1790848170.151,True,X_ONLY,ACCEPTED,1.9201848242979898,0.8027270435993019,1.6543263437537126,2.1378654583753134,1.0150880981600734,1.6281464049737868,2.115905996338138,1.0150880981600734,1.5234266498541271,-0.02195946203717547,0.0,-0.10471975511965978,5,5,2,0.02605750248575367,0.0028083974441668325,0.018195360866135765,0.16910222454205492,0.012090449242132317,0.019678166019083898
127.25999999046326,1790848170.291,True,XY_YAW,ACCEPTED,1.9241285787670401,0.8006667704918213,1.6557920352735693,2.119547091837345,1.012530687720739,1.5248923413739839,2.1396657089321645,1.0683400303636956,1.6121588039737003,0.020118617094819435,0.055809342642956616,0.08726646259971646,5,5,4,0.035413013049926556,0.005887358089980199,0.003067277228685175,0.13896166216110417,0.020769845633990203,0.023562407922705753
127.40000009536743,1790848170.431,True,XY_YAW,ACCEPTED,1.94222692633206,0.7856848823471103,1.6535782200651656,2.1570933300981197,1.0525829628236725,1.6099449887652966,2.1717229989148374,1.0657637725284799,1.5924916962453532,0.014629668816717789,0.013180809704807284,-0.017453292519943306,6,6,5,0.013588664834209396,2.1105601843207644e-05,0.00914858002570488,0.14392800150269963,0.024981132890857127,0.02876391903728709
127.5400002002716,1790848170.571,True,XY_YAW,ACCEPTED,1.9652782288195523,0.765155201485082,1.651975113547946,2.1934779990428086,1.0438651353083563,1.5908885897281337,2.1689753556979543,1.053311900363642,1.6607017598079068,-0.024502643344854302,0.009446765055285536,0.06981317007977317,7,7,5,0.02242430919343974,0.002061270865340137,0.003869741286536329,0.1574285719050001,0.020636391078155514,0.0316657888679589
127.68800020217896,1790848170.719,True,XY_YAW,ACCEPTED,1.9707367692766962,0.7592949160472064,1.6517308363937127,2.1744848282995073,1.0474994722145474,1.6604574826536735,2.192142814175584,1.0299585302498817,1.6604574826536735,0.017657985876076587,-0.017540941964665657,0.0,8,8,5,0.017989219766497477,0.0022994334134645023,0.008605579400789674,0.15840095984149993,0.02936903404579727,0.011769570125426121
127.82000017166138,1790848170.851,False,REJECTED,INSUFFICIENT_RESIDUAL_IMPROVEMENT,1.969437527631881,0.749988036386936,1.6542500227314691,2.1909248388176437,1.0206406670887362,1.66297666899143,2.1909248388176437,1.0206406670887362,1.66297666899143,0.0,0.0,0.0,5,5,4,0.006136634923325557,0.004608200158843473,0.0029621371029617885,0.13102576953184847,0.025175748070783655,0.025175748070783655
127.96500015258789,1790848170.996,True,XY_YAW,ACCEPTED,1.9666981379873403,0.7234897576038883,1.6557004273947173,2.1884167916511124,0.9941194918979726,1.6644270736546782,2.2011037916590817,0.9918095993576983,1.6513371042647207,0.012687000007969407,-0.0023098925402743054,-0.013089969389957476,5,5,5,0.00957409397208775,0.0015180087605437542,0.01632270837913156,0.12618705320113377,0.029893699121817108,0.021310752089205298
128.10000014305115,1790848171.131,True,XY_YAW,ACCEPTED,1.9619395523846286,0.6884496357553538,1.654708025336392,2.196192360465674,0.9567905742466112,1.6503447022063953,2.2124149880285557,1.0052797556298627,1.6154381171665086,0.016222627562881453,0.04848918138325156,-0.0349065850398866,6,6,4,0.024690563501739787,0.006752407943823702,0.007138894740005489,0.13445032006338545,0.015276565042618623,0.009159392764779867
128.24000000953674,1790848171.271,False,REJECTED,INSUFFICIENT_RESIDUAL_IMPROVEMENT,1.9557755380300805,0.6472132785601337,1.6542805313051783,2.2046367941196268,0.9643171882395009,1.6150106231352952,2.2046367941196268,0.9643171882395009,1.6150106231352952,0.0,0.0,0.0,6,6,2,0.005050135990376986,0.00734874956511139,0.0023959368825113916,0.15755059108467973,0.00928980922687539,0.00928980922687539
128.38000011444092,1790848171.411,True,X_ONLY,ACCEPTED,1.9474725663822998,0.6025739822540409,1.6531354686620177,2.194587693213489,0.9200382803502447,1.6138655604921346,2.1901324053396247,0.9200382803502447,1.6705887611819503,-0.0044552878738644,0.0,0.056723200689815706,7,7,2,0.018597950185669343,0.004337088660741895,,0.1503035847910501,0.015670553061240655,0.010743063422557597
128.5200002193451,1790848171.551,True,Y_ONLY,ACCEPTED,1.9384348202480735,0.5565870516118745,1.6527385135153203,2.1818986183022795,0.8739006233215467,1.6701918060352532,2.1818986183022795,0.8645557850415104,1.6920084216851823,0.0,-0.009344838280036322,0.021816615649929122,7,7,2,0.009901619213632307,0.004309878495922764,0.005212951953019559,0.14646093501636792,0.008921646808705441,0.01625988613464835
128.6600000858307,1790848171.691,True,XY_YAW,ACCEPTED,1.9285184126160446,0.5088041883877403,1.6527385135153203,2.173865802267777,0.8164204443366118,1.6920084216851823,2.1851524561616293,0.8295152528163839,1.6571018366452956,0.011286653893852527,0.01309480847977218,-0.0349065850398866,8,8,5,0.014154927722046518,0.0008217182644245646,0.004933120625589198,0.15349789019657045,0.020338223187559845,0.014185774695366637
128.80000019073486,1790848171.831,True,XY_YAW,ACCEPTED,1.9177286735372792,0.4614986986735211,1.6509744899359005,2.1745692282758924,0.7821631344476299,1.6553378130658756,2.169111292194895,0.7778463882088398,1.6509744899358898,-0.00545793608099765,-0.004316746238790081,-0.00436332312998583,8,8,5,0.010550740551708293,0.006292745062431493,0.0012721580854106948,0.13658051880420496,0.008168942714473881,0.012036862538175153
128.9539999961853,1790848171.985,True,XY_YAW,ACCEPTED,1.904542021662755,0.4084520313769362,1.648176674826474,2.1559246403203702,0.7247997209122549,1.6481766748264635,2.1659149844699277,0.7253262793249183,1.6132700897865768,0.009990344149557462,0.0005265584126634415,-0.0349065850398866,6,6,5,0.005686690502456404,0.0003547376713187167,0.005128021763947032,0.11266181386054476,0.029009503395865055,0.035228860833914355
129.08000016212463,1790848172.111,True,Y_ONLY,ACCEPTED,1.8835184907880793,0.37055967552402275,1.6496238765876898,2.143581836414085,0.6881907171178093,1.6147172915477928,2.143581836414085,0.6715797225476523,1.6147172915477928,0.0,-0.01661099457015705,0.0,5,5,2,0.01661099457015705,0.00017981040765699396,0.004068096735176104,0.1278614374769531,0.011592874879718496,0.011592874879718496
129.22000002861023,1790848172.251,True,XY_YAW,ACCEPTED,1.8507482700750177,0.3427556059018051,1.65794479249083,2.1098612303979634,0.644936254623124,1.6230382074509329,2.1421814803371566,0.618118936035358,1.6099482380609753,0.032320249939193246,-0.026817318587766037,-0.013089969389957476,6,6,5,0.029509559950434694,0.002181859031290534,0.007665135239035621,0.09885911412150832,0.024349570740554827,0.02625986826529708
129.3600001335144,1790848172.391,True,XY_YAW,ACCEPTED,1.8126447955202514,0.32512701992746745,1.6689376110261702,2.1032760996951314,0.6023387847781785,1.6209410565963156,2.101829627597321,0.569683972252826,1.5991244409463865,-0.0014464720978104584,-0.03265481252535249,-0.021816615649929122,5,5,4,0.01815991235759451,0.010740231217495039,0.0010218958969924058,0.07579059914821183,0.03166765976830921,0.04481065615369445
129.5,1790848172.531,False,REJECTED,AMBIGUOUS_JOINT_HYPOTHESIS,1.771632979432301,0.31336508230689597,1.6726445925844144,2.060097242939305,0.5608115257932835,1.6028314225046307,2.060097242939305,0.5608115257932835,1.6028314225046307,0.0,0.0,0.0,6,6,3,0.019359464249881775,0.0010595644865488696,0.00045825895978248224,0.06857570384977096,0.030763394978022163,0.030763394978022163
129.64000010490417,1790848172.671,False,REJECTED,INSUFFICIENT_RESIDUAL_IMPROVEMENT,1.728610229502163,0.30550684207513024,1.678006671308517,2.016631131137279,0.5559735431656708,1.6081935012287334,2.016631131137279,0.5559735431656708,1.6081935012287334,0.0,0.0,0.0,7,7,3,0.014805037023856604,0.01537805466877007,0.008075181916233992,0.06693477665042913,0.03016076970134085,0.03016076970134085
129.78000020980835,1790848172.811,True,X_ONLY,ACCEPTED,1.6839473883841904,0.30216598229020397,1.6805772789735216,1.9718440398576533,0.555756343851054,1.6107641088937377,1.9914281997256034,0.555756343851054,1.5802208469838368,0.019584159867950035,0.0,-0.030543261909900768,7,6,3,0.0250189608011806,0.00021146593126064595,0.0015894428429430313,0.16938860948402318,0.02307929859275909,0.02240689057044587
129.92000007629395,1790848172.951,True,X_ONLY,ACCEPTED,1.6367870795892239,0.3068792491258273,1.6802815671569298,1.9449773902317418,0.5651707958938106,1.579925135167245,1.9498461505688858,0.5651707958938106,1.6148317202071316,0.004868760337144007,0.0,0.034906585039886584,7,6,2,0.004035336953934321,0.0005402728326009409,0.0014027131223211461,0.11611298801614478,0.030474338591900296,0.03072617517859927
130.06000018119812,1790848173.091,False,REJECTED,AMBIGUOUS_JOINT_HYPOTHESIS,1.5878420868193663,0.3223183377855605,1.6864436292627698,1.9020157174964427,0.583777983966893,1.6209937823129716,1.9020157174964427,0.583777983966893,1.6209937823129716,0.0,0.0,0.0,5,5,4,0.0029562764510945305,0.003142268891483835,8.597113146171023e-05,0.12168418961034144,0.03918924085161679,0.03918924085161679
130.20500016212463,1790848173.236,True,XY_YAW,ACCEPTED,1.5365497777254562,0.34814171293327867,1.6960750633722945,1.8525221587155167,0.6129007468063635,1.6306252164224964,1.8970141501417968,0.601300602381619,1.6568051552024112,0.04449199142627991,-0.011600144424744552,0.026179938779914924,7,7,4,0.03119912313135248,0.0023177697780570883,0.003972501674238051,0.11990992620695229,0.06847554751487528,0.043041178297971106
130.3400001525879,1790848173.371,True,XY_YAW,ACCEPTED,1.5178845223402049,0.35883923281229646,1.6995335101498779,1.8787832676515346,0.6127226693480174,1.6602636019799946,1.8446409218450117,0.6250740671885875,1.6340836632000797,-0.03414234580652287,0.012351397840570044,-0.026179938779914952,5,5,4,0.024035973674339267,0.00030567597291528137,0.0036024149127646746,0.07475495519425868,0.04541995134184185,0.030983654487789947
130.48200011253357,1790848173.513,False,REJECTED,AMBIGUOUS_JOINT_HYPOTHESIS,1.5207833655446876,0.3401432605890726,1.6947095925116917,1.8463107833162757,0.6062285310603014,1.6292597455618936,1.8463107833162757,0.6062285310603014,1.6292597455618936,0.0,0.0,0.0,5,5,3,0.046461543895959245,0.00034400565437575636,0.0005501226353862004,0.128584942223596,0.054089185891681546,0.054089185891681546
130.62000012397766,1790848173.651,True,XY_YAW,ACCEPTED,1.5257530247123405,0.3059364066051724,1.692785845435975,1.8490325667705068,0.5717698853157743,1.6273359984861768,1.7819055651049105,0.6088940622510469,1.6884225223059783,-0.06712700166559626,0.03712417693527262,0.061086523819801536,5,5,5,0.05060682431560115,0.00405047774852707,,0.1304470477526521,0.037790719684228424,0.024868029819182125
130.75999999046326,1790848173.791,False,REJECTED,AMBIGUOUS_JOINT_HYPOTHESIS,1.531469218765654,0.2650685361226618,1.6927552981829879,1.787443385585452,0.5680016392786225,1.6883919750529912,1.787443385585452,0.5680016392786225,1.6883919750529912,0.0,0.0,0.0,6,6,5,0.008256063795227753,0.00956564487076994,0.0008283592990145153,0.13306446265618943,0.012783490767182215,0.012783490767182215
130.90000009536743,1790848173.931,False,REJECTED,INSUFFICIENT_RESIDUAL_IMPROVEMENT,1.537387656101946,0.22134098144961645,1.698175346368268,1.7931709697371816,0.5242486768878007,1.6938120232382714,1.7931709697371816,0.5242486768878007,1.6938120232382714,0.0,0.0,0.0,8,8,2,0.0017272026759708181,0.009828690531175965,0.009519435801485645,0.14031363593783253,0.010393284396098323,0.010393284396098323
131.0400002002716,1790848174.071,True,X_ONLY,ACCEPTED,1.5438274768190787,0.17547550721661612,1.7011774538451776,1.7994106039022915,0.47835554033153077,1.6968141307151807,1.7824217816781804,0.47835554033153077,1.6270009606354074,-0.016988822224111022,0.0,-0.0698131700797732,6,6,3,0.008394763755096513,0.0033763814170697515,0.007475591204276589,0.12038707378773422,0.021120272282471708,0.011223811758354962
131.1800000667572,1790848174.211,False,REJECTED,INSUFFICIENT_RESIDUAL_IMPROVEMENT,1.5510433226554283,0.12875560505388578,1.7058092377303118,1.7861554438627725,0.4312293538115037,1.6316327445205416,1.7861554438627725,0.4312293538115037,1.6316327445205416,0.0,0.0,0.0,6,6,3,0.0035455718158483585,0.0033635475686639715,0.00907398945102194,0.12534442119946299,0.01364825934502234,0.01364825934502234
131.32000017166138,1790848174.351,False,REJECTED,INSUFFICIENT_RESIDUAL_IMPROVEMENT,1.5552017802389622,0.0810210562622223,1.7093562794827364,1.7867649311165705,0.38331788918031956,1.6351797862729662,1.7867649311165705,0.38331788918031956,1.6351797862729662,0.0,0.0,0.0,6,6,3,0.0018162644443024956,0.000922962297812413,0.0142294291680536,0.08775407498802351,0.022609477862447186,0.022609477862447186
131.46600008010864,1790848174.497,True,X_ONLY,ACCEPTED,1.550984858420068,0.027837698941566003,1.7116739204638332,1.7786182667375714,0.3305932859573534,1.637497427254063,1.7862733018775117,0.3305932859573534,1.6200441347341197,0.007655035139940258,0.0,-0.017453292519943306,5,5,2,0.012276507600655018,0.00046892091840833316,0.0012953081445843326,0.07629822415344098,0.032464234515363316,0.023806561798514467
131.60000014305115,1790848174.631,True,XY_YAW,ACCEPTED,1.5281660537365438,-0.014769608971702606,1.7104811613358402,1.7596515860913398,0.2902526763511366,1.6188513756061265,1.7945192858860999,0.30883570002047644,1.6450313143860413,0.03486769979476012,0.018583023669339838,0.026179938779914924,5,5,5,0.023438918379373508,0.0009370759868283507,0.006737227643435428,0.06668405338567268,0.031141732864033683,0.01399695962414807
131.74000000953674,1790848174.771,True,XY_YAW,ACCEPTED,1.499238838021228,-0.045751583571795935,1.7157637804956944,1.7636276874715489,0.2798119906339188,1.6503139335458958,1.787661131192314,0.24885332889492967,1.6503139335458958,0.024033443720765213,-0.030958661738989146,0.0,7,7,7,0.030070559138872355,0.0008881026001168468,0.006501571654969696,0.07114445517564932,0.01182374209046276,0.01567231063941442
131.88000011444092,1790848174.911,True,XY_YAW,ACCEPTED,1.4960217474767008,-0.05135770032100379,1.7256115181804068,1.784084271107363,0.24346962306064399,1.660161671230608,1.7493249349881927,0.21665134544258433,1.6165284399307498,-0.03475933611917015,-0.02681827761805966,-0.043633231299858244,6,6,5,0.02549004412311627,0.00201932364046975,0.0017019505593631017,0.09766767290711287,0.011266402260529551,0.025111958795479228
132.0200002193451,1790848175.051,False,REJECTED,AMBIGUOUS_JOINT_HYPOTHESIS,1.4940138688720537,-0.051626784777481234,1.7282681199874987,1.7472996961510145,0.2166024518018756,1.6191850417378417,1.7472996961510145,0.2166024518018756,1.6191850417378417,0.0,0.0,0.0,6,6,6,0.027893712521970038,0.0011831081892373918,0.00015296032427777537,0.09479902048085478,0.049009153986200066,0.049009153986200066
132.1600000858307,1790848175.191,True,XY_YAW,ACCEPTED,1.4787119834906548,-0.05131887124933777,1.7359477832386958,1.732122281584417,0.21857440363696698,1.6268647049890388,1.7446413679014916,0.18702140796991737,1.6486813206389679,0.012519086317074546,-0.03155299566704961,0.021816615649929122,6,6,6,0.020620583928044556,0.004282749852415835,0.0019797805788227332,0.08277399677845387,0.031347257774473725,0.044936340189345995
132.30200004577637,1790848175.333,True,XY_YAW,ACCEPTED,1.4506899125788844,-0.05164735460416453,1.7425434629649843,1.7166973002188648,0.18913645899707082,1.6552770003652564,1.7410422934653655,0.18574945085083644,1.6421870309752988,0.024344993246500746,-0.0033870081462343826,-0.013089969389957476,6,6,5,0.011813381411876378,0.00020880060672134881,0.004443113319879425,0.0653457237903643,0.04651423707432825,0.046552449837442854
132.44000005722046,1790848175.471,True,X_ONLY,ACCEPTED,1.4151296551974224,-0.0553137769340189,1.74466161493614,1.705293625123632,0.1856641893154948,1.6443051829464546,1.7234106685277468,0.1856641893154948,1.657395152336412,0.018117043404114797,0.0,0.013089969389957462,6,6,4,0.010169333740357223,8.267389818428228e-05,0.0052996018176360155,,,
132.58000016212463,1790848175.611,True,XY_YAW,ACCEPTED,1.3750208776193409,-0.060571943483541724,1.744414788661529,1.6829962375464067,0.1839217419776957,1.6571483260618014,1.6960106060037758,0.20751372599750903,1.6789649417117305,0.013014368457369127,0.023591984019813335,0.021816615649929122,7,7,7,0.008297016173398397,0.005908647221788854,0.0030629437785467083,0.08754271219521838,0.042269338369485654,0.025252656714611403
132.72500014305115,1790848175.756,True,XY_YAW,ACCEPTED,1.3307147077091952,-0.06754145680108764,1.7462535337921532,1.6513434710242325,0.20345689709929188,1.6808036868423546,1.6368496518181355,0.19182258113556075,1.6415337786724822,-0.014493819206097047,-0.011634315963731122,-0.03926990816987243,10,9,6,0.009231440735560925,0.006849505850312958,0.004170850127628838,0.09223146447747393,0.045121357426735176,0.0456666375447663
132.8600001335144,1790848175.891,True,XY_YAW,ACCEPTED,1.2883834103601521,-0.07460613251415493,1.749917793663493,1.5940117900493957,0.18922143191526128,1.645198038543822,1.5748741873922285,0.18944708669567736,1.6408347154138363,-0.01913760265716724,0.0002256547804160916,-0.00436332312998583,8,8,4,0.010333131008596647,0.0060759722257401685,0.005613350632394855,0.08026962683991506,0.03612484441034673,0.038140159393151685
133.00200009346008,1790848176.033,False,REJECTED,AMBIGUOUS_JOINT_HYPOTHESIS,1.2429038315445722,-0.08236960330521752,1.7509102031961852,1.5288197390078921,0.18668097896445393,1.6418271249465284,1.5288197390078921,0.18668097896445393,1.6418271249465284,0.0,0.0,0.0,8,6,4,0.02561939330440577,0.011917948990785465,0.00035463004045137303,0.06764568054285444,0.0406708307071475,0.0406708307071475
133.14000010490417,1790848176.171,True,X_ONLY,ACCEPTED,1.198227973743896,-0.0905045241372731,1.7509102031961852,1.4835237959874568,0.1834581303705032,1.6418271249465284,1.557716526794159,0.1834581303705032,1.676733709986415,0.0741927308067023,0.0,0.034906585039886584,8,6,3,0.04559746360479,0.0005843900140836134,0.003680702070043538,0.1098986261533939,0.019886369604099646,0.013131799858498439
133.28000020980835,1790848176.311,True,Y_ONLY,ACCEPTED,1.1592148736879901,-0.09731551159306594,1.7499635966201736,1.5183059535450136,0.17955707381248934,1.6757871034104035,1.5183059535450136,0.166919393794655,1.6277905489805595,0.0,-0.01263768001783433,-0.04799655442984407,9,8,2,0.012691849385719711,0.00633500474142068,0.003912497289315694,0.01662353933262506,0.007810771225650548,0.04750633750152655
133.42000007629395,1790848176.451,True,X_ONLY,ACCEPTED,1.1530224795911217,-0.09740923010599876,1.7403754685353492,1.5121482952010843,0.16758103684799724,1.618202420895735,1.4555024902041986,0.16758103684799724,1.6836522678455224,-0.05664580499688565,0.0,0.06544984694978734,8,7,2,0.10594716728781517,0.007478125236317634,0.0015004428682829432,0.08983900921334231,0.07379293008355003,0.011486490746030253
133.56000018119812,1790848176.591,True,X_ONLY,ACCEPTED,1.153376178680051,-0.09670519427065725,1.6966638117101684,1.4558955341825193,0.16826388817446625,1.6399406110203416,1.379333204427278,0.16826388817446625,1.6617572266702707,-0.07656232975524135,0.0,0.021816615649929122,8,6,3,0.08784638426265712,0.002130292537409817,0.005593699359603025,0.12874242003558756,0.012107693185272578,0.014226248201487823
133.7020001411438,1790848176.733,True,XY_YAW,ACCEPTED,1.1543084439187976,-0.09716729088984326,1.641394560308806,1.3802487748157928,0.16776953746442955,1.6064879752689083,1.3902335476265848,0.1935732195938877,1.663211175958724,0.00998477281079213,0.025803682129458154,0.056723200689815706,8,6,5,0.021655960243100014,0.007735571650167916,0.004539865827710498,0.13599083046444227,0.008202591778769967,0.022676700210774912
133.8400001525879,1790848176.871,False,REJECTED,AMBIGUOUS_JOINT_HYPOTHESIS,1.1540445171488236,-0.08975933369912469,1.630859828544174,1.3898080799295787,0.20097365635925735,1.652676444194092,1.3898080799295787,0.20097365635925735,1.652676444194092,0.0,0.0,0.0,7,6,5,0.021869515762275693,0.00965899291220737,0.0005782521688700339,0.13260238521952028,0.025754985685688438,0.025754985685688438
133.99500012397766,1790848177.026,True,XY_YAW,ACCEPTED,1.152217666190774,-0.0635293974319082,1.6374554871491473,1.3874094606684528,0.22715749806832142,1.6592721027990656,1.3844566252789583,0.20052793484019882,1.5589156708093916,-0.0029528353894945347,-0.02662956322812261,-0.10035643198967395,8,7,5,0.04373369815783823,0.004225886565679016,0.00968976086533527,0.11851863509421623,0.06991475630747268,0.04395635994908531
134.12000012397766,1790848177.151,False,REJECTED,AMBIGUOUS_JOINT_HYPOTHESIS,1.1500611417474633,-0.03190465502859628,1.6451188165956028,1.384787997372393,0.23222438767464249,1.5665790002558468,1.384787997372393,0.23222438767464249,1.5665790002558468,0.0,0.0,0.0,8,7,5,0.013140753125342908,0.0055673043216278445,0.00032916724565839467,0.11443928625682798,0.04482189597960806,0.04482189597960806
134.25999999046326,1790848177.291,True,X_ONLY,ACCEPTED,1.1470265566228983,0.00781316918769666,1.6514254559151182,1.3848789914333137,0.2720578658988128,1.5728856395753623,1.4349448884809308,0.2720578658988128,1.6339721633951638,0.0500658970476171,0.0,0.061086523819801536,7,6,3,0.014543635736294913,0.0003084327701072809,0.004790752508808088,0.13528161966105845,0.020964289522732757,0.006282313692097821
134.40000009536743,1790848177.431,True,X_ONLY,ACCEPTED,1.1432653691976489,0.05128980600155893,1.6568455389015193,1.4319430458389464,0.31559352278193675,1.6393922463815649,1.3768502474611888,0.31559352278193675,1.5477624606518625,-0.05509279837775756,0.0,-0.0916297857297023,6,6,2,0.061996292322611224,0.0070044817635603225,0.004149827720678855,0.15107304933058374,0.018503037954376453,0.05874310998744019
134.5400002002716,1790848177.571,True,Y_ONLY,ACCEPTED,1.139211801036812,0.09685899426954343,1.664219879834524,1.3777817474547696,0.36133316250504244,1.5551368015848672,1.3777817474547696,0.2809641983858513,1.5638634478448388,0.0,-0.08036896411919114,0.008726646259971646,8,8,2,0.08226728660803911,0.008745260719574821,0.0030897192440746193,0.11937698885936371,0.008645536479745086,0.049138979862673474
134.6800000667572,1790848177.711,True,Y_ONLY,ACCEPTED,1.1344564685749123,0.14324608844697953,1.6706649781389125,1.3776977744108174,0.3275943242872188,1.5703085461492272,1.3776977744108174,0.32122634471771977,1.4917687298094824,0.0,-0.006367979569499027,-0.07853981633974483,6,5,2,0.011209101141741673,0.003274408281483454,0.0014495052904445298,0.14203420021869295,0.0085505320856743,0.044154271336849404
134.82000017166138,1790848177.851,False,REJECTED,AMBIGUOUS_JOINT_HYPOTHESIS,1.129809228776105,0.18931545781276307,1.6759011880579677,1.3813224482397615,0.36738742541501695,1.4970049397285377,1.3813224482397615,0.36738742541501695,1.4970049397285377,0.0,0.0,0.0,8,8,4,0.02352150370096502,0.015857238923648247,0.00032833959983771116,0.14753135648126037,0.040120098533741544,0.040120098533741544
134.96000003814697,1790848177.991,True,X_ONLY,ACCEPTED,1.1254229982364579,0.23588007771452654,1.6786326416569965,1.3852920924384517,0.4139894078822729,1.4997363933275665,1.4263171994903994,0.4139894078822729,1.6044561484472262,0.04102510705194752,0.0,0.10471975511965978,8,8,2,0.05661772591543823,0.01306666078257673,0.01131086432400473,0.1504514685045828,0.04072205036307608,0.05415837122399192
135.10000014305115,1790848178.131,True,X_ONLY,ACCEPTED,1.1209533585729277,0.27705335599817493,1.6823426919829627,1.4249111399986127,0.45538070551897514,1.6081661987731926,1.420989757405385,0.45538070551897514,1.6299828144231217,-0.003921382593227829,0.0,0.021816615649929122,8,8,3,0.009729042113561848,0.007367126340828811,0.005668475764780257,0.09734848413730768,0.051662905766126144,0.032590735498875645
135.24500012397766,1790848178.276,True,X_ONLY,ACCEPTED,1.1181404031252424,0.2961458244582437,1.6868144931633873,1.4191798796092736,0.4745942271277935,1.6344546156035462,1.4238200967107422,0.4745942271277935,1.6213646462135887,0.004640217101468547,0.0,-0.013089969389957476,7,5,2,0.011521539559394056,0.0027340294921807686,0.004716574647191366,0.11605354127936518,0.03390643398450405,0.04291687112549286
135.38000011444092,1790848178.411,True,X_ONLY,ACCEPTED,1.1174371629985336,0.29670209155094973,1.6855489070170124,1.4231547438836767,0.47519529731484117,1.6200990600672138,1.428874371997293,0.47519529731484117,1.663732291367072,0.005719628113616149,0.0,0.043633231299858244,7,4,3,0.01684318859585332,0.003276795334445563,0.0023946778535741953,0.09486654932122546,0.03964966672394277,0.05949404405099384
135.52400016784668,1790848178.555,False,REJECTED,INSUFFICIENT_INDEPENDENT_WALLS,1.1158971284760764,0.2965245811479411,1.6855489070170124,1.427330831592314,0.47505142483055757,1.663732291367072,1.427330831592314,0.47505142483055757,1.663732291367072,0.0,0.0,0.0,6,0,0,,,,0.1199107778092875,0.03022564388039195,0.03022564388039195
135.6600000858307,1790848178.691,False,REJECTED,AMBIGUOUS_JOINT_HYPOTHESIS,1.098664163566116,0.29782347811681587,1.6914117506515307,1.410130302949383,0.4767259478454436,1.66959513500159,1.410130302949383,0.4767259478454436,1.66959513500159,0.0,0.0,0.0,6,5,2,0.061881634413026854,0.021340418752048628,0.00044701575303265906,0.10971552041781857,0.04014776132477832,0.04014776132477832
135.80000019073486,1790848178.831,True,Y_ONLY,ACCEPTED,1.0707029869047946,0.3015547424510272,1.6953966232554116,1.3822571773934054,0.4810662940940838,1.673580007605471,1.3822571773934054,0.5807490111768469,1.6081301606556837,0.0,0.09968271708276309,-0.06544984694978737,7,5,2,0.138750972810995,0.020287671496094534,0.009926768596554267,0.1023269966939816,0.04743410091178718,0.027649796388386105
135.94000005722046,1790848178.971,True,X_ONLY,ACCEPTED,1.0497220662994944,0.30311297382891994,1.6807395788837163,1.3614919043384346,0.584129920732788,1.5934731162839884,1.3761375644066578,0.584129920732788,1.628379701323875,0.014645660068223309,0.0,0.034906585039886584,8,8,2,0.012869580375383438,0.00502860178553232,0.004195810498809276,0.11235876327269406,0.02171165731049096,0.023889878624525462
136.08000016212463,1790848179.111,True,XY_YAW,ACCEPTED,1.043560677362842,0.305593761744332,1.6832587756026998,1.3701144538471959,0.5869297709963657,1.6308988980428585,1.352666052533019,0.5876822224467256,1.6308988980428585,-0.017448401314176853,0.0007524514503599589,0.0,9,8,6,0.013484683827405558,0.005562550220836238,0.007173359254496907,0.1282412096743042,0.028112247089115527,0.012971927649748305
136.22000002861023,1790848179.251,False,REJECTED,INSUFFICIENT_RESIDUAL_IMPROVEMENT,1.021282209711575,0.3215833225567332,1.694785926453108,1.331254945702411,0.6048158350299,1.6424260488932667,1.331254945702411,0.6048158350299,1.6424260488932667,0.0,0.0,0.0,8,7,5,0.007754534529647028,0.012060953113877136,0.0059505928431748505,0.07065943537366404,0.024581967846100894,0.024581967846100894
136.3600001335144,1790848179.391,True,Y_ONLY,ACCEPTED,0.9869019120192338,0.3445973798272336,1.701289995339819,1.2981262277074663,0.6295976780904017,1.6489301177799778,1.2981262277074663,0.6276041858345337,1.6576567640399493,0.0,-0.001993492255867979,0.008726646259971646,8,8,3,0.004553783266574296,0.001448044050929076,0.0011282167753279247,0.10310712581301912,0.06124729306657439,0.06408313064833637
136.518000125885,1790848179.549,False,REJECTED,AMBIGUOUS_JOINT_HYPOTHESIS,0.9419457448073218,0.35939432001503135,1.7061145980218908,1.2538582822711426,0.6443480030860836,1.662481366722021,1.2538582822711426,0.6443480030860836,1.662481366722021,0.0,0.0,0.0,8,8,3,0.01145489111997805,0.001046169798049612,0.0004448035378637888,0.10463063289510505,0.060457136571196335,0.060457136571196335
136.64000010490417,1790848179.671,True,XY_YAW,ACCEPTED,0.919991356029727,0.3586245910890201,1.7123591284635904,1.23189121410278,0.6445366437599113,1.6687258971637209,1.2712096519372276,0.6485782002846375,1.6250926658638627,0.039318437834447474,0.004041556524726264,-0.043633231299858244,8,8,5,0.023951343666901492,0.0033150181410054325,,0.14217459865701676,0.023784391800983462,0.0458560135299691
136.78000020980835,1790848179.811,True,XY_YAW,ACCEPTED,0.9166415112371264,0.3581897216580814,1.7169937634714756,1.2678346529471571,0.6484369438741626,1.6297273008717479,1.2468224357543987,0.6592247264925036,1.673360532171606,-0.021012217192758417,0.01078778261834104,0.043633231299858244,8,8,6,0.024699603012787674,0.0035723494936350172,0.006203980947465678,0.1249665916710736,0.03730535863883322,0.04262062904432273
136.92000007629395,1790848179.951,True,XY_YAW,ACCEPTED,0.9002323316718535,0.3555069186375606,1.7244018167755657,1.2303118518679181,0.657260235265803,1.680768585475696,1.240946141793396,0.6634166077514647,1.6894952317356675,0.010634289925477967,0.006156372485661699,0.008726646259971646,8,8,5,0.010168883618424274,0.0019486431444566965,0.006239854300255344,0.06354549545576867,0.01516195887324101,0.01598459405075242
137.06000018119812,1790848180.091,True,XY_YAW,ACCEPTED,0.872872349967534,0.3514484848380115,1.7291730719883185,1.2134611897536844,0.6603154958314018,1.6942664869484205,1.221330479225835,0.6621313147871816,1.681176517558463,0.007869289472150535,0.0018158189557797577,-0.013089969389957476,8,8,5,0.0057589680050034175,0.0030454346449321767,0.01207974725894415,0.06163469260746429,0.015798719525530414,0.021214149869393267
137.20000004768372,1790848180.231,True,XY_YAW,ACCEPTED,0.8367971291181512,0.3458470292021038,1.7302071451298329,1.1850280557299344,0.658267131445636,1.6822105906999774,1.1977595839497557,0.6499285538450835,1.6560306519200625,0.012731528219821342,-0.008338577600552455,-0.026179938779914952,8,8,5,0.03262148468575743,0.00795917507833549,0.005728019335339779,0.06789012851840653,0.009268659136162594,0.00962284291934612
137.3400001525879,1790848180.371,True,X_ONLY,ACCEPTED,0.7966447577545149,0.34358490462850005,1.7363600448019436,1.1575499815384023,0.6506482813148636,1.6621835515921732,1.16490819951475,0.6506482813148636,1.6360036128122584,0.007358217976347836,0.0,-0.026179938779914952,8,8,3,0.020026848231716077,0.001184864430275212,0.011763412295943274,0.06801729850743238,0.005622312335203494,0.028624987220221443
137.4800000190735,1790848180.511,True,XY_YAW,ACCEPTED,0.752608132922244,0.3595557283147351,1.7460397864177983,1.1226932300240866,0.6709506921750875,1.645683354428113,1.1278724189623133,0.6359857342728233,1.6413200312981273,0.005179188938226775,-0.0349649579022642,-0.00436332312998583,8,8,5,0.014040848099813097,0.010310280260523264,0.009004629228184912,0.08423207821299114,0.038726343550876396,0.06666759118990728
137.62000012397766,1790848180.651,False,REJECTED,AMBIGUOUS_JOINT_HYPOTHESIS,0.72863934018576,0.3788991679993672,1.7518415477372304,1.1060568698048816,0.6577286296420514,1.6471217926175594,1.1060568698048816,0.6577286296420514,1.6471217926175594,0.0,0.0,0.0,9,9,2,0.0788580477140581,0.01074647037338236,0.00016926652197566533,0.0865319722470819,0.023204026314487702,0.023204026314487702
137.76500010490417,1790848180.796,True,X_ONLY,ACCEPTED,0.7243988027567003,0.39645171400886103,1.7538263531745388,1.1036743031443603,0.675628277828841,1.6491065980548678,1.0238413454290378,0.675628277828841,1.6578332443148394,-0.07983295771532255,0.0,0.008726646259971646,11,10,4,0.08829362828507814,0.014323620451579033,0.00183485461173645,0.0777828196539137,0.021761293245548652,0.018092842605708537
137.90000009536743,1790848180.931,True,X_ONLY,ACCEPTED,0.7198292261893093,0.42353300544232153,1.75306297143125,1.0218884330423688,0.7030228668733819,1.6570698625715505,0.9955352644686926,0.7030228668733819,1.6527065394415648,-0.026353168573676256,0.0,-0.00436332312998583,12,12,4,0.02508418114194272,0.004875690102661645,0.004434624367565794,0.08841352300784516,0.016174304357228553,0.026385869799382622
138.0460000038147,1790848181.077,True,XY_YAW,ACCEPTED,0.7133022038327115,0.459721732042184,1.7565440284880278,0.9926667610762079,0.7396834402738404,1.6561875964983426,0.9914651339281603,0.7066962243077834,1.6561875964983426,-0.0012016271480476126,-0.03298721596605686,0.0,11,11,5,0.011209380301694383,0.005452940760410474,0.003915866150801339,0.06373226635878126,0.01208947842324759,0.020897737542809325
138.1800000667572,1790848181.211,False,REJECTED,INSUFFICIENT_RESIDUAL_IMPROVEMENT,0.7060233910903368,0.49830166056475006,1.7606357870678213,0.9880881926550625,0.7458112887636027,1.6602793550781358,0.9880881926550625,0.7458112887636027,1.6602793550781358,0.0,0.0,0.0,11,11,4,0.01431868175749651,0.01362239255843134,0.006063043754001567,0.15023314088402262,0.031246987368620305,0.031246987368620305
138.32100009918213,1790848181.352,True,XY_YAW,ACCEPTED,0.6983696308076852,0.5418824683666865,1.7675978933846233,0.9848392187847499,0.7899396359332356,1.6672414613949378,0.9871791858877669,0.7710488240900648,1.6716047845249236,0.002339967103016982,-0.018890811843170763,0.004363323129985816,12,11,7,0.018826562324145257,0.009655313201361926,0.005508625420767162,0.11107947304852374,0.026548890618480148,0.01621566782310302
138.46000003814697,1790848181.491,False,REJECTED,INSUFFICIENT_RESIDUAL_IMPROVEMENT,0.6966696608650851,0.58934991992346,1.7741019699825447,0.9900365958842413,0.8184606798142653,1.678108861122845,0.9900365958842413,0.8184606798142653,1.678108861122845,0.0,0.0,0.0,8,8,5,0.020444044421553897,0.021201135054782272,0.005495327253341939,0.0735907359319703,0.013262670799725984,0.013262670799725984
138.60199999809265,1790848181.633,True,XY_YAW,ACCEPTED,0.7063013517927328,0.6411485645594641,1.7705751299642518,1.0045886244921354,0.869097697100514,1.6745820211045521,1.0074971654831661,0.8790768855566042,1.705125283014453,0.002908540991030731,0.009979188456090249,0.030543261909900754,9,9,6,0.014253681464561269,0.010400605727346135,0.008914354128572015,0.09913091131339014,0.047587245336225825,0.034753957565659466
138.74000000953674,1790848181.771,True,XY_YAW,ACCEPTED,0.7181360532356593,0.6713074506167591,1.767185684926019,1.0212790134440979,0.9083971726159398,1.7017358379762202,1.0150800532321205,0.9320153646185748,1.7235524536261493,-0.0061989602119773834,0.02361819200263504,0.021816615649929122,8,8,4,0.02043612481765189,0.0031990708622379183,0.0042284600139203266,0.11513348657625888,0.042028417748253166,0.03154466681996837
138.88000011444092,1790848181.911,True,X_ONLY,ACCEPTED,0.7183252076931035,0.6754667297790048,1.7469951078614778,1.015450452865373,0.9361624342671276,1.703361876561608,1.034163520836108,0.9361624342671276,1.6466386758717924,0.018713067970734923,0.0,-0.05672320068981572,8,8,3,0.04359477257748323,0.0005230215322107323,0.00958490431218132,0.06844084744578371,0.0526336926714015,0.028403004730885417
139.02500009536743,1790848182.056,True,XY_YAW,ACCEPTED,0.7186696854689871,0.6754879880885738,1.7472307374595861,1.034508395207178,0.9361490730552661,1.6468743054699007,1.0444041297344504,0.9855434640894439,1.6512376285998864,0.009895734527272326,0.049394391034177865,0.004363323129985816,8,8,6,0.036850068002256264,0.001989382907087291,0.006897829165638683,0.07650516114590239,0.054647873160250604,0.03480760351413981
139.16100001335144,1790848182.192,True,XY_YAW,ACCEPTED,0.7232414664130231,0.6740774513537195,1.743371852153448,1.048819669151102,0.9837012354009738,1.6473787432937483,1.0061057719320423,0.997459345180669,1.6735586820736632,-0.042713897219059715,0.013758109779695271,0.026179938779914924,8,8,6,0.026473582786140926,0.005667596074531767,0.008495135161415045,0.05843606060122766,0.015297143146170172,0.01541548482245042
139.30000019073486,1790848182.331,True,XY_YAW,ACCEPTED,0.7435410257430088,0.6628107823505949,1.738619718535001,1.0255699594552523,0.9848040955395555,1.6688065484552161,1.0053769269032087,0.9945658861597398,1.6688065484552161,-0.020193032552043633,0.00976179062018434,0.0,8,8,6,0.019683234661948268,0.0107471277225768,0.0030121394255621936,0.0664695369293627,0.007646700464593481,0.014998809234633037
139.44000005722046,1790848182.471,True,XY_YAW,ACCEPTED,0.7762068464312886,0.6503790580746215,1.7471696568048267,1.0370959820460188,0.9798857924761141,1.677356486725042,1.0075590095844456,0.9940899968244937,1.6686298404650701,-0.029536972461573274,0.014204204348379657,-0.00872664625997166,7,7,6,0.015243362876663336,0.00477237708066508,0.012171386264242382,0.0728263018477826,0.007675840710869297,0.016819538725064725
139.58000016212463,1790848182.611,False,REJECTED,INSUFFICIENT_RESIDUAL_IMPROVEMENT,0.795204885296309,0.6461466330230298,1.7509408086110017,1.026166411593636,0.9883800499768833,1.672400992271245,1.026166411593636,0.9883800499768833,1.672400992271245,0.0,0.0,0.0,9,9,6,0.012580980170359135,0.011669331996456034,0.005669579706210806,0.09988512040332265,0.021478407904990338,0.021478407904990338
139.72000002861023,1790848182.751,True,XY_YAW,ACCEPTED,0.7972255947539149,0.6453606091262153,1.754070690911588,1.0281192211541974,0.9874379060926487,1.6755308745718314,1.1082822868969036,0.9596910272762645,1.6711675514418456,0.08016306574270604,-0.027746878816384157,-0.00436332312998583,8,7,5,0.032695762071895285,0.0034686287640401936,0.015114459610524029,0.061530058314122366,0.04622811217859288,0.012976618914346733
139.8600001335144,1790848182.891,True,Y_ONLY,ACCEPTED,0.7966117902681398,0.6485209172823694,1.7549922658022856,1.107932289974699,0.9628913094111797,1.6720891263325433,1.107932289974699,0.9539315436207044,1.6677258032025575,0.0,-0.008959765790475305,-0.00436332312998583,7,7,3,0.007490090913911507,0.0009672354110208392,0.008524004961578522,0.08987834012437418,0.03316522700591723,0.034825736363257365
140.0,1790848183.031,False,REJECTED,INSUFFICIENT_RESIDUAL_IMPROVEMENT,0.7952286476299908,0.6561535129571177,1.7358982653008002,1.1072196351569956,0.9616556437885211,1.648631802701072,1.1072196351569956,0.9616556437885211,1.648631802701072,0.0,0.0,0.0,8,8,5,0.0027975752088659767,0.003775059709890005,0.004908623948423067,0.0961325249586982,0.04165988820401434,0.04165988820401434
140.14000010490417,1790848183.171,False,REJECTED,INSUFFICIENT_RESIDUAL_IMPROVEMENT,0.7955631825160823,0.6565834124115044,1.7018244045444584,1.1075903652431003,0.9620547507092212,1.6145579419447302,1.1075903652431003,0.9620547507092212,1.6145579419447302,0.0,0.0,0.0,8,8,6,0.011021725432119711,0.00910704008995844,0.004117652120170505,0.10984790026538377,0.05463175308992241,0.05463175308992241
140.28700017929077,1790848183.318,False,REJECTED,INSUFFICIENT_RESIDUAL_IMPROVEMENT,0.7955631825160823,0.6565834124115044,1.7018244045444584,1.1075903652431,0.9620547507092211,1.6145579419447302,1.1075903652431,0.9620547507092211,1.6145579419447302,0.0,0.0,0.0,8,8,5,0.004179522353866316,0.00706501090385947,0.004742229843307674,0.09816597042466785,0.042887857692151254,0.042887857692151254
140.42000007629395,1790848183.451,False,REJECTED,AMBIGUOUS_JOINT_HYPOTHESIS,0.7954424672798859,0.6564260364451786,1.7009846868776566,1.1074563931455867,0.9619084946320315,1.6137182242779287,1.1074563931455867,0.9619084946320315,1.6137182242779287,0.0,0.0,0.0,8,8,5,0.004222451176643771,0.009332638945126703,0.000345341685926261,0.09383329889015307,0.03815915650883728,0.03815915650883728
140.5680000782013,1790848183.599,False,REJECTED,AMBIGUOUS_JOINT_HYPOTHESIS,0.7957318043124297,0.6559206671933343,1.6965417761571782,1.107700583330862,0.9613798310787899,1.6092753135574502,1.107700583330862,0.9613798310787899,1.6092753135574502,0.0,0.0,0.0,8,8,6,0.005668134096518784,0.008728199597712415,0.000734226957451841,0.09499529063500414,0.03960423852135042,0.03960423852135042
140.70000004768372,1790848183.731,False,REJECTED,INSUFFICIENT_RESIDUAL_IMPROVEMENT,0.7959226495475789,0.6557725563806782,1.69756471873732,1.1078777936343873,0.9612156506142728,1.610298256137592,1.1078777936343873,0.9612156506142728,1.610298256137592,0.0,0.0,0.0,8,8,5,0.0032528105554546216,0.006859366512330434,0.005564230629618909,0.09366715833290834,0.038206322006045956,0.038206322006045956
140.8400001525879,1790848183.871,False,REJECTED,AMBIGUOUS_JOINT_HYPOTHESIS,0.7959226495475789,0.6557725563806782,1.69756471873732,1.1078777936343873,0.9612156506142727,1.610298256137592,1.1078777936343873,0.9612156506142727,1.610298256137592,0.0,0.0,0.0,8,8,5,0.0011279911802808407,0.005782593840072181,0.0001942425269941539,0.09269667175875856,0.03702958094642583,0.03702958094642583
140.9800000190735,1790848184.011,False,REJECTED,INSUFFICIENT_RESIDUAL_IMPROVEMENT,0.7990351856474975,0.6557801069270552,1.6952529506420193,1.1109791436682235,0.9609518970329237,1.6079864880422914,1.1109791436682235,0.9609518970329237,1.6079864880422914,0.0,0.0,0.0,8,8,6,0.0064472416838743385,0.008839921119474792,0.0034070866809307737,0.09632339265466894,0.040485491695788356,0.040485491695788356
141.12000012397766,1790848184.151,False,REJECTED,INSUFFICIENT_RESIDUAL_IMPROVEMENT,0.8132972298798559,0.6602277984711074,1.6948317875792585,1.1255745583764831,0.9641396447096847,1.6075653249795303,1.1255745583764831,0.9641396447096847,1.6075653249795303,0.0,0.0,0.0,7,7,4,0.005176236310594523,0.006881259739855289,0.004606784865178003,0.11021349942713785,0.05526065286196935,0.05526065286196935
141.25999999046326,1790848184.291,True,XY_YAW,ACCEPTED,0.8288369871915097,0.6670720217321597,1.6809381390140992,1.141651695581833,0.9696034445442854,1.593671676414371,1.1363515606413368,0.9782046235372368,1.646031553974201,-0.0053001349404962796,0.008601178992951458,0.052359877559829876,7,7,6,0.02056677795998832,0.010389117409663995,0.0010180550361196285,0.12169129476677304,0.06693192724592945,0.04227499975201782
141.40000009536743,1790848184.431,True,XY_YAW,ACCEPTED,0.8304707077239503,0.6679409681994,1.6711973087475867,1.1380146117497387,0.9790160246414326,1.6362907237076885,1.15151639937025,0.9735865300492577,1.575204199887887,0.013501787620511158,-0.005429494592174955,-0.06108652381980154,6,6,5,0.025871448966031996,0.0028312702535817635,0.014327527705926046,0.09583050111858382,0.01764134051599381,0.055866437404519353
141.55599999427795,1790848184.587,True,Y_ONLY,ACCEPTED,0.8293437311374651,0.6745305575380492,1.6710140863930165,1.151026195309376,0.9802537981447543,1.5750209775333168,1.151026195309376,0.9729418070229826,1.5575676850133735,0.0,-0.007311991121771694,-0.017453292519943306,6,6,4,0.010019520987114061,0.004458545148756543,0.0050848685050427014,0.08837398965573809,0.031432549987572195,0.03544336058112871
141.6800000667572,1790848184.711,True,Y_ONLY,ACCEPTED,0.8280564679938155,0.6862619826915068,1.6720675751488534,1.1510752419084451,0.9847435432072604,1.5586211737692104,1.1510752419084451,0.9737119866059917,1.541167881249267,0.0,-0.011031556601268727,-0.017453292519943306,6,6,4,0.008739099018397645,0.0004839763208051018,0.0023472968764102244,0.0727946657946415,0.04241701981916218,0.04949740572480943
141.82000017166138,1790848184.851,False,REJECTED,INSUFFICIENT_RESIDUAL_IMPROVEMENT,0.8272226977671139,0.6897506714842627,1.673105766500967,1.1507039699655746,0.97727965803538,1.5422060726013807,1.1507039699655746,0.97727965803538,1.5422060726013807,0.0,0.0,0.0,6,6,4,0.0074670797540414835,0.006482860595852458,0.0051753128105696735,0.0711232477669535,0.048064998712137985,0.048064998712137985
141.96000003814697,1790848184.991,True,Y_ONLY,ACCEPTED,0.8325028572530576,0.6904549869814061,1.6721396341477677,1.1560308885751116,0.9772887489037935,1.5412399402481816,1.1560308885751116,0.9956964037554462,1.549966586508153,0.0,0.018407654851652744,0.008726646259971646,6,6,4,0.019829704719176888,0.0029670004314333864,0.004072131169076943,0.08139066727555805,0.052637571535983474,0.04949882802148786
142.10000014305115,1790848185.131,False,REJECTED,INSUFFICIENT_RESIDUAL_IMPROVEMENT,0.8528677160736993,0.6927124995577933,1.6732890054733844,1.1765190724016716,0.9954552372024108,1.5511159578337699,1.1765190724016716,0.9954552372024108,1.5511159578337699,0.0,0.0,0.0,6,6,4,0.0019210851201379997,0.0017626294179023394,0.0034884106005244313,0.11169067642858391,0.05780678959594546,0.05780678959594546
142.24000000953674,1790848185.271,False,REJECTED,INSUFFICIENT_RESIDUAL_IMPROVEMENT,0.8846595340914158,0.6963699762057702,1.6795487431682607,1.2085196533064462,0.9952110035866026,1.557375695528646,1.2085196533064462,0.9952110035866026,1.557375695528646,0.0,0.0,0.0,6,6,4,0.002898503450661838,0.002005319995756649,0.008365084281916044,0.13054678518295923,0.07914922366692725,0.07914922366692725
142.38000011444092,1790848185.411,False,REJECTED,INSUFFICIENT_RESIDUAL_IMPROVEMENT,0.92234526874797,0.7004886461247857,1.6815640987120464,1.2464264238103178,0.9947062378262673,1.5593910510724318,1.2464264238103178,0.9947062378262673,1.5593910510724318,0.0,0.0,0.0,5,5,5,0.008297969246850556,0.008810607506965829,0.0038318581914134203,0.1007147143638707,0.05758775585584708,0.05758775585584708
142.5200002193451,1790848185.551,False,REJECTED,INSUFFICIENT_RESIDUAL_IMPROVEMENT,0.9642142940048436,0.7050357799173381,1.6815640987120464,1.2885375199116746,0.994116927355994,1.5593910510724318,1.2885375199116746,0.994116927355994,1.5593910510724318,0.0,0.0,0.0,5,5,4,0.0019758688956034165,0.0023598889955752933,0.008439030384772861,0.148410600921894,0.09800589011017713,0.09800589011017713
142.6600000858307,1790848185.691,False,REJECTED,INSUFFICIENT_RESIDUAL_IMPROVEMENT,0.9940051002670325,0.7085892306679875,1.6866217172109335,1.3185393267313066,0.9940133052249149,1.564448669571319,1.3185393267313066,0.9940133052249149,1.564448669571319,0.0,0.0,0.0,7,7,7,0.009233235967334164,0.009541504216538321,0.0025846256605677534,0.16101047104144495,0.09699618546749575,0.09699618546749575
142.81100010871887,1790848185.842,True,XY_YAW,ACCEPTED,1.0035791918137553,0.713726221777637,1.6886025498220019,1.328668096185079,0.9979452177313128,1.5664295021823873,1.2862586856992062,0.9885787169655667,1.5577028559224155,-0.04240941048587271,-0.009366500765746189,-0.00872664625997166,6,6,5,0.012765919217796462,0.0024096026070410392,0.009320368761074251,0.12794276931633497,0.057374404042009663,0.04338779534244719
142.94000005722046,1790848185.971,True,XY_YAW,ACCEPTED,1.0219100520443383,0.7357098625574692,1.6922736444594577,1.3073021638015045,1.0079816272650024,1.5613739505598714,1.2949831157005673,0.9978815348379165,1.5875538893397863,-0.012319048100937202,-0.010100092427085872,0.026179938779914924,6,6,6,0.020600438198673077,0.004641933834395651,0.004964356141938658,0.11167690499462068,0.05220619985243369,0.029028384175323274
143.08300018310547,1790848186.114,False,REJECTED,AMBIGUOUS_JOINT_HYPOTHESIS,1.0498670190862658,0.7711481665205635,1.6985266076635976,1.3264912430059281,1.0302034052614122,1.593806852543926,1.3264912430059281,1.0302034052614122,1.593806852543926,0.0,0.0,0.0,6,6,5,0.024778739441381425,0.0005602037076668509,0.0007672047419852966,0.1446338943885614,0.06372704352604952,0.06372704352604952
143.22000002861023,1790848186.251,False,REJECTED,AMBIGUOUS_JOINT_HYPOTHESIS,1.0725174899709207,0.8020178593461675,1.7037186452770898,1.3522443937937245,1.0585363717659066,1.5989988901574184,1.3522443937937245,1.0585363717659066,1.5989988901574184,0.0,0.0,0.0,6,6,5,0.02070217681462516,0.0026815800709345528,0.0006997311704221021,0.12743192282545213,0.05077797887027635,0.05077797887027635
143.3600001335144,1790848186.391,False,REJECTED,INSUFFICIENT_RESIDUAL_IMPROVEMENT,1.077848486958834,0.8100395547189754,1.7063742361469758,1.3583846825124675,1.065956882529307,1.6016544810273041,1.3583846825124675,1.065956882529307,1.6016544810273041,0.0,0.0,0.0,6,6,5,0.015264866260881194,0.016953438924480535,0.006040322682859707,0.12336112527172272,0.028465348299343857,0.028465348299343857
143.5,1790848186.531,True,XY_YAW,ACCEPTED,1.0778887022307935,0.816414050307797,1.702939004313648,1.3590909937089655,1.0722922543237412,1.5982192491939764,1.3744088928905978,1.1046350560867166,1.6156725417139197,0.015317899181632288,0.03234280176297544,0.017453292519943292,7,7,6,0.014522982339933238,0.0018371358193390308,0.004849602057545501,0.13230093890340644,0.025627344669189478,0.03912415349254217
143.64000010490417,1790848186.671,True,XY_YAW,ACCEPTED,1.075890407377027,0.8363338229293564,1.6848413436140093,1.3741543247302481,1.1246531908317163,1.5975748810142811,1.3740037503590694,1.1065521893109884,1.6193914966642102,-0.0001505743711787133,-0.0181010015207278,0.021816615649929122,7,7,6,0.021570352916636004,0.001333423245343801,0.00582732615937512,0.12586637212254803,0.03333934667384786,0.031068950088823266
143.78000020980835,1790848186.811,True,XY_YAW,ACCEPTED,1.0722802789930592,0.8682928800126359,1.672972528337819,1.3724915738775818,1.1386789332930647,1.60752268138802,1.3545803352974517,1.1151852179923152,1.5944327119980624,-0.017911238580130107,-0.023493715300749562,-0.013089969389957476,7,7,6,0.021107244276556414,0.008790392395365665,0.002133582330609833,0.11694376707586213,0.024100691868524426,0.02676121697497935
143.92000007629395,1790848186.951,True,XY_YAW,ACCEPTED,1.0684367505226275,0.9066476943489581,1.6676399405173286,1.353757939192219,1.1537233570045045,1.589100124177572,1.3592073362830157,1.139034214664087,1.5454668928777138,0.005449397090796726,-0.014689142340417294,-0.043633231299858244,7,7,6,0.014440255265953272,0.0036357330096092877,0.003426465222161123,0.11217188041823559,0.02352041777702002,0.0332386501318179
144.06500005722046,1790848187.096,False,REJECTED,INSUFFICIENT_RESIDUAL_IMPROVEMENT,1.0645800390336284,0.9507001531682098,1.6498835306665036,1.360748016368304,1.1832283280323403,1.5277104830268888,1.360748016368304,1.1832283280323403,1.5277104830268888,0.0,0.0,0.0,7,7,4,0.011723313997902884,0.009942429907448092,0.006312062320796577,0.15269086482395766,0.03245551007735292,0.03245551007735292
144.20000004768372,1790848187.231,True,XY_YAW,ACCEPTED,1.0613503610894983,0.9955955863732038,1.6038512504937539,1.3630137889203993,1.2281827162166883,1.481678202854139,1.3635271983589745,1.2152130998267807,1.560218019193884,0.0005134094385752519,-0.012969616389907568,0.07853981633974483,7,7,6,0.030494048478313218,0.008868218622552715,0.005634294893468374,0.14839866173360217,0.03221182906129061,0.031264737309168456
144.3400001525879,1790848187.371,True,Y_ONLY,ACCEPTED,1.0595335107618165,1.0416775463271948,1.575147812916392,1.3637221441320115,1.2613304498640499,1.531514581616522,1.3637221441320115,1.2696909106237162,1.509697965966593,0.0,0.008360460759666344,-0.021816615649929122,5,5,3,0.02351625174243016,0.0013012863340864378,0.0042538686689574876,0.11837288926865597,0.03441746359354858,0.0401535753028206
144.4800000190735,1790848187.511,False,REJECTED,AMBIGUOUS_JOINT_HYPOTHESIS,1.059489737632295,1.0876481244496023,1.5600327398505243,1.3666850843858454,1.3155659251092453,1.4945828929007252,1.3666850843858454,1.3155659251092453,1.4945828929007252,0.0,0.0,0.0,6,6,2,0.027981044493023743,0.017109540216809327,0.0009518177254279198,,,
144.62000012397766,1790848187.651,False,REJECTED,AMBIGUOUS_JOINT_HYPOTHESIS,1.0636347192332054,1.13530356568597,1.5470093235552034,1.3739380062446762,1.3628482376205269,1.4815594766054043,1.3739380062446762,1.3628482376205269,1.4815594766054043,0.0,0.0,0.0,5,5,4,0.021137713141269943,0.015606762714656275,0.00043346748335305885,0.1318715986973617,0.03443509887316312,0.03443509887316312
144.75999999046326,1790848187.791,True,Y_ONLY,ACCEPTED,1.0808435693641296,1.1797538673983274,1.524504655679063,1.3940171997337076,1.4060778551758355,1.4590548087292639,1.3940171997337076,1.3888873977348943,1.3936049617794766,0.0,-0.017190457440941165,-0.06544984694978737,5,5,3,0.019046287843403564,0.0029508450050070856,0.0019225518412562398,0.09642187360646329,0.0459708532278591,0.08298015966389727
144.90000009536743,1790848187.931,True,Y_ONLY,ACCEPTED,1.0888676431260622,1.196721237188114,1.5112807760323494,1.4041873126029105,1.4046622575297694,1.3803810821327631,1.4041873126029105,1.439794323968172,1.4851008372524228,0.0,0.03513206643840272,0.10471975511965978,5,5,3,0.03614011596226008,0.00017807766106936462,0.0104191746743154,0.13390325572846284,0.07138562300128204,0.05400408757979691
145.0400002002716,1790848188.071,True,XY_YAW,ACCEPTED,1.0893402000541599,1.2038532969308688,1.5085956280629045,1.4048464031567658,1.4469115696339014,1.4824156892829776,1.3901670428423327,1.4807989587723056,1.4431457811131052,-0.014679360314432954,0.03388738913840417,-0.03926990816987243,6,6,6,0.022511595015976105,0.004366537946316806,0.007674671692460295,,,
145.1800000667572,1790848188.211,True,XY_YAW,ACCEPTED,1.0900646229100772,1.2235760096172885,1.5127530220601482,1.3921798417799072,1.5004320640952573,1.447303175110349,1.3974326170157059,1.4915416517658755,1.4298498825904056,0.005252775235798701,-0.008890412329381814,-0.017453292519943306,6,6,6,0.01285563918525956,0.005372906709495084,0.008002463489245513,,,
145.32600021362305,1790848188.357,True,XY_YAW,ACCEPTED,1.0910694345931748,1.2560807669532026,1.520733514589819,1.4011256383661943,1.5238515649395439,1.4378303751200765,1.3856435951307182,1.5054742191610677,1.4378303751200765,-0.015482043235476084,-0.018377345778476162,0.0,5,5,4,0.018377345778476162,0.008122464633472326,0.006352967487100021,,,
145.46000003814697,1790848188.491,False,REJECTED,INSUFFICIENT_RESIDUAL_IMPROVEMENT,1.0928728925196056,1.293363472216796,1.5289462276220662,1.3905281730794896,1.542479535948345,1.4460430881523236,1.3905281730794896,1.542479535948345,1.4460430881523236,0.0,0.0,0.0,5,5,4,0.011674228406960974,0.01746273517365482,0.003551401349549191,0.10587774644927173,0.010072847655229311,0.010072847655229311
145.60199999809265,1790848188.633,True,Y_ONLY,ACCEPTED,1.094608900486413,1.3361083892822079,1.5370700294486692,1.3957978486937161,1.5849338899949046,1.4541668899789266,1.3957978486937161,1.5388078744410305,1.3887170430291393,0.0,-0.04612601555387408,-0.06544984694978737,5,5,2,0.04949432723589192,0.0022535872940785406,0.008670024864075448,0.10346836654421432,0.010467622309513258,0.0064995384710289095
145.74000000953674,1790848188.771,True,Y_ONLY,ACCEPTED,1.095134733470764,1.3666041117459766,1.5422763259919285,1.4008254606360604,1.5688909046586104,1.3939233395723987,1.4008254606360604,1.5825437941967466,1.3939233395723987,0.0,0.01365288953813626,0.0,5,5,2,0.01365288953813626,0.00034749511337395234,0.008148887137450884,0.11636608374981372,0.016407535899042758,0.023233980668111
145.88000011444092,1790848188.911,True,XY_YAW,ACCEPTED,1.0950466641304422,1.3725124272100993,1.5403678442787763,1.4016116632909266,1.5884002293938422,1.3920148578592464,1.415819036666391,1.6235150992442122,1.4443747354190763,0.01420737337546435,0.035114869850370045,0.052359877559829876,5,5,5,0.028405812272577657,0.0007580458453733119,0.004663201420905667,0.09996464917814835,0.009618213482170734,0.020986052880597794
146.0200002193451,1790848189.051,False,REJECTED,AMBIGUOUS_JOINT_HYPOTHESIS,1.0955097573697516,1.3805944641661996,1.539360190909565,1.4170546268302429,1.631515542585369,1.4433670820498652,1.4170546268302429,1.631515542585369,1.4433670820498652,0.0,0.0,0.0,6,6,5,0.012227358932050736,0.006329410957614412,0.00024330567999134717,,,
146.1600000858307,1790848189.191,True,XY_YAW,ACCEPTED,1.0937428498530284,1.4043349520512844,1.5432649291066394,1.4175712787317738,1.6553160845541381,1.4472718202469395,1.408551648481997,1.617079066134612,1.3992752658170955,-0.0090196302497767,-0.03823701841952609,-0.04799655442984407,6,6,5,0.010152929872082384,0.0011376736088672956,0.003803975939654699,,,
146.30000019073486,1790848189.331,False,REJECTED,INSUFFICIENT_RESIDUAL_IMPROVEMENT,1.0860706321315508,1.4273537700257877,1.550544049609452,1.4042618581202537,1.6409605779033711,1.4065543863199081,1.4042618581202537,1.6409605779033711,1.4065543863199081,0.0,0.0,0.0,6,6,5,0.003924953128743525,0.0025480259612056244,0.0035615337510615033,,,
146.44000005722046,1790848189.471,True,XY_YAW,ACCEPTED,1.0832334378842379,1.433082098571727,1.5631278941838638,1.4022759977814074,1.6470367426346635,1.41913823089432,1.3973497670573705,1.6757597385026108,1.41913823089432,-0.004926230724036973,0.028722995867947354,0.0,6,6,6,0.019707563288417163,0.001549206470519704,0.004684139961264228,,,
146.59600019454956,1790848189.627,True,XY_YAW,ACCEPTED,1.0832255262472867,1.43435233027096,1.6212293069156476,1.3975242061719488,1.6770179603268698,1.4772396436261035,1.3988446680426392,1.7082433302637732,1.4816029667560893,0.0013204618706903481,0.03122536993690339,0.004363323129985816,6,6,6,0.01046944324575838,0.001521050332366658,0.00178036541837737,,,
146.7220001220703,1790848189.753,True,XY_YAW,ACCEPTED,1.0781294198669187,1.4339653676754807,1.6417610417823485,1.3937443018348823,1.708569374489451,1.5021347016227904,1.4135567541476375,1.6772095877899338,1.4454115009329747,0.01981245231275519,-0.03135978669951722,-0.05672320068981572,6,6,5,0.01698548524856447,0.0012330336177432955,0.0023841331037148666,,,
146.8600001335144,1790848189.891,True,XY_YAW,ACCEPTED,1.0609507120746222,1.4373186257868753,1.650081969512877,1.3973623186133601,1.6838498136220033,1.4537324286635032,1.3973991864459634,1.6769254587208313,1.510455629353319,3.68678326032601e-05,-0.006924354901171881,0.056723200689815706,6,6,5,0.015260309274701012,0.0033220268246321183,0.007524433491057435,,,
147.0,1790848190.031,False,REJECTED,AMBIGUOUS_JOINT_HYPOTHESIS,1.0378637516030447,1.452038284067114,1.6586318840682523,1.3765854871745948,1.6947149501791103,1.5190055439086942,1.3765854871745948,1.6947149501791103,1.5190055439086942,0.0,0.0,0.0,5,5,5,0.015654776969876494,0.007534464450184464,4.0076171042836145e-05,0.06888936903494336,0.00993300435183686,0.00993300435183686
147.14000010490417,1790848190.171,False,REJECTED,INSUFFICIENT_RESIDUAL_IMPROVEMENT,1.032224990844881,1.4570666927627636,1.6562653809008412,1.3717014216795806,1.7004791865672801,1.5166390407412829,1.3717014216795806,1.7004791865672801,1.5166390407412829,0.0,0.0,0.0,5,5,2,0.014937557983104144,0.014484803961936521,0.005030364957506462,0.07297245858703716,0.008586239801657514,0.008586239801657514
147.28000020980835,1790848190.311,False,REJECTED,AMBIGUOUS_JOINT_HYPOTHESIS,1.0297643990373782,1.4566640211319988,1.655120311772038,1.369208735122881,1.7004228819011926,1.5154939716124798,1.369208735122881,1.7004228819011926,1.5154939716124798,0.0,0.0,0.0,6,6,6,0.012300902781478107,0.0024757690390069254,0.000392613456604643,,,
147.42000007629395,1790848190.451,False,REJECTED,AMBIGUOUS_JOINT_HYPOTHESIS,1.0147878122009004,1.4559048681660793,1.659273191643767,1.3542722457276117,1.701755454991583,1.5196468514842087,1.3542722457276117,1.701755454991583,1.5196468514842087,0.0,0.0,0.0,6,6,6,0.011011194493008913,0.001831294638314107,0.0006341349431870369,,,
147.56000018119812,1790848190.591,True,X_ONLY,ACCEPTED,0.986602579987867,1.4534407930382236,1.6665559073649927,1.326018377280436,1.7032379862418545,1.5269295672054344,1.3257158060500946,1.7032379862418545,1.6054693835451792,-0.0003025712303412753,0.0,0.07853981633974483,6,6,3,0.013106808311152296,0.0004579854283777163,0.0013056052431474202,,,
147.70000004768372,1790848190.731,True,Y_ONLY,ACCEPTED,0.9606247754264352,1.4506507482078739,1.6725612756919284,1.2996161271685978,1.7020390524363234,1.6114747518721149,1.2996161271685978,1.762299295429822,1.5983847824821573,0.0,0.060260242993498636,-0.013089969389957476,6,5,3,0.06347865173556233,0.0011896440185825696,0.01084275320962377,,,
147.84500002861023,1790848190.876,False,REJECTED,INSUFFICIENT_RESIDUAL_IMPROVEMENT,0.9570036400850073,1.449785251762662,1.6796556121616744,1.2959408086442643,1.7617045358125778,1.6054791189519033,1.2959408086442643,1.7617045358125778,1.6054791189519033,0.0,0.0,0.0,6,6,6,0.014062839811067485,0.012618854479758523,0.001549447312088826,,,
147.9800000190735,1790848191.011,True,XY_YAW,ACCEPTED,0.953525686462514,1.4535397958276874,1.6820373718250907,1.2927506623424967,1.7657065014683213,1.6078608786153197,1.267302148668268,1.749115038321743,1.5685909704454473,-0.025448513674228707,-0.016591463146578278,-0.03926990816987243,6,6,4,0.019289499324290138,0.005635646490516677,0.0013314518122768994,0.08319706854282916,0.018966723828184096,0.013869459672647633
148.12200021743774,1790848191.153,True,Y_ONLY,ACCEPTED,0.9364705234839854,1.4694126753822072,1.6892903756764999,1.2521534797161473,1.7668165839761634,1.5758439742968564,1.2521534797161473,1.7418859908483784,1.588933943686814,0.0,-0.024930593127785006,0.013089969389957462,5,5,3,0.02339478356765934,0.002209715842924176,0.0016710386124899508,0.12608443234871125,0.018546258184056363,0.005862776353755095
148.25999999046326,1790848191.291,True,Y_ONLY,ACCEPTED,0.9046531282002557,1.4958141018411981,1.6984446638127237,1.2231412808168114,1.7713423021710135,1.5980882318230378,1.2231412808168114,1.7665779961099084,1.5282750617432646,0.0,-0.004764306061105117,-0.0698131700797732,5,5,2,0.016367302579900933,0.0028217124265768057,0.005105301123515602,0.12513642590041324,0.03028658420624364,0.030757760977950355
148.40100002288818,1790848191.432,True,Y_ONLY,ACCEPTED,0.8655438936331827,1.5224434072846742,1.7055191826529117,1.1891065973888064,1.7994457989080832,1.5353495805834525,1.1891065973888064,1.815035481255601,1.6051627506632258,0.0,0.015589682347517897,0.06981317007977317,5,5,2,0.021262446461055684,0.007517514319111962,0.016042536839045107,0.1253243007644495,0.04388225112263211,0.046127859828499096
148.5400002002716,1790848191.571,True,Y_ONLY,ACCEPTED,0.8246496563435399,1.5273323742204645,1.7075955975610955,1.1489079348283118,1.8239969638086364,1.6072391655714096,1.1489079348283118,1.798372874368306,1.5766959036615087,0.0,-0.025624089440330344,-0.030543261909900768,5,5,2,0.019201625294370306,0.0005636737455598784,0.0063137273507342,0.10826798152369327,0.035330831578474275,0.03799086639440252
148.6800000667572,1790848191.711,True,Y_ONLY,ACCEPTED,0.7947303266087666,1.5144506439288046,1.7026335604069849,1.117563165902846,1.7895066052490936,1.571733866507398,1.117563165902846,1.8422034384134365,1.5848238358973556,0.0,0.05269683316434287,0.013089969389957462,5,5,4,0.05600627144714815,0.006918156829967881,0.001296868142495293,0.06547697043590131,0.045883957555093224,0.04781329260709721
148.82000017166138,1790848191.851,True,XY_YAW,ACCEPTED,0.7916132887773023,1.5111850406034548,1.7069085373555661,1.1140839034372922,1.8393268392725923,1.589098812845937,1.135040245068119,1.8247052543380409,1.5978254591059085,0.02095634163082674,-0.014621584934551457,0.008726646259971646,5,5,4,0.02232006447575985,0.009908607955862347,0.0071621216704828815,0.054381262207376824,0.012292666333378666,0.011981249399386273
148.96000003814697,1790848191.991,True,XY_YAW,ACCEPTED,0.7914677119509234,1.5112633758471326,1.7077024631563482,1.1349040616143282,1.8247989724776632,1.5986193849066903,1.1287503400973464,1.8254378448195183,1.6073460311666619,-0.006153721516981792,0.0006388723418551123,0.008726646259971646,7,7,5,0.005846788130604241,0.0031426133834264736,0.003521014796593891,0.10351648124363821,0.01769357055560694,0.018267892551442566
149.1050000190735,1790848192.136,True,XY_YAW,ACCEPTED,0.7914677119509234,1.5112633758471326,1.7077024631563482,1.1287503400973464,1.825437844819518,1.6073460311666619,1.1290111994719356,1.8278639426836507,1.6117093542966476,0.00026085937458927844,0.0024260978641326147,0.004363323129985816,7,7,5,0.0036192263344254627,0.0008194566385064661,0.0012736758718174639,0.10540267093890632,0.019656621166192934,0.020554112531529167
149.24000000953674,1790848192.271,True,XY_YAW,ACCEPTED,0.7917141081736161,1.5064743939628678,1.7052502403241951,1.128797457762793,1.823073392290622,1.6092571314644946,1.1256627814565128,1.8253241294367355,1.6092571314644946,-0.0031346763062801986,0.0022507371461135683,0.0,6,6,4,0.005911854122384819,0.0032191473961881156,0.003906639194205409,0.036432259091275565,0.013751581678916547,0.011500844532802756
149.38000011444092,1790848192.411,True,XY_YAW,ACCEPTED,0.791576428272155,1.488662617024221,1.7014121516905516,1.1238185522415993,1.807607550419605,1.605419042830851,1.1283882572318595,1.8202165459571935,1.6403256278707377,0.004569704990260298,0.01260899553758843,0.034906585039886584,6,6,4,0.010472840031544806,0.005614850578728958,0.002064114507671584,0.024540315022608006,0.023538079583459326,0.022756402140283627
149.52100014686584,1790848192.552,True,XY_YAW,ACCEPTED,0.7883660170993327,1.468138648647159,1.7110308342595502,1.1239308758281437,1.7999268498317453,1.6499443104397362,1.1250170511505926,1.8181589027422878,1.632491017919793,0.0010861753224488402,0.018232052910542418,-0.017453292519943306,6,6,4,0.018332655970838774,0.0055345208433565385,0.0032176469252174246,0.028165848778886504,0.03273732980565269,0.009715777345333132
149.6600000858307,1790848192.691,True,XY_YAW,ACCEPTED,0.7845571738554457,1.464776870733088,1.7167104475157648,1.1209561872441134,1.8151063264642737,1.6381706311760076,1.1189637318176895,1.7878996579836086,1.5945373998761494,-0.0019924554264238448,-0.027206668480665108,-0.043633231299858244,7,7,4,0.02785936669978084,0.00852363179396931,0.008629228257009961,0.03302094657526722,0.01416774757561634,0.012089183220709065
149.80000019073486,1790848192.831,True,XY_YAW,ACCEPTED,0.763781789357352,1.4744249851674627,1.7273411878742104,1.0995190132564532,1.8000077393038143,1.605168140234595,1.1189057709853736,1.7832792799577677,1.6095314633645808,0.019386757728920484,-0.01672845934604661,0.004363323129985816,6,6,4,0.01661637542565164,0.004991790577049349,0.007274311337883522,0.043462607383311536,0.011365569016399957,0.007884043415897546
149.94000005722046,1790848192.971,True,XY_YAW,ACCEPTED,0.7516297388713923,1.484891794540468,1.7310468569139035,1.1080681944938333,1.7951018585789564,1.6132371324042736,1.1075471330066542,1.7885021810365769,1.6132371324042736,-0.0005210614871791197,-0.006599677542379556,0.0,5,5,4,0.007440769925913138,0.0038804004111339108,0.005385253362248181,0.05896378650929757,0.00793560812455818,0.014535285666937736
150.08000016212463,1790848193.111,True,XY_YAW,ACCEPTED,0.7454315743622917,1.484701222127075,1.735718795251425,1.1013695319561516,1.7890414457094859,1.6179090707417954,1.096133996173339,1.8063288655690313,1.6091824244818236,-0.005235535782812717,0.017287419859545405,-0.00872664625997166,5,5,4,0.014540028829302054,0.006031470338175193,0.010101755677391536,0.047950642197170934,0.032905408585419016,0.014727842586240492
150.22000002861023,1790848193.251,True,XY_YAW,ACCEPTED,0.7260255108631599,1.4821493943519808,1.741077778694219,1.076561047093772,1.8062464649939824,1.6145414079246174,1.0855112573309837,1.8177798463165609,1.597088115404674,0.008950210237211653,0.011533381322578418,-0.017453292519943306,6,6,4,0.009586821627123099,0.0030208818367178925,0.0032140009379217765,0.026330411734353354,0.008733540015692931,0.012013442972931498
150.36500000953674,1790848193.396,False,REJECTED,INSUFFICIENT_RESIDUAL_IMPROVEMENT,0.6971683801914013,1.4796139673465707,1.7454443679316292,1.056588942873168,1.8194114428077095,1.6014547046420842,1.056588942873168,1.8194114428077095,1.6014547046420842,0.0,0.0,0.0,6,6,3,0.0031183511024535093,0.00129995515288428,0.003678898799389825,0.01676474936982636,0.022866140515822697,0.022866140515822697
150.5,1790848193.531,False,REJECTED,INSUFFICIENT_RESIDUAL_IMPROVEMENT,0.6922736147399273,1.4788179760985445,1.7482689144051016,1.0516306125846986,1.8193260516938683,1.6042792511155566,1.0516306125846986,1.8193260516938683,1.6042792511155566,0.0,0.0,0.0,7,7,5,0.0062468773899087005,0.008755099332571792,0.002166551348201937,0.029802226109261087,0.01262066278376972,0.01262066278376972
150.64200019836426,1790848193.673,True,XY_YAW,ACCEPTED,0.6916800050573281,1.4831439089604963,1.745994006848739,1.0516638853880038,1.8236923957597835,1.602004343559194,1.0385461797412705,1.8129432081373897,1.6369109285990806,-0.013117705646733313,-0.010749187622393741,0.034906585039886584,8,8,6,0.014318478381817323,0.005198141222160002,0.004714881709846162,0.09284384323860961,0.006802801826539362,0.014083916257938922
150.78000020980835,1790848193.811,True,XY_YAW,ACCEPTED,0.6877809831328984,1.5050329987287834,1.7502079113908944,1.0370533290808515,1.8351266708913645,1.641124833141236,1.0383809458956272,1.809320814480834,1.6542148025311936,0.0013276168147757783,-0.02580585641053057,0.013089969389957462,8,8,6,0.01882395094861511,0.0052953047255570596,0.0013007852669037895,0.09639772904036559,0.010572780190943432,0.0239904424174191
150.92000007629395,1790848193.951,False,REJECTED,AMBIGUOUS_JOINT_HYPOTHESIS,0.6814504695927572,1.5367960637983902,1.7567883158668376,1.0351239316580048,1.8415444015337044,1.6607952070071368,1.0351239316580048,1.8415444015337044,1.6607952070071368,0.0,0.0,0.0,7,7,5,0.008624396591578876,0.007704701846601214,0.0007929507256184062,0.05122533545637345,0.01707726483314309,0.01707726483314309
151.06000018119812,1790848194.091,True,XY_YAW,ACCEPTED,0.6739624162996466,1.5756142532924817,1.7600708938917904,1.031390910460406,1.88090157788641,1.6640777850320896,1.04594161341581,1.8736357827032204,1.6989843700719762,0.014550702955403949,-0.007265795183189594,0.034906585039886584,7,7,5,0.006394129307899066,0.0011704321196104317,0.011294439107479091,0.06659482160543984,0.01615888672252297,0.0025340500733020965
151.20000004768372,1790848194.231,True,XY_YAW,ACCEPTED,0.6674231491297675,1.6093076234070554,1.7650233336117251,1.0414714743348783,1.9076655206010327,1.703936809791911,1.0513744186177818,1.92080258148538,1.7083001329218968,0.009902944282903614,0.013137060884347296,0.004363323129985816,6,6,4,0.011298364876397515,0.0023950477217118404,0.003564174113335934,0.06540159705840523,0.0005603417121947118,0.011330348511044641
151.3400001525879,1790848194.371,True,XY_YAW,ACCEPTED,0.6658257209033629,1.6140073684184197,1.7671704101938266,1.0500460012277577,1.9255853304175565,1.7104472095039982,1.024250310290619,1.9348338439752708,1.6231807469042816,-0.025795690937138627,0.009248513557714388,-0.08726646259971649,6,6,6,0.02650502982899139,0.019363516392334176,0.0037695743452389394,0.06983933676430415,0.015643563045860287,0.026182805330526082
151.4800000190735,1790848194.511,True,XY_YAW,ACCEPTED,0.6650249451113589,1.6194194299711566,1.7669108615343068,1.0242344123201104,1.940304803614512,1.6229211982447618,1.040718337118058,1.9397741506282606,1.618557875114776,0.01648392479794747,-0.0005306529862514342,-0.00436332312998583,7,7,5,0.01957619165116231,0.00813955633884822,0.001853639695158834,0.03214264189204752,0.016070241040997635,0.02549046054349824
151.625,1790848194.656,False,REJECTED,INSUFFICIENT_RESIDUAL_IMPROVEMENT,0.6609536138156722,1.641292214388858,1.770040731629624,1.0399247292661675,1.9620084624745924,1.6216877452100933,1.0399247292661675,1.9620084624745924,1.6216877452100933,0.0,0.0,0.0,6,6,6,0.018043132585642163,0.01886545509705756,0.0019330328494209133,0.05982362485606765,0.009099127993823064,0.009099127993823064
151.75999999046326,1790848194.791,False,REJECTED,INSUFFICIENT_RESIDUAL_IMPROVEMENT,0.6542323995290953,1.6735544393824064,1.775766138720771,1.0380460021937161,1.994909773506338,1.6274131523012403,1.0380460021937161,1.994909773506338,1.6274131523012403,0.0,0.0,0.0,7,7,3,0.00383359686563689,0.010054416329490749,0.012649349423831844,0.055733673770697156,0.037378231054166156,0.037378231054166156
151.90000009536743,1790848194.931,False,REJECTED,INSUFFICIENT_RESIDUAL_IMPROVEMENT,0.6461830760406663,1.7120723281237038,1.7781326329174807,1.0357784000271357,2.0341943422595072,1.62977964649795,1.0357784000271357,2.0341943422595072,1.62977964649795,0.0,0.0,0.0,7,7,5,0.008188454610839058,0.008357433604675446,0.0074139233769219375,0.057340485053378965,0.04276744639671737,0.04276744639671737
152.0400002002716,1790848195.071,True,XY_YAW,ACCEPTED,0.6367006945475221,1.75430611028673,1.7814152013897004,1.0326427247792602,2.0773658080131194,1.6330622149701697,1.0206323743056975,2.0369940290549065,1.6679688000100563,-0.012010350473562692,-0.04037177895821298,0.034906585039886584,8,8,5,0.026580727418801242,0.0016714610556416432,0.0048181486003428045,0.038475610790950965,0.05779456156389129,0.018080589791107826
152.1800000667572,1790848195.211,True,XY_YAW,ACCEPTED,0.6269528613131162,1.7981109080130273,1.7835526808954327,1.0159060454312334,2.0816207292687694,1.6701062795157886,1.013096543718326,2.0808328779632945,1.6744696026457744,-0.002809501712907392,-0.0007878513054747627,0.004363323129985816,7,7,5,0.004649701883341351,0.0020028154392888187,0.008271892111635287,0.057160276357433704,0.013218622865353025,0.011466720404033737
152.32000017166138,1790848195.351,True,XY_YAW,ACCEPTED,0.6171895427348909,1.843357160209213,1.7857012834997128,1.0083170730789204,2.126873103721514,1.6766182052500544,1.0058679972541968,2.133340614807059,1.6940714977699978,-0.0024490758247235067,0.00646751108554533,0.017453292519943292,6,6,4,0.003680494030567527,0.00151518126382022,0.010043226862986303,0.011361240975580389,0.019806189761571724,0.018948551337713657
152.46000003814697,1790848195.491,True,Y_ONLY,ACCEPTED,0.6072920709174537,1.8885917962903869,1.7866729879877605,1.0001510884689397,2.17929112300571,1.6950432022580455,1.0001510884689397,2.1906857028257996,1.7212231410379604,0.0,0.011394579820089401,0.026179938779914924,7,7,2,0.006932464538872751,0.0038489701298365375,0.003464519833772344,0.06533247507592566,0.035579756375561766,0.03334365188638344
152.6010000705719,1790848195.632,True,XY_YAW,ACCEPTED,0.5963840171633797,1.934629096218818,1.788835316436718,0.9922773731718975,2.237337854210523,1.7233854694869177,0.9913499881918346,2.197090999922251,1.7277487926169035,-0.0009273849800628398,-0.040246854288271905,0.004363323129985816,7,7,5,0.03360010045596429,0.005368122864308322,0.00857792811131387,0.02513023326751193,0.025534024791495386,0.025590482832990376
152.74000000953674,1790848195.771,False,REJECTED,AMBIGUOUS_JOINT_HYPOTHESIS,0.5862235427563552,1.9802954485678155,1.7790029190052115,0.9839963292344996,2.2432924574423105,1.717916395185397,0.9839963292344996,2.2432924574423105,1.717916395185397,0.0,0.0,0.0,8,8,7,0.009979238067181484,0.005462199599489903,0.0006206691118315483,0.03585885001517619,0.019506548834005544,0.019506548834005544
152.88700008392334,1790848195.918,False,REJECTED,INSUFFICIENT_RESIDUAL_IMPROVEMENT,0.576097145533294,2.0305695198059763,1.735697269688312,0.9769579784090815,2.2940909591646754,1.6746107458684976,0.9769579784090815,2.2940909591646754,1.6746107458684976,0.0,0.0,0.0,7,7,6,0.004574902131823322,0.002901088608992519,0.008100053050392412,0.019445791894592057,0.022993643488991578,0.022993643488991578
153.0200002193451,1790848196.051,True,XY_YAW,ACCEPTED,0.5691727965930733,2.0736665830540373,1.7090582375282806,0.9726775575449674,2.337530359092384,1.6479717137084662,0.9577886802107256,2.354594437995189,1.6697883293583953,-0.014888877334241851,0.017064078902805035,0.021816615649929122,7,7,6,0.01538413182534093,0.006446191894522557,0.004053251808093981,0.014120708812587063,0.01729415201064688,0.01642469457752782
153.1650002002716,1790848196.196,True,Y_ONLY,ACCEPTED,0.562867285188595,2.121026240309962,1.678724236833429,0.9533473615453049,2.402165135887724,1.6394543286635435,0.9533473615453049,2.4003266982592906,1.6176377130136144,0.0,-0.001838437628433276,-0.021816615649929122,5,5,3,0.010954515231018203,0.000458550507836053,0.010287029133385521,0.011591089337197102,0.015582167719116635,0.017389626829859242
153.30000019073486,1790848196.331,True,XY_YAW,ACCEPTED,0.55901930217267,2.154082850159603,1.6391644473800218,0.9515246135466686,2.43355656461135,1.5780779235602072,0.9543750422002908,2.4553959616545864,1.5955312160801505,0.002850428653622228,0.02183939704323634,0.017453292519943292,5,5,4,0.01666104396124568,0.010731872911175278,0.0018723994048377539,,,
153.44000005722046,1790848196.471,True,Y_ONLY,ACCEPTED,0.5582635354629111,2.1623285787376867,1.6241267124873116,0.9539796684419323,2.4636668082070385,1.5804934811874403,0.9539796684419323,2.462824723184281,1.6503066512672135,0.0,-0.0008420850227576215,0.06981317007977317,5,5,2,0.015198186395890323,0.012898703090444275,0.006753418217149476,,,
153.58100008964539,1790848196.612,True,XY_YAW,ACCEPTED,0.5585527748275076,2.156910465960891,1.6241267124873116,0.9544106383495067,2.4574160384633097,1.6503066512672135,0.9561441422279904,2.491592717573954,1.5455868961475538,0.0017335038784836998,0.03417667911064415,-0.10471975511965978,5,5,5,0.03009060769920424,0.0033028141369673136,0.0010383458035607973,,,
153.72000002861023,1790848196.751,True,XY_YAW,ACCEPTED,0.559720116478108,2.137244926839786,1.6247777075409862,0.9557649449374197,2.4718962121766053,1.5462378912012285,0.9554698538199912,2.488786327526044,1.5287845986812851,-0.00029509111742853644,0.016890115349438517,-0.017453292519943306,5,5,5,0.01923435917915528,0.006960051924726596,0.0026774845035862985,,,
153.8600001335144,1790848196.891,False,REJECTED,AMBIGUOUS_JOINT_HYPOTHESIS,0.5613095606289467,2.104648135628932,1.6238213266641415,0.9539277165019034,2.4561872640050653,1.5278282178044402,0.9539277165019034,2.4561872640050653,1.5278282178044402,0.0,0.0,0.0,5,5,2,0.02332356255781265,0.00383125184462374,0.0008003717637458281,,,
154.0,1790848197.031,True,XY_YAW,ACCEPTED,0.5634589727696011,2.0649888243436587,1.6220961063346229,0.9522660566408638,2.4165045242977463,1.5261029974749216,0.9730189189890186,2.447056152207634,1.5610095825148083,0.020752862348154797,0.030551627909887635,0.034906585039886584,6,6,5,0.025841881090508445,0.0038742508001878223,0.002145720127709364,,,
154.14600014686584,1790848197.177,False,REJECTED,INSUFFICIENT_RESIDUAL_IMPROVEMENT,0.5650086401827095,2.01931765233892,1.6226457295077688,0.9717775376102875,2.4013755612126584,1.5615592056879541,0.9717775376102875,2.4013755612126584,1.5615592056879541,0.0,0.0,0.0,5,5,3,0.0019074255575941557,0.0013657778690268074,0.006899357932220955,0.021873007141540668,0.019939458522557463,0.019939458522557463
154.28000020980835,1790848197.311,True,XY_YAW,ACCEPTED,0.5670837656342729,1.975797982560745,1.623851892939214,0.9711919802535869,2.357810381013064,1.5627653691193995,0.9743090945269458,2.3513795700633553,1.571492015379371,0.0031171142733588744,-0.006430810949708432,0.008726646259971646,6,6,4,0.004475651840647243,0.001348612833872942,0.0017437192785254955,,,
154.42000007629395,1790848197.451,False,REJECTED,INSUFFICIENT_RESIDUAL_IMPROVEMENT,0.5694978304865258,1.929424880259806,1.6220961149588418,0.974292870334346,2.304943678094967,1.5697362373989987,0.974292870334346,2.304943678094967,1.5697362373989987,0.0,0.0,0.0,7,7,2,0.002237188546051594,0.0081628944380385,0.010142490275828257,0.03116170739451196,0.03551339955032129,0.03551339955032129
154.56000018119812,1790848197.591,True,XY_YAW,ACCEPTED,0.5711812257256883,1.896193708803892,1.6282032089098442,0.9742347734036202,2.271669946705022,1.575843331350001,0.9738773015299403,2.2505856020363195,1.501666838140242,-0.0003574718736798488,-0.02108434466870268,-0.07417649320975901,8,8,6,0.020098157404504935,0.0005292593412842272,0.014025776784104837,0.01966872909286632,0.02705039625053729,0.027986059795408136
154.70000004768372,1790848197.731,False,REJECTED,AMBIGUOUS_JOINT_HYPOTHESIS,0.5716388268022219,1.890399706302443,1.6352721890350126,0.9736000469199874,2.2447801740922912,1.5087358182654105,0.9736000469199874,2.2447801740922912,1.5087358182654105,0.0,0.0,0.0,7,7,4,0.02553387252172601,0.005032058453696697,0.00025785172954224597,0.0224250608401432,0.02436820665502626,0.02436820665502626
154.8400001525879,1790848197.871,True,Y_ONLY,ACCEPTED,0.5718005640293268,1.8905841031231743,1.6342339766211478,0.9737837617385109,2.2449426855798307,1.5076976058515457,0.9737837617385109,2.2348428763053096,1.599327391581248,0.0,-0.010099809274521254,0.09162978572970229,7,7,4,0.02945334373031061,0.0015068271658500443,0.002654856320272436,0.023584368618290386,0.026216904149875736,0.025006757229934843
154.9800000190735,1790848198.011,True,XY_YAW,ACCEPTED,0.5720563544007345,1.8879796400651527,1.634774032181909,0.9739485018394306,2.232231072860589,1.5998674471420093,0.9546924328027172,2.2299416371603558,1.5780508314920803,-0.019256069036713397,-0.002289435700233433,-0.021816615649929122,8,8,6,0.0069433058164132255,0.0018421616130537277,0.005807453927176345,0.024139377883439506,0.02520629148524897,0.025486346650558832
155.12000012397766,1790848198.151,False,REJECTED,AMBIGUOUS_JOINT_HYPOTHESIS,0.573081719555863,1.880757062618547,1.6356844157601667,0.9553066807840366,2.2226725451887943,1.578961215070338,0.9553066807840366,2.2226725451887943,1.578961215070338,0.0,0.0,0.0,7,7,4,0.006705732679908927,0.003711243716106205,4.948041770012207e-06,0.018727049983601862,0.024354269190055733,0.024354269190055733
155.25999999046326,1790848198.291,False,REJECTED,INSUFFICIENT_RESIDUAL_IMPROVEMENT,0.5736707431368645,1.8791434715953739,1.6356844157601667,0.955803278047979,2.2210281559628244,1.578961215070338,0.955803278047979,2.2210281559628244,1.578961215070338,0.0,0.0,0.0,7,7,4,0.008169177309309217,0.0066732639982396424,0.006411437900217493,0.02234569867714406,0.025235126341576125,0.025235126341576125
155.4079999923706,1790848198.439,False,REJECTED,AMBIGUOUS_JOINT_HYPOTHESIS,0.5736707431368645,1.8791434715953739,1.6356844157601667,0.9558032780479792,2.2210281559628244,1.578961215070338,0.9558032780479792,2.2210281559628244,1.578961215070338,0.0,0.0,0.0,7,7,4,0.004464530516679277,0.005668817381185964,0.0006784137495902016,0.02194123691388361,0.025099075348910205,0.025099075348910205
155.5400002002716,1790848198.571,True,Y_ONLY,ACCEPTED,0.5736707431368645,1.8791434715953739,1.6356844157601667,0.9558032780479793,2.2210281559628244,1.578961215070338,0.9558032780479793,2.2171834710686227,1.5833245382003238,0.0,-0.0038446848942015333,0.004363323129985816,7,7,4,0.005059231423558241,0.001645337984890527,0.0029240849259775433,0.01703657594541949,0.02229517579469556,0.021961558549555213
155.6840000152588,1790848198.715,False,REJECTED,AMBIGUOUS_JOINT_HYPOTHESIS,0.5736707431368645,1.8791434715953739,1.6356844157601667,0.9558032780479794,2.2171834710686227,1.5833245382003238,0.9558032780479794,2.2171834710686227,1.5833245382003238,0.0,0.0,0.0,7,7,4,0.003813937397313616,0.003716118365581833,0.0001443053384424138,0.022927690102649945,0.02531888067386595,0.02531888067386595
155.82000017166138,1790848198.851,True,Y_ONLY,ACCEPTED,0.5736707431368645,1.8791434715953739,1.6356844157601667,0.9558032780479795,2.2171834710686227,1.5833245382003238,0.9558032780479795,2.2214669350677916,1.5833245382003238,0.0,0.004283463999168902,0.0,7,7,4,0.004283463999168902,0.001753802554353312,0.0013095919133064952,0.019026189358060108,0.023537541686560304,0.023537541686560304
155.96000003814697,1790848198.991,False,REJECTED,INSUFFICIENT_RESIDUAL_IMPROVEMENT,0.5721789819834388,1.87924025298175,1.6376140815185019,0.9543186264477717,2.2216416565650925,1.5852542039586588,0.9543186264477717,2.2216416565650925,1.5852542039586588,0.0,0.0,0.0,7,7,4,0.0018683174618014942,0.004577408933084115,0.0014151809587705424,0.023083156224872087,0.025899876466221328,0.025899876466221328
156.10000014305115,1790848199.131,True,XY_YAW,ACCEPTED,0.5562629703282761,1.8884965053039762,1.651701215978576,0.9389088619499382,2.2317182032047547,1.5993413384187332,0.9591148828056443,2.222387557980043,1.577524722768804,0.020206020855706136,-0.00933064522471172,-0.021816615649929122,8,8,6,0.012912526067694774,0.0027229294563166917,0.00613986290876415,0.02156805115340038,0.02389623552823608,0.024361812075015477
156.24000000953674,1790848199.271,True,Y_ONLY,ACCEPTED,0.5400264434060821,1.9013869517477935,1.6585899722836088,0.9438782948510098,2.2364458225783754,1.5844134790738367,0.9438782948510098,2.228476504661941,1.5931401253338082,0.0,-0.007969317916434737,0.008726646259971646,6,6,4,0.009146797457623368,0.0028053336684257246,0.0031852270681673837,0.00734451343211176,0.012258090007378014,0.011657238024978988
156.38000011444092,1790848199.411,False,REJECTED,AMBIGUOUS_JOINT_HYPOTHESIS,0.5386530625818717,1.9030961726005597,1.6567692275679198,0.9426196429328833,2.2302718893451865,1.5913193806181192,0.9426196429328833,2.2302718893451865,1.5913193806181192,0.0,0.0,0.0,5,5,4,0.010763916251457228,0.0016713072549242591,0.0001787347966812243,0.013821512206645459,0.02068132336080425,0.02068132336080425
156.5200002193451,1790848199.551,True,XY_YAW,ACCEPTED,0.5386530625818717,1.9030961726005597,1.6567692275679198,0.9426196429328831,2.2302718893451865,1.5913193806181192,0.9486371624513552,2.2428882035334903,1.5782294112281616,0.006017519518472063,0.012616314188303779,-0.013089969389957476,6,6,5,0.011357096815546752,0.0010694204904007076,0.0075466788903565795,0.028318583440078926,0.024534037889938576,0.026041430984240166
156.6650002002716,1790848199.696,True,XY_YAW,ACCEPTED,0.5333571630639881,1.9013214184079532,1.6597311248105273,0.9432183428151768,2.241534431803004,1.5811913084707694,0.9483271200987713,2.2427639478343684,1.5768279853407836,0.005108777283594531,0.0012295160313642306,-0.00436332312998583,7,7,6,0.005583535550649832,0.0010016891760406543,0.00531604423161177,0.02248053284269702,0.021085718615650118,0.025524160575168375
156.80000019073486,1790848199.831,True,Y_ONLY,ACCEPTED,0.5216261629063497,1.891078615237428,1.6667390491666692,0.9357882218614214,2.233527746641128,1.5838359096969254,0.9357882218614214,2.244132425226619,1.5838359096969254,0.0,0.010604678585490745,0.0,6,6,4,0.010604678585490745,0.00208351665843709,0.003229448029113331,0.009981282830273774,0.01991078866161583,0.01991078866161583
156.94000005722046,1790848199.971,True,Y_ONLY,ACCEPTED,0.5183732243377026,1.8874545420055981,1.6733805118166443,0.9322463524939426,2.2407901688772687,1.5904773723469003,0.9322463524939426,2.2309055811566427,1.5904773723469003,0.0,-0.009884587720625948,0.0,6,6,4,0.009884587720625948,0.004303079518496622,0.003843620552217007,0.009177812854044454,0.019814950147719307,0.019814950147719307
157.08000016212463,1790848200.111,False,REJECTED,INSUFFICIENT_RESIDUAL_IMPROVEMENT,0.5183732243377026,1.8874545420055981,1.6733805118166443,0.9322463524939426,2.2309055811566427,1.5904773723469003,0.9322463524939426,2.2309055811566427,1.5904773723469003,0.0,0.0,0.0,7,6,4,0.0035178777568605213,0.002662552869464152,0.004799264303203798,0.013764748409748506,0.025744203286901024,0.025744203286901024
157.22000002861023,1790848200.251,False,REJECTED,INSUFFICIENT_RESIDUAL_IMPROVEMENT,0.5143369553255388,1.8864793273296552,1.6774417422307342,0.9281431902583647,2.230267952055003,1.5945386027609902,0.9281431902583647,2.230267952055003,1.5945386027609902,0.0,0.0,0.0,7,6,4,0.0018535983342657936,0.00535820632536399,0.004847901545426256,0.02127697170035589,0.024831807430973435,0.024831807430973435
157.3600001335144,1790848200.391,False,REJECTED,INSUFFICIENT_RESIDUAL_IMPROVEMENT,0.49476228525465193,1.8843912438487018,1.6814113598597646,0.9084628388927499,2.2298079834327624,1.5985082203900207,0.9084628388927499,2.2298079834327624,1.5985082203900207,0.0,0.0,0.0,7,6,4,0.0024386733761752044,0.002687793143921313,0.0012717251871395656,0.01838754088201039,0.02283243582635358,0.02283243582635358
157.5,1790848200.531,False,REJECTED,INSUFFICIENT_RESIDUAL_IMPROVEMENT,0.4795649911395726,1.8829366012869995,1.6843026204050804,0.8931972835032445,2.2296167975220107,1.6013994809353365,0.8931972835032445,2.2296167975220107,1.6013994809353365,0.0,0.0,0.0,7,7,7,0.004670550340539759,0.0030087922627732855,0.0026173347149983824,0.06968551771055076,0.04592270179385838,0.04592270179385838
157.64000010490417,1790848200.671,False,REJECTED,INSUFFICIENT_RESIDUAL_IMPROVEMENT,0.4787925687796003,1.883001851090261,1.6852130185322582,0.8924329172451867,2.229745786136057,1.6023098790625143,0.8924329172451867,2.229745786136057,1.6023098790625143,0.0,0.0,0.0,6,5,5,0.0019445125518711137,0.010450863247129325,0.004548936918477683,0.04217893156678665,0.01790818692131546,0.01790818692131546
157.78000020980835,1790848200.811,False,REJECTED,INSUFFICIENT_RESIDUAL_IMPROVEMENT,0.4787925687796003,1.883001851090261,1.6852130185322582,0.8924329172451866,2.229745786136057,1.6023098790625143,0.8924329172451866,2.229745786136057,1.6023098790625143,0.0,0.0,0.0,6,6,5,0.0021160559759012543,0.0061625958345916665,0.0039488217166594956,0.04696546245538413,0.02394684815155923,0.02394684815155923
157.92600011825562,1790848200.957,False,REJECTED,INSUFFICIENT_RESIDUAL_IMPROVEMENT,0.4787925687796003,1.883001851090261,1.6852130185322582,0.8924329172451865,2.229745786136057,1.6023098790625143,0.8924329172451865,2.229745786136057,1.6023098790625143,0.0,0.0,0.0,6,6,5,0.0011446030254798067,0.005359013792599399,0.0043137976992005216,0.045975537702339864,0.024448408385991827,0.024448408385991827
158.06000018119812,1790848201.091,False,REJECTED,INSUFFICIENT_RESIDUAL_IMPROVEMENT,0.4787925687796003,1.883001851090261,1.6852130185322582,0.8924329172451864,2.229745786136057,1.6023098790625143,0.8924329172451864,2.229745786136057,1.6023098790625143,0.0,0.0,0.0,6,6,5,0.0014901915971705648,0.005627079836233451,0.004383477013010803,0.04336972858685101,0.023397351557648438,0.023397351557648438
158.2020001411438,1790848201.233,False,REJECTED,INSUFFICIENT_RESIDUAL_IMPROVEMENT,0.4787925687796003,1.883001851090261,1.6852130185322582,0.8924329172451863,2.229745786136057,1.6023098790625143,0.8924329172451863,2.229745786136057,1.6023098790625143,0.0,0.0,0.0,6,6,5,0.0022054242383693357,0.004959979831687722,0.004326623253631284,0.04525858345576489,0.025095286632734304,0.025095286632734304
158.3400001525879,1790848201.371,False,REJECTED,INSUFFICIENT_RESIDUAL_IMPROVEMENT,0.4787925687796003,1.883001851090261,1.6852130185322582,0.8924329172451861,2.229745786136057,1.6023098790625143,0.8924329172451861,2.229745786136057,1.6023098790625143,0.0,0.0,0.0,6,6,5,0.002178993471622981,0.005140489520305325,0.004308040587014696,0.042716448708583044,0.024054850234350944,0.024054850234350944
158.4800000190735,1790848201.511,False,REJECTED,INSUFFICIENT_RESIDUAL_IMPROVEMENT,0.4787925687796003,1.883001851090261,1.6852130185322582,0.892432917245186,2.229745786136057,1.6023098790625143,0.892432917245186,2.229745786136057,1.6023098790625143,0.0,0.0,0.0,6,5,5,0.002230466102127071,0.006039750358498091,0.00462063479219286,0.04302632531437306,0.023738665473117315,0.023738665473117315
158.62000012397766,1790848201.651,False,REJECTED,INSUFFICIENT_RESIDUAL_IMPROVEMENT,0.472315271523718,1.8818688249414104,1.6875252118146609,0.8858840423860994,2.2291530247379683,1.6046220723449167,0.8858840423860994,2.2291530247379683,1.6046220723449167,0.0,0.0,0.0,6,6,5,0.0019194495152334845,0.0052009314924181815,0.004520989704919261,0.03899247481794882,0.020802606531024503,0.020802606531024503
158.75999999046326,1790848201.791,False,REJECTED,INSUFFICIENT_RESIDUAL_IMPROVEMENT,0.4532455962244425,1.8799532278019468,1.6911674569093664,0.8667212346735734,2.2288231323414682,1.6082643174396225,0.8667212346735734,2.2288231323414682,1.6082643174396225,0.0,0.0,0.0,6,6,5,0.004557460277455405,0.005817103937029722,0.0044530572643560265,0.041221999441847346,0.0110061046059855,0.0110061046059855
158.90000009536743,1790848201.931,True,XY_YAW,ACCEPTED,0.42222408729398575,1.876442408706865,1.6988769832791593,0.8355155444018907,2.227893206694654,1.6159738438094151,0.868547671893823,2.2308477382368324,1.6116105206794293,0.033032127491932295,0.0029545315421782847,-0.00436332312998583,6,6,6,0.004819865256449729,0.0017450481071190627,0.004501025464101544,0.0694768877178305,0.025927333178703438,0.04949983590387008
159.0400002002716,1790848202.071,True,XY_YAW,ACCEPTED,0.3854585031082236,1.8685737732936183,1.7023586985548609,0.831236195091869,2.226213377154201,1.615092235955131,0.8229674043255373,2.2170685631765896,1.5540057121353295,-0.008268790766331639,-0.009144813977611577,-0.06108652381980154,5,5,5,0.004502079698196937,0.001525448818463726,0.012937837398074113,0.05234738341230394,0.011509796038665754,0.023502387457020935
159.18500018119812,1790848202.216,True,XY_YAW,ACCEPTED,0.34484499340189223,1.8481562928162272,1.705793961842962,0.7797821031930586,2.202878410048168,1.5574409754234304,0.7788037900975225,2.227433115214045,1.570530944813388,-0.0009783130955360875,0.02455470516587699,0.013089969389957462,5,5,5,0.015120409318640782,0.0064869664895823576,0.004592344440002035,0.016472903183273324,0.02819199268274497,0.024655525172541326
159.32100009918213,1790848202.352,True,XY_YAW,ACCEPTED,0.32116373096728634,1.8319949379222966,1.7094582123405075,0.7531594610020724,2.214612820063446,1.5741951953109337,0.7296300795777075,2.218770517584619,1.565468549050962,-0.023529381424364892,0.004157697521172787,-0.00872664625997166,5,5,4,0.014041134764300023,0.00671127275851624,0.00270514863030967,0.019332651078350138,0.021098180339826467,0.02357545119993354
159.46000003814697,1790848202.491,True,X_ONLY,ACCEPTED,0.3115107536856414,1.8275095430439,1.7138553236886696,0.719433376152222,2.2157166713429444,1.569865660399124,0.7251074007223899,2.2157166713429444,1.5655023372691381,0.005674024570167857,0.0,-0.00436332312998583,7,7,3,0.005544063579856262,1.0563364410742793e-05,0.014498419703212669,0.04418241597527839,0.021914909858870457,0.021529548987644587
159.60000014305115,1790848202.631,True,Y_ONLY,ACCEPTED,0.2904169529032632,1.825111986583969,1.722590313684158,0.7038909157215294,2.216463312242896,1.5742373272646266,0.7038909157215294,2.2089928703460813,1.613507235434499,0.0,-0.007470441896814672,0.039269908169872414,5,5,2,0.019204855389701736,0.009000007818880218,0.0033806373026662624,0.04628123309285703,0.025532743915694267,0.021724923619959258
159.74000000953674,1790848202.771,True,XY_YAW,ACCEPTED,0.25880096472293257,1.8214771510436851,1.7280237754222108,0.6720671290958377,2.2088215728674157,1.6189406971725517,0.6854046648629656,2.191062264252375,1.5578541733527502,0.013337535767127928,-0.01775930861504027,-0.06108652381980154,6,6,5,0.02734747078742883,0.005604976940825068,0.0012924306069502407,,,
159.88000011444092,1790848202.911,False,REJECTED,AMBIGUOUS_JOINT_HYPOTHESIS,0.2195106479128397,1.8153261264057274,1.728525146651442,0.6456401820978657,2.1916538803088814,1.5583555445819814,0.6456401820978657,2.1916538803088814,1.5583555445819814,0.0,0.0,0.0,5,5,2,0.021642457132905274,0.0020348058462400865,0.0003371712725430409,0.039575330356525384,0.009856294246660013,0.009856294246660013
160.0200002193451,1790848203.051,True,XY_YAW,ACCEPTED,0.17776958040710755,1.8088445353532776,1.687280751547242,0.6034043658771547,2.1923347380470277,1.5171111494777816,0.6332976819512309,2.1940680088060844,1.5912876426875406,0.029893316074076193,0.0017332707590569374,0.074176493209759,5,5,5,0.01775661702665432,0.0020616490152916,0.005435872346077083,,,
160.1600000858307,1790848203.191,False,REJECTED,INSUFFICIENT_RESIDUAL_IMPROVEMENT,0.13352644255069412,1.8040324092379771,1.6502650927855411,0.5887970088763788,2.193518553606556,1.5542719839258397,0.5887970088763788,2.193518553606556,1.5542719839258397,0.0,0.0,0.0,5,5,2,9.11415862445697e-05,0.0016460417820070017,0.006753915231265013,,,
160.30000019073486,1790848203.331,False,REJECTED,INSUFFICIENT_RESIDUAL_IMPROVEMENT,0.0890330637250536,1.8008491487856073,1.633177622575058,0.5442033667473005,2.194614449629566,1.5371845137153566,0.5442033667473005,2.194614449629566,1.5371845137153566,0.0,0.0,0.0,5,5,2,0.0023181990790381857,0.001864336586043347,0.003401231983015819,,,
160.44600009918213,1790848203.477,False,REJECTED,AMBIGUOUS_JOINT_HYPOTHESIS,0.04155335139059835,1.798862799961417,1.6235561899300117,0.49675185849219433,2.197187974319476,1.5275630810703102,0.49675185849219433,2.197187974319476,1.5275630810703102,0.0,0.0,0.0,5,5,5,0.007128076136952988,0.0005878815785034242,0.0005381107642879034,0.04552858765370782,0.01710635142025374,0.01710635142025374
160.58000016212463,1790848203.611,True,XY_YAW,ACCEPTED,-0.002682029750620263,1.7963753280707764,1.6232199262216513,0.4524817146556707,2.1989517276494874,1.5272268173619499,0.4741940803676065,2.1977264510299204,1.4530503241521908,0.0217123657119358,-0.0012252766195670617,-0.07417649320975901,6,6,6,0.016172319406048352,0.0015823525121487336,0.00488165489500535,,,
160.72300004959106,1790848203.754,True,XY_YAW,ACCEPTED,-0.05045151172169793,1.7936190581342488,1.6646930896318342,0.4266478050267203,2.2030997305645035,1.4945234875623736,0.4330044981264394,2.1972591454612274,1.485796841302402,0.006356693099719072,-0.005840585103276119,-0.00872664625997166,6,6,5,0.007097408593658372,0.0032316991054663164,0.003445961705180193,,,
160.8600001335144,1790848203.891,False,REJECTED,INSUFFICIENT_RESIDUAL_IMPROVEMENT,-0.09647104058437206,1.788650217954505,1.7359935959480224,0.3868352358005831,2.20055848263112,1.5570973476185903,0.3868352358005831,2.20055848263112,1.5570973476185903,0.0,0.0,0.0,6,6,5,0.00955795087880551,0.007946297701089506,0.0016500957101018322,,,
161.0,1790848204.031,True,XY_YAW,ACCEPTED,-0.14214304450738413,1.7812447259867745,1.765478277166048,0.34057436570056215,2.2013982154557374,1.5865820288366161,0.3401287073722661,2.1961057824018138,1.5865820288366161,-0.0004456583282960863,-0.005292433053923684,0.0,6,6,4,0.005292433053923684,0.0016300403985134437,0.006640200394027026,0.09984102783532012,0.02215535218801029,0.02502439787912017
161.14000010490417,1790848204.171,True,XY_YAW,ACCEPTED,-0.18919737631566336,1.7768727348144702,1.7814729839035257,0.29304736226238703,2.200176579790384,1.6025767355740939,0.3034319548077629,2.2056462769554734,1.6156667049640514,0.010384592545375897,0.005469697165089382,0.013089969389957462,6,6,5,0.009185996599577528,0.002076373077166682,0.0024669071939658373,,,
161.28000020980835,1790848204.311,True,XY_YAW,ACCEPTED,-0.22665909677938623,1.790861390303211,1.791140766827469,0.26879279340320666,2.225626053722843,1.6253344878879945,0.2538151030842542,2.1989136562054785,1.6558777497978951,-0.01497769031895245,-0.02671239751736465,0.030543261909900754,6,6,5,0.023399299514077487,0.004579171295362894,0.0042635937269340195,,,
161.42000007629395,1790848204.451,True,XY_YAW,ACCEPTED,-0.2512326236056188,1.8192921438765117,1.7972696739631888,0.23329994694136177,2.230398483310896,1.6620066569336152,0.2200302662827568,2.216919669386496,1.6140101025037712,-0.013269680658604975,-0.01347881392439998,-0.04799655442984407,6,6,5,0.019777023126464677,0.00824015041459119,0.0010242721543404464,,,
161.56000018119812,1790848204.591,True,XY_YAW,ACCEPTED,-0.2676198565997223,1.854885902682205,1.7995802926832951,0.21040388636010746,2.2549037434268846,1.6163207212238775,0.19049099260314908,2.2330848997002883,1.6425006600037924,-0.019912893756958372,-0.02181884372659626,0.026179938779914924,6,6,6,0.018820669120692357,0.004910087831906829,0.003416102511763573,,,
161.70500016212463,1790848204.736,True,XY_YAW,ACCEPTED,-0.2743170520468976,1.8987555009744153,1.8033091827399041,0.19073896788565928,2.2774620626271456,1.6462295500604014,0.17621058099753342,2.261501568788436,1.6767728119703023,-0.014528386888125855,-0.01596049383870979,0.030543261909900754,6,6,5,0.01952571850112239,0.005661983237709389,0.0047608556269358275,,,
161.8400001525879,1790848204.871,True,XY_YAW,ACCEPTED,-0.2717285465572572,1.9452613815184392,1.7997975824333903,0.18464738543894013,2.3073089657529273,1.6732612116637884,0.18863170995857853,2.318660535955782,1.5772681028041002,0.003984324519638413,0.0113515702028546,-0.09599310885968813,5,5,4,0.01999630980108001,0.013051914097241601,0.0012517561975024655,,,
161.9800000190735,1790848205.011,False,REJECTED,AMBIGUOUS_JOINT_HYPOTHESIS,-0.25560831186191857,1.995830431571054,1.781995385763734,0.21551491671155848,2.3644249761308034,1.559465906134444,0.21551491671155848,2.3644249761308034,1.559465906134444,0.0,0.0,0.0,5,5,2,0.05102934576558377,0.007203696499263279,0.0002693985033966617,,,
162.12000012397766,1790848205.151,False,REJECTED,INSUFFICIENT_RESIDUAL_IMPROVEMENT,-0.22745289983202954,2.0472357222994093,1.7764226504418605,0.254321097425946,2.4083489044592405,1.5538931708125703,0.254321097425946,2.4083489044592405,1.5538931708125703,0.0,0.0,0.0,4,4,2,0.023417076312925778,0.024883128233643026,,,,
162.25999999046326,1790848205.291,True,XY_YAW,ACCEPTED,-0.2075499960420919,2.080691836736262,1.7759493528129575,0.28111692043528114,2.436587548933359,1.5534198731836673,0.21318311139722984,2.454448777555641,1.6537763051733412,-0.0679338090380513,0.01786122862228179,0.10035643198967395,7,7,4,0.05557256078428635,0.006985324511525726,0.007584830988699033,0.03392470531789937,0.050935056045396734,0.039987051443937785
162.40000009536743,1790848205.431,True,Y_ONLY,ACCEPTED,-0.2039011724648836,2.086685965325147,1.7759493528129575,0.21753523771221958,2.459953547085427,1.6537763051733412,0.21753523771221958,2.496880101939027,1.631959689523412,0.0,0.03692655485360041,-0.021816615649929122,6,6,3,0.03373824195610897,0.0009753255132247673,0.007186761855468082,,,
162.5400002002716,1790848205.571,True,XY_YAW,ACCEPTED,-0.20360466371116348,2.0871383491161124,1.7759493528129575,0.21789359174785483,2.4972852573666158,1.631959689523412,0.2660154173949549,2.518452607056564,1.6057797507434972,0.04812182564710006,0.021167349689948156,-0.026179938779914952,6,6,4,0.023651893818583514,0.004457340253377799,0.007523510867261362,,,
162.6800000667572,1790848205.711,False,REJECTED,INSUFFICIENT_RESIDUAL_IMPROVEMENT,-0.2040911977861477,2.0879746385361746,1.7759493528129575,0.2656775359877775,2.519359211465836,1.6057797507434972,0.2656775359877775,2.519359211465836,1.6057797507434972,0.0,0.0,0.0,6,6,4,0.00390733403931269,0.0021625403466197833,0.006737334037884181,,,
162.82000017166138,1790848205.851,True,XY_YAW,ACCEPTED,-0.19697583181658995,2.099387998934996,1.7773234542501153,0.27462297495228155,2.5294027342644596,1.6071538521806552,0.2708081750320646,2.5227119196591214,1.5940638827906977,-0.0038147999202169415,-0.006690814605337936,-0.013089969389957476,6,6,4,0.00815508910765761,0.0009090931441869449,0.0053401247685975935,,,
162.96800017356873,1790848205.999,True,XY_YAW,ACCEPTED,-0.17705153846996402,2.130439132630688,1.7818697385384534,0.29605745391104027,2.549612185182752,1.5986101670790358,0.27638844878151175,2.535306543178461,1.6291534289889364,-0.019669005129528537,-0.014305642004290853,0.030543261909900754,6,6,5,0.02635268628752163,0.021565500071079047,0.002658555883558001,,,
163.10000014305115,1790848206.131,True,XY_YAW,ACCEPTED,-0.1627211473019894,2.149452516758429,1.7867131417402733,0.29344443621832683,2.551918652604161,1.6339968321907563,0.28569328974128394,2.568508551584791,1.6514501247106996,-0.007751146477042878,0.016589898980630124,0.017453292519943292,6,6,5,0.024231012592094148,0.015084140948464553,,,,
163.24200010299683,1790848206.273,True,Y_ONLY,ACCEPTED,-0.14771079216544347,2.1555983059580437,1.785598587997186,0.3013953041445875,2.572574044161316,1.6503355709676124,0.3013953041445875,2.5845151941100455,1.6197923090577115,0.0,0.011941149948729801,-0.030543261909900768,5,5,2,0.010054876687989323,0.005064343358867518,0.001528297465493919,0.03576932231685098,0.00308615315160414,0.006811030967924885
163.38000011444092,1790848206.411,True,Y_ONLY,ACCEPTED,-0.12140286133040168,2.156698225073139,1.784316100452419,0.32752397655001314,2.5812579674966463,1.6185098215129445,0.32752397655001314,2.5786453519500725,1.6403264371628736,0.0,-0.002612615546573771,0.021816615649929122,6,5,3,0.00646576334334803,0.003220532716026625,0.006165725653845237,,,
163.5200002193451,1790848206.551,True,Y_ONLY,ACCEPTED,-0.0834226048572746,2.1503004945818107,1.7875375985749482,0.36419316291741644,2.566863942511604,1.6435479352854028,0.36419316291741644,2.579162744018368,1.6566379046753603,0.0,0.01229880150676399,0.013089969389957462,6,5,3,0.01301264790991219,0.0029239023216929283,0.010252056308882368,,,
163.6600000858307,1790848206.691,True,Y_ONLY,ACCEPTED,-0.0409027766214527,2.14119403549323,1.786381711500609,0.40516059669887866,2.564584240676212,1.6554820176010212,0.40516059669887866,2.5853114217164266,1.6772986332509503,0.0,0.02072718104021476,0.021816615649929122,5,5,2,0.021352847124964658,0.016968497011916828,0.0032676465718217834,0.035537960810273994,0.019006396673202475,0.015322789573648885
163.80100011825562,1790848206.832,True,Y_ONLY,ACCEPTED,-0.00583239327370233,2.1369033154214003,1.7836748632365507,0.4395554162645121,2.5772282011985563,1.6745917849868919,0.4395554162645121,2.5680005622176183,1.71822501628675,0.0,-0.009227638980938035,0.043633231299858244,5,5,2,0.01522486003759882,0.005018215198419718,0.003470637275969038,0.037442961257500906,0.0100898246016492,0.003461772022384083
163.94000005722046,1790848206.971,True,XY_YAW,ACCEPTED,-0.0006159836550736486,2.1445716367786107,1.784891313305133,0.44526218936243245,2.575311295597766,1.7194414663553323,0.43734953556593126,2.5676453856403105,1.7412580820052614,-0.007912653796501204,-0.007665909957455419,0.021816615649929122,6,6,5,0.018703657458157164,0.00972848774446744,0.007062556433759012,,,
164.08000016212463,1790848207.111,True,Y_ONLY,ACCEPTED,0.005075023071048568,2.1680649808997567,1.7878734937233305,0.4440598909924019,2.590868131076666,1.744240262423459,0.4440598909924019,2.5482874229106875,1.643883830433785,0.0,-0.042580708165978365,-0.10035643198967395,5,5,3,0.024779907100784815,0.0032600492524275104,0.003916575387178208,,,
164.23800015449524,1790848207.269,True,Y_ONLY,ACCEPTED,0.02422966216244049,2.207405264809327,1.7876175763023208,0.4686613466212903,2.5844720400531545,1.6436279130127753,0.4686613466212903,2.5618026742689226,1.6610812055327187,0.0,-0.022669365784232065,0.017453292519943292,5,5,2,0.026356627496816776,0.0006446240219794008,0.010875973342776136,,,
164.3600001335144,1790848207.391,True,Y_ONLY,ACCEPTED,0.03850200164236428,2.2240623037898652,1.7807281739341532,0.4849216791770835,2.5765253848551004,1.6541918031645508,0.4849216791770835,2.604961443546534,1.6890983882044375,0.0,0.02843605869143362,0.034906585039886584,6,5,3,0.020646256955988207,0.0024838576279986313,0.0074814226707948,,,
164.5,1790848207.531,True,Y_ONLY,ACCEPTED,0.043004757452115294,2.22783080136375,1.7399785850156244,0.48975036922803855,2.6083021225551235,1.648348799285909,0.48975036922803855,2.6243359738212715,1.6439854761559232,0.0,0.01603385126614798,-0.00436332312998583,5,5,3,0.01801132204400302,0.003452310797092295,0.0032835749605099555,,,
164.64000010490417,1790848207.671,False,REJECTED,INSUFFICIENT_RESIDUAL_IMPROVEMENT,0.04325757708000699,2.227310825155729,1.69547299913078,0.4899521874135639,2.6237941597930794,1.5994798902710787,0.4899521874135639,2.6237941597930794,1.5994798902710787,0.0,0.0,0.0,5,5,5,0.010062792453227498,0.011240997028462374,0.008756980857851211,,,
164.78000020980835,1790848207.811,True,XY_YAW,ACCEPTED,0.0453052971878356,2.2258323463633922,1.6943279131655478,0.4918487743117797,2.6221262223491344,1.5983348043058465,0.5102354815217692,2.6468329642384756,1.6157880968257898,0.018386707209989528,0.02470674188934119,0.017453292519943292,5,5,5,0.02250223471665236,0.010058810762665349,0.0010867971865879261,,,
164.92000007629395,1790848207.951,True,XY_YAW,ACCEPTED,0.061716115138713556,2.214279006419392,1.6900316465725778,0.5256892457930956,2.6340276614492097,1.6114918302328198,0.511142961811495,2.641061611610902,1.6202184764927914,-0.014546283981600634,0.007033950161692282,0.008726646259971646,5,5,5,0.007773294489915372,0.002351080991852772,0.005553667096930882,,,
165.06000018119812,1790848208.091,False,REJECTED,AMBIGUOUS_JOINT_HYPOTHESIS,0.08988683091359584,2.2031552234502048,1.6918850941243702,0.538469099263979,2.627999835822644,1.6220719240445838,0.538469099263979,2.627999835822644,1.6220719240445838,0.0,0.0,0.0,5,5,3,0.0023098789874405057,0.0011789798662213968,0.0009611590985649406,,,
165.20100021362305,1790848208.232,False,REJECTED,INSUFFICIENT_RESIDUAL_IMPROVEMENT,0.12172696706518815,2.199863631603095,1.6960837178532708,0.5700020646039269,2.6224952065063705,1.6262705477734845,0.5700020646039269,2.6224952065063705,1.6262705477734845,0.0,0.0,0.0,5,5,4,0.007068972618715863,0.009253262497571276,0.0022583089507612515,,,
165.34100008010864,1790848208.372,False,REJECTED,INSUFFICIENT_RESIDUAL_IMPROVEMENT,0.1508577245233993,2.198364201829044,1.6996460873618962,0.5989572660674121,2.618967370350108,1.62983291728211,0.5989572660674121,2.618967370350108,1.62983291728211,0.0,0.0,0.0,4,4,2,0.006758142290735902,0.007670767235487652,0.0034692066795924334,,,
165.49000000953674,1790848208.521,False,REJECTED,INSUFFICIENT_RESIDUAL_IMPROVEMENT,0.17133033640423867,2.198652760393753,1.7037023174191943,0.6194001365226023,2.6178271287875163,1.6338891473394082,0.6194001365226023,2.6178271287875163,1.6338891473394082,0.0,0.0,0.0,4,4,2,0.006729791860039969,0.007079840624665712,0.006139869794268754,,,
165.62000012397766,1790848208.651,False,REJECTED,INSUFFICIENT_RESIDUAL_IMPROVEMENT,0.1660968972265029,2.198038321719874,1.706541591704735,0.61413658466445,2.617579253117959,1.6367284216249491,0.61413658466445,2.617579253117959,1.6367284216249491,0.0,0.0,0.0,4,4,2,0.0054633229766087865,0.005882609700067931,0.002957766022327916,,,
165.76400017738342,1790848208.795,False,REJECTED,INSUFFICIENT_RESIDUAL_IMPROVEMENT,0.14513456594864982,2.195895706304987,1.7114918124954763,0.5930758552760947,2.6169041153179347,1.6416786424156904,0.5930758552760947,2.6169041153179347,1.6416786424156904,0.0,0.0,0.0,4,4,4,0.01199451483329772,0.011627625119855878,0.005574499531631069,,,
165.90000009536743,1790848208.931,False,REJECTED,INSUFFICIENT_RESIDUAL_IMPROVEMENT,0.11573008779895422,2.19187063271216,1.7187563164330608,0.5634622300169119,2.6149399993100886,1.6489431463532749,0.5634622300169119,2.6149399993100886,1.6489431463532749,0.0,0.0,0.0,5,5,2,0.004375279783656039,0.005067990049289595,0.001406043679374816,,,
166.0400002002716,1790848209.071,True,XY_YAW,ACCEPTED,0.078094593577825,2.18589499765448,1.727504762356777,0.5255015747381466,2.611604239963559,1.657691592276991,0.5919977256165656,2.6073802703775275,1.6271483303670902,0.06649615087841895,-0.004223969586031551,-0.030543261909900768,4,4,4,0.02620121516306212,0.011568186265854742,0.001877215208104209,,,
166.1800000667572,1790848209.211,False,REJECTED,INSUFFICIENT_RESIDUAL_IMPROVEMENT,0.036504422555341254,2.1789050978241917,1.7294895612403314,0.5499165102656638,2.6045923787175207,1.6291331292506448,0.5499165102656638,2.6045923787175207,1.6291331292506448,0.0,0.0,0.0,4,4,4,0.006227880222201998,0.006636930755743786,0.0033026636177382156,,,
166.32100009918213,1790848209.352,False,REJECTED,INSUFFICIENT_RESIDUAL_IMPROVEMENT,-0.007995578104443846,2.172220890884996,1.7307109813839539,0.5049707328103806,2.602400172051387,1.6303545493942673,0.5049707328103806,2.602400172051387,1.6303545493942673,0.0,0.0,0.0,5,5,4,0.006469008020932421,0.00535236617699404,0.004889303223569216,,,
166.46000003814697,1790848209.491,True,XY_YAW,ACCEPTED,-0.053239519006532676,2.1678646332622082,1.7307109813839539,0.4595179909640881,2.602598735597995,1.6303545493942673,0.468869644333898,2.5945296480448143,1.6390811956542388,0.009351653369809912,-0.008069087553180587,0.008726646259971646,5,5,5,0.011088378597595039,0.003730145017099877,0.006819149041143875,,,
166.60000014305115,1790848209.631,False,REJECTED,INSUFFICIENT_RESIDUAL_IMPROVEMENT,-0.10141463678939466,2.1697868038572223,1.728946235211519,0.4210725063800255,2.6008518562514014,1.637316449481804,0.4210725063800255,2.6008518562514014,1.637316449481804,0.0,0.0,0.0,6,5,5,0.0021410816309310465,0.0018017542220557514,0.007576098690448712,,,
166.757000207901,1790848209.788,True,XY_YAW,ACCEPTED,-0.15608498018100403,2.178360947624463,1.7297643862781582,0.36741605707181746,2.6143924557777707,1.6381346005484432,0.3736778622081848,2.5896477842941112,1.6381346005484432,0.006261805136367302,-0.02474467148365944,0.0,5,5,5,0.009430123930592949,0.0003644618887495288,0.0029704965667848773,,,
166.88000011444092,1790848209.911,False,REJECTED,INSUFFICIENT_RESIDUAL_IMPROVEMENT,-0.1988769835194415,2.1861344018705506,1.7260085281232171,0.3317766580691004,2.6013041659079583,1.6343787423935021,0.3317766580691004,2.6013041659079583,1.6343787423935021,0.0,0.0,0.0,6,6,5,0.006383236992741237,0.008743724817812382,,,,
167.0200002193451,1790848210.051,True,XY_YAW,ACCEPTED,-0.24709881791317967,2.1939103910648448,1.7233366607161513,0.28446863336111355,2.61345991016635,1.6317068749864363,0.3190117859031218,2.6098762564228646,1.6404335212464078,0.03454315254200824,-0.00358365374348546,0.008726646259971646,5,5,5,0.0120846191415529,0.0035243051712748885,0.00528915327328254,,,
167.1600000858307,1790848210.191,False,REJECTED,AMBIGUOUS_JOINT_HYPOTHESIS,-0.29136590069962764,2.1870785709246046,1.718909031030548,0.27433100752207584,2.6067335779291727,1.6360058915608044,0.27433100752207584,2.6067335779291727,1.6360058915608044,0.0,0.0,0.0,6,6,5,0.013597975951137098,0.0022426001035737997,0.0008496149881756475,,,
167.30000019073486,1790848210.331,True,XY_YAW,ACCEPTED,-0.30553122470627225,2.178695853817356,1.718909039227309,0.2595201765076174,2.5995526563327105,1.6360058997575655,0.21786429153446304,2.6322875615760104,1.6360058997575655,-0.041655884973154346,0.032734905243299806,0.0,5,5,4,0.03332751789991909,0.003867877208307835,0.00169454759039641,0.07290616500770936,0.049200647186896915,0.01638851500253294
167.44000005722046,1790848210.471,False,REJECTED,INSUFFICIENT_RESIDUAL_IMPROVEMENT,-0.3036697709312106,2.16301967973805,1.7199319904814485,0.21842123627502713,2.6165110836269445,1.637028851011705,0.21842123627502713,2.6165110836269445,1.637028851011705,0.0,0.0,0.0,6,5,5,0.009658777093976223,0.008735960616514937,0.0025107918740954714,,,
167.58000016212463,1790848210.611,True,XY_YAW,ACCEPTED,-0.2995057998438957,2.134825228555816,1.718741104049644,0.2202361742498519,2.5880686552349994,1.6358379645799008,0.1790192961953892,2.60267139581995,1.7143777809196457,-0.04121687805446271,0.014602740584950702,0.07853981633974483,6,6,5,0.03281640755783899,0.00935040831910039,0.0017747835127252393,,,
167.72000002861023,1790848210.751,False,REJECTED,INSUFFICIENT_RESIDUAL_IMPROVEMENT,-0.29374411906957354,2.0975527009212485,1.7175159777029558,0.18461829055676887,2.565374082997763,1.7131526545729574,0.18461829055676887,2.565374082997763,1.7131526545729574,0.0,0.0,0.0,5,5,5,0.01661037701039758,0.01464898316693486,0.003538365623710585,,,
167.86100006103516,1790848210.892,False,REJECTED,INSUFFICIENT_RESIDUAL_IMPROVEMENT,-0.28742375337503034,2.0563058470189834,1.7160692408248308,0.19075862330538723,2.524100044025502,1.7117059176948324,0.19075862330538723,2.524100044025502,1.7117059176948324,0.0,0.0,0.0,5,5,2,0.016161668240868954,0.017378395160215332,0.0057948644558014385,,,
168.00500011444092,1790848211.036,True,X_ONLY,ACCEPTED,-0.2808071299828887,2.0112563732077264,1.716221918332562,0.19717861892468874,2.479022128678486,1.7118585952025633,0.18384371848865466,2.479022128678486,1.6594987176427334,-0.013334900436034094,0.0,-0.05235987755982989,5,5,2,0.021011086696725585,0.018058279351198987,0.006930897064194648,0.10944681306192194,0.04301246738287268,0.05909788721545217
168.14000010490417,1790848211.171,True,Y_ONLY,ACCEPTED,-0.27403221527568,1.966534129838745,1.719122786310215,0.18807230825839205,2.4339877246100015,1.6623995856203866,0.18807230825839205,2.480034344292764,1.6362196468404717,0.0,0.04604661968276269,-0.026179938779914952,5,5,2,0.03011720283954422,0.013547447559972836,0.0012903671789638478,0.08157662888010736,0.027409927994350186,0.030841223457185284
168.2850000858307,1790848211.316,False,REJECTED,AMBIGUOUS_JOINT_HYPOTHESIS,-0.2667969810399473,1.9186846083903133,1.7232450650690663,0.19132035999875213,2.431750025128238,1.6403419255993228,0.19132035999875213,2.431750025128238,1.6403419255993228,0.0,0.0,0.0,4,4,2,0.01627537859741257,0.015933455467831648,0.0007101640400131795,,,
168.42000007629395,1790848211.451,True,XY_YAW,ACCEPTED,-0.25940420027122313,1.8740323055732542,1.726298627897274,0.19499017312281813,2.386638897609685,1.6433954884275306,0.18439312725207024,2.3822755552119976,1.6695754272074455,-0.01059704587074789,-0.004363342397687209,0.026179938779914924,5,5,4,0.01619659719904276,0.009906908262883651,0.004313082510280931,,,
168.56000018119812,1790848211.591,False,REJECTED,AMBIGUOUS_JOINT_HYPOTHESIS,-0.2546298469590347,1.843012599866047,1.7326958376377741,0.18740120824531914,2.351035068012701,1.6759726369479457,0.18740120824531914,2.351035068012701,1.6759726369479457,0.0,0.0,0.0,5,5,4,0.026098233109783542,0.012585563043037557,0.000514527635526979,,,
168.70000004768372,1790848211.731,False,REJECTED,AMBIGUOUS_JOINT_HYPOTHESIS,-0.2539947138938543,1.8390861359827706,1.7297949514772246,0.18781271762448112,2.3470789117129556,1.6730717507873962,0.18781271762448112,2.3470789117129556,1.6730717507873962,0.0,0.0,0.0,5,5,4,0.04986061800174679,0.006703584749841833,0.000892859668769428,,,
168.8400001525879,1790848211.871,True,XY_YAW,ACCEPTED,-0.2534444406905698,1.8385230906100836,1.68809866199183,0.18833018519546868,2.3464855753809033,1.6313754613020017,0.20392518224278017,2.2807416537411456,1.6706453694718741,0.015594997047311487,-0.06574392163975795,0.039269908169872414,5,5,5,0.04244122911424769,0.00016330811529430278,0.005069661774403815,,,
168.9800000190735,1790848212.011,False,REJECTED,INSUFFICIENT_RESIDUAL_IMPROVEMENT,-0.25179278355312573,1.8361125782455539,1.6551050769743036,0.2055345185833343,2.2783026831176665,1.637651784454348,0.2055345185833343,2.2783026831176665,1.637651784454348,0.0,0.0,0.0,5,5,4,0.0068639098009950494,0.005139035550283293,0.0012061876207354605,,,
169.12200021743774,1790848212.153,True,Y_ONLY,ACCEPTED,-0.2509257689777977,1.820363068375311,1.6550661793389874,0.20612653426069946,2.262540440483306,1.6376128868190314,0.20612653426069946,2.2865436234310828,1.5852530092592014,0.0,0.024003182947776813,-0.05235987755982989,5,5,2,0.014485962276076236,0.005835635220732938,0.006817661958375035,,,
169.27500009536743,1790848212.306,True,XY_YAW,ACCEPTED,-0.24851287794146115,1.7907589389217506,1.659141681098355,0.20646846793679755,2.2568432933787492,1.5893285110185693,0.20626394003147178,2.2737290556743037,1.5893285110185693,-0.0002045279053257687,0.016885762295554385,0.0,5,5,5,0.015367261545768507,0.005014197715702551,0.002446273144762385,,,
169.40000009536743,1790848212.431,True,XY_YAW,ACCEPTED,-0.2478943008955512,1.7841170636935362,1.6631581966759663,0.20641769645981872,2.267060209966864,1.5933450265961804,0.19556700125682236,2.255549873368575,1.5889817034661946,-0.010850695202996363,-0.011510336598289261,-0.00436332312998583,6,6,4,0.01192621160244045,0.005403607132239474,0.0057715178410547435,,,
169.5400002002716,1790848212.571,True,XY_YAW,ACCEPTED,-0.24490718262199662,1.7847587050851463,1.6623320453434476,0.19859345658281802,2.255968379539838,1.5881555521336759,0.22575775199788417,2.2157052382396287,1.6666953684734207,0.02716429541506616,-0.04026314130020903,0.07853981633974483,6,6,5,0.027953354318977386,0.00941724594244997,0.0018307810974793441,,,
169.68099999427795,1790848212.712,False,REJECTED,INSUFFICIENT_RESIDUAL_IMPROVEMENT,-0.22530620940243917,1.786580185504042,1.6575784439026486,0.24535059094787967,2.2176122264277827,1.6619417670326218,0.24535059094787967,2.2176122264277827,1.6619417670326218,0.0,0.0,0.0,6,6,5,0.005586374759272594,0.006658136560177219,0.009511738045392234,,,
169.82100009918213,1790848212.852,False,REJECTED,INSUFFICIENT_RESIDUAL_IMPROVEMENT,-0.1943614226970194,1.786590020438083,1.6623419785827722,0.27629504016837403,2.217757082943349,1.6667053017127453,0.27629504016837403,2.217757082943349,1.6667053017127453,0.0,0.0,0.0,6,6,5,0.0076786962443324835,0.013495978968362632,0.005409876072392971,,,
169.96000003814697,1790848212.991,True,Y_ONLY,ACCEPTED,-0.15393192207963158,1.7717076098776394,1.6687397176238778,0.3167890924862328,2.203051220468148,1.673103040753851,0.3167890924862328,2.234663598307609,1.620743163194021,0.0,0.03161237783946125,-0.05235987755982989,6,6,3,0.01971812536421247,0.0089291326758274,0.0011054154965685764,,,
170.10000014305115,1790848213.131,False,REJECTED,AMBIGUOUS_JOINT_HYPOTHESIS,-0.11649453877679816,1.750593111047997,1.6740846648421444,0.3531703282539738,2.211777239632576,1.6260881104122875,0.3531703282539738,2.211777239632576,1.6260881104122875,0.0,0.0,0.0,6,6,3,0.007940303275581151,0.013102713015016754,0.0007234964802898293,,,
170.24200010299683,1790848213.273,True,Y_ONLY,ACCEPTED,-0.1074084139998106,1.7432664454826072,1.6768158078955189,0.36189446962473976,2.20402307629196,1.628819253465662,0.36189446962473976,2.21850856976525,1.6244559303356763,0.0,0.014485493473289868,-0.00436332312998583,6,6,3,0.013476898959274397,0.0002637267366294438,0.01002423520449311,,,
170.38000011444092,1790848213.411,True,XY_YAW,ACCEPTED,-0.10304977725315845,1.7426452240180652,1.6733805545131268,0.36621462079182754,2.217660086241083,1.6210206769532844,0.3491170249497572,2.1854314759419364,1.6472006157331993,-0.01709759584207032,-0.0322286102991467,0.026179938779914924,5,5,5,0.029294680901494452,0.009562389531498017,0.0032183310728113902,,,
170.52500009536743,1790848213.556,False,REJECTED,INSUFFICIENT_RESIDUAL_IMPROVEMENT,-0.08507125438317309,1.743682644221041,1.667001977713825,0.3671165435240053,2.1859979177830984,1.6408220389338972,0.3671165435240053,2.1859979177830984,1.6408220389338972,0.0,0.0,0.0,5,5,5,0.004792613357274406,0.013351988643381496,0.003269979384753475,,,
170.6600000858307,1790848213.691,False,REJECTED,INSUFFICIENT_RESIDUAL_IMPROVEMENT,-0.05383817352821385,1.7431254754139784,1.6719759040906945,0.39832433660315786,2.1846233531608346,1.6457959653107668,0.39832433660315786,2.1846233531608346,1.6457959653107668,0.0,0.0,0.0,5,5,5,0.006089915837931059,0.005048423961435233,0.009688105471000373,,,
170.80200004577637,1790848213.833,False,REJECTED,INSUFFICIENT_RESIDUAL_IMPROVEMENT,-0.019697061997979493,1.7387475002069344,1.6769989898588684,0.4323391467964761,2.179353168064851,1.650819051078941,0.4323391467964761,2.179353168064851,1.650819051078941,0.0,0.0,0.0,6,6,3,0.002593280086850669,0.0006227263935620897,0.0012823515464241656,,,
170.94000005722046,1790848213.971,False,REJECTED,AMBIGUOUS_JOINT_HYPOTHESIS,-0.016099098105501586,1.7372563756700343,1.6771411607813596,0.435896844666666,2.177768370784261,1.6509612220014318,0.435896844666666,2.177768370784261,1.6509612220014318,0.0,0.0,0.0,5,5,4,0.006599328917822694,0.011101284555632824,0.0008980824396562122,0.06071920115721152,0.06166319776197615,0.06166319776197615
171.08000016212463,1790848214.111,True,Y_ONLY,ACCEPTED,-0.010954946406691146,1.7390394844414,1.6776097307817086,0.44108590993930274,2.179416210335677,1.6514297920017809,0.44108590993930274,2.17237902292009,1.6688830845217242,0.0,-0.0070371874155867875,0.017453292519943292,5,5,2,0.00800628048571439,0.0011346660729083524,0.008463443457145007,0.04346707224380364,0.0021987746823288745,0.006005862419915187
171.22000002861023,1790848214.251,True,Y_ONLY,ACCEPTED,0.009552811572298925,1.7503566571198468,1.676510441701408,0.46169164675482827,2.183516802997283,1.6677837954414236,0.46169164675482827,2.1819263456449707,1.6808737648313812,0.0,-0.0015904573523122245,0.013089969389957462,6,6,3,0.004396307672511757,0.0011338233809490283,0.00851395898356025,,,
171.3600001335144,1790848214.391,True,XY_YAW,ACCEPTED,0.03776305607273622,1.7649235574185107,1.674729624559887,0.48983806282274756,2.196616197298996,1.6790929476898602,0.4405124247417148,2.182517970885871,1.6790929476898602,-0.049325638081032734,-0.01409822641312486,0.0,6,6,5,0.024643432627230233,0.010545206214105818,0.0035785619783827126,,,
171.5,1790848214.531,True,Y_ONLY,ACCEPTED,0.07394037958262589,1.7743346303356196,1.6768653215615095,0.4766483404477202,2.192086807067916,1.6812286446914826,0.4766483404477202,2.1924370475503716,1.6550487059115677,0.0,0.0003502404824557992,-0.026179938779914952,6,6,3,0.00939178709009525,0.0009102027453593564,0.0011591806367942936,,,
171.64000010490417,1790848214.671,True,Y_ONLY,ACCEPTED,0.11653042579183426,1.7721123363027047,1.680098370235828,0.5191797722904244,2.1892861854015857,1.6582817545858863,0.5191797722904244,2.204775451258328,1.6495551083259148,0.0,0.015489265856742263,-0.00872664625997166,5,5,2,0.016607160020400302,0.004515159935168933,0.0028951193222653488,0.025864010083078592,0.01667861924194991,0.009255019625892147
171.79800009727478,1790848214.829,True,X_ONLY,ACCEPTED,0.16747145383762052,1.7505953803134622,1.6778191450682445,0.5694399451292299,2.181712867716626,1.6472758831583314,0.4623623804926017,2.181712867716626,1.629822590638388,-0.10707756463662821,0.0,-0.017453292519943306,5,5,2,0.11215432922497315,0.011496078102830931,,0.06820038209069756,0.038843041095765196,0.03975656402815797
171.92000007629395,1790848214.951,True,X_ONLY,ACCEPTED,0.20574193694167664,1.7256219831935968,1.6731057556163325,0.49939061393445583,2.1549320841414596,1.625109201186476,0.5109259780796404,2.1549320841414596,1.6469258168364052,0.011535364145184523,0.0,0.021816615649929122,6,6,2,0.01876466649056696,0.013058508765848131,,0.05107969669356574,0.07795349316979983,0.07754002124742918
172.06000018119812,1790848215.091,False,REJECTED,AMBIGUOUS_JOINT_HYPOTHESIS,0.23541314565724236,1.705396573485092,1.6636244553835793,0.5400575797085893,2.1339369034789413,1.637444516603652,0.5400575797085893,2.1339369034789413,1.637444516603652,0.0,0.0,0.0,5,4,2,0.044161092304557226,0.011069389902270244,0.0005097521812590829,,,
172.20000004768372,1790848215.231,False,REJECTED,AMBIGUOUS_JOINT_HYPOTHESIS,0.23789344012983804,1.7052934247285172,1.620382437968603,0.5425343241265469,2.133768863528672,1.5942024991886754,0.5425343241265469,2.133768863528672,1.5942024991886754,0.0,0.0,0.0,5,4,2,0.07611627017967323,0.011144506411914005,0.0006905588661609251,0.05523491968391586,0.08829459516769139,0.08829459516769139
172.3400001525879,1790848215.371,True,Y_ONLY,ACCEPTED,0.24095762041817093,1.7067096394759844,1.5556966890281572,0.5456345265770619,2.135104382085702,1.5295167502482296,0.5456345265770619,2.147637775838249,1.594966597198017,0.0,0.012533393752547362,0.06544984694978734,6,4,2,0.008616371880304508,0.00411643770013459,0.0015192928084280764,,,
172.4800000190735,1790848215.511,True,XY_YAW,ACCEPTED,0.2563365336609267,1.7122241661259012,1.5118593189540053,0.5607850839347762,2.1537518242884546,1.551129227123865,0.6310121686090088,2.1472276483453094,1.4813160570440917,0.07022708467423255,-0.0065241759431451385,-0.0698131700797732,5,4,4,0.012884254580534216,0.004604310134251888,0.0020082007584446525,,,
172.62000012397766,1790848215.651,True,XY_YAW,ACCEPTED,0.28206376962208557,1.7218021191531823,1.478073928736883,0.6570199015966163,2.1560154625922805,1.4475306668269694,0.6434122864768252,2.147795368410864,1.430077374307026,-0.013607615119791028,-0.008220094181416782,-0.017453292519943306,5,5,4,0.009250850054157711,0.0021677037867623428,0.004021034609850659,,,
172.75999999046326,1790848215.791,True,Y_ONLY,ACCEPTED,0.3044063334656415,1.72538728126314,1.4643843366482285,0.6659011296903795,2.1503044474001,1.4163877822183717,0.6659011296903795,2.1588634048996598,1.4163877822183717,0.0,0.008558957499559927,0.0,6,6,2,0.008558957499559927,9.106690014371033e-05,0.006698386916436051,0.0631460692504886,0.011224592782482223,0.00694511403270226
172.90000009536743,1790848215.931,True,Y_ONLY,ACCEPTED,0.311678681264671,1.7264275440137458,1.4612350388608983,0.6732150124153422,2.1595535560322685,1.4132384844310417,0.6732150124153422,2.1673290035006816,1.3957851919110984,0.0,0.007775447468413077,-0.017453292519943306,5,5,3,0.009861619803462673,0.0003650651991553566,0.01178940882516899,0.06749137521744486,0.010684657629091987,0.005581505630007255
173.04500007629395,1790848216.076,True,Y_ONLY,ACCEPTED,0.32660466478215655,1.7245303997428976,1.458223902182007,0.6879849590844629,2.1644597151324634,1.392774055232207,0.6879849590844629,2.18123713754079,1.4058640246221645,0.0,0.016777422408326803,0.013089969389957462,5,5,2,0.018029275553367974,0.007689722130202803,0.003568191501675219,0.033146601919021856,0.0013737799241917426,0.01927783530847127
173.1800000667572,1790848216.211,True,Y_ONLY,ACCEPTED,0.3536116760502799,1.7213089158928339,1.4565936616013928,0.7147863587444465,2.1766066308624,1.4042337840415504,0.7147863587444465,2.1788953342686987,1.439140369081437,0.0,0.002288703406298609,0.034906585039886584,5,5,3,0.012986099968403497,0.000759500540793212,0.00601136896513052,0.02343337134067669,0.009999309969388914,0.020255957257807267
173.32200002670288,1790848216.353,False,REJECTED,AMBIGUOUS_JOINT_HYPOTHESIS,0.3889162548586962,1.7167927234997042,1.4594793089078957,0.7500067420693142,2.173763679855083,1.4420260163879397,0.7500067420693142,2.173763679855083,1.4420260163879397,0.0,0.0,0.0,6,6,4,0.00859707750012273,0.007940368631061512,0.0009449317248721029,0.031291235700783265,0.033259543769023625,0.033259543769023625
173.46000003814697,1790848216.491,True,Y_ONLY,ACCEPTED,0.42973863106703203,1.7119097325246908,1.4594793089078957,0.7907376808889002,2.1681689838819223,1.4420260163879397,0.7907376808889002,2.1740033524597733,1.437662693257954,0.0,0.0058343685778510235,-0.00436332312998583,5,5,3,0.006665261521442201,0.0005811283454302263,0.0029886123230532316,0.04221302684535455,0.01248240583967175,0.015482834375693866
173.60199999809265,1790848216.633,False,REJECTED,INSUFFICIENT_RESIDUAL_IMPROVEMENT,0.47404906297467553,1.7081881823144516,1.4611434708713953,0.8349563829236857,2.169316060899807,1.4393268552214535,0.8349563829236857,2.169316060899807,1.4393268552214535,0.0,0.0,0.0,8,8,7,0.014686060528143363,0.018748682718041403,0.0016156324000512236,0.05813752537385386,0.010741703027280947,0.010741703027280947
173.74100017547607,1790848216.772,False,REJECTED,AMBIGUOUS_JOINT_HYPOTHESIS,0.5210147186799883,1.7146235024323302,1.4632749170885793,0.8820512478432981,2.174725299205981,1.4414583014386375,0.8820512478432981,2.174725299205981,1.4414583014386375,0.0,0.0,0.0,7,7,7,0.011766610628389351,0.005261285171769714,0.0005563853890406568,0.06905066242256508,0.043237138807828535,0.043237138807828535
173.8970000743866,1790848216.928,False,REJECTED,AMBIGUOUS_JOINT_HYPOTHESIS,0.5754034483989536,1.7313517066702013,1.4677544501620614,0.9367919583697162,2.1902630386982462,1.4459378345121197,0.9367919583697162,2.1902630386982462,1.4459378345121197,0.0,0.0,0.0,6,6,6,0.029698946147694083,0.001703761710932894,0.0006752165783918303,0.03338160490534742,0.02160259497048081,0.02160259497048081
174.0200002193451,1790848217.051,False,REJECTED,AMBIGUOUS_JOINT_HYPOTHESIS,0.6183064831241424,1.7510647371906298,1.4687663743788926,0.9801148208289369,2.2090354532810736,1.4469497587289508,0.9801148208289369,2.2090354532810736,1.4469497587289508,0.0,0.0,0.0,7,7,7,0.04819430607292974,0.0025798371549461407,0.0008662315648977348,0.05155938522788456,0.044231061126122406,0.044231061126122406
174.16200017929077,1790848217.193,True,XY_YAW,ACCEPTED,0.6557017181402117,1.7713797889555498,1.4724445208145855,1.017944327310455,2.2285298978610872,1.4506279051646438,0.9949466899512727,2.18183172129548,1.4331746126447005,-0.022997637359182282,-0.04669817656560693,-0.017453292519943306,7,7,6,0.04263039078961428,0.000934009162804339,0.0063798873283994265,0.04531111514110109,0.04651478994757363,0.047256204034337716
174.31500005722046,1790848217.346,True,XY_YAW,ACCEPTED,0.6623126076894362,1.7729943508386086,1.478426648813824,1.0016158701462987,2.1831854961041333,1.439156740643939,1.0497404589410388,2.206143858172456,1.4347934175139532,0.04812458879474013,0.022958362068322913,-0.00436332312998583,7,7,6,0.025034626140054472,0.0012629913122070846,0.006143251908767997,0.019868001614333136,0.04790295425824559,0.01468868140454982
174.44200015068054,1790848217.473,False,REJECTED,AMBIGUOUS_JOINT_HYPOTHESIS,0.6560576688542898,1.7518034506643632,1.480514625996414,1.0425671393383618,2.185245963639655,1.436881394696543,1.0425671393383618,2.185245963639655,1.436881394696543,0.0,0.0,0.0,6,6,4,0.024444999040051818,0.009733035933042533,0.0001813346059447822,0.02686464963952201,0.03906402996944652,0.03906402996944652
174.58000016212463,1790848217.611,True,Y_ONLY,ACCEPTED,0.6443323349429652,1.719424913611329,1.4861215724789094,1.0294406333967596,2.1534096956612654,1.4424883411790386,1.0294406333967596,2.2055742328688277,1.4643049568289677,0.0,0.05216453720756231,0.021816615649929122,8,8,4,0.04074060094462295,0.005885705164908606,0.0015789322208572577,0.037508642135082426,0.048830246629386675,0.05072956265903297
174.7220001220703,1790848217.753,True,XY_YAW,ACCEPTED,0.6313862078720377,1.692644722305343,1.4912362821299479,1.0159133803589513,2.1790828327968623,1.469419666480006,1.0780114173517035,2.163814122107854,1.3690632344903322,0.06209803699275218,-0.015268710689008147,-0.10035643198967395,8,8,7,0.01674498037291472,0.004475605996432819,0.011068327626693828,0.04448339224633113,0.054926289607718504,0.030706290916334145
174.8600001335144,1790848217.891,True,XY_YAW,ACCEPTED,0.6276844166072584,1.688047899597391,1.498641170052816,1.0737770069124992,2.1597026982901597,1.3764681224132005,1.0579801874053891,2.129384311636498,1.389558091803158,-0.01579681950711008,-0.0303183866536616,0.013089969389957462,7,7,6,0.02005601261176626,0.0002727998747420468,0.0025263174654562084,0.03578933461607825,0.046368870835530984,0.026678764532823307
175.0,1790848218.031,True,XY_YAW,ACCEPTED,0.6283217380128058,1.687669436962135,1.498641170052816,1.0585725187437096,2.128938715265443,1.389558091803158,1.0541665584317965,2.121854031270248,1.3982847380631296,-0.004405960311913093,-0.007084683995195018,0.008726646259971646,7,7,6,0.008555364109493313,0.0029432174559204027,0.0015574631411731168,0.03085743849349673,0.032226251410169604,0.025176926427578628
175.14000010490417,1790848218.171,False,REJECTED,INSUFFICIENT_RESIDUAL_IMPROVEMENT,0.6283346052535307,1.6878474565128652,1.501847399645598,1.0541971963649512,2.1220298659749512,1.4014909676559117,1.0541971963649512,2.1220298659749512,1.4014909676559117,0.0,0.0,0.0,6,6,6,0.003660117508215599,0.002311511704332969,0.003411356693707901,0.028552129701468754,0.028458257485892813,0.028458257485892813
175.28000020980835,1790848218.311,False,REJECTED,AMBIGUOUS_JOINT_HYPOTHESIS,0.6283825575931058,1.6885597844848648,1.5405359636475704,1.0543162741919516,2.1227338056298093,1.440179531657884,1.0543162741919516,2.1227338056298093,1.440179531657884,0.0,0.0,0.0,7,7,6,0.013800102383914603,0.0008752529816986598,0.0009539655976025692,0.04008080561589275,0.0169189335467258,0.0169189335467258
175.42000007629395,1790848218.451,True,XY_YAW,ACCEPTED,0.6271874072496688,1.688742756021444,1.5822474186952042,1.0531454687892352,2.123035596344686,1.4818909867055177,1.062400605736847,2.133413810662963,1.425167786015702,0.009255136947611797,0.010378214318277124,-0.05672320068981572,7,7,6,0.01622247086371814,0.0011672981763700685,0.005204028113770208,0.05158047268300875,0.01654272416818836,0.03314358319373523
175.56700015068054,1790848218.598,True,XY_YAW,ACCEPTED,0.6204023211774219,1.6882719902751568,1.582842860481481,1.0556254113456744,2.1340102621341677,1.4257632278019787,1.0522877445350298,2.129644205057533,1.4388531971919363,-0.0033376668106445584,-0.004366057076634622,0.013089969389957462,7,7,5,0.007662819164750978,0.0038326123334431195,0.0035018727330978425,0.056356258240290225,0.03418038209913665,0.02636618459516127
175.70000004768372,1790848218.731,True,XY_YAW,ACCEPTED,0.6196115619708691,1.687864899289152,1.5852246298743966,1.0514467540366539,2.1293547950105833,1.4412349665848518,1.0510954578351634,2.1232113325966435,1.463051582234781,-0.00035129620149034293,-0.006143462413939815,0.021816615649929122,6,6,6,0.006784655763763026,0.00025949688597137754,0.006603141588512631,0.04042264751877417,0.037264438121941135,0.0299234361347418
175.8420000076294,1790848218.873,False,REJECTED,INSUFFICIENT_RESIDUAL_IMPROVEMENT,0.619677988296739,1.6862670271296243,1.5854841755517728,1.0509666573983463,2.1216172754011713,1.4633111279121571,1.0509666573983463,2.1216172754011713,1.4633111279121571,0.0,0.0,0.0,6,6,6,0.001416133228446026,0.0013809191146608288,0.002602249469796942,0.03546300327936758,0.034739237164545855,0.034739237164545855
175.9800000190735,1790848219.011,False,REJECTED,AMBIGUOUS_JOINT_HYPOTHESIS,0.6198668265470275,1.6860835192822516,1.5865987007923292,1.0511317240960838,2.1214121217998936,1.4644256531527136,1.0511317240960838,2.1214121217998936,1.4644256531527136,0.0,0.0,0.0,7,7,7,0.003490001637726725,0.00403757135520455,0.0007627520209794597,0.03054419251757251,0.036527367888920415,0.036527367888920415
176.12000012397766,1790848219.151,False,REJECTED,INSUFFICIENT_RESIDUAL_IMPROVEMENT,0.6198668265470275,1.6860835192822516,1.5865987007923292,1.0511317240960836,2.1214121217998936,1.4644256531527136,1.0511317240960836,2.1214121217998936,1.4644256531527136,0.0,0.0,0.0,7,7,6,0.0012620909323241558,0.0006084287628507607,0.005953437969433834,0.03293725799722921,0.037727691655537354,0.037727691655537354
176.25999999046326,1790848219.291,False,REJECTED,INSUFFICIENT_RESIDUAL_IMPROVEMENT,0.6198668265470275,1.6860835192822516,1.5865987007923292,1.0511317240960834,2.1214121217998936,1.4644256531527136,1.0511317240960834,2.1214121217998936,1.4644256531527136,0.0,0.0,0.0,6,6,5,0.0029864247608235583,0.0040829814496277095,0.004158142438547292,0.05466549585789249,0.023582108414751612,0.023582108414751612
176.40000009536743,1790848219.431,False,REJECTED,INSUFFICIENT_RESIDUAL_IMPROVEMENT,0.6198668265470275,1.6860835192822516,1.5865987007923292,1.0511317240960831,2.1214121217998936,1.4644256531527136,1.0511317240960831,2.1214121217998936,1.4644256531527136,0.0,0.0,0.0,6,6,6,0.0024418790300857474,0.00144434807552829,0.002399182532747131,0.03459371526198335,0.03674829189437073,0.03674829189437073
176.54100012779236,1790848219.572,False,REJECTED,INSUFFICIENT_RESIDUAL_IMPROVEMENT,0.6198668265470275,1.6860835192822516,1.5865987007923292,1.051131724096083,2.1214121217998936,1.4644256531527136,1.051131724096083,2.1214121217998936,1.4644256531527136,0.0,0.0,0.0,6,6,6,0.0022212216918321426,0.0010028893557472163,0.004515483470095241,0.037810934531489204,0.03755747847647323,0.03755747847647323
176.6800000667572,1790848219.711,False,REJECTED,INSUFFICIENT_RESIDUAL_IMPROVEMENT,0.6198668265470275,1.6860835192822516,1.5865987007923292,1.0511317240960827,2.1214121217998936,1.4644256531527136,1.0511317240960827,2.1214121217998936,1.4644256531527136,0.0,0.0,0.0,6,6,6,0.0030408859664371457,0.0017463399794178658,0.004487732847517741,0.03629394985383655,0.03548996048774811,0.03548996048774811
176.82600021362305,1790848219.857,False,REJECTED,INSUFFICIENT_RESIDUAL_IMPROVEMENT,0.6198668265470275,1.6860835192822516,1.5865987007923292,1.0511317240960825,2.1214121217998936,1.4644256531527136,1.0511317240960825,2.1214121217998936,1.4644256531527136,0.0,0.0,0.0,7,7,6,0.003207906318517084,0.0016405641317909225,0.0019494084542964682,0.03525689221667236,0.03594471556799422,0.03594471556799422
176.96000003814697,1790848219.991,False,REJECTED,INSUFFICIENT_RESIDUAL_IMPROVEMENT,0.6198668265470275,1.6860835192822516,1.5865987007923292,1.0511317240960822,2.1214121217998936,1.4644256531527136,1.0511317240960822,2.1214121217998936,1.4644256531527136,0.0,0.0,0.0,7,7,6,0.0024171394285957826,0.0015124723705184362,0.0049830359049916235,0.03411446853773392,0.03735267108520618,0.03735267108520618
177.10000014305115,1790848220.131,False,REJECTED,INSUFFICIENT_RESIDUAL_IMPROVEMENT,0.6198668265470275,1.6860835192822516,1.5865987007923292,1.051131724096082,2.1214121217998936,1.4644256531527136,1.051131724096082,2.1214121217998936,1.4644256531527136,0.0,0.0,0.0,7,7,6,0.0022489512138253454,0.0010959728424311255,0.006210516360380999,0.035642309043916465,0.03763133626645232,0.03763133626645232
177.24000000953674,1790848220.271,True,XY_YAW,ACCEPTED,0.6202663384440299,1.6817802310288095,1.5865987007923292,1.0510038191780562,2.117092221351966,1.4644256531527136,1.052392424810627,2.124534953997538,1.473152299412685,0.0013886056325707052,0.007442732645571937,0.008726646259971646,6,6,6,0.005172988076745266,0.00048429206491049505,0.003339489887310681,0.035074470698193944,0.0366699619057026,0.03511513270764599
177.38000011444092,1790848220.411,False,REJECTED,INSUFFICIENT_RESIDUAL_IMPROVEMENT,0.6200827544269213,1.6622797457117306,1.585621581335658,1.0500025032901485,2.1051806029151865,1.4721751799560137,1.0500025032901485,2.1051806029151865,1.4721751799560137,0.0,0.0,0.0,6,6,5,0.005065070083896339,0.009698115592181367,0.002558279789625157,0.06371596510028232,0.03040301438823878,0.03040301438823878
177.5200002193451,1790848220.551,True,XY_YAW,ACCEPTED,0.6208243665575042,1.6367551873622592,1.5877590582030392,1.047849886195757,2.0797361672340258,1.4743126568233949,1.0522027226080617,2.108443797730824,1.4612226874334373,0.004352836412304562,0.028707630496798142,-0.013089969389957476,6,6,5,0.007758190447862412,0.0038719219697794793,0.005893048750748243,0.07179007835297269,0.037934157900146426,0.02400603217959385
177.6600000858307,1790848220.691,True,XY_YAW,ACCEPTED,0.6212208518420298,1.6289970299094232,1.5893621728760525,1.0516169664998452,2.100697631103031,1.4628258021064506,1.0509635441682361,2.086774318941126,1.4977323871463373,-0.000653422331608932,-0.0139233121619049,0.034906585039886584,6,6,5,0.014277329342268885,0.0032498194489192223,0.007327391886478966,0.03270784541697769,0.02345749984915746,0.030434858024587452
177.80000019073486,1790848220.831,False,REJECTED,INSUFFICIENT_RESIDUAL_IMPROVEMENT,0.6213318253625298,1.6230196145168747,1.5893621728760525,1.0505271089629387,2.0808118249823107,1.4977323871463373,1.0505271089629387,2.0808118249823107,1.4977323871463373,0.0,0.0,0.0,6,6,5,0.010162708052081193,0.00890485867788593,0.0022070316138011192,0.04859852103628587,0.026311843284982483,0.026311843284982483
177.94000005722046,1790848220.971,True,Y_ONLY,ACCEPTED,0.6215352295907773,1.6036313433649863,1.590354582164064,1.0489556017022343,2.0614862772159794,1.4987247964343489,1.0489556017022343,2.0716935351685013,1.5467213508641928,0.0,0.010207257952521864,0.047996554429844046,6,6,2,0.008947514172766402,0.004430648544421434,0.009526520474597087,0.059338241432126515,0.02324263493891987,0.022220832141734315
178.08500003814697,1790848221.116,True,XY_YAW,ACCEPTED,0.622199281739147,1.5709863633491294,1.5902019047784088,1.048195067791255,2.0390506603921934,1.5465686734785378,1.0463186692236421,2.0572753958670003,1.5247520578286087,-0.0018763985676129025,0.018224735474806852,-0.021816615649929122,7,7,5,0.02435011755818095,0.013267201640049908,0.004686054428899435,0.07546109751285124,0.03789994457745238,0.025805801519980465
178.22000002861023,1790848221.251,False,REJECTED,AMBIGUOUS_JOINT_HYPOTHESIS,0.6231357146730252,1.532508397738612,1.5906287192636073,1.044736517825389,2.0188185688902878,1.525178872313807,1.044736517825389,2.0188185688902878,1.525178872313807,0.0,0.0,0.0,6,6,2,0.017406071305869575,0.01746567723482051,0.000973982170861698,0.08035377949946781,0.030273509546261956,0.030273509546261956
178.3619999885559,1790848221.393,True,XY_YAW,ACCEPTED,0.6238330009917037,1.5052185000579226,1.5979273738250301,1.0436474664958462,1.9915414962681324,1.53247752687523,1.0429629719059073,1.9973429553113864,1.4888442955753718,-0.000684494589938963,0.00580145904325402,-0.043633231299858244,6,6,5,0.023336073885015463,0.003931276059887967,0.0011373255192023788,0.03047471901535359,0.028790427699757704,0.022927518261461333
178.5,1790848221.531,True,XY_YAW,ACCEPTED,0.6239023241310848,1.5026136642638195,1.6001564857040709,1.0427483026795878,1.9947460547866902,1.4910734074544125,1.0380652817064242,1.9509760655272899,1.4692567918044834,-0.004683020973163643,-0.043769989259400344,-0.021816615649929122,7,7,5,0.010186950569361475,0.0052945234763028814,0.0013665318314175397,0.039790796590450206,0.03616921764834502,0.024111306727608195
178.64100003242493,1790848221.672,True,XY_YAW,ACCEPTED,0.6237560634792867,1.500818727730239,1.599759526094279,1.0376859861037728,1.9492155757705307,1.4688598321946915,1.0229470579435946,1.9471195371887329,1.481949801584649,-0.0147389281601783,-0.0020960385817977434,0.013089969389957462,7,7,6,0.015260727746041924,0.012863632907579081,0.0030825392835813516,0.031631262009117644,0.005081692480562061,0.012486115701383527
178.78000020980835,1790848221.811,True,XY_YAW,ACCEPTED,0.6231574287909142,1.4842256351693854,1.5999384756242754,1.020402263801953,1.9307118223265147,1.4821287511146457,1.0276219637259079,1.9472993356905866,1.4864920742446315,0.00721969992395477,0.016587513364071826,0.004363323129985816,7,7,5,0.019015984146652176,0.01252195332937589,0.0036291727559582456,0.047620834891462294,0.022132590640833394,0.016723126506355213
178.92000007629395,1790848221.951,True,XY_YAW,ACCEPTED,0.6237712446774093,1.4556632117519424,1.600385490713454,1.0249984757914423,1.9188510297220844,1.48693908933381,1.0235150955348336,1.9410599701786704,1.48693908933381,-0.0014833802566087129,0.022208940456586057,0.0,7,7,6,0.019190275998966833,0.0058036451369308795,0.002315736443524237,0.05429507634719832,0.023471510387249817,0.013108730287261228
179.06100010871887,1790848222.092,True,XY_YAW,ACCEPTED,0.6247095770214888,1.4311137438622235,1.604187190565773,1.021668317481773,1.9165620875746774,1.490740789186129,1.0218861304046865,1.916961029321267,1.4820141429261575,0.0002178129229135628,0.0003989417465897205,-0.00872664625997166,6,6,6,0.004534041224707797,0.0021366521248131765,0.00510261686256556,0.05874176995298322,0.015490116377002372,0.015543224854961124
179.20000004768372,1790848222.231,True,XY_YAW,ACCEPTED,0.6246852167368752,1.424758202713187,1.6077992177428038,1.021087406071123,1.9106558301840844,1.485626170103188,1.0061635870709047,1.8814311077963322,1.4768995238432163,-0.01492381900021833,-0.0292247223877522,-0.00872664625997166,7,7,5,0.016264759430301146,0.0022005090118408788,0.005952279442059243,0.04259816607183092,0.012097191878147617,0.022123521545395652
179.34500002861023,1790848222.376,False,REJECTED,AMBIGUOUS_JOINT_HYPOTHESIS,0.6245197730362639,1.4249116329763356,1.6068437542404248,1.006019585432107,1.8816048201785773,1.4759440603408374,1.006019585432107,1.8816048201785773,1.4759440603408374,0.0,0.0,0.0,7,7,6,0.009218528233670753,0.004194679519584965,0.0009206682491113075,0.018191709488221935,0.02004985890585903,0.02004985890585903
179.4800000190735,1790848222.511,True,XY_YAW,ACCEPTED,0.6245197730362639,1.4249116329763356,1.6068437542404248,1.0060195854321068,1.8816048201785776,1.4759440603408374,1.0108204546977508,1.8755407135970545,1.4933973528607807,0.004800869265644048,-0.00606410658152301,0.017453292519943292,7,7,6,0.007889028362115913,0.00394905528429812,0.0010983736988835133,0.018956970949597418,0.019735018946400507,0.01968835424938281
179.62000012397766,1790848222.651,True,XY_YAW,ACCEPTED,0.625838158158989,1.4247204917013938,1.6073628537959794,1.0121087272440257,1.8752015555729384,1.4939164524163355,0.9926673417489156,1.8755297709325558,1.4677365136364207,-0.019441385495110153,0.0003282153596173565,-0.026179938779914952,7,7,5,0.0076341925579466174,0.0012311158601711059,0.004289685482471625,0.020129533661091048,0.019147659451193566,0.02074493948893158
179.75999999046326,1790848222.791,True,XY_YAW,ACCEPTED,0.6335728047013454,1.4246189359316925,1.6070575168264565,1.0003125814114235,1.8743527487524945,1.4674311766668977,1.0088888767926478,1.8682397540901667,1.4936111154468126,0.008576295381224286,-0.00611299466232762,0.026179938779914924,7,7,5,0.008252977248131899,0.005526376814689815,0.00800994525526644,0.03347849622406876,0.01819976910774984,0.01608919688230881
179.90000009536743,1790848222.931,True,XY_YAW,ACCEPTED,0.6341326073217257,1.4248646709372728,1.6064926032290763,1.0094728989133586,1.8684205380199626,1.4930462018494324,1.014852232407566,1.8758918433196088,1.4886828787194466,0.005379333494207383,0.007471305299646236,-0.00436332312998583,7,7,6,0.007904410010528717,0.005748658378618154,0.0020326435753009776,0.020368383934945555,0.02355858162041896,0.023573647137717313
180.0400002002716,1790848223.071,True,X_ONLY,ACCEPTED,0.6341392951786693,1.419389734959087,1.605362787971804,1.014215364181217,1.8704540710225248,1.4875530634621743,1.002443293034372,1.8704540710225248,1.448283155292302,-0.011772071146844976,0.0,-0.03926990816987243,6,6,3,0.011093335526972115,0.002030661957096669,0.004016146821091901,0.033707312090984765,0.017579899544112987,0.024494887830867895
180.1800000667572,1790848223.211,False,REJECTED,AMBIGUOUS_JOINT_HYPOTHESIS,0.6344990209436069,1.3987575641282846,1.6067063639103338,0.9995710073716774,1.850019642944175,1.4496267312308317,0.9995710073716774,1.850019642944175,1.4496267312308317,0.0,0.0,0.0,6,6,5,0.012643898311737622,0.0070130636682306235,0.0006033019134748831,0.043037277585766864,0.03698000207551788,0.03698000207551788
180.32000017166138,1790848223.351,True,XY_YAW,ACCEPTED,0.634719741128662,1.3825694289918964,1.611225608989068,0.9972566278649301,1.833996282369913,1.454145976309566,1.0151959790348086,1.8446598970400983,1.480325915089481,0.017939351169878437,0.010663614670185395,0.026179938779914924,6,6,5,0.010824359522485505,0.0037818933006117383,0.0019490850801570005,0.045872703796361325,0.038432395060102376,0.023487635701077147
180.46000003814697,1790848223.491,True,XY_YAW,ACCEPTED,0.6385367039159506,1.3802077334534661,1.6138364173695885,1.018672024050507,1.8418201925159219,1.4829367234700015,1.0061687007849973,1.8352278571285117,1.4742100772100297,-0.012503323265509625,-0.00659233538741022,-0.00872664625997166,7,7,6,0.008365304878987623,0.0010810631099700263,0.004734181111087778,0.04430231532718579,0.012104189826706135,0.027153808754630138
180.6050000190735,1790848223.636,False,REJECTED,AMBIGUOUS_JOINT_HYPOTHESIS,0.6552370761519256,1.380460989269937,1.6107217810841807,1.022741792543696,1.8331544056855176,1.4710954409246217,1.022741792543696,1.8331544056855176,1.4710954409246217,0.0,0.0,0.0,8,8,6,0.018410833821177364,0.006968751368877202,0.0009413379023668483,0.07508983848151107,0.00888186700729332,0.00888186700729332
180.74000000953674,1790848223.771,True,XY_YAW,ACCEPTED,0.6841283432614446,1.3812848626098575,1.6144623713436361,1.0514665528352514,1.829949373912431,1.4748360311840774,1.0255185799794595,1.8241860559295717,1.5228325856139213,-0.025947972855791868,-0.0057633179828593395,0.047996554429844046,8,8,5,0.015475834735161342,0.0013587705338375944,0.015268775430870095,0.06140192319849669,0.0054782113862246185,0.012940766497481104
180.8840000629425,1790848223.915,True,XY_YAW,ACCEPTED,0.7178481761707416,1.3826585287534823,1.6189816264810146,1.0592226484231768,1.822468540151975,1.5273518407512998,1.0544306109030641,1.8265581424572837,1.5142618713613423,-0.004792037520112591,0.004089602305308748,-0.013089969389957476,8,8,6,0.012649903735719836,0.009650528845382311,0.007471764770776278,0.1003588195798355,0.02032285691675928,0.011197746410145148
181.0200002193451,1790848224.051,False,REJECTED,AMBIGUOUS_JOINT_HYPOTHESIS,0.7247215482731091,1.3826067527238926,1.6232260373341763,1.0612609178850752,1.8257881870388737,1.518506282214504,1.0612609178850752,1.8257881870388737,1.518506282214504,0.0,0.0,0.0,7,7,5,0.00913173091814068,0.009545177376307112,0.00034559266352474083,0.09165561139998335,0.01896196877171552,0.01896196877171552
181.1600000858307,1790848224.191,True,XY_YAW,ACCEPTED,0.7274085635481227,1.3826934271848939,1.6255772794378507,1.0639422733574784,1.825593517110635,1.5208575243181783,1.1047411013954664,1.8211108446705477,1.5121308780582066,0.040798828037987955,-0.004482672440087376,-0.00872664625997166,6,6,4,0.018233510399857877,0.006718214796510025,0.0019506813765647925,0.08214113733588746,0.009654460497033224,0.01143610183857624
181.30000019073486,1790848224.331,False,REJECTED,INSUFFICIENT_RESIDUAL_IMPROVEMENT,0.745595189727868,1.3831448611509234,1.6224363826851214,1.1228619250931309,1.8195005922227485,1.5089899813054772,1.1228619250931309,1.8195005922227485,1.5089899813054772,0.0,0.0,0.0,7,7,5,0.007539090633144507,0.0065957807487921905,0.003942543615859575,0.09222475594254498,0.017615087382422345,0.017615087382422345
181.44000005722046,1790848224.471,True,XY_YAW,ACCEPTED,0.7749588346106486,1.384018845952656,1.6219893632583235,1.152135754117084,1.8170448999553688,1.5085429618786794,1.113225286618704,1.8189866092717135,1.5259962543986227,-0.03891046749838009,0.0019417093163447419,0.017453292519943292,7,7,5,0.010500444074145299,0.005039110202954333,0.0029098978229860455,0.06435714376419521,0.010244076460011575,0.025955506541686768
181.58000016212463,1790848224.611,True,XY_YAW,ACCEPTED,0.8130922452193293,1.3816241617636298,1.6219893632583235,1.150953618261214,1.8129480242977143,1.5259962543986227,1.1767577635446993,1.8144265903141117,1.5303595775286085,0.02580414528348532,0.001478566016397398,0.004363323129985816,8,8,5,0.011720105707326622,0.006093247124577039,0.002928949535591304,0.08481672554635677,0.014762600408648296,0.028056322085600383
181.72000002861023,1790848224.751,False,REJECTED,INSUFFICIENT_RESIDUAL_IMPROVEMENT,0.8553112546804856,1.3712229941198582,1.6265849671999546,1.2178479375280453,1.8002059486178523,1.5349551814702396,1.2178479375280453,1.8002059486178523,1.5349551814702396,0.0,0.0,0.0,8,7,3,0.013233635335049954,0.01788625261502097,0.002621863187707619,0.07668465893054766,0.020902525423874607,0.020902525423874607
181.8730001449585,1790848224.904,True,Y_ONLY,ACCEPTED,0.9046541518713945,1.3518072399694843,1.6263559445422286,1.265207264759232,1.776356689999821,1.5347261588125136,1.265207264759232,1.8233793548181032,1.6350825908021875,0.0,0.0470226648182821,0.10035643198967395,7,7,2,0.0186486198790341,0.010131726815244546,0.0027961251254450988,0.06188105262180488,0.02487478262740961,0.019742098936988084
182.0,1790848225.031,True,X_ONLY,ACCEPTED,0.9466013658806535,1.3328325240726409,1.6263559445422286,1.3073184650789598,1.8047714152724081,1.6350825908021875,1.2653654784395132,1.8047714152724081,1.5870860363723436,-0.04195298663944663,0.0,-0.04799655442984407,6,6,2,0.055703369454201124,0.0008689248214951428,0.011346148261623324,0.07375379700621087,0.02662968274554034,0.009397188410827928
182.14000010490417,1790848225.171,False,REJECTED,INSUFFICIENT_RESIDUAL_IMPROVEMENT,0.9921953479441883,1.3145516754773765,1.627197900119174,1.310206606447466,1.784714649213362,1.587927991949289,1.310206606447466,1.784714649213362,1.587927991949289,0.0,0.0,0.0,7,7,5,0.011098428562680507,0.01267027982341018,0.004120988720059001,0.026816446121990217,0.04830323210696191,0.04830323210696191
182.28000020980835,1790848225.311,True,X_ONLY,ACCEPTED,1.0186594503552584,1.3004461378009127,1.6250635337628776,1.3360965251842947,1.7695810106103638,1.5857936255929925,1.348257102464045,1.7695810106103638,1.572703656203035,0.012160577279750395,0.0,-0.013089969389957476,5,5,3,0.013068757361326622,0.00034249684878273623,0.0059978344727344216,0.017666350612987658,0.04900706136181099,0.04829625373897184
182.42000007629395,1790848225.451,True,Y_ONLY,ACCEPTED,1.0195031546379583,1.278909357367996,1.6219130370590458,1.347972502480997,1.7480295895161075,1.5695531594992032,1.347972502480997,1.707916557012227,1.4779233737695008,0.0,-0.04011303250388065,-0.0916297857297023,5,5,2,0.03949846518954159,0.018449295388439424,0.003761976281808882,0.08270222396232418,0.015095166421383421,0.04165172553083751
182.56000018119812,1790848225.591,False,REJECTED,AMBIGUOUS_JOINT_HYPOTHESIS,1.0121054225512347,1.2466682856469602,1.6293643285092116,1.3360249707449938,1.6770706556448642,1.4853746652196667,1.3360249707449938,1.6770706556448642,1.4853746652196667,0.0,0.0,0.0,6,6,5,0.04535858899168055,0.004383825547741083,0.00041135726509755957,,,
182.70000004768372,1790848225.731,True,XY_YAW,ACCEPTED,0.9977108232074349,1.2059220698779773,1.6350738120999397,1.3159325542047788,1.6388116255037912,1.4910841488103947,1.3815447800292537,1.6399971486246336,1.5608973188901678,0.0656122258244749,0.0011855231208425243,0.06981317007977317,6,6,5,0.05303356771631895,0.0006255444385545594,0.005263412530116748,,,
182.8420000076294,1790848225.873,False,REJECTED,INSUFFICIENT_RESIDUAL_IMPROVEMENT,0.9764285738783953,1.159716648793752,1.636035675106481,1.3568968389511402,1.595495979261528,1.5618591818967091,1.3568968389511402,1.595495979261528,1.5618591818967091,0.0,0.0,0.0,5,5,2,0.006456567078529152,0.006278554426532579,0.006522082714998524,,,
182.9800000190735,1790848226.011,True,X_ONLY,ACCEPTED,0.9636518543066133,1.113838371144876,1.6343104229072778,1.3407552831038925,1.5506907217812553,1.5601339296975056,1.34795179435477,1.5506907217812553,1.4990474058777041,0.007196511250877613,0.0,-0.06108652381980154,6,6,3,0.015083788593756697,0.00841303271459548,0.0013423315973494741,,,
183.12800002098083,1790848226.159,True,XY_YAW,ACCEPTED,0.9664187905818231,1.0632802197452844,1.6334706962883034,1.3438756434009629,1.5002212497937575,1.4982076792587298,1.3317284984617996,1.5694657009132582,1.541840910558588,-0.012147144939163246,0.06924445111950062,0.043633231299858244,6,6,5,0.024618366189389285,0.0016015154899298167,0.010464791401897211,,,
183.25999999046326,1790848226.291,True,X_ONLY,ACCEPTED,0.9677130034802265,1.0475394564620546,1.6346463054323084,1.3315769767239471,1.5536725486969327,1.543016519702593,1.3271963969416065,1.5536725486969327,1.5910130741324369,-0.004380579782340632,0.0,0.047996554429844046,6,6,3,0.014401002882955982,0.0019303939053791908,0.006270120532315227,,,
183.4060001373291,1790848226.437,False,REJECTED,INSUFFICIENT_RESIDUAL_IMPROVEMENT,0.9675658378958156,1.0476214639279329,1.6336233906625666,1.3270529485416436,1.5537608973825079,1.589990159362695,1.3270529485416436,1.5537608973825079,1.589990159362695,0.0,0.0,0.0,5,5,2,0.01107494180983215,0.017159553238292158,0.0012425160718317965,0.09529811068180405,0.025009413975877415,0.025009413975877415
183.5400002002716,1790848226.571,True,XY_YAW,ACCEPTED,0.9740600852457062,1.0492436066300008,1.625200763602508,1.3336117716779479,1.55509822107336,1.5815675323026368,1.3364264625437745,1.4709735772884525,1.5422976241327644,0.002814690865826641,-0.08412464378490736,-0.03926990816987243,6,6,5,0.012229206374533508,0.001357850685012263,0.004728730092438328,0.09453952041888414,0.026462944917623132,0.02986954124691854
183.6800000667572,1790848226.711,False,REJECTED,AMBIGUOUS_JOINT_HYPOTHESIS,0.9955904092144042,1.0449501522886082,1.6220504119432604,1.3575273074105336,1.4649119812702662,1.5391472724735167,1.3575273074105336,1.4649119812702662,1.5391472724735167,0.0,0.0,0.0,6,5,4,0.017240353323763502,0.0142901819887577,0.0008828312293303331,0.10446180068857647,0.040249711981594105,0.040249711981594105
183.82000017166138,1790848226.851,False,REJECTED,AMBIGUOUS_JOINT_HYPOTHESIS,1.0073040542557274,1.0390631665874677,1.6218977369396863,1.368713231233659,1.4580752284575054,1.5389945974699426,1.368713231233659,1.4580752284575054,1.5389945974699426,0.0,0.0,0.0,5,5,4,0.02373349582646722,0.01728499302325759,8.461164256813591e-05,0.10241739325248156,0.03861273315014757,0.03861273315014757
183.96000003814697,1790848226.991,True,XY_YAW,ACCEPTED,1.0080826279258397,1.0335940650114899,1.6197602538617542,1.369036244396237,1.4525604382071917,1.5368571143920104,1.3480823871747865,1.485702054204495,1.5150404987420814,-0.02095385722145049,0.033141615997303364,-0.021816615649929122,6,6,5,0.031328836864183085,0.0006469408073694893,0.003047792844813317,,,
184.10000014305115,1790848227.131,True,XY_YAW,ACCEPTED,1.0088709919030698,1.0099939404102962,1.617622735522828,1.346399547654173,1.4621488070801534,1.5129029804031553,1.3547570564381874,1.48182762702098,1.5216296266631268,0.008357508784014422,0.019678819940826653,0.008726646259971646,6,6,5,0.01377237255716679,0.0009432073040853695,0.00794435716243242,,,
184.24100017547607,1790848227.272,True,XY_YAW,ACCEPTED,1.0104336344116704,0.9762029828961731,1.6168746263343046,1.353073785099335,1.4480424637250782,1.5208815174746033,1.3557301904900432,1.4605931122462859,1.5077915480846458,0.0026564053907081053,0.012550648521207797,-0.013089969389957476,6,6,5,0.012255506525170823,0.00046252030800042476,0.0040620379345111795,,,
184.38499999046326,1790848227.416,True,XY_YAW,ACCEPTED,1.0118238925412726,0.9348844137220407,1.620065573119998,1.3526139618961965,1.419368773614655,1.5109824948703392,1.3618021738568264,1.4404433380651485,1.5720690186901407,0.00918821196062991,0.021074564450493383,0.061086523819801536,7,7,5,0.007907751973280419,0.004232522551615325,0.005578852553883337,0.05428281594970988,0.009315396440356283,0.02308900999961938
184.5200002193451,1790848227.551,True,X_ONLY,ACCEPTED,1.0163014259438041,0.8924859113897285,1.6209053109499956,1.3642403500773645,1.3978788387480943,1.5729087565201383,1.344206996831655,1.3978788387480943,1.5423654946102374,-0.02003335324570954,0.0,-0.030543261909900768,6,6,2,0.019623765589164788,0.013849409192924433,0.002800320867157702,,,
184.6600000858307,1790848227.691,True,Y_ONLY,ACCEPTED,1.0263984846132481,0.8457636290838315,1.620111426345039,1.3506071416188818,1.3505083795530568,1.5415716100052805,1.3506071416188818,1.3664235358419614,1.5633882256552096,0.0,0.015915156288904636,0.021816615649929122,5,5,2,0.016536228465621583,0.009229967479790185,0.002573506849381565,0.0665624080927667,0.011368037883261461,0.016712572683139637
184.80000019073486,1790848227.831,True,XY_YAW,ACCEPTED,1.0355376088550114,0.8111902927997761,1.6202641034399299,1.3577715083287374,1.331387682443429,1.5635409027501006,1.3721047223371667,1.3175788226509195,1.5853575184000297,0.014333214008429462,-0.013808859792509343,0.021816615649929122,6,6,4,0.01566291306217804,0.008254030233981857,0.0019701159648471515,0.07815869161093048,0.013234605857933013,0.022723631157418933
184.94000005722046,1790848227.971,True,XY_YAW,ACCEPTED,1.0363990341595701,0.8045994641199652,1.6194814317586037,1.372735606280927,1.310961945616286,1.5845748467187035,1.3715015026323611,1.2666583713010309,1.6020281392386468,-0.001234103648565965,-0.04430357431525511,0.017453292519943292,6,6,5,0.03140157937488186,0.003860935941437771,0.006602065175057646,0.06613621395909064,0.020604399790397188,0.025578498527142557
185.08000016212463,1790848228.111,False,REJECTED,INSUFFICIENT_RESIDUAL_IMPROVEMENT,1.0362942304992027,0.7992938252058668,1.6194589100533445,1.3713041187673602,1.2613553695375144,1.6020056175333877,1.3713041187673602,1.2613553695375144,1.6020056175333877,0.0,0.0,0.0,6,6,3,0.0027764186131344903,0.0009023340710223593,0.0072234548143870585,0.09214491392500013,0.021996220693011215,0.021996220693011215
185.22100019454956,1790848228.252,True,XY_YAW,ACCEPTED,1.0366639969691644,0.7779742525841016,1.6173937505243068,1.3713017510736334,1.2400325906752026,1.59994045800435,1.3719494068390825,1.2357688544486451,1.521400641664605,0.0006476557654490622,-0.004263736226557402,-0.07853981633974483,7,7,7,0.016478237579286015,0.005604230890065898,0.009138677603242005,0.09917042877765508,0.030515328151315635,0.027549242928357198
185.3600001335144,1790848228.391,False,REJECTED,INSUFFICIENT_RESIDUAL_IMPROVEMENT,1.0379385809725838,0.7445103839701865,1.6225078930749415,1.3700107532410466,1.202336883384738,1.5265147842152398,1.3700107532410466,1.202336883384738,1.5265147842152398,0.0,0.0,0.0,6,6,5,0.00800257415929706,0.007575605176937228,0.0019253550691175798,0.08175288118560167,0.02537865911668838,0.02537865911668838
185.5,1790848228.531,True,XY_YAW,ACCEPTED,1.0399516827438617,0.7052344174497811,1.6259742406821323,1.3682501525239954,1.163048788368962,1.5299811318224306,1.3601014799635176,1.1667523618351305,1.5256178086924448,-0.008148672560477799,0.0037035734661686748,-0.00436332312998583,8,8,5,0.016928071534234257,0.009582040099220868,0.00501845290253029,0.07044992896942462,0.02054031159445885,0.020154658529286107
185.6450002193451,1790848228.676,True,XY_YAW,ACCEPTED,1.0414180086413964,0.6782188725741367,1.6308446919689081,1.3588537929945754,1.1397258368311047,1.5304882599792207,1.3621857158535196,1.1202765224187008,1.5304882599792207,0.003331922858944125,-0.019449314412403995,0.0,7,7,5,0.011971389278821298,0.001740633234485034,0.0022883835351699775,0.06920009257286436,0.02314946586203856,0.02314946586203856
185.78000020980835,1790848228.811,True,XY_YAW,ACCEPTED,1.0417309322684458,0.6763985739252452,1.634508921223813,1.3623146928178627,1.118434031357612,1.5341524892341256,1.3728408300584207,1.1090589608056982,1.551605781754069,0.010526137240557953,-0.009375070551913695,0.017453292519943292,7,7,6,0.013610197845726979,0.010622474429575118,0.00985164764620607,0.06344506075741685,0.020188639840646894,0.026877614211151757
185.92300009727478,1790848228.954,True,XY_YAW,ACCEPTED,1.0436117040852815,0.6764725975389606,1.6342341033830343,1.3747212721319146,1.1089769868426058,1.5513309639132902,1.3601728111718974,1.1162773461600133,1.5469676407833044,-0.014548460960017273,0.007300359317407412,-0.00436332312998583,7,7,6,0.01226731160939823,0.0018159159748118991,0.0032924447531133775,0.06153442355217631,0.019367045985023812,0.019552831543020677
186.06000018119812,1790848229.091,False,REJECTED,AMBIGUOUS_JOINT_HYPOTHESIS,1.0619330030651823,0.6728232390135268,1.6340552300491,1.3781063295249913,1.111045068124845,1.54678876744937,1.3781063295249913,1.111045068124845,1.54678876744937,0.0,0.0,0.0,7,7,6,0.009906412764473682,0.002037433998897664,0.0008446076378316111,0.09049387117741145,0.022138379245661394,0.022138379245661394
186.20000004768372,1790848229.231,True,XY_YAW,ACCEPTED,1.0867468766924353,0.6570148741152333,1.6393182572395977,1.4014479890872424,1.0931341872412352,1.5520517946398678,1.4005706497722623,1.086448498275483,1.5084185633400096,-0.0008773393149802133,-0.006685688965752279,-0.043633231299858244,7,7,5,0.010610913779927067,0.001451355174753921,0.005708066577336997,0.08326916103879614,0.02596945705321363,0.03960625590467082
186.34100008010864,1790848229.372,True,XY_YAW,ACCEPTED,1.0911916041411795,0.653136090607852,1.6401427067784182,1.4044710691198623,1.082022744949368,1.5092430128788301,1.4160273822826752,1.119153057214432,1.5921461523485607,0.011556313162812859,0.037130312265063914,0.08290313946973066,6,6,5,0.026743991982858928,0.013286587784836379,0.006074896689649206,0.08581483007468721,0.041998642326595115,0.025106558185991584
186.4800000190735,1790848229.511,False,REJECTED,INSUFFICIENT_RESIDUAL_IMPROVEMENT,1.0885487784213936,0.6509193073092786,1.6408144731944871,1.4132812429627035,1.1170656246255082,1.5928179187646294,1.4132812429627035,1.1170656246255082,1.5928179187646294,0.0,0.0,0.0,7,7,5,0.012365997997255462,0.01110327759135643,0.0032940664429592058,0.06886685264807885,0.018733338360490404,0.018733338360490404
186.62000012397766,1790848229.651,True,XY_YAW,ACCEPTED,1.0723795112764267,0.6339207940349942,1.6463108650919134,1.3963150397097635,1.1008624582460242,1.5983143106620559,1.4144921117907054,1.0971368050048438,1.5764976950121268,0.01817707208094199,-0.00372565324118046,-0.021816615649929122,6,6,5,0.02896685509203567,0.0073856613458695985,0.002923740018919943,0.07037971371539287,0.017381871421681405,0.01946690089737929
186.75999999046326,1790848229.791,True,XY_YAW,ACCEPTED,1.0514984799524443,0.6091194375189297,1.6498682520439978,1.3919318904349196,1.073852450460043,1.5800550819642112,1.4151310598992184,1.093305015247687,1.5800550819642112,0.023199169464298786,0.019452564787644067,0.0,5,5,4,0.019452564787644067,0.004341663787524319,0.002325399524714257,0.04451353827183324,0.018840684134199703,0.018840684134199703
186.90500020980835,1790848229.936,True,XY_YAW,ACCEPTED,1.0446546800703898,0.6005248215922356,1.650341578355123,1.407704401069477,1.085208734720209,1.5805284082753364,1.386915874116869,1.07047305712998,1.5587117926254073,-0.020788526952608022,-0.01473567759022909,-0.021816615649929122,8,8,6,0.013553786761829445,0.003890370168632473,0.0014716509071955111,0.09184724354445506,0.0650762623732638,0.04964763019514473
187.0400002002716,1790848230.071,True,XY_YAW,ACCEPTED,1.0448417873971043,0.6007444263085553,1.6515629900367674,1.387122290701806,1.070674619965352,1.5599332043070517,1.3750163014367298,1.029274498027177,1.555569881177066,-0.012105989265076111,-0.04140012193817495,-0.00436332312998583,6,6,5,0.0265613692472626,0.005500440343050528,0.0036921889638161214,0.0622923474470618,0.034474948413485196,0.027547859295169785
187.1800000667572,1790848230.211,True,XY_YAW,ACCEPTED,1.042937690696649,0.6005631689000097,1.6527665844456887,1.3731035980670514,1.0292765746729116,1.5567734755859872,1.3649355397706628,1.021404746616846,1.539320183066044,-0.008168058296388447,-0.007871828056065525,-0.017453292519943306,8,8,6,0.010683388231562674,0.006153351232785431,0.00347243901850881,0.06503239968640007,0.02937383920019898,0.03204421414582648
187.32000017166138,1790848230.351,True,XY_YAW,ACCEPTED,1.0276946152544073,0.5976869783743692,1.6558837602218142,1.3494648550063846,1.020272609786774,1.5424373588421694,1.3658861261450252,1.0292717496836346,1.5424373588421694,0.01642127113864067,0.008999139896860464,0.0,6,6,6,0.012710205517750567,0.00550605769006457,0.0023293368661877825,0.052909556474358965,0.024009982249581285,0.024009982249581285
187.46000003814697,1790848230.491,True,XY_YAW,ACCEPTED,0.9993164309248542,0.5949713884864283,1.660922138284806,1.3373829473773884,1.0297861176664207,1.547475736905161,1.3547450371999143,1.0466961069047795,1.5562023831651326,0.01736208982252596,0.016909989238358958,0.008726646259971646,7,7,6,0.015075581179452513,0.0038072892532947655,0.009883495612697885,0.04233723586473165,0.015569227163550609,0.014546492380140053
187.60199999809265,1790848230.633,False,REJECTED,INSUFFICIENT_RESIDUAL_IMPROVEMENT,0.9609117642289854,0.5916352069509729,1.6708114678599548,1.316202029357469,1.0473925821128718,1.5660917127402816,1.316202029357469,1.0473925821128718,1.5660917127402816,0.0,0.0,0.0,5,5,5,0.0012262206797228892,0.017696078970309337,0.006174656917587881,0.030806238809821418,0.0055849437448171335,0.0055849437448171335
187.74000000953674,1790848230.771,True,XY_YAW,ACCEPTED,0.9207038709890482,0.5876195777873955,1.6772739149079579,1.2757946516182,1.0476018202776158,1.5725541597882844,1.3165073673644552,1.043627550813473,1.581280806048256,0.04071271574625518,-0.003974269464142921,0.008726646259971646,6,6,5,0.03641887890101958,0.0003790181450492591,0.0052524679394308875,0.0022428716425085815,0.026921343118519875,0.018824776012575095
187.88000011444092,1790848230.911,True,XY_YAW,ACCEPTED,0.8763909341085292,0.582617324218413,1.6845719082766384,1.2719189936974857,1.0428955334093346,1.5885787994169365,1.2627231674203148,1.0419376103179556,1.5667621837670074,-0.009195826277170971,-0.0009579230913789871,-0.021816615649929122,8,8,6,0.012030361456975086,0.009584943722779016,0.004803501995382712,0.029434623225369383,0.008132334834084709,0.0029665103420568606
188.0200002193451,1790848231.051,True,XY_YAW,ACCEPTED,0.8308484533541745,0.5772997397272517,1.689259104019024,1.216871351289835,1.0420098295542313,1.571449379509393,1.2187298874247525,1.0370915306813726,1.5845393488993504,0.0018585361349174878,-0.004918298872858662,0.013089969389957462,8,7,5,0.003005809613263466,0.00043007203938172367,0.007004436054031917,0.12111021300057234,0.017789152984462042,0.013303813486664151
188.16799998283386,1790848231.199,True,XY_YAW,ACCEPTED,0.7810291905844757,0.5713016079045848,1.6936236320933578,1.1685565642872817,1.0363337882308703,1.5889038769736845,1.1819525329654925,1.0202795818828345,1.6194471388835852,0.013395968678210829,-0.016054206348035838,0.030543261909900754,7,7,4,0.007704268434990613,0.004041521687211752,0.006069679090709237,0.07122922659520903,0.011675532697864144,0.022174783019465072
188.30000019073486,1790848231.331,True,XY_YAW,ACCEPTED,0.7377580511545054,0.5654650353832343,1.694786034234642,1.138367841582016,1.0176658176677615,1.6206095410248693,1.1180036341975044,1.0341618668511572,1.5595230172050678,-0.020364207384511696,0.016496049183395645,-0.06108652381980154,7,7,6,0.020802920199208375,0.01044350745397074,0.0035950969729322477,0.08467234028288084,0.023491897696999886,0.01585564245068416
188.44200015068054,1790848231.473,False,REJECTED,INSUFFICIENT_RESIDUAL_IMPROVEMENT,0.6904555618092256,0.5592511172032746,1.6909538187048851,1.070295257996548,1.034383491929957,1.5556908016753113,1.070295257996548,1.034383491929957,1.5556908016753113,0.0,0.0,0.0,5,5,3,0.0024890678790097653,0.0006516347533654931,0.00277500146693695,0.010505159520740603,0.017220192168242943,0.017220192168242943
188.58000016212463,1790848231.611,True,XY_YAW,ACCEPTED,0.6450607248853346,0.5532269446620814,1.6920683756329198,1.0245026968999165,1.0345358807877254,1.556805358603346,1.0330756865239197,1.0318369925585984,1.5611686817333317,0.008572989624003213,-0.002698888229127061,0.004363323129985816,7,7,5,0.008494171617802915,0.0028829047265839236,0.0013944743309146652,0.07803836656557123,0.013206862302486466,0.00839814296231256
188.72000002861023,1790848231.751,True,XY_YAW,ACCEPTED,0.6025885141024889,0.5482556019408629,1.6941600216694082,0.9903179409564605,1.032451916312171,1.56326032776982,0.9795735230421837,1.0347954523003648,1.5545336815098483,-0.010744417914276827,0.0023435359881938678,-0.00872664625997166,8,8,5,0.00899812758924634,0.0043189545331273616,0.0052611929750207564,0.1108273291291916,0.00936696033238546,0.014375298573172268
188.8600001335144,1790848231.891,False,REJECTED,INSUFFICIENT_RESIDUAL_IMPROVEMENT,0.5911204146640678,0.5469885745723191,1.69958009385151,0.9680406942312806,1.035136806516038,1.5599537536919499,0.9680406942312806,1.035136806516038,1.5599537536919499,0.0,0.0,0.0,8,8,5,0.006139405833067713,0.0072283840048155135,0.0026358783667731756,0.06227211652949444,0.00445114062433602,0.00445114062433602
189.0,1790848232.031,True,XY_YAW,ACCEPTED,0.6062077074809227,0.5493966748169816,1.6975952724264796,0.983316301330038,1.0354217259682412,1.5579689322669195,0.9479592283686025,1.0324466679684117,1.6234187792167067,-0.03535707296143559,-0.0029750579998295557,0.06544984694978734,8,8,7,0.048742845370110865,0.0031254068125436962,0.001808404376736513,0.07646174984104712,0.053852504811424895,0.0212785676383061
189.14000010490417,1790848232.171,False,REJECTED,INSUFFICIENT_RESIDUAL_IMPROVEMENT,0.6221622138207827,0.5510683186301468,1.7019618694784164,0.9639937457683372,1.0329313506938513,1.6277853762686436,0.9639937457683372,1.0329313506938513,1.6277853762686436,0.0,0.0,0.0,7,7,5,0.004531696357017223,0.006895579427293352,0.0014043885179790168,0.06234498422872564,0.003875472608021291,0.003875472608021291
189.28000020980835,1790848232.311,True,XY_YAW,ACCEPTED,0.6243355715699781,0.5512789093563135,1.701198494139017,0.9661767337467752,1.032980298073054,1.6270220009292444,0.9462561209675625,1.036017644360828,1.5702988002394287,-0.019920612779212643,0.0030373462877740787,-0.05672320068981572,7,7,5,0.025402949712868605,0.004078226633188464,0.0014877407270264768,0.10563253438117243,0.0061457462467346125,0.012127386013875335
189.42500019073486,1790848232.456,True,XY_YAW,ACCEPTED,0.6242896921739167,0.5521780038297148,1.701198494139017,0.9463279894541538,1.0369150354192402,1.5702988002394287,0.935504252892854,1.0327221553550099,1.6052053852793153,-0.010823736561299757,-0.0041928800642303254,0.034906585039886584,7,7,5,0.022315032357034914,0.004298174211131545,0.00917994500934284,0.059386703281162745,0.00952952503362045,0.020420373275274156
189.56000018119812,1790848232.591,False,REJECTED,AMBIGUOUS_JOINT_HYPOTHESIS,0.6329101512292046,0.5677222050145572,1.7020382120077344,0.9455748707245543,1.0473685597358326,1.6060451031480327,0.9455748707245543,1.0473685597358326,1.6060451031480327,0.0,0.0,0.0,7,7,2,0.011011929909194085,0.009950341610392044,0.0006236688205186226,0.05611961342494051,0.017706311982341294,0.017706311982341294
189.70000004768372,1790848232.731,False,REJECTED,AMBIGUOUS_JOINT_HYPOTHESIS,0.6535259942519216,0.5984111449015438,1.706175779528041,0.9690372070330182,1.0759402728429064,1.6101826706683393,0.9690372070330182,1.0759402728429064,1.6101826706683393,0.0,0.0,0.0,7,7,5,0.030736639113714492,0.006189518498930235,8.875792474187516e-05,0.05053157442016418,0.03935472905439111,0.03935472905439111
189.8400001525879,1790848232.871,True,XY_YAW,ACCEPTED,0.6831419346178085,0.6394228920654469,1.706175779528041,1.0024476032533851,1.1139246479672882,1.6101826706683393,1.0018259357504404,1.070123064660092,1.614545993798325,-0.0006216675029447893,-0.04380158330719605,0.004363323129985816,7,7,5,0.0180681178945169,0.002757117765401329,0.004349699513671115,0.07604021185735305,0.05259639454324694,0.028732062615313858
189.98200011253357,1790848233.013,False,REJECTED,INSUFFICIENT_RESIDUAL_IMPROVEMENT,0.7110289842801667,0.6815261350642197,1.711397357074621,1.033448512105103,1.10949797132129,1.6197675713449051,1.033448512105103,1.10949797132129,1.6197675713449051,0.0,0.0,0.0,7,7,5,0.0044421014168023465,0.0078735382140529,0.007066661943702,0.04347864542369256,0.02429585420047997,0.02429585420047997
190.12000012397766,1790848233.151,False,REJECTED,AMBIGUOUS_JOINT_HYPOTHESIS,0.719732174085497,0.6986910934832011,1.714374565167409,1.0436858128784956,1.125794565541803,1.622744779437693,1.0436858128784956,1.125794565541803,1.622744779437693,0.0,0.0,0.0,6,6,5,0.02512370282452947,0.014863160345558568,0.00010727100873968165,0.058211730723272403,0.035193594544841944,0.035193594544841944
190.25999999046326,1790848233.291,True,XY_YAW,ACCEPTED,0.7174266864806742,0.7058102023803214,1.715401842215223,1.0420414069486783,1.1330947651091459,1.6237720564855072,1.0553167712536067,1.1598729774592431,1.5932287945756063,0.013275364304928372,0.026778212350097252,-0.030543261909900768,6,6,5,0.014364126918351539,0.00610654108151687,0.0030457863470592546,0.06258914623863776,0.03318853548856196,0.03884729855098712
190.40000009536743,1790848233.431,True,XY_YAW,ACCEPTED,0.7054103815633805,0.7276002874936833,1.7208633684518977,1.046045577416506,1.182965061772874,1.5986903208122811,1.0601902352969934,1.1818782923325453,1.624870259592196,0.014144657880487299,-0.0010867694403287054,0.026179938779914924,6,6,5,0.011407953121620462,0.0030534093820899777,0.006721131598673541,0.04887252265958325,0.029291121694236893,0.02462109135817911
190.5400002002716,1790848233.571,False,REJECTED,AMBIGUOUS_JOINT_HYPOTHESIS,0.6947711344386864,0.7591351483138822,1.7276422537844691,1.052622451621517,1.2142876995559237,1.6316491449247674,1.052622451621517,1.2142876995559237,1.6316491449247674,0.0,0.0,0.0,6,6,6,0.008678195161101687,0.005861361531963316,0.00022213139081998096,0.04056855063488893,0.038560996142869064,0.038560996142869064
190.68500018119812,1790848233.716,True,XY_YAW,ACCEPTED,0.6891682936511281,0.7823599735086761,1.7316118591065202,1.049271406049471,1.237942610754099,1.6356187502468185,1.0585622172368203,1.2211167084546368,1.6530720427667618,0.00929081118734934,-0.016825902299462125,0.017453292519943292,8,8,5,0.017771545247002418,0.005951057412034999,0.00466076962263063,0.06784113663700836,0.02650850665022686,0.03631953249229647
190.82000017166138,1790848233.851,False,REJECTED,AMBIGUOUS_JOINT_HYPOTHESIS,0.6895434943930387,0.7838674560028074,1.7303904483365407,1.0590545370733755,1.2225901059724091,1.6518506319967823,1.0590545370733755,1.2225901059724091,1.6518506319967823,0.0,0.0,0.0,6,6,5,0.031485858508002174,0.0007533383113280667,0.0008300379536972033,0.0925857160877836,0.04586001523070016,0.04586001523070016
190.96200013160706,1790848233.993,True,XY_YAW,ACCEPTED,0.6891360373582347,0.7899429887157288,1.7294438574183038,1.059125016895349,1.2286788785560818,1.6509040410785452,1.0387059931642875,1.2501023247154701,1.607270809778687,-0.020419023731061525,0.02142344615938835,-0.043633231299858244,6,6,5,0.028880270144573617,0.0020131183731564306,0.004155293505633963,0.0921202371378069,0.045648211434615615,0.023170505096104965
191.10000014305115,1790848234.131,True,Y_ONLY,ACCEPTED,0.685899876255748,0.8135759024336584,1.7304362683887595,1.0383740815934777,1.2739534711069862,1.6082632207491427,1.0383740815934777,1.2598852899865454,1.5340867275393837,0.0,-0.014068181120440837,-0.07417649320975901,5,5,3,0.021163511502755306,0.0005791994929458255,0.0068763341540519565,0.07955032047204816,0.033715573134492416,0.04989116506476138
191.24000000953674,1790848234.271,True,XY_YAW,ACCEPTED,0.6806743799255426,0.8472115248702756,1.7308332327769418,1.0398109761223844,1.293894057131334,1.534483691927566,1.038805571899545,1.2675461251066313,1.608660185137325,-0.0010054042228392346,-0.026347932024702647,0.074176493209759,6,6,5,0.025369688904065768,0.001331102476243018,0.006723403598409918,0.07604946682676245,0.05528195291589311,0.024426738099191936
191.38100004196167,1790848234.412,False,REJECTED,INSUFFICIENT_RESIDUAL_IMPROVEMENT,0.6759884635728244,0.8722409927461812,1.7319935641488013,1.0372049084725588,1.2929600966736488,1.6098205165091848,1.0372049084725588,1.2929600966736488,1.6098205165091848,0.0,0.0,0.0,6,6,5,0.008393665503307002,0.019360418054511497,0.006021410672389517,,,
191.5200002193451,1790848234.551,True,Y_ONLY,ACCEPTED,0.6745729619204388,0.8776528575227198,1.7335814090164599,1.0364594981617554,1.298504128487771,1.6114083613768433,1.0364594981617554,1.332394101627226,1.5634118069469993,0.0,0.033889973139455076,-0.04799655442984407,5,5,3,0.03604046393559368,0.0018562127705000764,0.006884324469605171,0.09639135855704212,0.04050725820132772,0.03276798353142524
191.6600000858307,1790848234.691,True,Y_ONLY,ACCEPTED,0.6738872029621141,0.8740909109892632,1.7325086962357024,1.0351804303871477,1.3289997365784896,1.5623390941662418,1.0351804303871477,1.3391038776219881,1.6016090023361143,0.0,0.010104141043498494,0.039269908169872414,6,6,3,0.022461063338178766,7.667425394852767e-05,0.014755117016359405,,,
191.80100011825562,1790848234.832,True,Y_ONLY,ACCEPTED,0.6645797561474351,0.8525221659261666,1.7324343942533937,1.0231373239061725,1.3189345217549096,1.6015347003538056,1.0231373239061725,1.3372091766525767,1.5840814078338623,0.0,0.018274654897667164,-0.017453292519943306,6,6,3,0.021069676917160995,0.0012813515370032613,0.0018956724311253031,,,
191.94500017166138,1790848234.976,True,XY_YAW,ACCEPTED,0.6442826470036007,0.8159680808311276,1.737123517783181,0.9976601231902524,1.3040567103730858,1.5887705313636495,1.0127666144898892,1.328841054082637,1.6324037626635077,0.01510649129963687,0.024784343709551127,0.043633231299858244,6,6,5,0.029371816587592248,0.014879362390634254,0.007040885876637093,,,
192.08000016212463,1790848235.111,True,XY_YAW,ACCEPTED,0.6176964879081122,0.7735069482155486,1.742131325549378,0.9818877002147703,1.2893915383487482,1.6374115704297048,1.013707273105293,1.3095867499170488,1.7203147098994354,0.03181957289052262,0.02019521156830062,0.08290313946973066,5,5,4,0.02717071787914538,0.005565068742306556,0.004705746947124483,0.09717503170178657,0.0019174239933691384,0.023429061757612724
192.22000002861023,1790848235.251,True,XY_YAW,ACCEPTED,0.5941088211778325,0.7254756947030438,1.7369860835934239,0.9890774233275015,1.2620814887801528,1.7151694679434812,0.9772887432866306,1.2430791705070656,1.6322663284737506,-0.01178868004087084,-0.019002318273087182,-0.08290313946973066,7,7,4,0.012016580332260274,0.0040835557737335,0.001281383763926381,0.028749115688667753,0.021901764327450668,0.023506919685781086
192.3600001335144,1790848235.391,True,XY_YAW,ACCEPTED,0.5844761557946907,0.6930183508761973,1.7385128526593698,0.9643161303803697,1.211806519115442,1.6337930975396966,0.9678272709883315,1.189904051488124,1.6163398050197533,0.0035111406079618712,-0.021902467627317845,-0.017453292519943306,7,7,5,0.018435711433543,0.006088123039857729,0.00224477764344007,0.04695317805406396,0.02624021255982789,0.02932779041955702
192.50100016593933,1790848235.532,True,XY_YAW,ACCEPTED,0.5834581282020146,0.6877634003832329,1.7422534617193162,0.9661764142527521,1.1848123369535541,1.6200804140796996,0.9518437065711655,1.179146049565154,1.5720838596498556,-0.014332707681586676,-0.0056662873884002485,-0.04799655442984407,6,6,5,0.022526018716789387,0.020441426720239964,0.002502641905531719,0.07383401851235302,0.043317978128866064,0.03907972478584684
192.64100003242493,1790848235.672,True,XY_YAW,ACCEPTED,0.5867217457456702,0.6804951910952266,1.7420702517738735,0.9538293169789682,1.171430129851086,1.5719006497044128,0.9447258862740918,1.171848983872611,1.6198972041342568,-0.009103430704876367,0.000418854021524917,0.047996554429844046,7,7,7,0.008721285869104367,0.004509913428228929,0.009985587693721452,0.09569432504147557,0.049701599395792384,0.03151853747187938
192.78000020980835,1790848235.811,True,XY_YAW,ACCEPTED,0.593517481387146,0.6586122075609122,1.7399480294968326,0.9488041026975373,1.149300920938615,1.617774981857216,0.950376372666676,1.173070975718415,1.617774981857216,0.0015722699691386455,0.023770054779800015,0.0,7,7,6,0.014734472070407956,0.0027355113550889543,0.010116203432180807,0.10932619760696166,0.03370334479504755,0.03508488294818157
192.92000007629395,1790848235.951,False,REJECTED,INSUFFICIENT_RESIDUAL_IMPROVEMENT,0.6004792705236626,0.6258334294533414,1.7403755424016878,0.9532915415170707,1.1396880969812484,1.6182024947620712,0.9532915415170707,1.1396880969812484,1.6182024947620712,0.0,0.0,0.0,8,8,7,0.010399707629766386,0.010985537283153825,0.0010550841054987603,0.11668572251372188,0.030828163644521345,0.030828163644521345
193.06000018119812,1790848236.091,True,XY_YAW,ACCEPTED,0.6068209239710733,0.5870317963437734,1.7425196433446555,0.9548571956912302,1.100402832219209,1.6203465957050387,0.9575027881764401,1.1532371327195983,1.6290732419650102,0.0026455924852098944,0.052834300500389286,0.008726646259971646,8,8,7,0.013933289366050206,0.00934266962494057,0.0021006470550609044,0.11473267586873374,0.030452067123497906,0.055428772958562855
193.20600008964539,1790848236.237,True,XY_YAW,ACCEPTED,0.6100786710542625,0.5567477945719335,1.7516126221105424,0.9573113476648835,1.122779013442378,1.6381662207308971,0.9726200916705785,1.1187544935478106,1.6381662207308971,0.015308744005694985,-0.00402451989456748,0.0,8,7,5,0.005940460202016884,0.00032404719634726575,0.006850943573734853,0.12826115015758371,0.05371056981423622,0.049686049919668795
193.3400001525879,1790848236.371,True,XY_YAW,ACCEPTED,0.6104233851460916,0.5537392971486175,1.752818767696734,0.9726220183135431,1.1157263124371024,1.6393723663170887,0.9488037153433366,1.0693980827720573,1.604465781277202,-0.023818302970206526,-0.04632822966504502,-0.0349065850398866,8,8,6,0.023023589930956878,0.005183041028170576,0.004809890517599134,0.1077829967850365,0.08168670784627702,0.044955692958451476
193.4850001335144,1790848236.516,True,XY_YAW,ACCEPTED,0.609037607461069,0.5533805091782602,1.753429477890754,0.9473801269911377,1.0692480667613706,1.605076491471222,0.9707774100588094,1.0413462534458202,1.6399830765111088,0.023397283067671658,-0.027901813315550528,0.034906585039886584,8,8,5,0.018064022353262654,0.007076205661274759,0.006419320385419893,0.05663163165525603,0.01950158017283085,0.00822988614446099
193.62000012397766,1790848236.651,True,XY_YAW,ACCEPTED,0.5956259192891347,0.5505245094507487,1.7575728831426134,0.9571286258063902,1.0400268586998607,1.6441264817629682,0.9351098632957875,1.0431142740215222,1.6877597130628263,-0.022018762510602752,0.0030874153216615685,0.043633231299858244,8,8,6,0.019348519128082303,0.002113426443386024,0.005436600648297773,0.05296065833031843,0.0010172001805407727,0.019997547761347517
193.75999999046326,1790848236.791,True,XY_YAW,ACCEPTED,0.5703004743562616,0.5453189152993143,1.764803949022232,0.909482985982171,1.0396879741703275,1.6949907789424452,0.9597805518425662,1.0484312714082082,1.6382675782526295,0.05029756586039513,0.008743297237880698,-0.05672320068981572,8,8,6,0.03189732242313886,0.0075674737440868944,0.004119445856272287,0.07333250575526698,0.013933131710691382,0.01871958075254357
193.90100002288818,1790848236.932,False,REJECTED,INSUFFICIENT_RESIDUAL_IMPROVEMENT,0.5416871663375225,0.5396446048931793,1.7689415267874526,0.9306799165374554,1.0464132973748344,1.64240515601785,0.9306799165374554,1.0464132973748344,1.64240515601785,0.0,0.0,0.0,8,8,7,0.005268295906229736,0.004586921202043626,0.004641553297853148,0.05937696119652483,0.010777543980092924,0.010777543980092924
194.0400002002716,1790848237.071,True,XY_YAW,ACCEPTED,0.5329786174774895,0.5383491732949277,1.7710694183493714,0.9218775108314899,1.0462272327062028,1.6445330475797688,0.8833364993876536,1.0366988264600916,1.6532596938397404,-0.03854101144383637,-0.009528406246111232,0.008726646259971646,9,8,7,0.028598793439931103,0.005802154294219375,0.0029898260412756887,0.03721150577066673,0.021902094846195708,0.016697846705425845
194.1800000667572,1790848237.211,False,REJECTED,INSUFFICIENT_RESIDUAL_IMPROVEMENT,0.5331577648981747,0.5382303695483224,1.7719797983151089,0.8835004411570965,1.036559789685181,1.6541700738054779,0.8835004411570965,1.036559789685181,1.6541700738054779,0.0,0.0,0.0,8,8,6,0.0025690872193309122,0.0013848414217240423,0.001685405094144745,0.07224241405208076,0.013863820526161863,0.013863820526161863
194.32000017166138,1790848237.351,False,REJECTED,INSUFFICIENT_RESIDUAL_IMPROVEMENT,0.5287132799545542,0.537442034992228,1.7740582727538117,0.8789941045601265,1.0362993126973101,1.6562485482441807,0.8789941045601265,1.0362993126973101,1.6562485482441807,0.0,0.0,0.0,8,8,6,0.006145921836254703,0.004900586754712175,0.007377757304247154,0.0653149870285441,0.01709411337406852,0.01709411337406852
194.47800016403198,1790848237.509,True,XY_YAW,ACCEPTED,0.5080163417461547,0.5350933695739106,1.7803617994768066,0.8581645720490516,1.036399591406799,1.6625520749671756,0.8876806365128802,1.0311803094742173,1.6581887518371898,0.02951606446382854,-0.0052192819325814765,-0.00436332312998583,9,9,6,0.011443768435699886,0.004396096867761375,0.0046659867989148306,0.08578854454324802,0.005203950732826701,0.017007766125325285
194.60000014305115,1790848237.631,True,Y_ONLY,ACCEPTED,0.4799599020338545,0.537210690785996,1.7872933706663265,0.8600913617935746,1.0367010683810856,1.6651203230267095,0.8600913617935746,1.0246332815641404,1.7218435237165253,0.0,-0.01206778681694523,0.056723200689815706,9,8,4,0.00634217628679537,0.002052468433031057,0.013494238162488405,0.038436781885454296,0.0206986911400725,0.02140350758594889
194.74000000953674,1790848237.771,True,XY_YAW,ACCEPTED,0.440058395593947,0.5459170694343988,1.7955226698771658,0.8208447119497186,1.0359307025697104,1.7300728229273645,0.8257342639798742,1.0395001647439681,1.647169683457634,0.004889552030155508,0.0035694621742577426,-0.08290313946973066,10,9,7,0.029506139563350353,0.0017431271730831456,0.008845031327841233,0.07340079303710911,0.014308713009552887,0.00697256397611784
194.88100004196167,1790848237.912,True,XY_YAW,ACCEPTED,0.3946952974039588,0.5576687103517802,1.800225141696552,0.7826064433825364,1.0578278168622683,1.6518721552770204,0.8023883096124993,1.0357947960560168,1.6824154171869212,0.019781866229962974,-0.02203302080625158,0.030543261909900754,8,7,6,0.018165111476523332,0.0041852878901185225,0.0022933594633688555,0.06515557333432512,0.017909086424015785,0.01646675464847691
195.0200002193451,1790848238.051,False,REJECTED,INSUFFICIENT_RESIDUAL_IMPROVEMENT,0.36614955510491054,0.5634087126982837,1.795083491893463,0.7747150982921605,1.0448502035875094,1.677273767383832,0.7747150982921605,1.0448502035875094,1.677273767383832,0.0,0.0,0.0,10,9,7,0.00709298869780195,0.005789520430225181,0.0034996817370141885,0.06924218124813591,0.02577261413767773,0.02577261413767773
195.1600000858307,1790848238.191,True,Y_ONLY,ACCEPTED,0.3588686020979257,0.5622022535028427,1.7927286674441008,0.7673428094503816,1.0445078912833672,1.6749189429344697,0.7673428094503816,1.0516603596985232,1.666192296674498,0.0,0.007152468415156044,-0.00872664625997166,10,9,3,0.008751858785148725,0.0006039488453790653,0.007881338383595676,0.07929013899649046,0.03453786955772464,0.026089744612850407
195.30000019073486,1790848238.331,True,Y_ONLY,ACCEPTED,0.3420788516559712,0.5531018063276975,1.792728658800662,0.7495388268558972,1.0447515202543036,1.6661922880310591,0.7495388268558972,1.085732869396202,1.5920157948213,0.0,0.04098134914189849,-0.07417649320975901,6,6,2,0.014253131356973647,0.0005467867852035346,0.0058027850042729305,0.13212070427225547,0.03037734926942992,0.023198597811379673
195.44000005722046,1790848238.471,True,XY_YAW,ACCEPTED,0.3212354256693484,0.525263521117869,1.7916751750921192,0.7235637773826693,1.0626089567699415,1.5909623111127575,0.6978018001686686,1.0628901775881294,1.5778723417228,-0.025761977214000753,0.00028122081818793276,-0.013089969389957476,7,7,4,0.015427169152257392,0.0004723801439363573,0.0021225791199787278,0.1854065650867004,0.008844914065293807,0.007532437157383498
195.58000016212463,1790848238.611,True,XY_YAW,ACCEPTED,0.3079011245607619,0.5001961410698162,1.7967898952888426,0.6794523679967612,1.0412227950167037,1.5829870619195234,0.6896519170898514,1.0511304932173733,1.5349905074896795,0.010199549093090177,0.009907698200669612,-0.04799655442984407,7,7,5,0.016186189434041154,0.0031079836615850454,0.002360116018819358,0.17768686924369526,0.021853475631420927,0.012277583323111685
195.72500014305115,1790848238.756,True,XY_YAW,ACCEPTED,0.3068348491891675,0.49456191909265756,1.8023168258567452,0.6871637302184684,1.0459642250720826,1.5405174380575821,0.6805799402417124,1.056706389049341,1.5230641455376388,-0.006583789976756016,0.010742163977258468,-0.017453292519943306,9,9,5,0.0072147333133583125,0.00010361041158502005,0.004693337084221935,0.1722685663917235,0.024020153801652955,0.018518587841094947
195.8600001335144,1790848238.891,True,XY_YAW,ACCEPTED,0.3065894140367096,0.49471365706126014,1.801095400920926,0.6803858374832605,1.056919900042826,1.5218427206018197,0.6553074655487507,1.04646135857075,1.5436593362517488,-0.02507837193450979,-0.010458541472075977,0.021816615649929122,7,7,4,0.018166156715902715,0.004896929318040089,0.008761127503816399,,0.02840521376416097,0.042307285576573164
196.00500011444092,1790848239.036,True,XY_YAW,ACCEPTED,0.30224421380018085,0.4975859371906196,1.8005457528481237,0.6518367454229748,1.0503452818508334,1.5431096881789466,0.661908432718844,1.0163627395489854,1.5605629806988899,0.01007168729586927,-0.03398254230184805,0.017453292519943292,7,7,4,0.013434732974746844,0.006819656156876075,0.0014339226034721462,,0.04360946041431335,0.04916412286860433
196.14000010490417,1790848239.171,True,XY_YAW,ACCEPTED,0.28712247537905977,0.5080971747661452,1.8078742944862851,0.6497184249042888,1.0301669707020427,1.5678915223370513,0.6624606406828524,1.0354879151601706,1.5678915223370513,0.012742215778563604,0.00532094445812803,0.0,8,8,4,0.011845258357063182,0.0011753770938824903,0.006490173942453383,,0.05311119059652622,0.04407961047818046
196.28000020980835,1790848239.311,True,XY_YAW,ACCEPTED,0.2827981795909722,0.5113383542635527,1.8073093872948536,0.6590306529025974,1.039664033264892,1.5673266151456198,0.6537473747068735,1.0296436460225205,1.5149667375857898,-0.005283278195723939,-0.010020387242371587,-0.05235987755982989,9,8,5,0.010442609469162756,0.0065056629397093335,0.01002416657458521,,0.08118254241401723,0.0493616227669369
196.42000007629395,1790848239.451,True,XY_YAW,ACCEPTED,0.2827981795909722,0.5113383542635527,1.8073093872948536,0.6537473747068733,1.0296436460225202,1.5149667375857898,0.6542440708321348,1.0619405955080103,1.558599968885648,0.0004966961252614865,0.03229694948549022,0.043633231299858244,8,8,5,0.009818460250269112,0.0003220336106823929,0.0028429599581426337,,0.03310152019228463,0.0050165952618067555
196.56000018119812,1790848239.591,False,REJECTED,INSUFFICIENT_RESIDUAL_IMPROVEMENT,0.2771812043355988,0.509788294845484,1.8095040377038953,0.6484183725654203,1.0618208669641087,1.5607946192946898,0.6484183725654203,1.0618208669641087,1.5607946192946898,0.0,0.0,0.0,9,9,3,0.00719516273120413,0.008189430385921792,0.006833440178678624,,0.004785649113670631,0.004785649113670631
196.70000004768372,1790848239.731,True,X_ONLY,ACCEPTED,0.2640250576917418,0.5065823059656239,1.816225752794722,0.6348778638653676,1.0619519522655299,1.5675163343855165,0.6630331560907878,1.0619519522655299,1.5631530112555307,0.028155292225420236,0.0,-0.00436332312998583,8,8,4,0.029180654387994553,0.011521636414717484,0.007813612335872591,,0.005725211377105355,0.0053955676242885
196.8400001525879,1790848239.871,True,X_ONLY,ACCEPTED,0.26085576635875896,0.5052611708923941,1.8188976088615658,0.6596340283600985,1.0614664256385633,1.5658248673223745,0.6479515076636808,1.0614664256385633,1.4654684353327005,-0.011682520696417679,0.0,-0.10035643198967395,8,7,4,0.015195011591208452,0.003100256454559077,0.005159022917639755,0.18255512251924255,0.005002891139638366,0.0030882802623226624
196.99500012397766,1790848240.026,True,XY_YAW,ACCEPTED,0.26085576635875896,0.5052611708923941,1.8188976088615658,0.6479515076636808,1.0614664256385633,1.4654684353327005,0.6356004405631197,1.0640659357771534,1.5396449285424596,-0.012351067100561108,0.002599510138590083,0.074176493209759,9,9,4,0.023402754841902573,0.0037374794028367797,0.012053709919797257,,0.004784285841169189,0.0303670723611984
197.12000012397766,1790848240.151,True,XY_YAW,ACCEPTED,0.26085576635875896,0.5052611708923941,1.8188976088615658,0.6356004405631197,1.0640659357771534,1.5396449285424596,0.6749646002636128,1.0626232091066103,1.5832781598423178,0.03936415970049316,-0.0014427266705430153,0.043633231299858244,8,8,4,0.02746745160669084,0.00586731191442591,0.005619607371610349,,0.012824725960709271,0.0034427774659147037
197.25999999046326,1790848240.291,True,X_ONLY,ACCEPTED,0.26085576635875896,0.5052611708923941,1.8188976088615658,0.6749646002636128,1.0626232091066103,1.5832781598423178,0.6345488094204341,1.0626232091066103,1.5440082516724454,-0.040415790843178645,0.0,-0.03926990816987243,8,8,2,0.03827741173289684,0.007897989629421454,0.014634791616608049,,0.003078925619866668,0.025929308134596152
197.40000009536743,1790848240.431,True,XY_YAW,ACCEPTED,0.26085576635875896,0.5052611708923941,1.8188976088615658,0.6345488094204341,1.0626232091066103,1.5440082516724454,0.6617886964417814,1.0572431917958536,1.4960116972426014,0.027239887021347237,-0.005380017310756713,-0.04799655442984407,8,8,5,0.03918021248176684,0.0006743417948127384,0.004737041388773653,,0.006762641109469558,0.02007946306078323
197.5400002002716,1790848240.571,False,REJECTED,INSUFFICIENT_RESIDUAL_IMPROVEMENT,0.26085576635875896,0.5052611708923941,1.8188976088615658,0.6617886964417814,1.0572431917958536,1.4960116972426014,0.6617886964417814,1.0572431917958536,1.4960116972426014,0.0,0.0,0.0,8,8,5,0.00141614434773496,0.0005225220192592861,0.003584192164306315,,0.036388635436562566,0.036388635436562566
197.6800000667572,1790848240.711,True,X_ONLY,ACCEPTED,0.26085576635875896,0.5052611708923941,1.8188976088615658,0.6617886964417814,1.0572431917958536,1.4960116972426014,0.6042404313938831,1.0572431917958536,1.4174718809028566,-0.05754826504789836,0.0,-0.07853981633974483,8,7,3,0.02772509760191344,0.0003720632472425933,0.005647078458021683,,0.0023666394172472405,0.005232803412382303
197.82000017166138,1790848240.851,False,REJECTED,INSUFFICIENT_RESIDUAL_IMPROVEMENT,0.26085576635875896,0.5052611708923941,1.8188976088615658,0.6042404313938831,1.0572431917958536,1.4174718809028566,0.6042404313938831,1.0572431917958536,1.4174718809028566,0.0,0.0,0.0,8,7,3,0.0023641112268479314,0.0005077120201123497,0.004971865033253919,,0.01737897256712917,0.01737897256712917
197.96000003814697,1790848240.991,True,X_ONLY,ACCEPTED,0.26085576635875896,0.5052611708923941,1.8188976088615658,0.6042404313938831,1.0572431917958536,1.4174718809028566,0.6074809498028182,1.0572431917958536,1.4261985271628281,0.003240518408935184,0.0,0.008726646259971646,8,7,3,0.0035521833599732044,0.001414082456565935,0.0053426938250567164,,0.028318712534200596,0.023833090930300616
198.10000014305115,1790848241.131,False,REJECTED,INSUFFICIENT_RESIDUAL_IMPROVEMENT,0.26085576635875896,0.5052611708923941,1.8188976088615658,0.6074809498028182,1.0572431917958536,1.4261985271628281,0.6074809498028182,1.0572431917958536,1.4261985271628281,0.0,0.0,0.0,8,7,3,0.001670121948653902,0.0006238284293733631,0.007177032306568257,,0.015362415698388587,0.015362415698388587
198.2480001449585,1790848241.279,True,XY_YAW,ACCEPTED,0.26085576635875896,0.5052611708923941,1.8188976088615658,0.6074809498028182,1.0572431917958536,1.4261985271628281,0.6630524937218178,1.060663918128514,1.4916483741126154,0.055571543918999655,0.0034207263326603843,0.06544984694978734,8,8,5,0.05419849928202414,0.00428815682554573,0.005797238556400304,0.008421302528270669,0.02780565713667582,0.03532010967997978
198.38000011444092,1790848241.411,True,X_ONLY,ACCEPTED,0.26050419207435693,0.5089333160049686,1.8205770625650368,0.6638999498006632,1.0642541928254814,1.4933278278160864,0.6062099798245084,1.0642541928254814,1.4235146577363131,-0.05768996997615487,0.0,-0.0698131700797732,8,7,3,0.025730439945361283,0.000872928342918744,0.001302083210264697,,0.0072796572235260815,0.009976881711907915
198.5220000743866,1790848241.553,True,XY_YAW,ACCEPTED,0.2570611322573293,0.5240602942454938,1.8238901598706372,0.608884555017779,1.0795357758301474,1.4268277550419135,0.6546867171239867,1.0563265367856653,1.509730894511644,0.04580216210620763,-0.023209239044482022,0.08290313946973066,9,9,7,0.023155755875319817,0.006635902484645295,0.004384263111439236,0.006469594841448434,0.0818381202468208,0.034058018659361644
198.6600000858307,1790848241.691,True,XY_YAW,ACCEPTED,0.24930560304017502,0.5532703494267553,1.8290964613322283,0.656337173982335,1.0865035404356174,1.5149371959732352,0.6602093492695992,1.063724860275341,1.4974839034532919,0.0038721752872640913,-0.022778680160276288,-0.017453292519943306,9,9,7,0.022491444642537495,0.004978503523945577,0.010879711837979531,,0.031831405981190386,0.03234173405775831
198.80000019073486,1790848241.831,True,XY_YAW,ACCEPTED,0.23926718259476565,0.5900047302388901,1.831676721454596,0.6626773808349222,1.10172608971443,1.5000641635756595,0.6483395831732488,1.1130932770031217,1.5000641635756595,-0.014337797661673424,0.011367187288691627,0.0,10,10,5,0.01803028657792305,0.006663099289231478,0.00938031896497206,,0.02782716861127804,0.03474381532365656
198.94000005722046,1790848241.971,True,XY_YAW,ACCEPTED,0.22584432755950234,0.6304979875680984,1.8346997286473044,0.6488313394564607,1.1557504581357878,1.503087170768368,0.6635943237952466,1.1507373879717873,1.5205404632883113,0.014762984338785931,-0.0050130701640004605,0.017453292519943292,7,7,4,0.007254920207326737,0.0016603919876132522,0.008917006404167519,0.17125942067991284,0.0285360837829024,0.021297983117471497
199.08000016212463,1790848242.111,True,XY_YAW,ACCEPTED,0.20256598359013878,0.6727915034376514,1.8446848531950293,0.6545247182301825,1.1981543157239973,1.5305255878360362,0.6537505099777459,1.1921388580127168,1.5087089721861071,-0.0007742082524366811,-0.006015457711280647,-0.021816615649929122,8,8,5,0.006310711101403577,0.00210046585284212,0.008153672727329258,,0.006403007706725639,0.022762688139801535
199.22100019454956,1790848242.252,True,XY_YAW,ACCEPTED,0.18174358530307,0.703815303421608,1.8473414335226588,0.6443205690118935,1.2282930368756146,1.5113655525137366,0.6446789702703309,1.2075754127206006,1.5070022293837508,0.00035840125843739946,-0.020717624155014103,-0.00436332312998583,9,9,7,0.02196362430120047,0.0033161001158612535,0.00802177352108197,0.12073441991596434,0.02927641322165142,0.03090827504359228
199.3600001335144,1790848242.391,True,XY_YAW,ACCEPTED,0.17172934794452432,0.7273318430413168,1.8483949201028482,0.6430891168650222,1.2330858998133292,1.5080557159639403,0.6573716107480245,1.246410032956724,1.5604155935237702,0.014282493883002297,0.013324133143394923,0.052359877559829876,7,7,5,0.02611423043620187,0.004008714876653996,0.0029620791801447093,,0.03790432018151363,0.028917572687162163
199.50500011444092,1790848242.536,True,XY_YAW,ACCEPTED,0.16497144272812014,0.7532334494924701,1.8498300984947187,0.6582484515447774,1.2731643531663925,1.5618507719156407,0.6492648471044875,1.2819720453077863,1.5618507719156407,-0.008983604440289894,0.008807692141393736,0.0,7,7,6,0.009213669217285947,0.004499717420136912,0.004487000181168637,,0.03629356856447449,0.0273099641241846
199.64000010490417,1790848242.671,False,REJECTED,AMBIGUOUS_JOINT_HYPOTHESIS,0.15758603150508432,0.7831706426496844,1.8518912383038795,0.6506861913077384,1.3127739870277753,1.5639119117248015,0.6506861913077384,1.3127739870277753,1.5639119117248015,0.0,0.0,0.0,7,7,5,0.00599255869575438,0.008238688717467945,0.0005413805314865329,0.19036601318480725,0.0321924431357907,0.0321924431357907
199.78000020980835,1790848242.811,False,REJECTED,INSUFFICIENT_RESIDUAL_IMPROVEMENT,0.1471572555373608,0.8191047259734207,1.8542577522170895,0.6508927061611771,1.3501902276742848,1.5662784256380116,0.6508927061611771,1.3501902276742848,1.5662784256380116,0.0,0.0,0.0,6,6,5,0.007655510461932136,0.006785614521945026,0.002393933638935763,,0.034544639429399865,0.034544639429399865
199.92000007629395,1790848242.951,True,XY_YAW,ACCEPTED,0.1350390345889645,0.859392729432913,1.8565479183705111,0.6507159279543427,1.3922609211695405,1.5685685917914332,0.6442626331966584,1.3914826092394672,1.5772952380514047,-0.0064532947576843355,-0.0007783119300733277,0.008726646259971646,7,7,7,0.00519700958176339,0.0020379461074768734,0.006356653548115106,,0.03565230385573234,0.026284897586577483
200.06000018119812,1790848243.091,True,XY_YAW,ACCEPTED,0.12265053104752432,0.9010993997222533,1.8617694971722736,0.6438499555907615,1.4349883682124307,1.5825168168531671,0.6421016168126882,1.4139673096608454,1.5825168168531671,-0.001748338778073344,-0.021021058551585425,0.0,6,6,5,0.008570040650468291,0.0015111139780715765,0.005797968603282503,0.12373045359813023,0.026355736923422968,0.03581611624541914
200.20000004768372,1790848243.231,False,REJECTED,INSUFFICIENT_RESIDUAL_IMPROVEMENT,0.10894145937489697,0.9448924926922949,1.864884111437716,0.6409946236762293,1.4598426647461609,1.5856314311186097,0.6409946236762293,1.4598426647461609,1.5856314311186097,0.0,0.0,0.0,6,6,4,0.0036505825681484028,0.0025480095843310527,0.005633231932321139,0.0910621130131844,0.039861309392850486,0.039861309392850486
200.3400001525879,1790848243.371,True,XY_YAW,ACCEPTED,0.09534239421900947,0.9890498697940427,1.8660902534814254,0.6400937859054459,1.5060378703083275,1.5868375731623192,0.6394658597143901,1.503489429569727,1.591200896292305,-0.0006279261910558226,-0.0025484407386004992,0.004363323129985816,6,6,6,0.006273971166090686,0.004011888657172946,0.0038744108335860353,0.10018288723275393,0.02783580139487357,0.028313750899096046
200.4800000190735,1790848243.511,True,XY_YAW,ACCEPTED,0.08183761489803021,1.033446135769722,1.8660902432229678,0.6385190565485308,1.5498845916112234,1.5912008860338474,0.63671202255384,1.5447601053726863,1.5955642091638331,-0.0018070339946908518,-0.005124486238537229,0.004363323129985816,8,8,5,0.004740095838491776,0.001446780330761177,0.008435636269153014,0.10725386033737117,0.026442295251543957,0.02842375241958306
200.62000012397766,1790848243.651,False,REJECTED,INSUFFICIENT_RESIDUAL_IMPROVEMENT,0.06823553376330382,1.078052614397128,1.8695712897455108,0.6355252058563611,1.5913792646621834,1.5990452556863763,0.6355252058563611,1.5913792646621834,1.5990452556863763,0.0,0.0,0.0,7,7,5,0.004691050722808399,0.003080839298741367,0.008914100037814825,0.10457198880467511,0.026918811285222277,0.026918811285222277
200.76500010490417,1790848243.796,False,REJECTED,AMBIGUOUS_JOINT_HYPOTHESIS,0.05448800777359253,1.1246032264579255,1.8749913414535384,0.6347177811289758,1.6399107185800528,1.604465307394404,0.6347177811289758,1.6399107185800528,1.604465307394404,0.0,0.0,0.0,6,6,3,0.007467811807455704,7.57424241322191e-05,0.0008257397040864513,0.09684318167528469,0.02833163951089615,0.02833163951089615
200.90100002288818,1790848243.932,False,REJECTED,AMBIGUOUS_JOINT_HYPOTHESIS,0.04462468983524426,1.1557280937637195,1.8762127528176886,0.6335309465883566,1.6725394456365807,1.6056867187585542,0.6335309465883566,1.6725394456365807,1.6056867187585542,0.0,0.0,0.0,5,5,3,0.032968629878904254,0.0004263644430310132,0.00020651581984535913,0.08956966581168599,0.03270173358611256,0.03270173358611256
201.0420000553131,1790848244.073,True,Y_ONLY,ACCEPTED,0.04141551943440036,1.1645074538206674,1.8754799052735152,0.6327846741851928,1.6818571178336192,1.604953871214381,0.6327846741851928,1.7364598211577849,1.57441060930448,0.0,0.054602703324165724,-0.030543261909900768,5,5,4,0.05019420104095079,0.006210569817832745,0.009888472075166944,0.08861560411256153,0.031067800110841565,0.035161933006714746
201.1800000667572,1790848244.211,True,Y_ONLY,ACCEPTED,0.04164891417404615,1.1643856963725705,1.8765944566739692,0.6329714646710621,1.7362743291227802,1.5755251607049339,0.6329714646710621,1.740225911854545,1.571161837574948,0.0,0.003951582731764658,-0.00436332312998583,5,5,3,0.003993027572166685,0.0015325620179948984,0.007824206832282962,,,
201.32000017166138,1790848244.351,True,Y_ONLY,ACCEPTED,0.04347112440898604,1.1571639243271747,1.874784379156617,0.6325377087232027,1.7327904362548483,1.569351760057596,0.6325377087232027,1.742475916641462,1.5737150831875817,0.0,0.009685480386613765,0.004363323129985816,5,5,4,0.008705790580151751,0.004756278394021485,0.006695363837673657,0.07976427434295158,0.036436150819669055,0.035806115896252017
201.46000003814697,1790848244.491,True,Y_ONLY,ACCEPTED,0.050525905337588606,1.134755571536878,1.8790372896837884,0.6326301569847511,1.7189834569566202,1.577967993714753,0.6326301569847511,1.7392272815892995,1.5692413474547813,0.0,0.020243824632679375,-0.00872664625997166,5,5,4,0.022193432306086613,0.0035257096325794768,0.008951884686645904,0.07148745323688038,0.03360870013988046,0.03483844851110669
201.60000014305115,1790848244.631,True,Y_ONLY,ACCEPTED,0.06079505180696243,1.101943532839716,1.880911327496092,0.6324072297710135,1.7048465376163884,1.5711153852670852,0.6324072297710135,1.7274492699830255,1.597295324047,0.0,0.02260273236663707,0.026179938779914924,5,5,4,0.017099419461867882,0.003892635884176543,0.0027797873487481212,0.06950992857243771,0.03445824614132914,0.03127574848907306
201.74000000953674,1790848244.771,True,Y_ONLY,ACCEPTED,0.07239478466609484,1.063491813638508,1.8851827766643068,0.6327836449414682,1.687287760754024,1.6015667732152148,0.6327836449414682,1.6712686673434094,1.5753868344353,0.0,-0.016019093410614638,-0.026179938779914952,5,5,2,0.009605968420347888,0.0005916802273586153,0.00887300502241991,0.07224302008938113,0.030019388579956646,0.03246471254183242
201.88000011444092,1790848244.911,False,REJECTED,INSUFFICIENT_RESIDUAL_IMPROVEMENT,0.08595175098349328,1.0219749983500717,1.8884269814534098,0.6330382479272788,1.627595191814837,1.578631039224403,0.6330382479272788,1.627595191814837,1.578631039224403,0.0,0.0,0.0,6,5,4,0.0072276444452383515,0.01198295184691758,0.004045216443385825,0.08371761476392281,0.02759786668969544,0.02759786668969544
202.02500009536743,1790848245.056,False,REJECTED,AMBIGUOUS_JOINT_HYPOTHESIS,0.10068019029196829,0.9772550373301351,1.8904728621500073,0.6334320320910678,1.5805139134536828,1.5806769199210005,0.6334320320910678,1.5805139134536828,1.5806769199210005,0.0,0.0,0.0,7,7,3,0.007828802524616096,0.0008725159544588632,0.0003350724910834435,0.06348711414606789,0.03044842566391248,0.03044842566391248
202.1600000858307,1790848245.191,False,REJECTED,INSUFFICIENT_RESIDUAL_IMPROVEMENT,0.1144224144200594,0.9345198423413644,1.8937554279109337,0.6334916333643407,1.535623579723545,1.5839594856819268,0.6334916333643407,1.535623579723545,1.5839594856819268,0.0,0.0,0.0,6,6,4,0.00862771248629185,0.015032686561789688,0.006700506398476792,0.05557480760465161,0.03932020971683414,0.03932020971683414
202.30000019073486,1790848245.331,True,XY_YAW,ACCEPTED,0.1271844530476547,0.8944809614210808,1.8963509501003026,0.6334397199825187,1.4936000277522792,1.5865550078712958,0.6379710062967483,1.5243529089073116,1.604008300391239,0.004531286314229613,0.030752881155032274,0.017453292519943292,6,6,4,0.018953680880452656,0.0019472806157699862,0.0047348122840005485,0.0552568660420365,0.03154693975572148,0.028645636117056172
202.44000005722046,1790848245.471,True,XY_YAW,ACCEPTED,0.129372470453458,0.88687668031809,1.900778592484409,0.6378746636657632,1.5164406886526134,1.6084359427753454,0.6403525601351244,1.4700458972197619,1.6127992659053312,0.002477896469361229,-0.046394791432851634,0.004363323129985816,7,7,5,0.04431261425270783,0.0027765256774068925,0.0028411976177553974,0.06504306282409106,0.025756624573359033,0.02838788957380947
202.58000016212463,1790848245.611,False,REJECTED,INSUFFICIENT_RESIDUAL_IMPROVEMENT,0.13000383061470933,0.8844405547902722,1.9011602867603932,0.6402660236860164,1.467530776013244,1.6131809601813154,0.6402660236860164,1.467530776013244,1.6131809601813154,0.0,0.0,0.0,7,7,6,0.004440202533014415,0.0034724519550973776,0.004699487691100353,0.07131969205339073,0.027266094307319827,0.027266094307319827
202.7220001220703,1790848245.753,True,XY_YAW,ACCEPTED,0.1357253940694647,0.8666758326251883,1.9011602867603932,0.6407065179514506,1.4488725980000634,1.6131809601813154,0.6440595642358348,1.4608782241281697,1.6349975758312445,0.003353046284384114,0.012005626128106295,0.021816615649929122,7,7,6,0.006742376069358957,0.0006453844185517754,0.0022358330499788748,0.06595713204074316,0.02680270815301966,0.034984334546701135
202.8600001335144,1790848245.891,True,XY_YAW,ACCEPTED,0.14587337486348573,0.8382659345098818,1.9023664332394823,0.6463775174644677,1.430799478842706,1.6362037223103338,0.6455028628112054,1.4351488922387294,1.6362037223103338,-0.0008746546532623634,0.004349413396023405,0.0,7,7,6,0.0027093798767452437,0.0005266266392219277,0.0017388217124539636,0.06218009739036556,0.036087248366642566,0.03521259371338026
203.00100016593933,1790848246.032,True,XY_YAW,ACCEPTED,0.15581362508566277,0.8104012726357394,1.9023664332394823,0.6477638143680318,1.405650823591825,1.6362037223103338,0.6389857767331651,1.4104012556334113,1.5969338141404614,-0.008778037634866644,0.004750432041586289,-0.03926990816987243,6,6,6,0.015111232116224504,0.005337141320151312,0.0028525584611917426,0.06618998741636878,0.03285059791243633,0.0321808016197771
203.14000010490417,1790848246.171,True,XY_YAW,ACCEPTED,0.1586795260620084,0.8015373191233629,1.9034199096896836,0.6390535928457639,1.401085759873622,1.5979872905906625,0.646019311277532,1.3883325747609367,1.6154405831106058,0.006965718431768079,-0.012753185112685084,0.017453292519943292,6,6,4,0.011523906311204535,0.0034125840720019285,0.0013972828857077846,,,
203.2850000858307,1790848246.316,True,XY_YAW,ACCEPTED,0.15854113756540866,0.8013600016764738,1.902290096061085,0.6458362607801129,1.3882018637500877,1.6143107694820071,0.6471748149639593,1.3748982675824146,1.6361273851319362,0.0013385541838464767,-0.01330359616767307,0.021816615649929122,6,6,6,0.011482824123049934,0.0022071486512843987,0.004928711763741614,,0.029984235713707286,0.0257884104952652
203.42000007629395,1790848246.451,False,REJECTED,INSUFFICIENT_RESIDUAL_IMPROVEMENT,0.15854113756540866,0.8013600016764738,1.902290096061085,0.6471748149639593,1.3748982675824146,1.6361273851319362,0.6471748149639593,1.3748982675824146,1.6361273851319362,0.0,0.0,0.0,6,6,6,0.002453439572254329,0.0027284990756684113,0.0071096587857111815,,0.02655877526347933,0.02655877526347933
203.56200003623962,1790848246.593,False,REJECTED,INSUFFICIENT_RESIDUAL_IMPROVEMENT,0.15854113756540866,0.8013600016764738,1.902290096061085,0.6471748149639593,1.3748982675824146,1.6361273851319362,0.6471748149639593,1.3748982675824146,1.6361273851319362,0.0,0.0,0.0,6,6,6,0.0022117062439513946,0.002209187067493512,0.008150811747042953,0.19266311820268542,0.025513165762569928,0.025513165762569928
203.70000004768372,1790848246.731,False,REJECTED,INSUFFICIENT_RESIDUAL_IMPROVEMENT,0.15854113756540866,0.8013600016764738,1.902290096061085,0.6471748149639593,1.3748982675824146,1.6361273851319362,0.6471748149639593,1.3748982675824146,1.6361273851319362,0.0,0.0,0.0,6,6,6,0.0028101050635054303,0.0020562340134354373,0.008057915258705533,0.19287521259746288,0.02611401266960356,0.02611401266960356
203.84400010108948,1790848246.875,False,REJECTED,INSUFFICIENT_RESIDUAL_IMPROVEMENT,0.15783684569889433,0.8008805263427,1.901842620021996,0.6463692061195256,1.3746209266032832,1.6356799090928476,0.6463692061195256,1.3746209266032832,1.6356799090928476,0.0,0.0,0.0,6,6,6,0.0027921371017015917,0.0028471567741713832,0.007297322464404274,,0.02643727675316704,0.02643727675316704
203.9800000190735,1790848247.011,True,XY_YAW,ACCEPTED,0.1487911197909615,0.7983841732990503,1.905130996820908,0.6369853856559351,1.3745917851021856,1.6389682858917596,0.6468901408759384,1.3743535953277337,1.6302416396317878,0.00990475522000328,-0.00023818977445194678,-0.00872664625997166,6,6,6,0.006216982869107157,0.001415110769886374,0.008197526294654473,,0.02709580173924614,0.026170261528591754
204.12000012397766,1790848247.151,True,XY_YAW,ACCEPTED,0.127115974387215,0.7984146904031685,1.9143534164222569,0.6260370672576787,1.3802664778936782,1.6394640592331367,0.6448149816227888,1.3741274804662762,1.6307374129731649,0.018777914365110115,-0.006138997427401982,-0.00872664625997166,6,6,6,0.00955972910039185,0.0016744625436562188,0.006329913809594877,,0.027206104121026448,0.026257159699214022
204.25999999046326,1790848247.291,True,XY_YAW,ACCEPTED,0.11735229754040999,0.798439414126053,1.9183095773646133,0.6354482835027404,1.3768833765381903,1.6346935739155213,0.6214481982906035,1.3766411891190442,1.6259669276555497,-0.014000085212136863,-0.00024218741914597275,-0.00872664625997166,6,6,6,0.005784837758771977,0.0015127582452475197,0.007529386924376075,0.173689267846028,0.032557179581795326,0.020804794422346146
204.40000009536743,1790848247.431,True,XY_YAW,ACCEPTED,0.11693631964769047,0.7988150183190016,1.917618930445872,0.6211581175005106,1.377120740213518,1.6252762807368082,0.6024767523187027,1.3793236391382868,1.6165496344768364,-0.01868136518180797,0.0022028989247688813,-0.00872664625997166,7,7,5,0.009116574648237341,0.000527690403834491,0.005776756258365233,0.16184846325847804,0.04020966742930082,0.023826977940403893
204.5550000667572,1790848247.586,True,XY_YAW,ACCEPTED,0.11276737800430858,0.79746267747209,1.919725879200262,0.5980943046173479,1.3792683911786916,1.6186565832312265,0.6079214242670948,1.383591819644314,1.6361098757511698,0.009827119649746906,0.004323428465622392,0.017453292519943292,8,8,7,0.005447179942509317,0.0013810002879532934,0.008499055107747518,0.1302281411738057,0.026094421525067357,0.03181308206227884
204.6800000667572,1790848247.711,True,XY_YAW,ACCEPTED,0.09613637025945021,0.7911951566427015,1.9246115615573278,0.5902009935292459,1.3822285256842848,1.6409955581082356,0.5996385451510702,1.3860586348623594,1.6409955581082356,0.009437551621824192,0.00383010917807447,0.0,6,6,6,0.006532555452476885,0.0036840899906419033,0.001121104567002311,,0.028623824244303764,0.02862382424430371
204.82000017166138,1790848247.851,True,XY_YAW,ACCEPTED,0.07087165436009824,0.7816595672937604,1.9324133885081172,0.5727148237650769,1.3839737942363133,1.648797385059025,0.5623756802205148,1.3816584143087414,1.6575240313189965,-0.010339143544562113,-0.0023153799275719145,0.008726646259971646,7,7,6,0.006476333356355224,0.0018513539736201012,0.0012119588275024441,0.09480859045766621,0.03535802628723028,0.03689614406657493
204.9610002040863,1790848247.992,True,XY_YAW,ACCEPTED,0.06146122433426626,0.7777441887278819,1.939009062455854,0.552255770445558,1.3804444090649495,1.6641197052667336,0.5637883863591032,1.3743229471932203,1.6772096746566911,0.011532615913545223,-0.0061214618717290725,0.013089969389957462,7,7,7,0.006087643725766645,0.003583666139713393,0.001335386835231843,0.11847145590563624,0.03177157721860885,0.03344637002692702
205.10000014305115,1790848248.131,False,REJECTED,INSUFFICIENT_RESIDUAL_IMPROVEMENT,0.061137333983757536,0.7774779721725457,1.9398029811599904,0.5634066303900183,1.3741496307382721,1.6780035933608275,0.5634066303900183,1.3741496307382721,1.6780035933608275,0.0,0.0,0.0,6,6,5,0.0024016957880605982,0.005108481174102191,0.009850847616964704,0.15269523382828235,0.03368900872726022,0.03368900872726022
205.24000000953674,1790848248.271,False,REJECTED,INSUFFICIENT_RESIDUAL_IMPROVEMENT,0.061137333983757536,0.7774779721725457,1.9398029811599904,0.5634066303900183,1.374149630738272,1.6780035933608275,0.5634066303900183,1.374149630738272,1.6780035933608275,0.0,0.0,0.0,6,6,5,0.00611661996167262,0.005514606789048468,0.01082212495066076,0.14216162056504483,0.038690012688608694,0.038690012688608694
205.38300013542175,1790848248.414,False,REJECTED,INSUFFICIENT_RESIDUAL_IMPROVEMENT,0.06069951868642698,0.778881186905724,1.9403884806772802,0.5633469119844972,1.3756183470260641,1.6785890928781173,0.5633469119844972,1.3756183470260641,1.6785890928781173,0.0,0.0,0.0,6,6,5,0.0036869863926668467,0.005832618343769084,0.012102206290603452,0.19970592498977352,0.038594912371707146,0.038594912371707146
205.5220000743866,1790848248.553,True,XY_YAW,ACCEPTED,0.05170017205940791,0.7888167567873846,1.944564946733829,0.5572257253670531,1.3875445728742117,1.6827655589346662,0.5490198047070975,1.3747568756129063,1.6478589738947795,-0.00820592065995546,-0.012787697261305464,-0.0349065850398866,6,6,5,0.01574577053482873,0.0051359079879131405,0.01051648843970482,0.18923301013260002,0.0318968019980648,0.035447603358664814
205.6600000858307,1790848248.691,False,REJECTED,INSUFFICIENT_RESIDUAL_IMPROVEMENT,0.03357964469901087,0.8016658022831568,1.9494980067855545,0.5354477555474505,1.3923424084049327,1.6527920339465052,0.5354477555474505,1.3923424084049327,1.6527920339465052,0.0,0.0,0.0,7,7,5,0.008592568246165555,0.007571136884960472,0.003339731012723824,,0.02790446639696703,0.02790446639696703
205.81000018119812,1790848248.841,False,REJECTED,AMBIGUOUS_JOINT_HYPOTHESIS,0.030263760009203944,0.8037947297989755,1.9475696859607567,0.5328991974153943,1.3953477827728333,1.6508637131217072,0.5328991974153943,1.3953477827728333,1.6508637131217072,0.0,0.0,0.0,7,7,4,0.011431098128273642,0.0031226829564984238,0.00019136950541399217,0.0923290998337476,0.030864124902795886,0.030864124902795886
205.94000005722046,1790848248.971,True,Y_ONLY,ACCEPTED,0.02808115552014301,0.803180385447371,1.9476702329759599,0.5306323454567533,1.3953984141427977,1.6509642601369101,0.5306323454567533,1.4077550454464196,1.6422376138769383,0.0,0.012356631303621857,-0.00872664625997166,6,6,4,0.013095645260525979,0.00066276774894658,0.011935772297702655,,0.03055447835275929,0.03295539312183424
206.08200001716614,1790848249.113,True,XY_YAW,ACCEPTED,0.01793349753050788,0.7946721827023849,1.9531496059634121,0.5183958861128672,1.402692087876993,1.6477169868643906,0.5300202929549933,1.4076614900593576,1.6477169868643906,0.011624406842126067,0.004969402182364524,0.0,7,7,6,0.006292657777371535,0.0022488261564882484,0.006657391247535543,,0.02705822465878044,0.029085356819632924
206.22000002861023,1790848249.251,True,XY_YAW,ACCEPTED,-0.004142345093611333,0.7756525064651892,1.9540325289769833,0.5032468606931019,1.3961604363402171,1.6485999098779618,0.5030562116345327,1.405909899107036,1.644236586747976,-0.00019064905856908815,0.009749462766818873,-0.00436332312998583,6,6,5,0.009008220656782417,0.0027131898703058877,0.009735801309790364,0.19203122662301325,0.026392541341999753,0.026236064728954234
206.3619999885559,1790848249.393,True,Y_ONLY,ACCEPTED,-0.037210824612456284,0.7578711274634832,1.958377530840678,0.4661410229950884,1.3990563872623816,1.6485815886116706,0.4661410229950884,1.3993048138944029,1.6791248505215712,0.0,0.00024842663202129245,0.030543261909900754,6,6,3,0.007510620033746029,1.9997691859785505e-05,0.004184678633950658,,0.007799727016396807,0.01423317070651636
206.5,1790848249.531,True,Y_ONLY,ACCEPTED,-0.07953849814358538,0.7496428318213623,1.9647975167027267,0.42318502609775716,1.4030623564807818,1.6855448363836203,0.42318502609775716,1.3822575991025978,1.6375482819537763,0.0,-0.020804757378184102,-0.04799655442984407,5,5,2,0.020405535798570185,0.007064660368386266,0.007792781739574511,,0.013121558707380299,0.019729398592841223
206.64000010490417,1790848249.671,True,XY_YAW,ACCEPTED,-0.11553682649505115,0.7544219876166017,1.9716057265186295,0.3906333336537188,1.3983544091357647,1.644356491769679,0.4269315523436904,1.376085329593897,1.6356298455097074,0.0362982186899716,-0.02226907954186763,-0.00872664625997166,8,8,4,0.027059812907275174,0.006344858444535942,0.005454802103881495,,0.013105287285600009,0.033655308504049075
206.78000020980835,1790848249.811,True,Y_ONLY,ACCEPTED,-0.12636432403392828,0.7531976567255098,1.979239615003841,0.4163057803574074,1.378499176892463,1.6432637339949188,0.4163057803574074,1.3861197637512164,1.6563537033848763,0.0,0.007620586858753331,0.013089969389957462,7,7,3,0.017165175160177792,0.0012827903447858446,0.005234893659305091,,0.03210417319523386,0.025018827814247316
206.92000007629395,1790848249.951,True,Y_ONLY,ACCEPTED,-0.14387356292451692,0.7454952759382584,1.9860490244484674,0.3972573536436057,1.384371176879353,1.6631631128295028,0.3972573536436057,1.3996871296104,1.6500731434395453,0.0,0.015315952731047133,-0.013089969389957476,5,4,3,0.01728555490992756,0.0004421619211854022,0.0024816107229012445,,0.013459776098126389,0.02404644164599664
207.06500005722046,1790848250.096,False,REJECTED,INSUFFICIENT_RESIDUAL_IMPROVEMENT,-0.17250574763602722,0.7324023159881276,1.990003373131731,0.365909396013252,1.3967659733298607,1.654027492122809,0.365909396013252,1.3967659733298607,1.654027492122809,0.0,0.0,0.0,5,5,2,0.001430891212769958,0.003557993433157103,0.0018863226411507394,,0.02281103319065647,0.02281103319065647
207.2020001411438,1790848250.233,False,REJECTED,INSUFFICIENT_RESIDUAL_IMPROVEMENT,-0.20933818045423447,0.7206055833067474,1.995048963203221,0.32724702818551077,1.3977721160712944,1.6590730821942987,0.32724702818551077,1.3977721160712944,1.6590730821942987,0.0,0.0,0.0,5,5,2,0.0026309584777797212,0.005089417691210074,0.005117518664629418,,0.0173334855418161,0.0173334855418161
207.3400001525879,1790848250.371,True,Y_ONLY,ACCEPTED,-0.2484951446529522,0.7174090310107554,1.9976067276342757,0.28922549482450643,1.4076639709387446,1.6616308466253535,0.28922549482450643,1.3999069666524147,1.7139907241851835,0.0,-0.007757004286330027,0.052359877559829876,6,6,4,0.019632592055202847,0.006683956616125641,,0.14129833395739277,0.011032299234423643,0.003688725223769295
207.48200011253357,1790848250.513,True,X_ONLY,ACCEPTED,-0.257055566766913,0.7208100057736874,2.0042329290932948,0.28195875423517225,1.4055675264581762,1.7206169256442023,0.26443866784134834,1.4055675264581762,1.6944369868642875,-0.017520086393823908,0.0,-0.026179938779914952,5,5,3,0.014347642129214466,0.002383300282920801,0.009714024190049934,0.1452830927361024,0.012412589533906782,0.015449227790976966
207.62000012397766,1790848250.651,True,XY_YAW,ACCEPTED,-0.2681637308931619,0.7260544145340843,2.009226132573637,0.25545813198631573,1.4139487620030275,1.6994301903446296,0.2415031868324172,1.407472995599134,1.738700098514502,-0.013954945153898531,-0.006475766403893579,0.039269908169872414,5,5,5,0.014655419793107693,0.005142109239896442,0.0054953190248872436,,0.023105341442113708,0.02471399740680971
207.75999999046326,1790848250.791,True,XY_YAW,ACCEPTED,-0.29505777917765186,0.7426593331337142,2.017821235207165,0.22002473437689662,1.4306611226245063,1.7472952011480303,0.253617912504798,1.4149568113288205,1.7211152623681154,0.03359317812790135,-0.015704311295685836,-0.026179938779914952,6,6,5,0.03546226892507853,0.007981841996500247,0.005617118491356248,,,
207.90000009536743,1790848250.931,True,XY_YAW,ACCEPTED,-0.3201467236910607,0.7686220351950154,2.022896242931273,0.23721599500540402,1.4471203642647732,1.7261902700922236,0.20277033054869414,1.4400662060372877,1.691283685052337,-0.03444566445670988,-0.007054158227485452,-0.0349065850398866,5,5,5,0.02295276482474229,0.0029606315278895567,0.005153655905740765,,0.00791156542290257,0.016527588965197224
208.0400002002716,1790848251.071,True,XY_YAW,ACCEPTED,-0.3419696120914322,0.8027468130109753,2.0303064510403663,0.1932463251277152,1.4794366548519113,1.6986938931614302,0.21638947097812794,1.4632149884821242,1.7117838625513877,0.02314314585041275,-0.01622166636978717,0.013089969389957462,6,6,5,0.017248016219781337,0.0010131795027189527,0.008343931265163935,,,
208.1800000667572,1790848251.211,True,XY_YAW,ACCEPTED,-0.3555271919330447,0.8467631040272051,2.0307530271509786,0.21729815849107523,1.5092629649087914,1.712230438662,0.18222597218988354,1.4591546905324007,1.7471370237018866,-0.03507218630119169,-0.050108274376390705,0.034906585039886584,6,6,4,0.03929976956662973,0.007836712585048755,0.010724556647583268,,0.011692161860817,0.03826214032898629
208.32500004768372,1790848251.356,True,X_ONLY,ACCEPTED,-0.3608943320249236,0.8984855957701737,2.027073500582361,0.19154670399386808,1.5103127427187917,1.7434574971332688,0.17099682486760404,1.5103127427187917,1.717277558353354,-0.020549879126264048,0.0,-0.026179938779914952,6,6,3,0.016798114330444203,0.0036895226064218023,0.0013970429321963004,,,
208.46000003814697,1790848251.491,False,REJECTED,AMBIGUOUS_JOINT_HYPOTHESIS,-0.36416068362024845,0.9470413912985535,2.0209663926552524,0.1826888938955659,1.557552872417846,1.7111704504262453,0.1826888938955659,1.557552872417846,1.7111704504262453,0.0,0.0,0.0,5,5,4,0.03788063013456122,0.0068091868010116685,0.0008139734773096284,0.16588806903221254,0.06650318467258806,0.06650318467258806
208.60300016403198,1790848251.634,True,XY_YAW,ACCEPTED,-0.36984035544915117,0.9917613742353183,2.0164471172107383,0.1909131245529288,1.6018755254977675,1.7066511749817312,0.17527303068269381,1.6128699483441178,1.7459210831516037,-0.01564009387023499,0.010994422846350271,0.039269908169872414,6,6,4,0.013515896793918514,0.003552609878995694,0.004956821024230149,,,
208.74000000953674,1790848251.771,True,XY_YAW,ACCEPTED,-0.3724441352875558,1.0179918551176779,1.9653307840473824,0.17977374025170992,1.6388422684203467,1.6948047499882477,0.18035942121672557,1.6860407181373391,1.7209846887681626,0.0005856809650156558,0.0471984497169925,0.026179938779914924,6,6,5,0.019051186155579547,0.00319803250016093,0.0017282663138365843,,,
208.8950002193451,1790848251.926,False,REJECTED,AMBIGUOUS_JOINT_HYPOTHESIS,-0.3737734683601994,1.0276201952504138,1.9156799199530923,0.18139888131393245,1.6957046501960817,1.6713338246738725,0.18139888131393245,1.6957046501960817,1.6713338246738725,0.0,0.0,0.0,4,4,2,0.009290114408774253,0.009346982309901497,0.0004499021914710251,,,
209.0200002193451,1790848252.051,False,REJECTED,INSUFFICIENT_RESIDUAL_IMPROVEMENT,-0.3769380806282483,1.0362034238005948,1.8953737627261966,0.18040474247614918,1.7047985091746969,1.6510276674469768,0.18040474247614918,1.7047985091746969,1.6510276674469768,0.0,0.0,0.0,6,6,3,0.00949163279070886,0.0076265581593668585,0.0030251929217863134,,,
209.1600000858307,1790848252.191,False,REJECTED,INSUFFICIENT_RESIDUAL_IMPROVEMENT,-0.3817896052795098,1.0504895410930986,1.8481204103143123,0.1791534534172695,1.7198339577688726,1.6037743150350925,0.1791534534172695,1.7198339577688726,1.6037743150350925,0.0,0.0,0.0,6,6,3,0.010089501604245932,0.008285461064315491,0.0021683241177125404,,,
209.30000019073486,1790848252.331,False,REJECTED,INSUFFICIENT_RESIDUAL_IMPROVEMENT,-0.38403015027935794,1.0596875074752787,1.8445474379710607,0.17920465164222688,1.7293007421334718,1.6002013426918407,0.17920465164222688,1.7293007421334718,1.6002013426918407,0.0,0.0,0.0,5,5,4,0.011820686298610272,0.01703924530821739,0.0038050513715446738,,,
209.44000005722046,1790848252.471,True,XY_YAW,ACCEPTED,-0.3883983619798914,1.0737475936044232,1.8509140795260186,0.17836763718638765,1.7439999496706269,1.6065679842467988,0.21003046317940596,1.7398653589629665,1.5629347529469406,0.03166282599301832,-0.004134590707660535,-0.043633231299858244,5,5,5,0.015857648281051073,0.007052884592209097,0.003397968324987514,,,
209.58500003814697,1790848252.616,False,REJECTED,INSUFFICIENT_RESIDUAL_IMPROVEMENT,-0.39008289124996676,1.0777324879310926,1.8535876011068464,0.20954707440709294,1.744164586446046,1.5656082745277682,0.20954707440709294,1.744164586446046,1.5656082745277682,0.0,0.0,0.0,6,6,5,0.01828815564748143,0.018380512206498167,0.001390711472052282,,,
209.72000002861023,1790848252.751,True,XY_YAW,ACCEPTED,-0.3885775821756996,1.072374136200921,1.8532501953943952,0.209468540340887,1.7385993621851785,1.565270868815317,0.20918111508753626,1.7616791079060532,1.5696341919453027,-0.0002874252533507423,0.023079745720874678,0.004363323129985816,5,5,5,0.023042581914683335,0.00486784034637866,0.0013325262666223948,,,
209.8600001335144,1790848252.891,False,REJECTED,AMBIGUOUS_JOINT_HYPOTHESIS,-0.38329433089165743,1.0530363209749414,1.8519064835527024,0.20884201794526563,1.741635434216518,1.56829048010361,0.20884201794526563,1.741635434216518,1.56829048010361,0.0,0.0,0.0,4,4,2,0.021463213218388177,0.0013680644884476179,0.0006026996276653901,,,
210.0,1790848253.031,True,XY_YAW,ACCEPTED,-0.37432808389723005,1.0207499145060073,1.8540545224147709,0.20841538877784752,1.7081298583313638,1.5704385189656784,0.20977304685903098,1.7483143324161128,1.5573485495757209,0.0013576580811834743,0.04018447408474901,-0.013089969389957476,5,5,5,0.021466793589997146,0.0020448413969041956,0.008253585957135668,,,
210.14000010490417,1790848253.171,True,XY_YAW,ACCEPTED,-0.3637536098092906,0.9826968553108223,1.8570975097850717,0.20875982893432357,1.708832333913177,1.5603915369460217,0.20775474118122791,1.7181468516347613,1.5909347988559226,-0.001005087753095644,0.009314517721584314,0.030543261909900754,5,5,4,0.017748305294244704,0.011747122046685099,0.005620394349630891,,,
210.28000020980835,1790848253.311,True,X_ONLY,ACCEPTED,-0.35153435664901633,0.9411893074481367,1.8593876778457386,0.20862594101342039,1.6748868506151082,1.5932249669165894,0.18898242506886076,1.6748868506151082,1.5277751199668022,-0.019643515944559625,0.0,-0.06544984694978737,6,6,2,0.02780696077306677,0.002915453404468221,0.0011501897098139952,,,
210.4210000038147,1790848253.452,True,XY_YAW,ACCEPTED,-0.3391612293746349,0.8972687314797619,1.863143538321896,0.18638230588432367,1.629330833974405,1.5315309804429593,0.19010844594816,1.6539628918154992,1.5446209498329169,0.0037261400638363418,0.024632057841094124,0.013089969389957462,5,5,5,0.008906441085448025,0.0010804759321235702,,,0.041395286460952176,0.025191796929569875
210.56000018119812,1790848253.591,False,REJECTED,INSUFFICIENT_RESIDUAL_IMPROVEMENT,-0.32651343621593343,0.8530164467589952,1.8628229132473981,0.18826183013060213,1.6079757046345524,1.5443003247584193,0.18826183013060213,1.6079757046345524,1.5443003247584193,0.0,0.0,0.0,5,5,4,0.002221738765020298,0.007861287881653412,0.00344253897799918,,,
210.70000004768372,1790848253.731,True,XY_YAW,ACCEPTED,-0.313456451516237,0.8083788223862568,1.864044340696825,0.1866831487297758,1.561494416742278,1.5455217522078462,0.20747998018761374,1.5399358743582567,1.5280684596879028,0.02079683145783795,-0.02155854238402133,-0.017453292519943306,5,5,5,0.01686367324144511,0.014085375595432215,0.0034690816686492494,,,
210.8490002155304,1790848253.88,True,Y_ONLY,ACCEPTED,-0.30426874230468126,0.7759770521227999,1.8651894220851906,0.20547143503098955,1.506316617032793,1.5292135410762684,0.20547143503098955,1.49870376177532,1.4550370478665093,0.0,-0.007612855257472906,-0.07417649320975901,5,4,2,0.02029572015119019,0.011884478543826682,0.00850260373764242,,0.02217686516085897,0.015490500312146289
210.9800000190735,1790848254.011,True,X_ONLY,ACCEPTED,-0.29950519804927556,0.7740961133731,1.8663497663636521,0.20908986870504048,1.4950793691089788,1.456197392144971,0.17598435613584446,1.4950793691089788,1.4911039771848575,-0.03310551256919603,0.0,0.034906585039886584,5,4,2,0.036240549477202566,0.0046241244579675045,0.0012393302886503591,,,
211.125,1790848254.156,True,XY_YAW,ACCEPTED,-0.2834140924000368,0.7784527861484983,1.866426107879573,0.19255252943677068,1.4932354840373623,1.4911803187007784,0.1712063080615518,1.4621691166065747,1.473727026180835,-0.021346221375218882,-0.03106636743078761,-0.017453292519943306,6,5,4,0.02469714423347491,0.0021929821663899396,0.0013102948624920119,,,
211.25999999046326,1790848254.291,True,XY_YAW,ACCEPTED,-0.2560696838462859,0.7844760933837168,1.8632198765485288,0.19877426733995152,1.4572696747578773,1.470520794849791,0.17679979339738044,1.4602025436414134,1.4836107642397485,-0.02197447394257107,0.002932868883536055,0.013089969389957462,6,5,4,0.014991693794659866,0.0029481259532537774,0.002407922766152256,,,
211.40000009536743,1790848254.431,False,REJECTED,INSUFFICIENT_RESIDUAL_IMPROVEMENT,-0.22901426932036517,0.7852700776184426,1.866639854704108,0.20222333762940833,1.4509144187059642,1.487030742395328,0.20222333762940833,1.4509144187059642,1.487030742395328,0.0,0.0,0.0,5,5,5,0.002045857528528483,0.005095414131180753,0.005450742586224307,0.09986098358026085,0.12486719703216548,0.12486719703216548
211.5400002002716,1790848254.571,True,XY_YAW,ACCEPTED,-0.2220456208707957,0.7859246507616252,1.8645137771391103,0.20893844182657503,1.4489401079820259,1.4849046648303301,0.24735424496702918,1.449662235543035,1.5590811580400892,0.03841580314045415,0.0007221275610092004,0.074176493209759,5,5,5,0.01823868402321438,0.002700493366402379,0.0059972183730675685,0.1414232213652452,0.12690744990402283,0.07207521883990103
211.6800000667572,1790848254.711,False,REJECTED,INSUFFICIENT_RESIDUAL_IMPROVEMENT,-0.20417818911702712,0.7909570592043581,1.8676475224580982,0.26590799190113973,1.449088888427353,1.562214903359077,0.26590799190113973,1.449088888427353,1.562214903359077,0.0,0.0,0.0,6,6,5,0.011551411607757078,0.014035574810522533,0.005374016740235823,0.12877179628688562,0.059702542154913496,0.059702542154913496
211.82200002670288,1790848254.853,True,XY_YAW,ACCEPTED,-0.1741994286709907,0.7991757520975696,1.8707316163461885,0.2969706525182786,1.4479124080245298,1.5652989972471674,0.2530223815856254,1.455707298119015,1.595842259157068,-0.04394827093265319,0.007794890094485085,0.030543261909900754,6,6,4,0.02738181152263952,0.010048526943108593,0.005344870608655412,0.09818889202805858,0.026839987128861223,0.039455380755718084
211.96000003814697,1790848254.991,True,Y_ONLY,ACCEPTED,-0.13890491984527453,0.80984948109838,1.872844991469809,0.28988904822471334,1.456399927134912,1.5979556342806889,0.28988904822471334,1.4638995469579086,1.619772249930618,0.0,0.007499619822996628,0.021816615649929122,6,6,4,0.010363385309913986,0.004865252698514788,0.003362758936805252,,,
212.10600018501282,1790848255.137,True,Y_ONLY,ACCEPTED,-0.09742310770119489,0.822916381375914,1.87177166951715,0.33332125731508017,1.4661640193358392,1.618698927977959,0.33332125731508017,1.4595865397624332,1.6317888973679164,0.0,-0.00657747957340582,0.013089969389957462,7,7,3,0.013335268747804552,0.00011001454842407554,0.012155606898942115,,0.008799524757169941,0.008369710582761147
212.24000000953674,1790848255.271,True,Y_ONLY,ACCEPTED,-0.05553190327790003,0.8320060087412563,1.8730065173536061,0.3761724227178179,1.4584587289173465,1.6330237452043723,0.3761724227178179,1.4656192362705527,1.6024804832944715,0.0,0.007160507353206169,-0.030543261909900768,8,8,4,0.019067994562446344,0.00444722061999947,0.015351881086493916,0.04951676005131489,0.015679884649763165,0.017708078170250385
212.38000011444092,1790848255.411,False,REJECTED,INSUFFICIENT_RESIDUAL_IMPROVEMENT,-0.00677340292556039,0.8328000300174018,1.8763043514485578,0.4233697914665242,1.4533542368985712,1.6057783173894233,0.4233697914665242,1.4533542368985712,1.6057783173894233,0.0,0.0,0.0,6,6,3,0.0028783665578364648,0.001699992978322351,0.0015451929303718116,,0.025682764956003967,0.025682764956003967
212.5200002193451,1790848255.551,True,XY_YAW,ACCEPTED,0.030317839953976522,0.823931087398493,1.8776021064605686,0.4567419208295945,1.434895650189379,1.607076072401434,0.44681785840788957,1.4410631441759427,1.5852594567515048,-0.009924062421704988,0.006167493986563688,-0.021816615649929122,7,7,5,0.0182647510063636,0.010239487103151479,0.0015356583169537572,,0.054926799346175004,0.05248566873796885
212.6600000858307,1790848255.691,True,Y_ONLY,ACCEPTED,0.03683247129077505,0.8212365979128556,1.8768081847840907,0.45227954098792217,1.4366054857729729,1.5844655350750272,0.45227954098792217,1.4295852300003156,1.610645473854942,0.0,-0.007020255772657413,0.026179938779914924,6,5,4,0.011249238484597024,0.0010110122708426594,0.001817328538371887,0.17873382742340124,0.03800988708276326,0.04536243985605837
212.80100011825562,1790848255.832,True,Y_ONLY,ACCEPTED,0.04362430095244729,0.823181647937557,1.8735714214234733,0.4593438210212869,1.429675326404059,1.6074087104943244,0.4593438210212869,1.4220433461527724,1.620498679884282,0.0,-0.00763198025128653,0.013089969389957462,7,7,5,0.0057127645029363405,0.0020887820308432836,0.004806816766603723,0.13123505262656587,0.05533155936899156,0.05818437219114053
212.9409999847412,1790848255.972,True,XY_YAW,ACCEPTED,0.06445021390588179,0.8265010904179922,1.8733324221380054,0.480337501527584,1.4200426643878574,1.620259680598814,0.5471005713209752,1.4208261854665094,1.5940797418188992,0.06676306979339128,0.0007835210786519831,-0.026179938779914952,7,7,5,0.005707915249042572,0.0015174340347601993,0.0016292754990762867,0.0586765008393515,0.002821145288301241,0.03667912868969925
213.08000016212463,1790848256.111,True,XY_YAW,ACCEPTED,0.10102726685391916,0.8206508148494914,1.8776326505468734,0.5806481367817284,1.4051205374936506,1.5983799702277672,0.5664277643722342,1.419648758989943,1.602743293357753,-0.014220372409494236,0.014528221496292182,0.004363323129985816,8,8,4,0.014813153505643384,0.004859418697836005,0.004893868404878234,,0.03459528872289819,0.017766065752477744
213.22000002861023,1790848256.251,True,XY_YAW,ACCEPTED,0.12443551273805808,0.8100673271311166,1.8782672913670502,0.5860843665322008,1.4031086810221065,1.6033779341779297,0.5678938182105656,1.4107818190596184,1.5859246416579864,-0.018190548321635136,0.007673138037511962,-0.017453292519943306,9,9,7,0.01711065864980421,0.010821737450359414,0.003669112107110555,0.054023387233396225,0.06365185756182334,0.05551484559199049
213.36700010299683,1790848256.398,True,XY_YAW,ACCEPTED,0.12764053527864028,0.8086417833522553,1.877659716422943,0.5705520196090315,1.4084930836279261,1.5853170667138792,0.6132294982545635,1.3983731840553868,1.6376769442737091,0.04267747864553211,-0.010119899572539337,0.052359877559829876,7,6,6,0.03072528811118061,0.0010181824514657275,0.0026241777407984557,0.1772960942262665,0.024062631922235178,0.02899591235558402
213.5,1790848256.531,True,XY_YAW,ACCEPTED,0.13590623402464352,0.810262214369471,1.8800144240468353,0.6216434727752389,1.3979825368914953,1.6400316518976015,0.6154675901555532,1.3893813889576585,1.6356683287676157,-0.006175882619685751,-0.008601147933836817,-0.00436332312998583,6,6,5,0.008639657994825356,0.002480622778259889,0.0043238495319492705,0.1116698424636982,0.03167061464778709,0.030925485486660964
213.64400005340576,1790848256.675,True,XY_YAW,ACCEPTED,0.1381489487526224,0.8099534433020587,1.8797243380134683,0.6175689881894326,1.3885392279122684,1.635378242734249,0.6267697366403552,1.3906667066288034,1.635378242734249,0.00920074845092253,0.0021274787165350695,0.0,8,8,7,0.0059318797961397385,0.0032688686547828194,0.008196504205957897,0.1141366644173373,0.03618071413892865,0.03618071413892865
213.78000020980835,1790848256.811,True,XY_YAW,ACCEPTED,0.13803159039814106,0.8097258773658643,1.8786403338425037,0.6266008111479011,1.3904742919290483,1.6342942385632842,0.63185908146164,1.3886223978433279,1.6342942385632842,0.0052582703137388775,-0.0018518940857203958,0.0,6,6,5,0.006374082305754758,0.001115811992015936,0.009344589458163287,0.1267101640853313,0.03053462014382491,0.03053462014382491
213.92000007629395,1790848256.951,False,REJECTED,INSUFFICIENT_RESIDUAL_IMPROVEMENT,0.13803159039814106,0.8097258773658643,1.8786403338425037,0.63185908146164,1.3886223978433279,1.6342942385632842,0.63185908146164,1.3886223978433279,1.6342942385632842,0.0,0.0,0.0,7,7,7,0.0019792583086415405,0.0021952208529522066,0.0025965569879563832,0.14021872529005303,0.027430816047431472,0.027430816047431472
214.06000018119812,1790848257.091,True,XY_YAW,ACCEPTED,0.1428047789181084,0.8106360276996504,1.8774847455758137,0.6367106711773043,1.388350774007664,1.6331386502965943,0.6313286858796308,1.3872063982363378,1.6331386502965943,-0.005381985297673558,-0.0011443757713260894,0.0,8,8,7,0.004960526287590639,0.0015943929690038772,0.00896980155784103,0.11854675786167687,0.03256255381656967,0.028528328315988977
214.20000004768372,1790848257.231,True,XY_YAW,ACCEPTED,0.16186032196840205,0.8113624002416396,1.875728385695495,0.6499939232854685,1.3833012413131056,1.6313822904162754,0.6369912261761302,1.3878324811635478,1.644472259806233,-0.01300269710933823,0.004531239850442181,0.013089969389957462,7,7,6,0.008443625100299917,0.000993705413329567,0.013112191724598625,0.10142574799786724,0.04682026469643419,0.030560254533143066
214.3400001525879,1790848257.371,False,REJECTED,AMBIGUOUS_JOINT_HYPOTHESIS,0.18232303143061968,0.8042004012800427,1.8787433242032276,0.6552676701767711,1.3761710789171424,1.6474871983139656,0.6552676701767711,1.3761710789171424,1.6474871983139656,0.0,0.0,0.0,6,6,6,0.008411568791164559,0.0012290091838156325,0.0007458218042590871,0.153035349609718,0.03520807470360304,0.03520807470360304
214.4800000190735,1790848257.511,False,REJECTED,INSUFFICIENT_RESIDUAL_IMPROVEMENT,0.18691976954623257,0.8015507560808576,1.8791747060032429,0.659134739999624,1.3725383950649093,1.6479185801139808,0.659134739999624,1.3725383950649093,1.6479185801139808,0.0,0.0,0.0,8,7,5,0.005959743523902661,0.005020135925413505,0.0019595754821714675,0.058743571519187965,0.0266182340100104,0.0266182340100104
214.625,1790848257.656,True,XY_YAW,ACCEPTED,0.18863415140474404,0.7949253263059403,1.879327382642747,0.6592849326473397,1.3656964021514577,1.648071256753485,0.677716766560727,1.365537848170883,1.6611612261434425,0.018431833913387267,-0.0001585539805745717,0.013089969389957462,6,6,6,0.011114706525637258,0.0009440393252760388,0.004848051039074753,0.13175274550111396,0.02314544068071389,0.025077274269265593
214.75999999046326,1790848257.791,True,XY_YAW,ACCEPTED,0.19333302303260624,0.7799786710813662,1.883067972041966,0.6790692078825051,1.3499284663942535,1.6649018155426614,0.6793637033496823,1.364148761346393,1.6561751692826898,0.00029449546717715686,0.014220294952139528,-0.00872664625997166,6,6,6,0.010132469552845608,0.0007431579224533025,0.0075905131544810565,0.12591375984047765,0.02876529973937811,0.027578222999353363
214.90000009536743,1790848257.931,False,REJECTED,INSUFFICIENT_RESIDUAL_IMPROVEMENT,0.19445166710619333,0.7761966259481602,1.8867933178826517,0.6796029016078444,1.3602120096211414,1.6599005151233757,0.6796029016078444,1.3602120096211414,1.6599005151233757,0.0,0.0,0.0,6,6,6,0.006054593835759486,0.006565098313982304,0.0056276905047363945,0.13245935470987616,0.025634681264504938,0.025634681264504938
215.0400002002716,1790848258.071,True,XY_YAW,ACCEPTED,0.1959865319292866,0.7709081580547964,1.887938391506549,0.6799087815164826,1.35471381535704,1.6610455887472728,0.6824092192744817,1.3388207338546847,1.6610455887472728,0.00250043775799913,-0.01589308150235516,0.0,6,6,6,0.012062448959477529,0.0020879016387417293,0.008967253483537746,0.1380378496271485,0.024789600739486717,0.027290038497485847
215.1800000667572,1790848258.211,True,XY_YAW,ACCEPTED,0.20192488634715433,0.7509601595778096,1.8896220340267351,0.6837080507638891,1.3180481621989606,1.662729231267459,0.6832313882707268,1.3345385877000557,1.662729231267459,-0.00047666249316224985,0.016490425501095113,0.0,7,7,6,0.009972495260720499,0.0025739483228885973,0.009826518449531889,0.13246444481979847,0.028503444830292157,0.028026782337129907
215.32000017166138,1790848258.351,False,REJECTED,INSUFFICIENT_RESIDUAL_IMPROVEMENT,0.21314203536579934,0.7187705693313263,1.8906407783503736,0.6869199602218861,1.3006507050677032,1.6637479755910975,0.6869199602218861,1.3006507050677032,1.6637479755910975,0.0,0.0,0.0,6,6,5,0.007637988423332631,0.005641554353873035,0.0028157779700886433,0.1283628725141031,0.026016835378471437,0.026016835378471437
215.46000003814697,1790848258.491,True,XY_YAW,ACCEPTED,0.22389728153260235,0.6848371080044305,1.8905452682995583,0.6897661822231923,1.265167552191279,1.6636524655402825,0.6693188426079096,1.2895090998834362,1.6156559111104385,-0.020447339615282677,0.024341547692157073,-0.04799655442984407,7,6,5,0.02767865005590231,0.00041448914010711047,0.00837414922643813,0.1274373755777952,0.025948792991879605,0.024589702560380344
215.60000014305115,1790848258.631,True,XY_YAW,ACCEPTED,0.22839591686909855,0.671224239357482,1.894839413760717,0.6699534945549337,1.2751862115715074,1.619950056571597,0.6924623617137378,1.2517183631324977,1.641766672221526,0.02250886715880412,-0.02346784843900962,0.021816615649929122,6,6,5,0.025241656703396842,0.010261147622313565,0.004935490837210978,0.12683171040151234,0.020931812499868252,0.03476896412843633
215.74100017547607,1790848258.772,True,XY_YAW,ACCEPTED,0.226053902491947,0.6655403977330275,1.8957249447628328,0.6887718257317913,1.2468019588447459,1.642652203223642,0.6932863341803254,1.2340957055342416,1.6470155263536277,0.0045145084485340185,-0.012706253310504234,0.004363323129985816,7,7,5,0.012960912081884324,0.007776381237041163,0.0032213219029252546,0.18254903402876388,0.03270134985274897,0.03538497760462894
215.88499999046326,1790848258.916,False,REJECTED,AMBIGUOUS_JOINT_HYPOTHESIS,0.21474277315965473,0.6477699622252008,1.896335653898647,0.677948986788966,1.2196563218941263,1.6476262354894418,0.677948986788966,1.2196563218941263,1.6476262354894418,0.0,0.0,0.0,7,7,6,0.012428056605109983,0.002593726571094468,0.00038259885241214917,0.17180815232390254,0.020787607159685417,0.020787607159685417
216.0200002193451,1790848259.051,True,X_ONLY,ACCEPTED,0.2114489539465032,0.641776275147894,1.9020610685447281,0.6732811495851291,1.2146578395616503,1.653351650135523,0.6815431792975951,1.2146578395616503,1.6489883270055372,0.008262029712466028,0.0,-0.00436332312998583,7,7,2,0.012067046828454026,0.0033529836232052347,0.009107919376949103,,0.02521847834927518,0.03078004495249323
216.16200017929077,1790848259.193,True,XY_YAW,ACCEPTED,0.21136023126379366,0.6415948538664332,1.902916062182336,0.6814118583804938,1.2145044113617465,1.649843320643145,0.6685915110783021,1.2044617573532472,1.6672966131630884,-0.012820347302191677,-0.010042654008499241,0.017453292519943292,9,9,6,0.01837597370548713,0.00412624188809807,0.0020481307315822657,0.02620843106467463,0.053513024499474815,0.0437678440485163
216.30000019073486,1790848259.331,False,REJECTED,INSUFFICIENT_RESIDUAL_IMPROVEMENT,0.21136023126379366,0.6415948538664332,1.902916062182336,0.6685915110783021,1.2044617573532472,1.6672966131630884,0.6685915110783021,1.2044617573532472,1.6672966131630884,0.0,0.0,0.0,7,7,6,0.008066931991361187,0.0061068770590439365,0.002474582696446124,0.18656779328295897,0.025321859733950736,0.025321859733950736
216.44000005722046,1790848259.471,True,XY_YAW,ACCEPTED,0.21103718098678836,0.6414105641716131,1.883498677105762,0.6682343651313037,1.2043579741868238,1.6478792280865144,0.6751635555570733,1.2091821038743908,1.6696958437364435,0.006929190425769615,0.004824129687567125,0.021816615649929122,7,7,6,0.013476575991566514,0.007300069197306608,0.0012135609002743297,0.13053877736537683,0.03585897701121327,0.032507759883448784
216.58100008964539,1790848259.612,True,XY_YAW,ACCEPTED,0.21258134836234,0.634526650886749,1.8542922928050345,0.6752119512539378,1.202127291839065,1.6404894594357158,0.662266333122268,1.201279121109873,1.6448527825657016,-0.012945618131669785,-0.000848170729192077,0.004363323129985816,8,8,6,0.010957322789609064,0.003360716920847495,0.0065464849195889414,0.08587953064008158,0.03784837930793647,0.023513189098849807
216.72000002861023,1790848259.751,True,XY_YAW,ACCEPTED,0.21105909044448867,0.6111147759917771,1.851295759744004,0.6559097376975958,1.1786953470702375,1.6418562495046711,0.6808909487929695,1.200773748805443,1.646219572634657,0.02498121109537381,0.022078401735205533,0.004363323129985816,8,8,6,0.025755222821705254,0.002079492733543282,0.002753958539544292,0.13473076471073886,0.02772407771783461,0.03132044550330759
216.86100006103516,1790848259.892,True,XY_YAW,ACCEPTED,0.20927542370178598,0.5744974953646381,1.855921892343985,0.6716878507952031,1.1652869950116802,1.650845705234638,0.6737944139877292,1.1984631077820178,1.6333924127146946,0.0021065631925261375,0.03317611277033761,-0.017453292519943306,8,8,5,0.010023447926328977,0.0009727757309806462,0.010043876572116181,0.19084459612543112,0.022772923934827216,0.021003585924744106
217.0,1790848260.031,True,XY_YAW,ACCEPTED,0.20968862642647101,0.5499642038300595,1.856500002231892,0.6687829935777474,1.174443557505488,1.6339705226026018,0.6475912907889761,1.1687811332632927,1.5990639375627151,-0.02119170278877125,-0.005662424242195208,-0.0349065850398866,9,8,6,0.007136034282448772,0.0036981634012125753,0.0014258297235805219,0.029192385445643287,0.04869981151514846,0.030013095861456396
217.1450002193451,1790848260.176,False,REJECTED,AMBIGUOUS_JOINT_HYPOTHESIS,0.20988327961106568,0.5465482626849488,1.859311322743951,0.6469098240901346,1.1654282021713225,1.601875258074774,0.6469098240901346,1.1654282021713225,1.601875258074774,0.0,0.0,0.0,8,8,5,0.014761589668173147,0.0016977620443954233,0.00032021649495417824,0.11211545520043642,0.019901099292619406,0.019901099292619406
217.28000020980835,1790848260.311,True,XY_YAW,ACCEPTED,0.2121273484523334,0.5391744200977772,1.8572421078828922,0.6472025470612706,1.157726013344313,1.5998060432137153,0.6389505786039454,1.1264941056998805,1.6085326894736869,-0.00825196845732511,-0.03123190764443262,0.008726646259971646,9,9,5,0.01969327889259498,0.010534206700556048,0.0034713453903214356,0.1041893013008739,0.024155009039736663,0.0315500682236316
217.42000007629395,1790848260.451,False,REJECTED,INSUFFICIENT_RESIDUAL_IMPROVEMENT,0.21889723539173422,0.5161502155152836,1.8576471410106368,0.6398446785034781,1.1025119049835488,1.6089377226014314,0.6398446785034781,1.1025119049835488,1.6089377226014314,0.0,0.0,0.0,9,9,5,0.01188574214047522,0.010716937470835575,0.004301483654235678,0.02073471660423043,0.030977043518494063,0.030977043518494063
217.56000018119812,1790848260.591,False,REJECTED,AMBIGUOUS_JOINT_HYPOTHESIS,0.22521298581859162,0.4951604053024845,1.8606243581608697,0.6407993881312479,1.0806132893709046,1.6119149397516643,0.6407993881312479,1.0806132893709046,1.6119149397516643,0.0,0.0,0.0,10,9,6,0.017237661159293094,0.011570292048937838,0.000544846447721424,0.0589703228904096,0.030554252941796367,0.030554252941796367
217.70000004768372,1790848260.731,False,REJECTED,INSUFFICIENT_RESIDUAL_IMPROVEMENT,0.22575301435693196,0.49253185869037275,1.859250252193268,0.6406757750782793,1.0779326909437994,1.6105408337840625,0.6406757750782793,1.0779326909437994,1.6105408337840625,0.0,0.0,0.0,8,8,5,0.010249621613716564,0.009590685254454279,0.0014148928377577946,0.09533328920336344,0.01636761113829155,0.01636761113829155
217.8400001525879,1790848260.871,True,XY_YAW,ACCEPTED,0.23231527343695269,0.4944790463811448,1.859250252193268,0.6475154260783682,1.0782046437584396,1.6105408337840625,0.6504552716861577,1.0628516519121864,1.6149041569140483,0.002939845607789533,-0.015352991846253217,0.004363323129985816,8,8,5,0.011542639075239558,0.00037747105974350603,0.004580989830927806,0.09452889481944084,0.029008490105181695,0.03232721694385532
217.9800000190735,1790848261.011,True,XY_YAW,ACCEPTED,0.2529385391146357,0.49784136724233363,1.8639056163562404,0.671279357271421,1.0611248779479656,1.6195595210770208,0.6534639117595308,1.0627603520354154,1.615196197947035,-0.017815445511890182,0.0016354740874499063,-0.00436332312998583,8,8,5,0.003731580068639273,0.0004125445596336874,0.01595879235332907,0.10466135135990091,0.05347640050860836,0.035306000942150195
218.12000012397766,1790848261.151,True,X_ONLY,ACCEPTED,0.28772575185371974,0.4946255236164182,1.8690674317675466,0.6863891631104102,1.051080470021369,1.6203580133583413,0.689600451251342,1.051080470021369,1.6639912446581995,0.0032112881409317173,0.0,0.043633231299858244,8,8,3,0.005302055729851762,0.0007864563958325799,0.0013100327249603565,0.1035665258338363,0.0296374499296288,0.02206368737068043
218.25999999046326,1790848261.291,True,XY_YAW,ACCEPTED,0.3157663001538995,0.48233095011114957,1.8726553502367733,0.7145497346324837,1.0333332971361273,1.6675791631274262,0.7125588706747351,1.0359380990243439,1.6632158399974404,-0.0019908639577486354,0.002604801888216546,-0.00436332312998583,9,8,5,0.011824457604685534,0.00885731474055973,0.011031822864646502,0.146341550729071,0.035084673624886875,0.03210737174480549
218.40500020980835,1790848261.436,True,XY_YAW,ACCEPTED,0.32350980110024885,0.46189411615081166,1.8718156189649091,0.7158841008430308,1.0143378945448391,1.6623761087255762,0.7452041165352626,1.0303035488787926,1.666739431855562,0.02932001569223184,0.015965654333953472,0.004363323129985816,9,9,5,0.029277611341472665,0.0036329073976124615,0.006465900559872945,0.17800191540152394,0.03717786999435113,0.021804233006796014
218.5400002002716,1790848261.571,True,XY_YAW,ACCEPTED,0.32502704396161985,0.45816093008821845,1.8787624556161364,0.7459293337422288,1.0263396159730738,1.6736862685067893,0.6979706357937517,1.0282475326604141,1.730409469196605,-0.04795869794847707,0.0019079166873404163,0.056723200689815706,8,8,5,0.04862745924823164,0.006663369456891832,0.002331697240617922,0.1696912384945285,0.0024772374431811794,0.0900328886973788
218.68200016021729,1790848261.713,True,Y_ONLY,ACCEPTED,0.3311483642789197,0.4595089938942363,1.8801670893385156,0.7042239752096134,1.028676000397954,1.7318141029189844,0.7042239752096134,1.029477903379654,1.6620009328392111,0.0,0.000801902981699909,-0.0698131700797732,8,8,2,0.012327204794085223,0.004688346358583284,0.0032009607066473683,0.16397292113807427,0.08394143614288563,0.033657371020032745
218.82000017166138,1790848261.851,True,XY_YAW,ACCEPTED,0.352209699911761,0.46204631012965314,1.8823961874996011,0.7253352488390018,1.0273965677356989,1.6642300310002967,0.6988383936286107,1.023690581108083,1.68168332352024,-0.026496855210391135,-0.0037059866276158426,0.017453292519943292,9,9,4,0.017544421353469786,0.0036544524435312975,0.006872478014512538,0.13774358493118777,0.024627480290449033,0.030082808389018223
218.96000003814697,1790848261.991,True,XY_YAW,ACCEPTED,0.3865158544737701,0.45797276990552493,1.8847932135798828,0.731643708704214,1.0128592712343678,1.6840803496005217,0.7339587053125578,1.018437387277283,1.6404471183006635,0.002314996608343778,0.005578116042915193,-0.043633231299858244,11,11,6,0.019898502519909433,0.0015700850102986497,0.0072033237293780365,0.11223756655184777,0.036781244947192815,0.0036182193860003764
219.10000014305115,1790848262.131,True,XY_YAW,ACCEPTED,0.4327161463496687,0.4423024326641376,1.888915511713801,0.7749956533823229,0.9920556638347849,1.6445694164345814,0.7691208215822722,1.0191784921776994,1.6402060933045957,-0.005874831800050662,0.027122828342914462,-0.00436332312998583,8,8,5,0.021457467658509755,0.005009370877953579,0.0034725488081951035,0.11133501175479882,0.04864747479702525,0.022745611639666152
219.24000000953674,1790848262.271,True,XY_YAW,ACCEPTED,0.48334231461277866,0.42517466080695143,1.8887781054326591,0.8139732112579978,0.9901159282479045,1.640068687023454,0.8217593635942066,0.9941228342723226,1.6749752720633406,0.0077861523362088535,0.004006906024418111,0.034906585039886584,9,9,6,0.02062236299759429,0.006461994328037013,0.006124331633164639,0.1835355170807544,0.025283984651593983,0.02803435414498906
219.38000011444092,1790848262.411,True,XY_YAW,ACCEPTED,0.5261343339749431,0.42076718522022083,1.8853886598274796,0.8626418881131881,0.9807362009728562,1.671585826458161,0.8209262065559955,0.9898901538500575,1.6584958570682033,-0.041715681557192685,0.00915395287720136,-0.013089969389957476,10,9,6,0.022148108580956782,0.014173089942721179,0.005734291823942691,0.13340885257958585,0.003177694403546205,0.03795352127882812
219.5220000743866,1790848262.553,True,XY_YAW,ACCEPTED,0.5376962616778094,0.4188929844999977,1.8857092746270419,0.8317701993728128,0.9854631209458657,1.6588164718677658,0.871615700135695,0.964635998712844,1.6457265024778083,0.039845500762882236,-0.020827122233021744,-0.013089969389957476,9,9,4,0.025090197490895805,0.008150977911851265,0.00505281633860704,0.15365540610233144,0.07749762692619566,0.025760824411805938
219.67400002479553,1790848262.705,False,REJECTED,INSUFFICIENT_RESIDUAL_IMPROVEMENT,0.5381437823422826,0.4168961327057582,1.8845642022501066,0.8715757722836516,0.9625900032094479,1.644581430100873,0.8715757722836516,0.9625900032094479,1.644581430100873,0.0,0.0,0.0,9,9,5,0.0058909966188180896,0.007823875957065352,0.006557455409944277,0.13037301495644427,0.02446855167718176,0.02446855167718176
219.80000019073486,1790848262.831,True,XY_YAW,ACCEPTED,0.54269476612959,0.40196223769168515,1.886243654691096,0.8724467581329758,0.9470023780736555,1.6462608825418623,0.9108521323757115,0.9576438507748524,1.6898941138417205,0.03840537424273571,0.010641472701196919,0.043633231299858244,10,10,6,0.022594235954991215,0.005450668133634956,0.0017631171868574373,0.1446092436673131,0.020861869598054694,0.020182829957059778
219.9409999847412,1790848262.972,True,XY_YAW,ACCEPTED,0.5545356945758773,0.3761782912720416,1.8893254545843732,0.9174353422922829,0.9300452851122041,1.6929759137349976,0.9051785186721407,0.945265558866013,1.6755226212150542,-0.012256823620142132,0.015220273753808994,-0.017453292519943306,10,10,7,0.01258428321916183,0.005399032595592823,0.00650535894634092,0.14804052089844244,0.02548541447219499,0.02841536886985868
220.08200001716614,1790848263.113,True,XY_YAW,ACCEPTED,0.5604961147052372,0.36822616859959845,1.8904422880536313,0.9093159637527959,0.9362298291599731,1.6766394546843124,0.9064805142424204,0.9234846364680472,1.68972942407427,-0.002835449510375565,-0.012745192691925866,0.013089969389957462,9,9,7,0.018383636972035378,0.006978942689657153,0.008067689197185372,0.15214692537079436,0.026675350276230747,0.040201019933179705
220.22000002861023,1790848263.251,True,XY_YAW,ACCEPTED,0.5633252783679716,0.35924190968973846,1.8877856991563555,0.9074617084678211,0.9141166946939984,1.6870728351769941,0.8640168956460876,0.8876867818113408,1.6259863113571926,-0.043444812821733514,-0.02642991288265764,-0.06108652381980154,10,10,5,0.026900472832903866,0.013967543470374766,0.007943040339440724,0.14456030992862312,0.019987352031985428,0.01990158839197176
220.3600001335144,1790848263.391,False,REJECTED,AMBIGUOUS_JOINT_HYPOTHESIS,0.5704928374565359,0.33510269980086105,1.8900147967020773,0.864692538828216,0.862514994754443,1.6282154089029144,0.864692538828216,0.862514994754443,1.6282154089029144,0.0,0.0,0.0,8,8,2,0.06692351569278865,0.018724271903019646,0.00021087623798987654,0.14370233928429602,0.03830850934353419,0.03830850934353419
220.5,1790848263.531,False,REJECTED,INSUFFICIENT_RESIDUAL_IMPROVEMENT,0.5807219060302047,0.3019084475636987,1.8907781850968508,0.8659817556754894,0.8278043314736896,1.628978797297688,0.8659817556754894,0.8278043314736896,1.628978797297688,0.0,0.0,0.0,8,6,4,0.014876789737578278,0.014876789737578333,0.0010997910473612392,0.12323678872559457,0.01870036754099913,0.01870036754099913
220.64000010490417,1790848263.671,False,REJECTED,INSUFFICIENT_RESIDUAL_IMPROVEMENT,0.5941000421911402,0.26181767910870324,1.8666551051755036,0.8685277884920003,0.7856171064008094,1.6048557173763407,0.8685277884920003,0.7856171064008094,1.6048557173763407,0.0,0.0,0.0,8,8,4,0.013360533975399269,0.013698849836186855,0.005731333174645425,0.14649317137450354,0.08448798096463817,0.08448798096463817
220.7810001373291,1790848263.812,True,X_ONLY,ACCEPTED,0.604884271449544,0.22803720606486622,1.7952477899788333,0.870201524272997,0.750196511144679,1.5334484021796704,0.9084773352124212,0.750196511144679,1.63816815729933,0.038275810939424226,0.0,0.10471975511965978,10,9,3,0.028772165248613923,0.021715611442370997,0.0016618230587403665,0.12482279723103495,0.057949257642555985,0.039689554637520885
220.92500019073486,1790848263.956,False,REJECTED,AMBIGUOUS_JOINT_HYPOTHESIS,0.6083101849415347,0.21732307822007202,1.7438718067787706,0.9101850111665747,0.7390783610483362,1.5867921740992674,0.9101850111665747,0.7390783610483362,1.5867921740992674,0.0,0.0,0.0,10,10,5,0.0389273874657885,0.004006870496347625,0.0009247744258950759,0.1461925694321615,0.013609480413631636,0.013609480413631636
221.06000018119812,1790848264.091,True,XY_YAW,ACCEPTED,0.6093692909661648,0.21170742873417148,1.7442840270327358,0.9103525967153757,0.7333661688418593,1.5872043943532326,0.9394040826386819,0.7365664735329643,1.6002943637431901,0.029051485923306197,0.0032003046911049937,0.013089969389957462,9,9,5,0.012818541535938976,0.004612337144661138,0.0025163223341556594,0.038145938692973946,0.024642824240203254,0.022726786642324415
221.2020001411438,1790848264.233,True,XY_YAW,ACCEPTED,0.6124299581890951,0.19090375084745004,1.745444393397915,0.9394479019134226,0.7155389016965595,1.6014547301083693,0.9575231535921129,0.7279091324300474,1.5621848219384968,0.01807525167869034,0.012370230733487864,-0.03926990816987243,9,9,6,0.023956963828865585,0.013117700212795902,0.0025819517878539373,0.10324104553815516,0.011461946023965108,0.022227944721912585
221.3400001525879,1790848264.371,False,REJECTED,INSUFFICIENT_RESIDUAL_IMPROVEMENT,0.6159897703909705,0.1676219864599302,1.7464475847588954,0.9567805918420684,0.7043684990920088,1.5631880132994773,0.9567805918420684,0.7043684990920088,1.5631880132994773,0.0,0.0,0.0,8,8,7,0.017472053401885068,0.017318407161512894,0.004027236041478366,0.16854298028906634,0.03812039535694678,0.03812039535694678
221.4800000190735,1790848264.511,True,X_ONLY,ACCEPTED,0.6166744073857866,0.16208465146715567,1.7455360111752563,0.9564446653748869,0.6987991221030161,1.5622764397158382,0.8897850097825846,0.6987991221030161,1.5055532390260224,-0.06665965559230236,0.0,-0.05672320068981572,7,7,2,0.03029704641452957,0.0021172161282527746,0.0053291225006088724,0.14123563032105962,0.027901900400911173,0.023297091531758574
221.62000012397766,1790848264.651,False,REJECTED,AMBIGUOUS_JOINT_HYPOTHESIS,0.6125762568137967,0.15339956526914034,1.746681089964179,0.8837399812606764,0.69133700507452,1.5066983178149451,0.8837399812606764,0.69133700507452,1.5066983178149451,0.0,0.0,0.0,8,8,3,0.09354716227987786,0.0004911689473198382,0.000445740646907479,0.09293966097429407,0.018281288664914408,0.018281288664914408
221.75999999046326,1790848264.791,True,XY_YAW,ACCEPTED,0.6031961978584962,0.1288274940551034,1.7481566859486966,0.8687883007072532,0.6696986262447412,1.5081739137994628,0.9430540492326682,0.671292390436845,1.5605337913592927,0.07426574852541501,0.0015937641921037748,0.052359877559829876,9,8,6,0.033257304697853096,0.013656846232296793,0.0016067961337497272,0.0815088403509514,0.010564153616801297,0.030024260307641826
221.90000009536743,1790848264.931,False,REJECTED,INSUFFICIENT_RESIDUAL_IMPROVEMENT,0.5934105619444849,0.0931233487832328,1.753475243063173,0.926780466058599,0.6380400950196398,1.5658523484737692,0.926780466058599,0.6380400950196398,1.5658523484737692,0.0,0.0,0.0,11,10,5,0.007283332811183207,0.014022648259646608,0.0017286426025818202,0.1896996953705577,0.03745017875620227,0.03745017875620227
222.0420000553131,1790848265.073,True,XY_YAW,ACCEPTED,0.5860992614022883,0.06866182198423154,1.7580708443171316,0.9150348132275413,0.615371591572591,1.5704479497277277,0.9527044214390525,0.6399560826779678,1.5399046878178269,0.03766960821151117,0.024584491105376693,-0.030543261909900768,10,10,5,0.03082468321163423,0.006591956010480349,0.0026392484730911325,0.1317657027347986,0.016451971040455815,0.03915396837843449
222.18500018119812,1790848265.216,False,REJECTED,AMBIGUOUS_JOINT_HYPOTHESIS,0.5709302416896485,0.06691846366632626,1.7634075829969225,0.9375176362603956,0.6415372256836412,1.5452414264976178,0.9375176362603956,0.6415372256836412,1.5452414264976178,0.0,0.0,0.0,9,9,2,0.06161611368224151,0.009761510576364651,8.706084397500091e-08,0.16916926228499007,0.03450520622468911,0.03450520622468911
222.32000017166138,1790848265.351,True,X_ONLY,ACCEPTED,0.5423222068910589,0.07567766857842573,1.7729440278858213,0.9114835650445646,0.6562807144722043,1.5547778713865168,0.8751155855484783,0.6562807144722043,1.5416879019965593,-0.03636797949608628,0.0,-0.013089969389957476,7,7,3,0.026056449303349494,0.001078775356644357,0.004812141754054441,0.163353287187795,0.04968123802861213,0.05005955491113395
222.46000003814697,1790848265.491,True,X_ONLY,ACCEPTED,0.5063576914120693,0.08343393721202197,1.7805449852298028,0.8418862119435698,0.6720735864903145,1.5492888593405407,0.8799380405859851,0.6720735864903145,1.5492888593405407,0.0380518286424153,0.0,0.0,7,7,4,0.0380518286424153,0.009483233570958677,0.007292408570985398,0.18431382497500443,0.058071174620305754,0.058071174620305754
222.60000014305115,1790848265.631,True,XY_YAW,ACCEPTED,0.46523495267708004,0.08110557328425716,1.7815373946131843,0.8393763577278054,0.6792325531307415,1.5502812687239222,0.8609713021107389,0.6330229862806208,1.6113677925437238,0.02159494438293357,-0.046209566850120676,0.061086523819801536,8,7,5,0.019272809296788873,0.0034419501048494894,0.0037734738626241902,0.1907952591737222,0.048182914367348756,0.016015333813052396
222.74000000953674,1790848265.771,True,X_ONLY,ACCEPTED,0.44570472707236264,0.07646759537904113,1.7850337071581397,0.840937730674127,0.6317594330705759,1.6148641050886792,0.8058673276313277,0.6317594330705759,1.5668675506588352,-0.03507040304279929,0.0,-0.04799655442984407,7,7,3,0.004376542180361653,0.00039589519081872915,0.004908397388796504,0.17368487753256384,0.01640344783304787,0.008464832825518076
222.88000011444092,1790848265.911,False,REJECTED,AMBIGUOUS_JOINT_HYPOTHESIS,0.438663285080802,0.07417391201842416,1.7894613644917554,0.798496351989532,0.631044166150229,1.571295207992451,0.798496351989532,0.631044166150229,1.571295207992451,0.0,0.0,0.0,7,7,5,0.016784809471270812,0.00805386948699649,0.0007855302692715421,0.12773304165329902,0.03242428180053997,0.03242428180053997
223.0200002193451,1790848266.051,True,X_ONLY,ACCEPTED,0.42132351873552043,0.07018687695443115,1.7983337294658845,0.780704655012233,0.6309046520705558,1.5801675729665798,0.7620500037383202,0.6309046520705558,1.5976208654865232,-0.018654651273912748,0.0,0.017453292519943292,7,7,3,0.030391076243718507,0.0014905171502759273,0.00292101736597088,0.1943145622061887,0.007406591910540328,0.00899168142732204
223.1600000858307,1790848266.191,False,REJECTED,INSUFFICIENT_RESIDUAL_IMPROVEMENT,0.3915220628392848,0.06309543620340474,1.8035149129576955,0.7314330149773567,0.629897028791928,1.6028020489783343,0.7314330149773567,0.629897028791928,1.6028020489783343,0.0,0.0,0.0,6,6,2,0.003804987958037298,0.004132296465906404,0.001966899732005853,0.1995660135378436,0.025413982946870584,0.025413982946870584
223.30000019073486,1790848266.331,True,X_ONLY,ACCEPTED,0.3560202605809446,0.05404118603137376,1.8077826896525397,0.694838794731351,0.628102466350871,1.6070698256731786,0.7367069395312651,0.628102466350871,1.593979856283221,0.041868144799914075,0.0,-0.013089969389957476,7,7,3,0.03792263038217181,0.004119226628455319,0.005804826772766322,,0.04405026598097189,0.01732659556482788
223.44900012016296,1790848266.48,True,Y_ONLY,ACCEPTED,0.313809624860504,0.043303962373649654,1.8107598888838308,0.693179194160567,0.6265658718229035,1.596957055514512,0.693179194160567,0.6313531163206265,1.500963946654824,0.0,0.0047872444977230255,-0.09599310885968813,8,8,2,0.012732665942255195,0.006705259132655933,0.004740129258044814,0.17595799960018924,0.021204330184265707,0.025336616813408208
223.58000016212463,1790848266.611,True,XY_YAW,ACCEPTED,0.2733062700465805,0.03339368366707142,1.812439349509838,0.6515826789932716,0.6342626353808172,1.5026434072808312,0.6647820169060686,0.6137014757902105,1.5637299311006327,0.013199337912797086,-0.020561159590606642,0.061086523819801536,6,6,4,0.02126593085700046,0.015037127937933097,0.0025981554484865513,0.14143597913571754,0.018279044802857664,0.03721537796311315
223.7260000705719,1790848266.757,True,X_ONLY,ACCEPTED,0.22668723976951966,0.0221990184601726,1.8117793113777587,0.6168418080759508,0.6143266880683828,1.5630698929685534,0.6120054447719778,0.6143266880683828,1.5805231854884967,-0.004836363303972913,0.0,0.017453292519943292,5,5,2,0.010512088237798811,0.006482150162511635,0.004322324043932343,0.14998345824100157,0.013209611501581453,0.016077189891128024
223.8600001335144,1790848266.891,False,REJECTED,AMBIGUOUS_JOINT_HYPOTHESIS,0.18352123097611628,0.011586152179515882,1.8097326738403332,0.5675560740416238,0.6138900102479858,1.5784765479510712,0.5675560740416238,0.6138900102479858,1.5784765479510712,0.0,0.0,0.0,5,5,2,0.005925580036661604,0.0009551224764300925,0.0005851253364281897,0.11160539977129824,0.024307094697982645,0.024307094697982645
224.0,1790848267.031,True,XY_YAW,ACCEPTED,0.137791656661842,0.0007248044928836124,1.8048512650797885,0.5205544297701629,0.6137990360004385,1.5735951391905265,0.5624604402702037,0.629615283995852,1.560505169800569,0.04190601050004082,0.015816247995413535,-0.013089969389957476,4,4,4,0.029862614255948938,0.007208216397669109,0.006588063247953607,,,
224.14000010490417,1790848267.171,False,REJECTED,INSUFFICIENT_RESIDUAL_IMPROVEMENT,0.09224177994013849,-0.010681804831233242,1.8038588577727106,0.5155040810046813,0.6295670122382079,1.559512762493491,0.5155040810046813,0.6295670122382079,1.559512762493491,0.0,0.0,0.0,6,6,5,0.009046641007293577,0.00748132285279663,0.004705257419520754,,,
224.28000020980835,1790848267.311,True,XY_YAW,ACCEPTED,0.046770600665734685,-0.021901878312757,1.8031870842392967,0.4686692086405797,0.6296806967757994,1.5588409889600772,0.46188569938296575,0.6160807051652991,1.589384250869978,-0.0067835092576139745,-0.013599991610500295,0.030543261909900754,5,5,5,0.01461211218863312,0.008282420370433918,0.0049048262382761585,0.12968409235171546,0.008142087948903365,0.015554644931726369
224.42000007629395,1790848267.451,False,REJECTED,AMBIGUOUS_JOINT_HYPOTHESIS,0.0014227636763346485,-0.03258379440249934,1.8028092734665644,0.4153039183760332,0.6152638029755204,1.5890064400972457,0.4153039183760332,0.6152638029755204,1.5890064400972457,0.0,0.0,0.0,5,5,4,0.009143153917533606,0.010325547381225368,0.0009992209039210304,,,
224.56000018119812,1790848267.591,True,Y_ONLY,ACCEPTED,-0.043565007983576765,-0.04356764704833368,1.7996755002781974,0.36900994021382494,0.6140754411675151,1.5858726669088787,0.36900994021382494,0.6095763624411694,1.6120526056887936,0.0,-0.0044990787263456955,0.026179938779914924,6,6,3,0.011258555419481286,0.00022642317753673868,0.007238825222389757,0.07457028753199721,0.019421508716269964,0.021462152109403998
224.7150001525879,1790848267.746,False,REJECTED,INSUFFICIENT_RESIDUAL_IMPROVEMENT,-0.09398257210339911,-0.056402662174307526,1.7982923802940272,0.3170831454684246,0.6063706842712028,1.6106694857046233,0.3170831454684246,0.6063706842712028,1.6106694857046233,0.0,0.0,0.0,6,6,2,0.00893675506885816,0.010048760822295083,0.003319366504004488,,,
224.8400001525879,1790848267.871,False,REJECTED,AMBIGUOUS_JOINT_HYPOTHESIS,-0.13463428899071128,-0.06614871845430877,1.7961791782403316,0.2753269762917455,0.6043781897071668,1.6085562836509277,0.2753269762917455,0.6043781897071668,1.6085562836509277,0.0,0.0,0.0,6,6,3,0.0058775808296467336,0.0013134362496449725,0.000336542133615423,,,
224.9800000190735,1790848268.011,False,REJECTED,AMBIGUOUS_JOINT_HYPOTHESIS,-0.16623360728153025,-0.0733152620114111,1.7961791782403316,0.24294548084057221,0.6032314485219029,1.6085562836509277,0.24294548084057221,0.6032314485219029,1.6085562836509277,0.0,0.0,0.0,5,4,2,0.0036406212225190693,0.006594639599578067,0.0009095085009035511,0.0853193628976078,0.009055169840538224,0.009055169840538224
225.12000012397766,1790848268.151,True,XY_YAW,ACCEPTED,-0.16981981052211337,-0.07136457742251041,1.7961791782403316,0.23978606360303853,0.6058168124744866,1.6085562836509277,0.22769151482649527,0.6072251016342985,1.5911029911309844,-0.012094548776543246,0.0014082891598119485,-0.017453292519943306,6,6,5,0.005250321590765328,0.0018669974911540224,0.0018519950559211934,,,
225.25999999046326,1790848268.291,False,REJECTED,INSUFFICIENT_RESIDUAL_IMPROVEMENT,-0.17306526957589896,-0.05754987800564777,1.7992217115500186,0.2273273124144778,0.6214112315170801,1.5941455244406717,0.2273273124144778,0.6214112315170801,1.5941455244406717,0.0,0.0,0.0,5,5,3,0.014082543266599856,0.014887792333662109,0.0062788375300110305,0.0974063628394515,0.03580388082226274,0.03580388082226274
225.40000009536743,1790848268.431,True,XY_YAW,ACCEPTED,-0.18019591622658715,-0.03020810977466,1.8036603864257719,0.2259140106570615,0.6496321632840596,1.598584199316425,0.16302914725709208,0.6288281973810788,1.5854942299264674,-0.0628848633999694,-0.020803965902980837,-0.013089969389957476,6,6,5,0.041941823228491826,0.004277737679495797,0.00548873114898785,,,
225.5400002002716,1790848268.571,True,X_ONLY,ACCEPTED,-0.18881963699161286,0.005552568481220918,1.808775105673905,0.1623498705035484,0.6656077195672883,1.5906089491746005,0.15703038846766457,0.6656077195672883,1.5731556566546572,-0.005319482035883838,0.0,-0.017453292519943306,5,5,2,0.003180584438871481,0.00047569009811337937,0.005412855920653702,,,
225.6800000667572,1790848268.711,True,X_ONLY,ACCEPTED,-0.19887582509915291,0.04607033306377077,1.8134317689180453,0.15671073793363358,0.7073535455808816,1.5778123198987974,0.1583458127673252,0.7073535455808816,1.586538966158769,0.0016350748336916299,0.0,0.008726646259971646,6,6,2,0.007580452253734327,0.00553483709226027,0.003605032922811311,,,
225.82000017166138,1790848268.851,False,REJECTED,INSUFFICIENT_RESIDUAL_IMPROVEMENT,-0.2098918801689844,0.0891522205303336,1.8187449429108242,0.15730341448398308,0.7518093202654152,1.591852140151548,0.15730341448398308,0.7518093202654152,1.591852140151548,0.0,0.0,0.0,6,6,4,0.014917811813241116,0.014341225307498762,0.0011808362923130047,,,
225.9650001525879,1790848268.996,True,XY_YAW,ACCEPTED,-0.22209227814083632,0.13491237620795243,1.8216000110895676,0.15570950718836407,0.7991411385047824,1.5947072083302911,0.15301563509089094,0.7656942418982384,1.6034338545902627,-0.0026938720974731267,-0.03344689660654393,0.008726646259971646,5,5,4,0.01612961607644317,0.008930378554228513,,,,
226.10000014305115,1790848269.131,False,REJECTED,INSUFFICIENT_RESIDUAL_IMPROVEMENT,-0.2339496564866923,0.17915739460050534,1.824515741430821,0.15101569865649087,0.8114568830813307,1.6063495849315161,0.15101569865649087,0.8114568830813307,1.6063495849315161,0.0,0.0,0.0,5,5,4,0.007930382695217952,0.009869663312314036,0.003237496779548883,,,
226.24500012397766,1790848269.276,False,REJECTED,INSUFFICIENT_INDEPENDENT_WALLS,-0.246105535590325,0.22567829859222982,1.825600155393603,0.14921692892460187,0.8595060696763299,1.607433998894298,0.14921692892460187,0.8595060696763299,1.607433998894298,0.0,0.0,0.0,4,0,0,,,,,,
226.38000011444092,1790848269.411,True,Y_ONLY,ACCEPTED,-0.2539360860189579,0.25447837034375714,1.8256764879531515,0.14780547021886764,0.8893183060438097,1.6075103314538466,0.14780547021886764,0.8742164635064011,1.6860501477935914,0.0,-0.015101842537408566,0.07853981633974483,4,4,2,0.03831919617386215,0.024297291863219245,,,,
226.52100014686584,1790848269.552,True,Y_ONLY,ACCEPTED,-0.2553827143611176,0.2578083758549093,1.8266383630996628,0.14683636755749138,0.8777153933851437,1.6870120229401027,0.14683636755749138,0.920375296210731,1.6826486998101169,0.0,0.042659902825587265,-0.00436332312998583,4,4,2,0.041858359367334036,0.021728107327074114,0.005396342514559754,,,
226.6600000858307,1790848269.691,True,Y_ONLY,ACCEPTED,-0.2562136742580112,0.26120684053070414,1.8266383630996628,0.14650166155021302,0.923857828104564,1.6826486998101169,0.14650166155021302,0.9324977489062816,1.6957386692000744,0.0,0.008639920801717577,0.013089969389957462,4,4,2,0.011087360937911933,0.004334689033734768,0.0031619880153771138,,,
226.80100011825562,1790848269.832,False,REJECTED,INSUFFICIENT_RESIDUAL_IMPROVEMENT,-0.2607348601153767,0.2790154959860007,1.8288369280104142,0.1443436510497515,0.9507441820196931,1.6979372341108259,0.1443436510497515,0.9507441820196931,1.6979372341108259,0.0,0.0,0.0,4,4,2,0.012007731949237738,0.012166879190334295,0.004597577821105654,,,
226.94000005722046,1790848269.971,True,Y_ONLY,ACCEPTED,-0.2652426104344654,0.2945745030494567,1.8325622648066366,0.14190532310625298,0.9667584591054647,1.7016625709070483,0.14190532310625298,0.9462745006953485,1.7103892171670199,0.0,-0.020483958410116188,0.008726646259971646,4,4,2,0.01894513650431831,0.006243936288166996,0.0021722728464620145,,,
227.08000016212463,1790848270.111,True,Y_ONLY,ACCEPTED,-0.26499338318709875,0.2921071222803367,1.8332035068758488,0.14185199457724823,0.9437951382473294,1.7110304592362318,0.14185199457724823,0.9654687855170181,1.7153937823662175,0.0,0.02167364726968868,0.004363323129985816,4,4,2,0.022397473494724568,0.009751269413503516,0.002676422488237424,,,
227.22500014305115,1790848270.256,True,Y_ONLY,ACCEPTED,-0.2592641325155065,0.2713053110536546,1.8339668867218921,0.1450965419472001,0.9441377617269465,1.716157162212261,0.1450965419472001,0.9726965483085901,1.7074305159522893,0.0,0.028558786581643514,-0.00872664625997166,4,4,2,0.027134177779282342,0.005979623363141839,0.0029274121758624295,,,
227.3600001335144,1790848270.391,True,Y_ONLY,ACCEPTED,-0.25134305979784344,0.24052391219278096,1.83190574274108,0.14906970448509388,0.9411616170691188,1.7053693719714773,0.14906970448509388,0.9613115634918182,1.687916079451534,0.0,0.020149946422699405,-0.017453292519943306,5,5,2,0.01736244569113979,0.003270515358048287,0.0019867574760265502,,,
227.5,1790848270.531,True,Y_ONLY,ACCEPTED,-0.24171364243027305,0.20262549885522824,1.8309133485536437,0.1531613280380634,0.9224235958277238,1.6869236852640976,0.1531613280380634,0.9398658077019247,1.6083838689243528,0.0,0.01744221187420089,-0.07853981633974483,4,4,2,0.008886265818499217,0.00013608989280197714,0.001562797618236949,,,
227.64100003242493,1790848270.672,False,REJECTED,INSUFFICIENT_RESIDUAL_IMPROVEMENT,-0.230241174159163,0.1601889434848663,1.829768261143982,0.1549852729421808,0.8959436949918084,1.6072387815146911,0.1549852729421808,0.8959436949918084,1.6072387815146911,0.0,0.0,0.0,4,4,2,0.0024010522366694764,0.0006239696301103548,0.0012826774807914512,,,
227.7810001373291,1790848270.812,False,REJECTED,INSUFFICIENT_RESIDUAL_IMPROVEMENT,-0.2182657049255632,0.11522386611924,1.8301346886967464,0.15674177765352024,0.8494443967491392,1.6076052090674557,0.15674177765352024,0.8494443967491392,1.6076052090674557,0.0,0.0,0.0,4,4,2,0.001952727954507849,0.00036587586963460206,0.007701114437250191,,,
227.92000007629395,1790848270.951,True,Y_ONLY,ACCEPTED,-0.20681510336270348,0.07030423300628323,1.8293015092891767,0.15799638614292155,0.8031052591579808,1.6067720296598857,0.15799638614292155,0.8160283842761982,1.6460419378297582,0.0,0.012923125118217388,0.039269908169872414,4,4,2,0.02102286375582929,0.01565936693058137,0.0028177897615386353,,,
228.06000018119812,1790848271.091,True,Y_ONLY,ACCEPTED,-0.19776408881272078,0.023731392230410916,1.8308016765903867,0.1584086145051707,0.768585993631374,1.6475421051309682,0.1584086145051707,0.801476723956936,1.5908189044411525,0.0,0.032890730325561945,-0.05672320068981572,5,5,2,0.021011500523726717,0.0026234024388811505,0.006439754658937549,,,
228.20000004768372,1790848271.231,True,XY_YAW,ACCEPTED,-0.18963857519428884,-0.022650351825293583,1.8361778081054423,0.15527698149806946,0.7544928647293131,1.5961950359562083,0.15839977483711565,0.743590111802569,1.6267382978661091,0.0031227933390461926,-0.010902752926744086,0.030543261909900754,5,5,4,0.01309712161522017,0.010474728498661268,0.0026245910312376625,,,
228.3400001525879,1790848271.371,True,Y_ONLY,ACCEPTED,-0.18612514626800536,-0.04309373226982978,1.8233405145752504,0.15758600911745413,0.7228629853212258,1.6139010043359172,0.15758600911745413,0.6954403300753149,1.6008110349459597,0.0,-0.027422655245910865,-0.013089969389957476,5,5,2,0.029687502698830526,0.006970816224659504,0.004230768792403642,,,
228.489000082016,1790848271.52,True,XY_YAW,ACCEPTED,-0.18564925655489573,-0.04542834298373184,1.7497652264223382,0.15753492189821322,0.6930582578050976,1.5272357467930475,0.1540596695175615,0.6627583877199119,1.6232288556527357,-0.0034752523806517166,-0.0302998700851857,0.09599310885968812,6,6,4,0.030771367775235925,0.007036593457604934,0.005120167987551667,,,
228.62000012397766,1790848271.651,True,XY_YAW,ACCEPTED,-0.18299365800128342,-0.0445373052581078,1.695549372531039,0.15680648446954265,0.6633071677541772,1.5690130017614365,0.14635386335136225,0.6439559747183087,1.5733763248914223,-0.010452621118180405,-0.01935119303586852,0.004363323129985816,5,5,4,0.013977685849589389,0.004079168349775203,0.0033672807453341766,,,
228.7630000114441,1790848271.794,True,XY_YAW,ACCEPTED,-0.1715091463842333,-0.04335859166686058,1.692144666263787,0.157896420211773,0.6437262924670899,1.56997161862417,0.14602725242823192,0.649300161084539,1.4957951254144108,-0.01186916778354108,0.005573868617449129,-0.07417649320975901,5,5,4,0.010072055945166886,0.005011970248386399,0.0040195707130012345,,,
228.90000009536743,1790848271.931,False,REJECTED,AMBIGUOUS_JOINT_HYPOTHESIS,-0.1454711506717974,-0.04074859257394699,1.6889231796931612,0.17207412091768967,0.6467802488085405,1.4925736388437851,0.17207412091768967,0.6467802488085405,1.4925736388437851,0.0,0.0,0.0,5,5,4,0.019676225468821806,0.0070316772995783206,0.00036670284651535087,,,
229.04100012779236,1790848272.072,True,XY_YAW,ACCEPTED,-0.11013992062991917,-0.041103864002306444,1.6919003834380526,0.20665716126394248,0.6395390227749611,1.4955508425886768,0.16482316900511307,0.6465476383881679,1.5217307813685916,-0.04183399225882942,0.007008615613206759,0.026179938779914924,5,5,4,0.03182995105940217,0.008605224111228271,0.001833977530166446,,,
229.1800000667572,1790848272.211,True,XY_YAW,ACCEPTED,-0.06821218485354796,-0.05380302677915868,1.6982365128083543,0.20399470612654413,0.6269314603172346,1.5280669107388933,0.19479548586453677,0.6529845991873864,1.532430233868879,-0.009199220262007368,0.026053138870151815,0.004363323129985816,6,6,5,0.017068399778043863,0.0076770134437621484,0.00527389159473792,,,
229.32000017166138,1790848272.351,True,Y_ONLY,ACCEPTED,-0.040776369376128274,-0.06568785685683307,1.69765220062818,0.21989347288596683,0.6367345467456755,1.5318459216887048,0.21989347288596683,0.6347348530286234,1.5623891835986057,0.0,-0.001999693717052109,0.030543261909900754,6,5,2,0.006614597360019958,0.0019219816670971168,0.006282059763538378,0.09864639348569718,0.009462161997165125,0.01614480817607586
229.46000003814697,1790848272.491,True,Y_ONLY,ACCEPTED,-0.02555082747911519,-0.06655129716601058,1.6909396529955365,0.23486350739202397,0.6318261209830962,1.5556766359659622,0.23486350739202397,0.61212239902496,1.5687666053559197,0.0,-0.01970372195813619,0.013089969389957462,6,5,3,0.01567757587295926,0.001547643752008998,0.026410519022868128,0.1602408118883496,0.008096981236256073,0.00865943768242844
229.60000014305115,1790848272.631,True,Y_ONLY,ACCEPTED,-0.0025485294673479597,-0.06248084535996287,1.690144622702824,0.2581904130514757,0.6133592353449904,1.567971575063207,0.2581904130514757,0.6009429385373916,1.5854248675831504,0.0,-0.012416296807598814,0.017453292519943292,6,6,3,0.008375236540297148,0.0014417198414184984,0.015612368319354312,,,
229.74500012397766,1790848272.776,False,REJECTED,INSUFFICIENT_RESIDUAL_IMPROVEMENT,0.031212137926653005,-0.05696572759396398,1.692589102750177,0.2923426227618758,0.6028988932296262,1.5878693476305035,0.2923426227618758,0.6028988932296262,1.5878693476305035,0.0,0.0,0.0,6,6,3,0.0011785168142288693,0.0014202645604375341,0.015360921526193227,,,
229.88000011444092,1790848272.911,False,REJECTED,INSUFFICIENT_RESIDUAL_IMPROVEMENT,0.06857640478532745,-0.051602989466263044,1.6946561644299765,0.330062763032606,0.6043266243208902,1.589936409310303,0.330062763032606,0.6043266243208902,1.589936409310303,0.0,0.0,0.0,6,6,3,0.0026937116104090997,0.0008142777566866322,0.019064816493469222,,,
230.0200002193451,1790848273.051,False,REJECTED,INSUFFICIENT_RESIDUAL_IMPROVEMENT,0.11015293344396904,-0.04626384149974159,1.6999007185374997,0.3719696240491309,0.6052905932275151,1.5951809634178262,0.3719696240491309,0.6052905932275151,1.5951809634178262,0.0,0.0,0.0,5,5,3,0.00214793022533577,0.0008252671096944386,0.008288150748499076,0.15417451410660232,0.014220940059118004,0.014220940059118004
230.1600000858307,1790848273.191,True,Y_ONLY,ACCEPTED,0.15427590838794036,-0.04103689689916432,1.6989082962680448,0.41639725320637944,0.6058767973129747,1.5941885411483714,0.41639725320637944,0.6061128720194918,1.6160051567983005,0.0,0.0002360747065170976,0.021816615649929122,6,6,3,0.007898070542831537,0.0013303159338695636,0.015468449537066938,0.07848911184795254,0.06302589358838392,0.06407458896539167
230.30000019073486,1790848273.331,True,Y_ONLY,ACCEPTED,0.19907621502403505,-0.03548065624406813,1.6977714369729033,0.4615037956303879,0.6079401966914031,1.6148682975031592,0.4615037956303879,0.6087659985816226,1.6279582668931167,0.0,0.0008258018902195241,0.013089969389957462,6,6,3,0.007221752305397899,0.004063399338312568,0.0012691131249884247,0.08300101460661372,0.04018901408032849,0.043723181712166916
230.44000005722046,1790848273.471,False,REJECTED,INSUFFICIENT_RESIDUAL_IMPROVEMENT,0.24400772988622665,-0.02958558008591959,1.6946638522705861,0.5067370793058706,0.6115124505937665,1.6248506821907995,0.5067370793058706,0.6115124505937665,1.6248506821907995,0.0,0.0,0.0,6,6,2,0.006818037325693305,0.006818037325693305,0.00792654101458745,0.16222186509267622,0.01941022275890958,0.01941022275890958
230.58000016212463,1790848273.611,True,X_ONLY,ACCEPTED,0.2895590232877763,-0.024376318303804365,1.6913202117231005,0.5525407917788249,0.6135315252738199,1.621507041643314,0.5229473594306574,0.6135315252738199,1.6127803953833424,-0.02959343234816747,0.0,-0.00872664625997166,6,6,2,0.029754837940360046,0.010442411503938542,0.009026657758354283,0.1358460437179162,0.016008488276372246,0.022885036303509798
230.72000002861023,1790848273.751,True,X_ONLY,ACCEPTED,0.336078622490809,-0.018705287780803815,1.691625547896521,0.5697684981611579,0.6155351882152369,1.613085731556763,0.5518775947424683,0.6155351882152369,1.6043590852967915,-0.017890903418689652,0.0,-0.00872664625997166,6,6,2,0.01641385369155579,0.01186853425347334,0.0013663457532400985,0.1159897371381079,0.04153258581639743,0.04936584326455089
230.8600001335144,1790848273.891,True,X_ONLY,ACCEPTED,0.3823305640217878,-0.012928858662084257,1.6899613719171809,0.5984569826423501,0.6172585139595541,1.6026949093174514,0.6035056570163976,0.6172585139595541,1.615784878707409,0.005048674374047435,0.0,0.013089969389957462,5,5,2,0.012998507010389848,0.009500035752959657,,0.14642643945370853,0.0226331956977808,0.023424312895142796
231.00600004196167,1790848274.037,False,REJECTED,AMBIGUOUS_JOINT_HYPOTHESIS,0.431157276961433,-0.00799761532032994,1.6909690220316278,0.6525635525321017,0.6185577233177274,1.6167925288218559,0.6525635525321017,0.6185577233177274,1.6167925288218559,0.0,0.0,0.0,6,6,2,0.01758399931663157,0.010147497440941011,0.00019780598755277795,,,
231.14000010490417,1790848274.171,True,X_ONLY,ACCEPTED,0.47591256515528824,-0.003096272003079047,1.6897628598090977,0.6975590031207756,0.6201288420117848,1.6155863665993258,0.6886199239501769,0.6201288420117848,1.6243130128592973,-0.008939079170598718,0.0,0.008726646259971646,7,6,2,0.017690991460783456,0.00259643032673329,0.006383559009734589,0.1590063524023676,0.029695180637043406,0.03270712652402452
231.28400015830994,1790848274.315,False,REJECTED,INSUFFICIENT_RESIDUAL_IMPROVEMENT,0.5236118635368174,0.002221474706264324,1.688770471462897,0.7365648917476509,0.6223155196409911,1.6233206245130964,0.7365648917476509,0.6223155196409911,1.6233206245130964,0.0,0.0,0.0,5,4,2,0.001801156109026203,0.0008922265975126464,0.004767423542912546,0.15524790860738277,0.020372021870960044,0.020372021870960044
231.42000007629395,1790848274.451,True,X_ONLY,ACCEPTED,0.5685522500588337,0.008249979322982987,1.688770471462897,0.7818033405189488,0.6253918748592158,1.6233206245130964,0.7389899767810733,0.6253918748592158,1.5535074544333232,-0.04281336373787559,0.0,-0.0698131700797732,6,6,2,0.005742096423199561,0.0002025466485822136,0.007940923157196238,0.15330681207590222,0.021403705480647572,0.03334345857695853
231.56000018119812,1790848274.591,False,REJECTED,INSUFFICIENT_RESIDUAL_IMPROVEMENT,0.6139161681522826,0.01377202587581216,1.688770471462897,0.7846841893063874,0.6247461159164341,1.5535074544333232,0.7846841893063874,0.6247461159164341,1.5535074544333232,0.0,0.0,0.0,8,6,2,0.0030531912961409002,0.0012065368893524608,0.008852316563497702,0.14461939199583052,0.014405950082296837,0.014405950082296837
231.70000004768372,1790848274.731,True,Y_ONLY,ACCEPTED,0.6595575270153508,0.01975922975949861,1.6899155380935198,0.8307160353276517,0.6245238523638392,1.554652521063946,0.8307160353276517,0.646055636024981,1.598285752363804,0.0,0.021531783661141723,0.043633231299858244,8,5,2,0.034005926476681436,0.023114847801457117,0.005389532067855252,0.09946965454406492,0.014217191988530609,0.0709747745697435
231.8400001525879,1790848274.871,True,X_ONLY,ACCEPTED,0.7058995193945818,0.02509259164392895,1.6892284912214897,0.8773516309378606,0.6471262567552482,1.5975987054917742,0.9420912562398667,0.6471262567552482,1.5888720592318024,0.06473962530200607,0.0,-0.00872664625997166,9,9,2,0.07520468411706879,0.004262022916490433,0.008316387317411881,0.10700065883640086,0.05807712734463233,0.012774999495448691
231.9800000190735,1790848275.011,True,X_ONLY,ACCEPTED,0.7522861354463717,0.030585027153965143,1.6873963769549087,0.9887947553468697,0.6479436720292848,1.5870399449652215,0.9522821737228861,0.6479436720292848,1.6219465300051081,-0.03651258162398352,0.0,0.034906585039886584,11,11,3,0.03695724583444204,0.0010711008179034032,0.014017280623536535,0.14479050378353486,0.024279261875023717,0.013018117863450807
232.12000012397766,1790848275.151,True,XY_YAW,ACCEPTED,0.7981333776557653,0.036101734120663954,1.6901292839873443,0.9983920633660791,0.6504500141958307,1.6246794370375437,1.0048049057586748,0.6601265782220288,1.5984994982576288,0.006412842392595763,0.009676564026198098,-0.026179938779914952,11,10,5,0.0192418027198607,0.0009319744294188099,0.00855580571083791,0.15099452248917522,0.006904712390888523,0.022703769425764908
232.26500010490417,1790848275.296,True,X_ONLY,ACCEPTED,0.846060544339299,0.041983935814937624,1.6908621359147862,1.05306924548316,0.6615986903246796,1.5992323501850707,1.056210935512171,0.6615986903246796,1.594869027055085,0.0031416900290107685,0.0,-0.00436332312998583,11,10,3,0.00524275591449741,0.0003832042094946697,0.011766924978103192,0.14312982674367125,0.014847397474341495,0.021124691239561955
232.40000009536743,1790848275.431,True,XY_YAW,ACCEPTED,0.8911200543552003,0.047196383812674464,1.6896407179788768,1.1015625914831026,0.6624683786001464,1.5936476091191756,1.175007509321283,0.6905082715502018,1.6634607791989486,0.07344491783818048,0.02803989295005538,0.06981317007977317,10,10,5,0.07929259956320334,0.005317081431017723,0.0014622029203072637,0.15187549444910364,0.008480718879943394,0.02299847063191729
232.5400002002716,1790848275.571,True,XY_YAW,ACCEPTED,0.9381194883765637,0.053277319575276344,1.691900361318648,1.2221500181515659,0.6953568217731152,1.6657204225387199,1.2225702149324453,0.6909654130881002,1.6919003613186347,0.000420196780879345,-0.004391408685014975,0.026179938779914924,9,9,6,0.017438235183791895,0.0010246692693515135,0.010116166434355253,0.11214274924972134,0.008296742359140907,0.009966406430392871
232.6800000667572,1790848275.711,True,Y_ONLY,ACCEPTED,0.9851727805949125,0.05888811795757995,1.6889231419514812,1.2696235071507942,0.6965762114704036,1.6889231419514679,1.2696235071507942,0.6631010136705646,1.6016566793517515,0.0,-0.03347519779983896,-0.08726646259971649,9,9,2,0.031751187312489715,0.011186471506871465,0.0015602155965768263,0.12487551786849949,0.009326244424390673,0.06913878664654804
232.82000017166138,1790848275.851,True,Y_ONLY,ACCEPTED,1.0047245152403286,0.06425374986058521,1.7153211298713833,1.2895684871768716,0.6667421817692237,1.6280546672716536,1.2895684871768716,0.6959170729717978,1.689141191091455,0.0,0.02917489120257416,0.061086523819801536,8,8,2,0.03483176926660406,0.008968601643825624,0.0051504171389848055,0.08081261166073361,0.009694075643310152,0.03141970594431687
232.96000003814697,1790848275.991,True,XY_YAW,ACCEPTED,1.005851140863821,0.06341208710553578,1.7173059293525388,1.2906726945714693,0.6950462070128448,1.6911259905726106,1.277559515160441,0.6683851497081109,1.7042159599625681,-0.013113179411028186,-0.02666105730473392,0.013089969389957462,8,8,5,0.030428601482438478,0.003008166200276996,0.007233873893442955,0.09754962673863332,0.0516515792312402,0.026160672978678745
233.10000014305115,1790848276.131,True,XY_YAW,ACCEPTED,1.0078953603028302,0.05923808291155221,1.715046289263486,1.2795489234393995,0.6641847451054768,1.7019563198735153,1.3237791082973245,0.6974666596139865,1.7455895511733734,0.04423018485792485,0.033281914508509716,0.043633231299858244,8,8,5,0.01068653929084118,0.007478390559557846,0.0028433517161681743,0.18233196375646357,0.021862879610959673,0.01758630209846901
233.24000000953674,1790848276.271,True,XY_YAW,ACCEPTED,1.020401070009315,0.0375463182047386,1.7071070781102924,1.3369414194692517,0.6761669179260693,1.73765034002018,1.318052262385112,0.6892519232656518,1.7332870168901942,-0.01888915708413974,0.01308500533958247,-0.00436332312998583,8,8,5,0.01684207809999,0.010433749192808706,0.0020253284722378563,0.13868030455524483,0.019021654587494274,0.03503324614171713
233.38000011444092,1790848276.411,True,Y_ONLY,ACCEPTED,1.0348880817425758,0.013969334079140827,1.7033751048881347,1.3331514832759839,0.6660622441409421,1.7295550436680365,1.3331514832759839,0.6690652379134417,1.7470083361879798,0.0,0.0030029937724996847,0.017453292519943292,8,8,3,0.008206701150501317,0.0028985375010945336,0.0018255598914304338,0.13686692755599553,0.02603189036179482,0.028427883046270863
233.52700018882751,1790848276.558,False,REJECTED,INSUFFICIENT_RESIDUAL_IMPROVEMENT,1.0369649154303318,0.007923629148149614,1.6999922744008285,1.3354900502235392,0.6631158773670459,1.7436255057006735,1.3354900502235392,0.6631158773670459,1.7436255057006735,0.0,0.0,0.0,8,8,5,0.010384572630685318,0.01746383078562863,0.0010282318131791812,0.14596416088300598,0.04371583763331016,0.04371583763331016
233.6600000858307,1790848276.691,True,XY_YAW,ACCEPTED,1.03803823587613,0.00022577805452114183,1.6988013984195645,1.3368981246548348,0.6554721705022464,1.7424346297194095,1.3394776697945974,0.6126222893259923,1.7249813371994662,0.0025795451397625513,-0.0428498811762541,-0.017453292519943306,8,8,5,0.028090724921567722,0.003477777401165172,0.011012790152263762,0.12626752736022748,0.05528965613559739,0.031410904574853266
233.8050000667572,1790848276.836,True,XY_YAW,ACCEPTED,1.0412784491743028,-0.023535243669532337,1.685136733368312,1.3433387637900118,0.5889542288066512,1.7113166721482138,1.3396016019495849,0.6004526414822926,1.7200433184081854,-0.003737161840426939,0.011498412675641445,0.008726646259971646,8,8,5,0.008229023175208183,0.004188905660140185,0.014387847883347484,0.13376679739176106,0.01939512183108416,0.02771233471781551
233.94000005722046,1790848276.971,True,X_ONLY,ACCEPTED,1.0442568947220336,-0.04114489940018443,1.6308598441497224,1.3431928012308665,0.5829576593286862,1.665766429189596,1.3312849093645298,0.5829576593286862,1.6832197217095393,-0.0119078918663367,0.0,0.017453292519943292,8,8,2,0.023836985681257333,0.009844632699231776,0.002599246912850732,0.18828271118545514,0.01259046313164508,0.011365468086336428
234.08000016212463,1790848277.111,False,REJECTED,AMBIGUOUS_JOINT_HYPOTHESIS,1.048841223749879,-0.04865010900887066,1.621007978678331,1.3362557480504436,0.5757026605923329,1.6733678562381475,1.3362557480504436,0.5757026605923329,1.6733678562381475,0.0,0.0,0.0,7,7,4,0.018300824136006033,0.016179242951245093,0.0005104050220522197,0.17635187827218932,0.020601705072996634,0.020601705072996634
234.22000002861023,1790848277.251,True,XY_YAW,ACCEPTED,1.0713589677683313,-0.07141639692380318,1.6210884613754328,1.359934127731443,0.5541460607493944,1.6734483389352495,1.3720455109779996,0.5722982871307217,1.634178430765377,0.012111383246556695,0.018152226381327338,-0.03926990816987243,8,8,5,0.021316735839725265,0.0065988206014497295,0.0055527154783487215,0.17289377039843284,0.020197207747245205,0.04813494660216994
234.3600001335144,1790848277.391,False,REJECTED,AMBIGUOUS_JOINT_HYPOTHESIS,1.1048837016435944,-0.10292734939983537,1.617494952034717,1.4059798383319595,0.5412288594824971,1.6305849214246615,1.4059798383319595,0.5412288594824971,1.6305849214246615,0.0,0.0,0.0,8,8,3,0.017245540561728223,0.008966703195743664,0.0004929277021756898,0.1829725848869892,0.050449257264939096,0.050449257264939096
234.5,1790848277.531,True,X_ONLY,ACCEPTED,1.1431322358917324,-0.14083495495669848,1.6141648224279947,1.4447212909611948,0.5038251594066699,1.6272547918179392,1.4244485789939214,0.5038251594066699,1.6752513462477832,-0.020272711967273427,0.0,0.047996554429844046,7,7,3,0.029225181873667072,6.307119480585856e-05,0.01035662641040784,0.16974494753455366,0.100656003589216,0.057688302569764316
234.64000010490417,1790848277.671,True,X_ONLY,ACCEPTED,1.1731246735618601,-0.18357658557975917,1.6138731248590679,1.4569943888488506,0.46299424505735026,1.674959648678856,1.458975001398517,0.46299424505735026,1.6705963255488703,0.001980612549666416,0.0,-0.00436332312998583,7,7,3,0.007374918146345277,0.0026483192428314317,0.0014781708647241022,0.14672402259393702,0.05537623868574165,0.05533201578760983
234.79800009727478,1790848277.829,True,XY_YAW,ACCEPTED,1.1917772253217152,-0.23317105752516937,1.6102702325022675,1.4804092025725142,0.4145370025157988,1.66699343319207,1.5009115369246768,0.4735508702761196,1.6713567563220557,0.020502334352162616,0.05901386776032078,0.004363323129985816,8,8,4,0.02673018824072204,0.00605005045929187,0.0022710780110209283,0.14771471756913385,0.05255312947977664,0.052474197067177
234.92300009727478,1790848277.954,False,REJECTED,INSUFFICIENT_RESIDUAL_IMPROVEMENT,1.1954440261400956,-0.27421957326457225,1.6134698182455232,1.5070774503563478,0.432802771127781,1.6745563420653116,1.5070774503563478,0.432802771127781,1.6745563420653116,0.0,0.0,0.0,7,7,4,0.007359675953582889,0.0058596906478745325,0.005898282977410192,0.12234813284586887,0.047406312905048265,0.047406312905048265
235.06000018119812,1790848278.091,True,XY_YAW,ACCEPTED,1.192602247677986,-0.3200852599510164,1.6190272693300551,1.5070410055708803,0.38684914676773285,1.6801137931498435,1.5195572503281656,0.37908636542507557,1.645207208109957,0.01251624475728524,-0.007762781342657302,-0.0349065850398866,6,6,4,0.02092463431248212,0.0036290595205556303,0.010275199300311708,0.1368499322425299,0.027834651763093965,0.048458197522110336
235.20000004768372,1790848278.231,True,XY_YAW,ACCEPTED,1.1801503945095204,-0.36681524452821695,1.6198669992526489,1.508332912489493,0.332046442529754,1.6460469380325506,1.5168810262838253,0.35805960478138854,1.6678635536824797,0.008548113794332235,0.026013162251634525,0.021816615649929122,6,6,4,0.014774042050293007,0.006501584477201117,0.00592723423126764,0.11082605810951623,0.006054513925773858,0.029105840286922632
235.3400001525879,1790848278.371,False,REJECTED,AMBIGUOUS_JOINT_HYPOTHESIS,1.1522669141292448,-0.40207141685058273,1.6285238168914846,1.4907211820632544,0.32150623673825135,1.6765203713213155,1.4907211820632544,0.32150623673825135,1.6765203713213155,0.0,0.0,0.0,6,6,3,0.005522050947702528,0.0044240104451938045,0.0002704888837814952,0.14681727672816935,0.05508180625981096,0.05508180625981096
235.4800000190735,1790848278.511,True,X_ONLY,ACCEPTED,1.1345232819639235,-0.41778539524530073,1.6411960597434772,1.4737519109795445,0.3049590485089647,1.689192614173308,1.4902991020539664,0.3049590485089647,1.6804659679133365,0.01654719107442204,0.0,-0.00872664625997166,8,7,4,0.0216281856132835,0.004644598962955104,0.005603492833121636,0.1502574127399065,0.0662862550974721,0.06750109901913318
235.62000012397766,1790848278.651,True,XY_YAW,ACCEPTED,1.1321681492731948,-0.41948612258624,1.6416235647460253,1.4880125553272523,0.3031671702916438,1.6808934729158846,1.4642643318564479,0.2039355707643351,1.6372602416160265,-0.0237482234708043,-0.0992315995273087,-0.043633231299858244,8,6,5,0.04646850460906671,0.004556172667955938,0.003058136452145657,0.10673354340184343,0.040804770267300894,0.027918385918058293
235.75999999046326,1790848278.791,True,X_ONLY,ACCEPTED,1.1239972253215493,-0.41997438109199875,1.645408951153168,1.456091355263238,0.20348296917478878,1.6410456280231691,1.4061675006730259,0.20348296917478878,1.6366823048931833,-0.04992385459021209,0.0,-0.00436332312998583,7,6,3,0.04743763329201811,0.0026152305745308357,0.006371492674126407,0.1785561967680378,0.020452707191121175,0.01945360633680774
235.90000009536743,1790848278.931,True,XY_YAW,ACCEPTED,1.102068356722183,-0.42197833551786385,1.6515323674347848,1.3842219794783477,0.20167045410363954,1.6428057211748002,1.4147920302575456,0.18258832422317747,1.6384423980448144,0.030570050779197944,-0.019082129880462068,-0.00436332312998583,7,6,4,0.02745876339812542,0.008135270595756361,0.00481012327919517,0.1490488795066086,0.026648980193626742,0.045397911295155066
236.04800009727478,1790848279.079,True,X_ONLY,ACCEPTED,1.0676265991796559,-0.42488348568253725,1.6551050244825949,1.3803151961832127,0.1801342516267649,1.6420150550926245,1.3970449191372047,0.1801342516267649,1.6158351163127096,0.016729722953992,0.0,-0.026179938779914952,7,7,3,0.029684228272372604,0.00659771524162811,0.002306436238064981,0.17949207643982,0.01756213029938964,0.01145641941932253
236.1800000667572,1790848279.211,False,REJECTED,AMBIGUOUS_JOINT_HYPOTHESIS,1.0304147437444038,-0.427200697101806,1.6603113395183877,1.3597707794005138,0.17927975728196438,1.6210414313485024,1.3597707794005138,0.17927975728196438,1.6210414313485024,0.0,0.0,0.0,6,5,2,0.004152356352230768,0.004152356352230768,0.00037537427829394815,0.1762249326479402,0.014504972823752495,0.014504972823752495
236.32200002670288,1790848279.353,True,XY_YAW,ACCEPTED,0.9881716166628287,-0.4305768653148027,1.6639450800740896,1.3174276724969831,0.17756464935861546,1.6246751719042045,1.3854149645202558,0.2105404069633847,1.6813983725940203,0.0679872920232727,0.03297575760476923,0.056723200689815706,7,7,6,0.006512772691821156,0.0005546556704315031,0.009557433990536135,0.16990808120833914,0.03713733648424874,0.026747069379114363
236.46000003814697,1790848279.491,True,X_ONLY,ACCEPTED,0.9449910239673976,-0.4348524329907997,1.6653802413603493,1.3423155673830738,0.20551188522313088,1.68283353388028,1.3514013244217844,0.20551188522313088,1.6915601801402516,0.009085757038710618,0.0,0.008726646259971646,7,7,4,0.00746223840518645,0.001199904479372016,0.007996805805710938,0.1357226452008235,0.025686421913063834,0.02656958448774767
236.60000014305115,1790848279.631,True,XY_YAW,ACCEPTED,0.8992372747588768,-0.43905158938131017,1.6646168460015767,1.3057731749801627,0.20011647425071702,1.6907967847814789,1.2999942069574786,0.20104770074712286,1.6777068153915213,-0.005778968022684072,0.0009312264964058403,-0.013089969389957476,8,8,5,0.008631314522515865,0.0027487966416908094,0.017402102387897474,0.1423718595549237,0.01691905881381848,0.016777002887829913
236.74000000953674,1790848279.771,False,REJECTED,INSUFFICIENT_RESIDUAL_IMPROVEMENT,0.8513755813385501,-0.4430302098467286,1.6336996904452872,1.2521886924973635,0.19644293092954065,1.6467896598352318,1.2521886924973635,0.19644293092954065,1.6467896598352318,0.0,0.0,0.0,8,8,2,0.0041328471638741315,0.005326554933671068,0.008740848307479086,0.16908944697653494,0.016535748921096438,0.016535748921096438
236.88000011444092,1790848279.911,True,Y_ONLY,ACCEPTED,0.8040241991278684,-0.4457129759534547,1.5551755741539408,1.2048764833178196,0.19314058421901392,1.5682655435438855,1.2048764833178196,0.18375573644212695,1.6118987748437437,0.0,-0.009384847776886973,0.043633231299858244,5,5,3,0.026488997420547222,5.8124249812552264e-05,0.0037626720265982096,0.10994327538426468,0.05880187909475018,0.0494527016091666
237.0200002193451,1790848280.051,True,Y_ONLY,ACCEPTED,0.7584898241592672,-0.4446111469902516,1.509096290423454,1.1593528768697905,0.18227432265444224,1.5658194911132568,1.1593528768697905,0.15418463964439186,1.561456167983271,0.0,-0.02808968301005038,-0.00436332312998583,6,6,2,0.02778179511685941,0.008141265919308527,0.0010335228710092424,,,
237.1600000858307,1790848280.191,True,Y_ONLY,ACCEPTED,0.7137555865934758,-0.4415847704748018,1.485129054860896,1.1145215577129766,0.1548656595162034,1.5374889324207133,1.1145215577129766,0.15424876066844737,1.4764024086009118,0.0,-0.0006168988477560367,-0.06108652381980154,6,6,2,0.028797139764392243,0.009531561087381457,0.0025913451297289378,,,
237.30599999427795,1790848280.337,False,REJECTED,AMBIGUOUS_JOINT_HYPOTHESIS,0.6651819567131647,-0.43691310988216536,1.4697324268922864,1.0659905447796516,0.1593441228839993,1.461005780632302,1.0659905447796516,0.1593441228839993,1.461005780632302,0.0,0.0,0.0,5,5,2,0.021548684925400234,0.006914425070462291,0.00041874802137358696,,,
237.44000005722046,1790848280.471,True,Y_ONLY,ACCEPTED,0.6205834984197786,-0.43167078506758605,1.4629224489994688,1.0214395319924885,0.16497543811638363,1.4541958027394843,1.0214395319924885,0.1990634932555259,1.4716490952594277,0.0,0.03408805513914226,0.017453292519943292,5,5,2,0.01435156965385076,0.010856452028135954,0.008083110554513308,0.1872792663901432,0.1008328978470357,0.1008747587426039
237.58000016212463,1790848280.611,False,REJECTED,INSUFFICIENT_RESIDUAL_IMPROVEMENT,0.573836697722482,-0.42571808908988173,1.460059350343872,0.974642564857362,0.2046080249570878,1.468785996603831,0.974642564857362,0.2046080249570878,1.468785996603831,0.0,0.0,0.0,5,4,2,0.024270583898230225,0.024270583898230225,0.002532073918347963,0.18495957159473636,0.011065799929012361,0.011065799929012361
237.72000002861023,1790848280.751,False,REJECTED,INSUFFICIENT_RESIDUAL_IMPROVEMENT,0.5271615190928156,-0.41980638789500535,1.4819269683234917,0.9279175748051446,0.2101121884492929,1.4906536145834506,0.9279175748051446,0.2101121884492929,1.4906536145834506,0.0,0.0,0.0,5,5,2,0.0020505635773570424,0.01237454090362499,0.0018341971771116475,0.19066826396630498,0.10437642857093532,0.10437642857093532
237.8600001335144,1790848280.891,True,XY_YAW,ACCEPTED,0.48108598667527414,-0.41592054116914956,1.5614831368490205,0.8818098868233003,0.2135958074447648,1.5702097831089796,0.8909255800026858,0.20500304363245817,1.46549002798932,0.009115693179385542,-0.008592763812306649,-0.10471975511965978,5,5,4,0.022918570663835507,0.01743991585756499,,,,
238.0,1790848281.031,True,Y_ONLY,ACCEPTED,0.43410562918299955,-0.4147855929929948,1.6000996207471694,0.8442702907189595,0.21063563444986322,1.5041065118874686,0.8442702907189595,0.2092039412555139,1.521559804407412,0.0,-0.00143169319434934,0.017453292519943292,5,5,2,0.009677310432781305,0.005638508023325654,0.00512195351970612,,,
238.14000010490417,1790848281.171,False,REJECTED,INSUFFICIENT_RESIDUAL_IMPROVEMENT,0.387412691320006,-0.4162051975988109,1.621057925177332,0.7976099107067538,0.21145219849853594,1.5425181088375746,0.7976099107067538,0.21145219849853594,1.5425181088375746,0.0,0.0,0.0,4,4,2,0.0072177932456065005,0.0077522669021455465,0.004455340764725573,,,
238.28000020980835,1790848281.311,False,REJECTED,AMBIGUOUS_JOINT_HYPOTHESIS,0.3411966690488941,-0.41955486588014956,1.6360203314324209,0.751273545064144,0.21173892344214337,1.5574805150926634,0.751273545064144,0.21173892344214337,1.5574805150926634,0.0,0.0,0.0,5,4,2,0.010033840028203352,0.0068041381091776265,0.0002452299307338923,,,
238.42000007629395,1790848281.451,True,Y_ONLY,ACCEPTED,0.2944241847946565,-0.4234710694844317,1.6429060838064842,0.7043379829758567,0.21150451900613956,1.5643662674667267,0.7043379829758567,0.19277971792134826,1.5774562368566842,0.0,-0.01872480108479129,0.013089969389957462,4,4,2,0.011051501947178646,0.008929775928212182,0.007445157312513393,,,
238.5680000782013,1790848281.599,False,REJECTED,INSUFFICIENT_RESIDUAL_IMPROVEMENT,0.2458603091205538,-0.4272445493783539,1.6478833764227003,0.6556312888942533,0.19219054677416736,1.5824335294729004,0.6556312888942533,0.19219054677416736,1.5824335294729004,0.0,0.0,0.0,4,4,2,0.007355666763634243,0.008896812380422954,,,,
238.70000004768372,1790848281.731,False,REJECTED,INSUFFICIENT_RESIDUAL_IMPROVEMENT,0.2010543459656824,-0.43095858439736934,1.6470436496756982,0.6106783492335506,0.19141491398772184,1.5815938027258984,0.6106783492335506,0.19141491398772184,1.5815938027258984,0.0,0.0,0.0,5,4,2,0.007510418445459521,0.008318596085289738,0.009833075702218428,,,
238.8420000076294,1790848281.873,False,REJECTED,INSUFFICIENT_RESIDUAL_IMPROVEMENT,0.1522458850351336,-0.4344537697591785,1.646158115548169,0.5617457949045582,0.19111943816383334,1.5807082685983693,0.5617457949045582,0.19111943816383334,1.5807082685983693,0.0,0.0,0.0,6,5,2,0.00818100454502415,0.009352504207238453,0.0017656110885624111,,,
238.9800000190735,1790848282.011,False,REJECTED,INSUFFICIENT_RESIDUAL_IMPROVEMENT,0.10581045045357595,-0.43775876633161726,1.6351325278380668,0.5151936250349561,0.19085854057154825,1.5696826808882671,0.5151936250349561,0.19085854057154825,1.5696826808882671,0.0,0.0,0.0,6,4,2,0.009113997222684356,0.009863735248659411,0.0069143182924075106,,,
239.12000012397766,1790848282.151,False,REJECTED,INSUFFICIENT_RESIDUAL_IMPROVEMENT,0.05825395919091991,-0.44076092348031304,1.5775600561138863,0.4675426053986314,0.19097315461554193,1.5121102091640863,0.4675426053986314,0.19097315461554193,1.5121102091640863,0.0,0.0,0.0,4,4,2,0.011353919539177748,0.01291120891572256,0.004917991927160571,,,
239.25999999046326,1790848282.291,False,REJECTED,NO_YAW_CONSENSUS,0.011552576419767036,-0.4409357944151521,1.5227488159840588,0.4209297767665049,0.19385307466540613,1.4572989690342588,0.4209297767665049,0.19385307466540613,1.4572989690342588,0.0,0.0,0.0,5,0,0,,,,,,
239.40000009536743,1790848282.431,False,REJECTED,INSUFFICIENT_RESIDUAL_IMPROVEMENT,-0.03503110713736324,-0.43820658142412144,1.497213566268435,0.3746243315216485,0.19962316287762846,1.431763719318635,0.3746243315216485,0.19962316287762846,1.431763719318635,0.0,0.0,0.0,4,3,2,0.013664629334054879,0.013260674310596438,0.001244515025454699,,,
239.5400002002716,1790848282.571,False,REJECTED,INSUFFICIENT_RESIDUAL_IMPROVEMENT,-0.08135650124152716,-0.4343329406961421,1.4846757340444368,0.32865147186738614,0.20651833558069577,1.4192258870946368,0.32865147186738614,0.20651833558069577,1.4192258870946368,0.0,0.0,0.0,3,3,2,0.014246222563316285,0.01536824770477755,0.0013465165975094992,,,
239.6800000667572,1790848282.711,False,REJECTED,INSUFFICIENT_RESIDUAL_IMPROVEMENT,-0.12820822702449175,-0.4303254723629573,1.4932740291330915,0.2821621601950086,0.21358147309259962,1.4278241821832915,0.2821621601950086,0.21358147309259962,1.4278241821832915,0.0,0.0,0.0,5,3,2,0.01743729770678655,0.016141593419440332,0.007238677978328653,,,
239.82500004768372,1790848282.856,True,Y_ONLY,ACCEPTED,-0.17789990639152564,-0.42619644883580093,1.555223360558993,0.23284692558724251,0.22095164739074014,1.489773513609193,0.23284692558724251,0.19503075417489685,1.4548669285693063,0.0,-0.025920893215843302,-0.0349065850398866,5,3,2,0.034390249068665175,0.016705998212199466,0.006183402131426891,,,
239.96200013160706,1790848282.993,False,REJECTED,INSUFFICIENT_RESIDUAL_IMPROVEMENT,-0.22270430705762467,-0.42537610112536944,1.592537774341135,0.18835014649232998,0.20033584037522323,1.4921813423514485,0.18835014649232998,0.20033584037522323,1.4921813423514485,0.0,0.0,0.0,5,3,2,0.017874914666020585,0.01684925950210598,0.003307947220851558,,,
240.10000014305115,1790848283.131,False,REJECTED,INSUFFICIENT_RESIDUAL_IMPROVEMENT,-0.2671907089172849,-0.4265873556729322,1.6110270612004705,0.14396622390647051,0.20358768660322538,1.5106706292107839,0.14396622390647051,0.20358768660322538,1.5106706292107839,0.0,0.0,0.0,5,3,2,0.011021310463447474,0.009090096200268245,0.006570914895910246,,,
240.24000000953674,1790848283.271,True,Y_ONLY,ACCEPTED,-0.31270464446720125,-0.4281603823681473,1.6176137489756752,0.09852369239714451,0.20658252754220227,1.5172573169859884,0.09852369239714451,0.1988826181181603,1.5565272251558608,0.0,-0.007699909424041973,0.039269908169872414,6,3,2,0.015969299641880652,0.013351973966849173,0.007783086408705557,,,
240.38000011444092,1790848283.411,False,REJECTED,INSUFFICIENT_INDEPENDENT_WALLS,-0.35917271309092924,-0.4307418205088363,1.622248843734723,0.05198470305995816,0.19914280260444986,1.5611623199149085,0.05198470305995816,0.19914280260444986,1.5611623199149085,0.0,0.0,0.0,8,0,0,,,,0.19413393336685653,0.09766515297811718,0.09766515297811718
240.5200002193451,1790848283.551,False,REJECTED,INSUFFICIENT_INDEPENDENT_WALLS,-0.40585110138523883,-0.43355226112677064,1.6264322011278436,0.005221806073985015,0.19918725145800056,1.5653456773080292,0.005221806073985015,0.19918725145800056,1.5653456773080292,0.0,0.0,0.0,6,0,0,,,,0.19450077700787602,0.011070153398884952,0.011070153398884952
240.6600000858307,1790848283.691,False,REJECTED,INSUFFICIENT_INDEPENDENT_WALLS,-0.442421732295432,-0.4355639591749619,1.6252053800096027,-0.03140342446554869,0.19941188923911948,1.5641188561897883,-0.03140342446554869,0.19941188923911948,1.5641188561897883,0.0,0.0,0.0,6,0,0,,,,0.1518676031875738,0.08532825446228359,0.08532825446228359
240.80000019073486,1790848283.831,False,REJECTED,INSUFFICIENT_INDEPENDENT_WALLS,-0.44493551580195567,-0.4358667130895593,1.6242183693153973,-0.03393100194343334,0.19926316283338136,1.5631318454955831,-0.03393100194343334,0.19926316283338136,1.5631318454955831,0.0,0.0,0.0,8,0,0,,,,0.14263962130648905,0.012353669038016435,0.012353669038016435
240.94000005722046,1790848283.971,False,REJECTED,INSUFFICIENT_RESIDUAL_IMPROVEMENT,-0.44507674423817,-0.4358742690258471,1.6242183693153973,-0.03407242823902041,0.1992642427802097,1.5631318454955831,-0.03407242823902041,0.1992642427802097,1.5631318454955831,0.0,0.0,0.0,6,3,2,0.007347102515094538,0.008393294628176035,0.0025796222469500855,,,
241.08700013160706,1790848284.118,False,REJECTED,INSUFFICIENT_INDEPENDENT_WALLS,-0.44507674423817,-0.4358742690258471,1.6242183693153973,-0.034072428239020854,0.1992642427802097,1.5631318454955831,-0.034072428239020854,0.1992642427802097,1.5631318454955831,0.0,0.0,0.0,8,0,0,,,,0.18230729194926515,0.003698281910743284,0.003698281910743284
241.2220001220703,1790848284.253,False,REJECTED,AMBIGUOUS_JOINT_HYPOTHESIS,-0.44507674423817,-0.4358742690258471,1.6242183693153973,-0.0340724282390213,0.1992642427802097,1.5631318454955831,-0.0340724282390213,0.1992642427802097,1.5631318454955831,0.0,0.0,0.0,6,2,2,0.021467286113803406,0.010056325921442136,0.00080423011385743,,,
241.3619999885559,1790848284.393,False,REJECTED,INSUFFICIENT_INDEPENDENT_WALLS,-0.44507674423817,-0.4358742690258471,1.6242183693153973,-0.03407242823902174,0.1992642427802097,1.5631318454955831,-0.03407242823902174,0.1992642427802097,1.5631318454955831,0.0,0.0,0.0,7,0,0,,,,0.1599037329693974,0.05428938978569969,0.05428938978569969
241.5,1790848284.531,False,REJECTED,INSUFFICIENT_INDEPENDENT_WALLS,-0.44507674423817,-0.4358742690258471,1.6242183693153973,-0.034072428239022186,0.1992642427802097,1.5631318454955831,-0.034072428239022186,0.1992642427802097,1.5631318454955831,0.0,0.0,0.0,5,0,0,,,,0.15497518065188065,0.08655505693114718,0.08655505693114718
241.64000010490417,1790848284.671,False,REJECTED,INSUFFICIENT_INDEPENDENT_WALLS,-0.44507674423817,-0.4358742690258471,1.6242183693153973,-0.03407242823902263,0.1992642427802097,1.5631318454955831,-0.03407242823902263,0.1992642427802097,1.5631318454955831,0.0,0.0,0.0,5,0,0,,,,0.18485724469403134,0.00011777579188676501,0.00011777579188676501
241.7810001373291,1790848284.812,False,REJECTED,INSUFFICIENT_INDEPENDENT_WALLS,-0.44507674423817,-0.4358742690258471,1.6242183693153973,-0.034072428239023074,0.1992642427802097,1.5631318454955831,-0.034072428239023074,0.1992642427802097,1.5631318454955831,0.0,0.0,0.0,7,0,0,,,,0.18394042372500963,0.0019128662577727606,0.0019128662577727606
241.92000007629395,1790848284.951,False,REJECTED,INSUFFICIENT_INDEPENDENT_WALLS,-0.44507674423817,-0.4358742690258471,1.6242183693153973,-0.03407242823902352,0.1992642427802097,1.5631318454955831,-0.03407242823902352,0.1992642427802097,1.5631318454955831,0.0,0.0,0.0,8,0,0,,,,0.11047946789993396,0.006509189828012324,0.006509189828012324
242.06000018119812,1790848285.091,False,REJECTED,INSUFFICIENT_INDEPENDENT_WALLS,-0.44507674423817,-0.4358742690258471,1.6242183693153973,-0.03407242823902396,0.1992642427802097,1.5631318454955831,-0.03407242823902396,0.1992642427802097,1.5631318454955831,0.0,0.0,0.0,6,0,0,,,,0.18375869704905734,0.002312240663042864,0.002312240663042864
242.20000004768372,1790848285.231,False,REJECTED,INSUFFICIENT_INDEPENDENT_WALLS,-0.44507674423817,-0.4358742690258471,1.6242183693153973,-0.034072428239024406,0.1992642427802097,1.5631318454955831,-0.034072428239024406,0.1992642427802097,1.5631318454955831,0.0,0.0,0.0,7,0,0,,,,0.1837820804936201,0.002389415364128844,0.002389415364128844
242.34500002861023,1790848285.376,False,REJECTED,INSUFFICIENT_INDEPENDENT_WALLS,-0.44507674423817,-0.4358742690258471,1.6242183693153973,-0.03407242823902485,0.1992642427802097,1.5631318454955831,-0.03407242823902485,0.1992642427802097,1.5631318454955831,0.0,0.0,0.0,5,0,0,,,,0.15541860037163788,0.08649617140726007,0.08649617140726007
242.48100018501282,1790848285.512,False,REJECTED,INSUFFICIENT_INDEPENDENT_WALLS,-0.44507674423817,-0.4358742690258471,1.6242183693153973,-0.034072428239025294,0.1992642427802097,1.5631318454955831,-0.034072428239025294,0.1992642427802097,1.5631318454955831,0.0,0.0,0.0,5,0,0,,,,0.1843301119377131,3.480083651541399e-05,3.480083651541399e-05
242.62000012397766,1790848285.651,False,REJECTED,INSUFFICIENT_RESIDUAL_IMPROVEMENT,-0.44507674423817,-0.4358742690258471,1.6242183693153973,-0.03407242823902574,0.1992642427802097,1.5631318454955831,-0.03407242823902574,0.1992642427802097,1.5631318454955831,0.0,0.0,0.0,6,3,2,0.005589686397360731,0.006560886649017647,0.002003202014086481,,,
242.75999999046326,1790848285.791,False,REJECTED,AMBIGUOUS_JOINT_HYPOTHESIS,-0.44507674423817,-0.4358742690258471,1.6242183693153973,-0.03407242823902618,0.1992642427802097,1.5631318454955831,-0.03407242823902618,0.1992642427802097,1.5631318454955831,0.0,0.0,0.0,5,2,2,0.019055710842392715,0.011662570972976287,0.00030047701068744784,,,
242.90000009536743,1790848285.931,False,REJECTED,AMBIGUOUS_JOINT_HYPOTHESIS,-0.44507674423817,-0.4358742690258471,1.6242183693153973,-0.03407242823902663,0.1992642427802097,1.5631318454955831,-0.03407242823902663,0.1992642427802097,1.5631318454955831,0.0,0.0,0.0,6,2,2,0.020424173021255543,0.009692506936931869,0.00084793505853753,,,
243.0400002002716,1790848286.071,False,REJECTED,INSUFFICIENT_INDEPENDENT_WALLS,-0.44507674423817,-0.4358742690258471,1.6242183693153973,-0.03407242823902707,0.1992642427802097,1.5631318454955831,-0.03407242823902707,0.1992642427802097,1.5631318454955831,0.0,0.0,0.0,7,0,0,,,,0.18305911729944246,0.003294924765931073,0.003294924765931073
243.1800000667572,1790848286.211,False,REJECTED,INSUFFICIENT_INDEPENDENT_WALLS,-0.44507674423817,-0.4358742690258471,1.6242183693153973,-0.034072428239027515,0.1992642427802097,1.5631318454955831,-0.034072428239027515,0.1992642427802097,1.5631318454955831,0.0,0.0,0.0,7,0,0,,,,0.18289392548937106,0.0037442279481158525,0.0037442279481158525
243.32000017166138,1790848286.351,False,REJECTED,INSUFFICIENT_INDEPENDENT_WALLS,-0.44507674423817,-0.4358742690258471,1.6242183693153973,-0.03407242823902796,0.1992642427802097,1.5631318454955831,-0.03407242823902796,0.1992642427802097,1.5631318454955831,0.0,0.0,0.0,5,0,0,,,,0.1834768138588036,0.003108701276685555,0.003108701276685555
243.46000003814697,1790848286.491,False,REJECTED,INSUFFICIENT_INDEPENDENT_WALLS,-0.44507674423817,-0.4358742690258471,1.6242183693153973,-0.0340724282390284,0.1992642427802097,1.5631318454955831,-0.0340724282390284,0.1992642427802097,1.5631318454955831,0.0,0.0,0.0,5,0,0,,,,0.18350110805290515,0.0031579247811650557,0.0031579247811650557
243.60700011253357,1790848286.638,False,REJECTED,INSUFFICIENT_INDEPENDENT_WALLS,-0.44507674423817,-0.4358742690258471,1.6242183693153973,-0.03407242823902885,0.1992642427802097,1.5631318454955831,-0.03407242823902885,0.1992642427802097,1.5631318454955831,0.0,0.0,0.0,6,0,0,,,,0.09309958033902366,0.006089328720921605,0.006089328720921605
243.74100017547607,1790848286.772,False,REJECTED,INSUFFICIENT_INDEPENDENT_WALLS,-0.44507674423817,-0.4358742690258471,1.6242183693153973,-0.03407242823902929,0.1992642427802097,1.5631318454955831,-0.03407242823902929,0.1992642427802097,1.5631318454955831,0.0,0.0,0.0,5,0,0,,,,0.1835128647222456,0.0028842436467163557,0.0028842436467163557
243.882000207901,1790848286.913,False,REJECTED,INSUFFICIENT_INDEPENDENT_WALLS,-0.44507674423817,-0.4358742690258471,1.6242183693153973,-0.034072428239029735,0.1992642427802097,1.5631318454955831,-0.034072428239029735,0.1992642427802097,1.5631318454955831,0.0,0.0,0.0,5,0,0,,,,0.1551366776018852,0.08756735286852574,0.08756735286852574
244.0200002193451,1790848287.051,False,REJECTED,INSUFFICIENT_INDEPENDENT_WALLS,-0.44507674423817,-0.4358742690258471,1.6242183693153973,-0.03407242823903018,0.1992642427802097,1.5631318454955831,-0.03407242823903018,0.1992642427802097,1.5631318454955831,0.0,0.0,0.0,6,0,0,,,,0.1573453248665941,0.08955792648424163,0.08955792648424163
244.1600000858307,1790848287.191,False,REJECTED,INSUFFICIENT_INDEPENDENT_WALLS,-0.44507674423817,-0.4358742690258471,1.6242183693153973,-0.034072428239030624,0.1992642427802097,1.5631318454955831,-0.034072428239030624,0.1992642427802097,1.5631318454955831,0.0,0.0,0.0,6,0,0,,,,0.18511063249933707,2.2373803514885715e-06,2.2373803514885715e-06
244.30000019073486,1790848287.331,False,REJECTED,INSUFFICIENT_INDEPENDENT_WALLS,-0.44507674423817,-0.4358742690258471,1.6242183693153973,-0.03407242823903107,0.1992642427802097,1.5631318454955831,-0.03407242823903107,0.1992642427802097,1.5631318454955831,0.0,0.0,0.0,5,0,0,,,,0.10794122162273224,0.001095055434109482,0.001095055434109482
244.44200015068054,1790848287.473,False,REJECTED,INSUFFICIENT_INDEPENDENT_WALLS,-0.44507674423817,-0.4358742690258471,1.6242183693153973,-0.03407242823903151,0.1992642427802097,1.5631318454955831,-0.03407242823903151,0.1992642427802097,1.5631318454955831,0.0,0.0,0.0,6,0,0,,,,0.18464954632223396,0.0012121023264585196,0.0012121023264585196
244.58000016212463,1790848287.611,False,REJECTED,INSUFFICIENT_INDEPENDENT_WALLS,-0.44507674423817,-0.4358742690258471,1.6242183693153973,-0.034072428239031956,0.1992642427802097,1.5631318454955831,-0.034072428239031956,0.1992642427802097,1.5631318454955831,0.0,0.0,0.0,5,0,0,,,,0.1829556399854535,0.0035312152549241693,0.0035312152549241693
244.72000002861023,1790848287.751,False,REJECTED,INSUFFICIENT_INDEPENDENT_WALLS,-0.44507674423817,-0.4358742690258471,1.6242183693153973,-0.0340724282390324,0.1992642427802097,1.5631318454955831,-0.0340724282390324,0.1992642427802097,1.5631318454955831,0.0,0.0,0.0,8,0,0,,,,0.18482310354277542,0.0012408505927236635,0.0012408505927236635
244.86500000953674,1790848287.896,False,REJECTED,INSUFFICIENT_INDEPENDENT_WALLS,-0.44507674423817,-0.4358742690258471,1.6242183693153973,-0.034072428239032844,0.1992642427802097,1.5631318454955831,-0.034072428239032844,0.1992642427802097,1.5631318454955831,0.0,0.0,0.0,6,0,0,,,,0.18495731487209766,0.0009532810120211344,0.0009532810120211344
245.0,1790848288.031,False,REJECTED,INSUFFICIENT_INDEPENDENT_WALLS,-0.44507674423817,-0.4358742690258471,1.6242183693153973,-0.03407242823903329,0.1992642427802097,1.5631318454955831,-0.03407242823903329,0.1992642427802097,1.5631318454955831,0.0,0.0,0.0,5,0,0,,,,0.15515800421665282,0.08568921936985413,0.08568921936985413
245.14000010490417,1790848288.171,False,REJECTED,AMBIGUOUS_JOINT_HYPOTHESIS,-0.44507674423817,-0.4358742690258471,1.6242183693153973,-0.03407242823903373,0.1992642427802097,1.5631318454955831,-0.03407242823903373,0.1992642427802097,1.5631318454955831,0.0,0.0,0.0,6,2,2,0.01914481253860377,0.011536321143149897,0.0003641498870229215,,,
245.28000020980835,1790848288.311,True,Y_ONLY,ACCEPTED,-0.44507674423817,-0.4358742690258471,1.6242183693153973,-0.034072428239034176,0.1992642427802097,1.5631318454955831,-0.034072428239034176,0.17486500168646243,1.6678516006152428,0.0,-0.02439924109374727,0.10471975511965978,6,2,2,0.019123511483288246,0.009055137520175102,0.0011331029330848494,,,
245.42000007629395,1790848288.451,False,REJECTED,INSUFFICIENT_INDEPENDENT_WALLS,-0.44507674423817,-0.4358742690258471,1.6242183693153973,-0.03407242823903462,0.17486500168646238,1.6678516006152428,-0.03407242823903462,0.17486500168646238,1.6678516006152428,0.0,0.0,0.0,5,0,0,,,,0.18319240361325945,0.07253633146810406,0.07253633146810406
245.56000018119812,1790848288.591,False,REJECTED,INSUFFICIENT_INDEPENDENT_WALLS,-0.44507674423817,-0.4358742690258471,1.6242183693153973,-0.034072428239035064,0.17486500168646232,1.6678516006152428,-0.034072428239035064,0.17486500168646232,1.6678516006152428,0.0,0.0,0.0,5,0,0,,,,0.1833004963863298,0.00910320719509694,0.00910320719509694
245.70000004768372,1790848288.731,False,REJECTED,INSUFFICIENT_INDEPENDENT_WALLS,-0.44507674423817,-0.4358742690258471,1.6242183693153973,-0.03407242823903551,0.17486500168646227,1.6678516006152428,-0.03407242823903551,0.17486500168646227,1.6678516006152428,0.0,0.0,0.0,6,0,0,,,,0.09287676431176733,0.008641180843844742,0.008641180843844742
245.8400001525879,1790848288.871,False,REJECTED,INSUFFICIENT_INDEPENDENT_WALLS,-0.44507674423817,-0.4358742690258471,1.6242183693153973,-0.03407242823903595,0.1748650016864622,1.6678516006152428,-0.03407242823903595,0.1748650016864622,1.6678516006152428,0.0,0.0,0.0,7,0,0,,,,0.1832689589843493,0.009108224852841185,0.009108224852841185
245.9800000190735,1790848289.011,False,REJECTED,INSUFFICIENT_INDEPENDENT_WALLS,-0.44507674423817,-0.4358742690258471,1.6242183693153973,-0.0340724282390364,0.17486500168646216,1.6678516006152428,-0.0340724282390364,0.17486500168646216,1.6678516006152428,0.0,0.0,0.0,7,0,0,,,,0.11163277822879862,0.031127817412829606,0.031127817412829606
246.12600016593933,1790848289.157,False,REJECTED,INSUFFICIENT_INDEPENDENT_WALLS,-0.44507674423817,-0.4358742690258471,1.6242183693153973,-0.03407242823903684,0.1748650016864621,1.6678516006152428,-0.03407242823903684,0.1748650016864621,1.6678516006152428,0.0,0.0,0.0,8,0,0,,,,0.18467164740231767,0.009998675497403298,0.009998675497403298
246.25999999046326,1790848289.291,False,REJECTED,INSUFFICIENT_INDEPENDENT_WALLS,-0.44507674423817,-0.4358742690258471,1.6242183693153973,-0.034072428239037285,0.17486500168646205,1.6678516006152428,-0.034072428239037285,0.17486500168646205,1.6678516006152428,0.0,0.0,0.0,5,0,0,,,,0.1576286493668302,0.04298215339821193,0.04298215339821193
246.40400004386902,1790848289.435,False,REJECTED,INSUFFICIENT_INDEPENDENT_WALLS,-0.44507674423817,-0.4358742690258471,1.6242183693153973,-0.03407242823903773,0.174865001686462,1.6678516006152428,-0.03407242823903773,0.174865001686462,1.6678516006152428,0.0,0.0,0.0,5,0,0,,,,0.1569090304709385,0.042447046109762104,0.042447046109762104
246.5400002002716,1790848289.571,False,REJECTED,INSUFFICIENT_RESIDUAL_IMPROVEMENT,-0.44507674423817,-0.4358742690258471,1.6242183693153973,-0.03407242823903817,0.17486500168646193,1.6678516006152428,-0.03407242823903817,0.17486500168646193,1.6678516006152428,0.0,0.0,0.0,6,2,2,0.012390686607770977,0.011347155573549525,0.0011517933244766278,,,
246.6800000667572,1790848289.711,True,Y_ONLY,ACCEPTED,-0.44507674423817,-0.4358742690258471,1.6242183693153973,-0.03407242823903862,0.17486500168646188,1.6678516006152428,-0.03407242823903862,0.20117170634178763,1.6024017536654556,0.0,0.026306704655325745,-0.06544984694978737,6,3,2,0.01467525065395646,0.0077222896317159714,0.001275003465471096,,,
