sweep_kind,min_span_m,roi_half_width_cm,contiguous_roi_half_width_cm,min_contiguous_support_points,min_contiguous_span_m,max_distance_m,max_grazing_deg,max_yaw_rate_rad_s,independent_view_confirmations,max_normal_mad_m,min_temporal_streak,view_position_m,view_yaw_rad,true_wall_confirmed,true_wall_total,true_wall_recall,open_final_soft_wall,open_ever_soft_wall,open_final_effective_wall,missed_true_wall_edges,false_final_edges,false_ever_edges
core,0.08,2,,,,0.25,,,1,,,,,58,62,0.9354838709677419,2,2,2,"[""B(0,1,W)"", ""B(2,6,N)"", ""B(3,6,N)"", ""B(6,6,E)""]","[""N(2,4)"", ""E(3,5)""]","[""N(2,4)"", ""E(3,5)""]"
core,0.08,2,,,,0.25,10,,1,,,,,25,62,0.4032258064516129,1,1,1,"[""E(4,0)"", ""B(5,0,S)"", ""B(6,0,S)"", ""B(6,0,E)"", ""B(0,1,W)"", ""E(3,1)"", ""B(6,1,E)"", ""E(0,2)"", ""B(0,2,W)"", ""E(3,2)"", ""E(5,2)"", ""B(6,2,E)"", ""B(0,3,W)"", ""E(1,3)"", ""E(2,3)"", ""E(3,3)"", ""E(4,3)"", ""B(6,3,E)"", ""E(0,4)"", ""B(0,4,W)"", ""E(1,4)"", ""E(3,4)"", ""E(4,4)"", ""E(5,4)"", ""B(6,4,E)"", ""B(0,5,W)"", ""E(2,5)"", ""E(4,5)"", ""E(5,5)"", ""B(6,5,E)"", ""B(0,6,W)"", ""E(1,6)"", ""B(2,6,N)"", ""E(2,6)"", ""B(3,6,N)"", ""E(3,6)"", ""B(6,6,E)""]","[""N(2,4)""]","[""N(2,4)""]"
core,0.08,2,,,,0.25,20,,1,,,,,27,62,0.43548387096774194,1,1,1,"[""E(4,0)"", ""B(6,0,E)"", ""B(0,1,W)"", ""E(3,1)"", ""B(6,1,E)"", ""E(0,2)"", ""B(0,2,W)"", ""E(3,2)"", ""E(5,2)"", ""B(6,2,E)"", ""B(0,3,W)"", ""E(1,3)"", ""E(2,3)"", ""E(3,3)"", ""E(4,3)"", ""B(6,3,E)"", ""E(0,4)"", ""B(0,4,W)"", ""E(1,4)"", ""E(3,4)"", ""E(4,4)"", ""E(5,4)"", ""B(6,4,E)"", ""B(0,5,W)"", ""E(2,5)"", ""E(4,5)"", ""E(5,5)"", ""B(6,5,E)"", ""B(0,6,W)"", ""E(1,6)"", ""B(2,6,N)"", ""E(2,6)"", ""B(3,6,N)"", ""E(3,6)"", ""B(6,6,E)""]","[""N(2,4)""]","[""N(2,4)""]"
core,0.08,2,,,,0.25,35,,1,,,,,27,62,0.43548387096774194,1,1,1,"[""E(4,0)"", ""B(6,0,E)"", ""B(0,1,W)"", ""E(3,1)"", ""B(6,1,E)"", ""E(0,2)"", ""B(0,2,W)"", ""E(3,2)"", ""E(5,2)"", ""B(6,2,E)"", ""B(0,3,W)"", ""E(1,3)"", ""E(2,3)"", ""E(3,3)"", ""E(4,3)"", ""B(6,3,E)"", ""E(0,4)"", ""B(0,4,W)"", ""E(1,4)"", ""E(3,4)"", ""E(4,4)"", ""E(5,4)"", ""B(6,4,E)"", ""B(0,5,W)"", ""E(2,5)"", ""E(4,5)"", ""E(5,5)"", ""B(6,5,E)"", ""B(0,6,W)"", ""E(1,6)"", ""B(2,6,N)"", ""E(2,6)"", ""B(3,6,N)"", ""E(3,6)"", ""B(6,6,E)""]","[""N(2,4)""]","[""N(2,4)""]"
core,0.08,2,,,,0.25,60,,1,,,,,27,62,0.43548387096774194,1,1,1,"[""E(4,0)"", ""B(6,0,E)"", ""B(0,1,W)"", ""E(3,1)"", ""B(6,1,E)"", ""E(0,2)"", ""B(0,2,W)"", ""E(3,2)"", ""E(5,2)"", ""B(6,2,E)"", ""B(0,3,W)"", ""E(1,3)"", ""E(2,3)"", ""E(3,3)"", ""E(4,3)"", ""B(6,3,E)"", ""E(0,4)"", ""B(0,4,W)"", ""E(1,4)"", ""E(3,4)"", ""E(4,4)"", ""E(5,4)"", ""B(6,4,E)"", ""B(0,5,W)"", ""E(2,5)"", ""E(4,5)"", ""E(5,5)"", ""B(6,5,E)"", ""B(0,6,W)"", ""E(1,6)"", ""B(2,6,N)"", ""E(2,6)"", ""B(3,6,N)"", ""E(3,6)"", ""B(6,6,E)""]","[""N(2,4)""]","[""N(2,4)""]"
core,0.08,2,,,,0.25,85,,1,,,,,48,62,0.7741935483870968,1,1,1,"[""E(4,0)"", ""B(0,1,W)"", ""B(0,2,W)"", ""B(0,3,W)"", ""B(6,3,E)"", ""B(0,4,W)"", ""E(5,4)"", ""B(6,4,E)"", ""E(4,5)"", ""E(5,5)"", ""B(6,5,E)"", ""B(2,6,N)"", ""B(3,6,N)"", ""B(6,6,E)""]","[""N(2,4)""]","[""N(2,4)""]"
core,0.08,2,,,,0.4,,,1,,,,,58,62,0.9354838709677419,2,2,2,"[""B(0,1,W)"", ""B(2,6,N)"", ""B(3,6,N)"", ""B(6,6,E)""]","[""N(2,4)"", ""E(3,5)""]","[""N(2,4)"", ""E(3,5)""]"
core,0.08,2,,,,0.4,10,,1,,,,,27,62,0.43548387096774194,1,1,1,"[""E(4,0)"", ""B(6,0,E)"", ""B(0,1,W)"", ""E(3,1)"", ""B(6,1,E)"", ""E(0,2)"", ""B(0,2,W)"", ""E(3,2)"", ""E(5,2)"", ""B(6,2,E)"", ""B(0,3,W)"", ""E(1,3)"", ""E(2,3)"", ""E(3,3)"", ""E(4,3)"", ""B(6,3,E)"", ""E(0,4)"", ""B(0,4,W)"", ""E(1,4)"", ""E(3,4)"", ""E(4,4)"", ""E(5,4)"", ""B(6,4,E)"", ""B(0,5,W)"", ""E(2,5)"", ""E(4,5)"", ""E(5,5)"", ""B(6,5,E)"", ""B(0,6,W)"", ""E(1,6)"", ""B(2,6,N)"", ""E(2,6)"", ""B(3,6,N)"", ""E(3,6)"", ""B(6,6,E)""]","[""N(2,4)""]","[""N(2,4)""]"
core,0.08,2,,,,0.4,20,,1,,,,,27,62,0.43548387096774194,1,1,1,"[""E(4,0)"", ""B(6,0,E)"", ""B(0,1,W)"", ""E(3,1)"", ""B(6,1,E)"", ""E(0,2)"", ""B(0,2,W)"", ""E(3,2)"", ""E(5,2)"", ""B(6,2,E)"", ""B(0,3,W)"", ""E(1,3)"", ""E(2,3)"", ""E(3,3)"", ""E(4,3)"", ""B(6,3,E)"", ""E(0,4)"", ""B(0,4,W)"", ""E(1,4)"", ""E(3,4)"", ""E(4,4)"", ""E(5,4)"", ""B(6,4,E)"", ""B(0,5,W)"", ""E(2,5)"", ""E(4,5)"", ""E(5,5)"", ""B(6,5,E)"", ""B(0,6,W)"", ""E(1,6)"", ""B(2,6,N)"", ""E(2,6)"", ""B(3,6,N)"", ""E(3,6)"", ""B(6,6,E)""]","[""N(2,4)""]","[""N(2,4)""]"
core,0.08,2,,,,0.4,35,,1,,,,,27,62,0.43548387096774194,1,1,1,"[""E(4,0)"", ""B(6,0,E)"", ""B(0,1,W)"", ""E(3,1)"", ""B(6,1,E)"", ""E(0,2)"", ""B(0,2,W)"", ""E(3,2)"", ""E(5,2)"", ""B(6,2,E)"", ""B(0,3,W)"", ""E(1,3)"", ""E(2,3)"", ""E(3,3)"", ""E(4,3)"", ""B(6,3,E)"", ""E(0,4)"", ""B(0,4,W)"", ""E(1,4)"", ""E(3,4)"", ""E(4,4)"", ""E(5,4)"", ""B(6,4,E)"", ""B(0,5,W)"", ""E(2,5)"", ""E(4,5)"", ""E(5,5)"", ""B(6,5,E)"", ""B(0,6,W)"", ""E(1,6)"", ""B(2,6,N)"", ""E(2,6)"", ""B(3,6,N)"", ""E(3,6)"", ""B(6,6,E)""]","[""N(2,4)""]","[""N(2,4)""]"
core,0.08,2,,,,0.4,60,,1,,,,,27,62,0.43548387096774194,1,1,1,"[""E(4,0)"", ""B(6,0,E)"", ""B(0,1,W)"", ""E(3,1)"", ""B(6,1,E)"", ""E(0,2)"", ""B(0,2,W)"", ""E(3,2)"", ""E(5,2)"", ""B(6,2,E)"", ""B(0,3,W)"", ""E(1,3)"", ""E(2,3)"", ""E(3,3)"", ""E(4,3)"", ""B(6,3,E)"", ""E(0,4)"", ""B(0,4,W)"", ""E(1,4)"", ""E(3,4)"", ""E(4,4)"", ""E(5,4)"", ""B(6,4,E)"", ""B(0,5,W)"", ""E(2,5)"", ""E(4,5)"", ""E(5,5)"", ""B(6,5,E)"", ""B(0,6,W)"", ""E(1,6)"", ""B(2,6,N)"", ""E(2,6)"", ""B(3,6,N)"", ""E(3,6)"", ""B(6,6,E)""]","[""N(2,4)""]","[""N(2,4)""]"
core,0.08,2,,,,0.4,85,,1,,,,,52,62,0.8387096774193549,1,1,1,"[""B(0,1,W)"", ""B(0,2,W)"", ""B(0,3,W)"", ""E(5,4)"", ""B(6,4,E)"", ""E(5,5)"", ""B(6,5,E)"", ""B(2,6,N)"", ""B(3,6,N)"", ""B(6,6,E)""]","[""N(2,4)""]","[""N(2,4)""]"
core,0.08,2,,,,0.6,,,1,,,,,62,62,1.0,3,3,3,[],"[""E(0,3)"", ""N(2,4)"", ""E(3,5)""]","[""E(0,3)"", ""N(2,4)"", ""E(3,5)""]"
core,0.08,2,,,,0.6,10,,1,,,,,29,62,0.46774193548387094,1,1,1,"[""E(4,0)"", ""B(6,0,E)"", ""B(0,1,W)"", ""E(3,1)"", ""B(6,1,E)"", ""E(0,2)"", ""B(0,2,W)"", ""E(3,2)"", ""E(5,2)"", ""B(6,2,E)"", ""B(0,3,W)"", ""E(1,3)"", ""E(2,3)"", ""E(3,3)"", ""E(4,3)"", ""B(6,3,E)"", ""E(0,4)"", ""B(0,4,W)"", ""E(1,4)"", ""E(3,4)"", ""E(4,4)"", ""E(5,4)"", ""B(6,4,E)"", ""B(0,5,W)"", ""E(2,5)"", ""E(4,5)"", ""E(5,5)"", ""B(6,5,E)"", ""B(0,6,W)"", ""E(1,6)"", ""E(2,6)"", ""E(3,6)"", ""B(6,6,E)""]","[""N(2,4)""]","[""N(2,4)""]"
core,0.08,2,,,,0.6,20,,1,,,,,29,62,0.46774193548387094,1,1,1,"[""E(4,0)"", ""B(6,0,E)"", ""B(0,1,W)"", ""E(3,1)"", ""B(6,1,E)"", ""E(0,2)"", ""B(0,2,W)"", ""E(3,2)"", ""E(5,2)"", ""B(6,2,E)"", ""B(0,3,W)"", ""E(1,3)"", ""E(2,3)"", ""E(3,3)"", ""E(4,3)"", ""B(6,3,E)"", ""E(0,4)"", ""B(0,4,W)"", ""E(1,4)"", ""E(3,4)"", ""E(4,4)"", ""E(5,4)"", ""B(6,4,E)"", ""B(0,5,W)"", ""E(2,5)"", ""E(4,5)"", ""E(5,5)"", ""B(6,5,E)"", ""B(0,6,W)"", ""E(1,6)"", ""E(2,6)"", ""E(3,6)"", ""B(6,6,E)""]","[""N(2,4)""]","[""N(2,4)""]"
core,0.08,2,,,,0.6,35,,1,,,,,29,62,0.46774193548387094,1,1,1,"[""E(4,0)"", ""B(6,0,E)"", ""B(0,1,W)"", ""E(3,1)"", ""B(6,1,E)"", ""E(0,2)"", ""B(0,2,W)"", ""E(3,2)"", ""E(5,2)"", ""B(6,2,E)"", ""B(0,3,W)"", ""E(1,3)"", ""E(2,3)"", ""E(3,3)"", ""E(4,3)"", ""B(6,3,E)"", ""E(0,4)"", ""B(0,4,W)"", ""E(1,4)"", ""E(3,4)"", ""E(4,4)"", ""E(5,4)"", ""B(6,4,E)"", ""B(0,5,W)"", ""E(2,5)"", ""E(4,5)"", ""E(5,5)"", ""B(6,5,E)"", ""B(0,6,W)"", ""E(1,6)"", ""E(2,6)"", ""E(3,6)"", ""B(6,6,E)""]","[""N(2,4)""]","[""N(2,4)""]"
core,0.08,2,,,,0.6,60,,1,,,,,29,62,0.46774193548387094,1,1,1,"[""E(4,0)"", ""B(6,0,E)"", ""B(0,1,W)"", ""E(3,1)"", ""B(6,1,E)"", ""E(0,2)"", ""B(0,2,W)"", ""E(3,2)"", ""E(5,2)"", ""B(6,2,E)"", ""B(0,3,W)"", ""E(1,3)"", ""E(2,3)"", ""E(3,3)"", ""E(4,3)"", ""B(6,3,E)"", ""E(0,4)"", ""B(0,4,W)"", ""E(1,4)"", ""E(3,4)"", ""E(4,4)"", ""E(5,4)"", ""B(6,4,E)"", ""B(0,5,W)"", ""E(2,5)"", ""E(4,5)"", ""E(5,5)"", ""B(6,5,E)"", ""B(0,6,W)"", ""E(1,6)"", ""E(2,6)"", ""E(3,6)"", ""B(6,6,E)""]","[""N(2,4)""]","[""N(2,4)""]"
core,0.08,2,,,,0.6,85,,1,,,,,55,62,0.8870967741935484,1,1,1,"[""B(0,1,W)"", ""B(0,2,W)"", ""E(5,4)"", ""B(6,4,E)"", ""E(5,5)"", ""B(6,5,E)"", ""B(6,6,E)""]","[""N(2,4)""]","[""N(2,4)""]"
core,0.08,2,,,,1.2,,,1,,,,,62,62,1.0,4,4,4,[],"[""E(0,3)"", ""N(2,4)"", ""E(3,5)"", ""N(4,5)""]","[""E(0,3)"", ""N(2,4)"", ""E(3,5)"", ""N(4,5)""]"
core,0.08,2,,,,1.2,10,,1,,,,,29,62,0.46774193548387094,1,1,1,"[""E(4,0)"", ""B(6,0,E)"", ""B(0,1,W)"", ""E(3,1)"", ""B(6,1,E)"", ""E(0,2)"", ""B(0,2,W)"", ""E(3,2)"", ""E(5,2)"", ""B(6,2,E)"", ""B(0,3,W)"", ""E(1,3)"", ""E(2,3)"", ""E(3,3)"", ""E(4,3)"", ""B(6,3,E)"", ""E(0,4)"", ""B(0,4,W)"", ""E(1,4)"", ""E(3,4)"", ""E(4,4)"", ""E(5,4)"", ""B(6,4,E)"", ""B(0,5,W)"", ""E(2,5)"", ""E(4,5)"", ""E(5,5)"", ""B(6,5,E)"", ""B(0,6,W)"", ""E(1,6)"", ""E(2,6)"", ""E(3,6)"", ""B(6,6,E)""]","[""N(2,4)""]","[""N(2,4)""]"
core,0.08,2,,,,1.2,20,,1,,,,,29,62,0.46774193548387094,2,2,2,"[""E(4,0)"", ""B(6,0,E)"", ""B(0,1,W)"", ""E(3,1)"", ""B(6,1,E)"", ""E(0,2)"", ""B(0,2,W)"", ""E(3,2)"", ""E(5,2)"", ""B(6,2,E)"", ""B(0,3,W)"", ""E(1,3)"", ""E(2,3)"", ""E(3,3)"", ""E(4,3)"", ""B(6,3,E)"", ""E(0,4)"", ""B(0,4,W)"", ""E(1,4)"", ""E(3,4)"", ""E(4,4)"", ""E(5,4)"", ""B(6,4,E)"", ""B(0,5,W)"", ""E(2,5)"", ""E(4,5)"", ""E(5,5)"", ""B(6,5,E)"", ""B(0,6,W)"", ""E(1,6)"", ""E(2,6)"", ""E(3,6)"", ""B(6,6,E)""]","[""N(2,4)"", ""N(4,5)""]","[""N(2,4)"", ""N(4,5)""]"
core,0.08,2,,,,1.2,35,,1,,,,,29,62,0.46774193548387094,2,2,2,"[""E(4,0)"", ""B(6,0,E)"", ""B(0,1,W)"", ""E(3,1)"", ""B(6,1,E)"", ""E(0,2)"", ""B(0,2,W)"", ""E(3,2)"", ""E(5,2)"", ""B(6,2,E)"", ""B(0,3,W)"", ""E(1,3)"", ""E(2,3)"", ""E(3,3)"", ""E(4,3)"", ""B(6,3,E)"", ""E(0,4)"", ""B(0,4,W)"", ""E(1,4)"", ""E(3,4)"", ""E(4,4)"", ""E(5,4)"", ""B(6,4,E)"", ""B(0,5,W)"", ""E(2,5)"", ""E(4,5)"", ""E(5,5)"", ""B(6,5,E)"", ""B(0,6,W)"", ""E(1,6)"", ""E(2,6)"", ""E(3,6)"", ""B(6,6,E)""]","[""N(2,4)"", ""N(4,5)""]","[""N(2,4)"", ""N(4,5)""]"
core,0.08,2,,,,1.2,60,,1,,,,,29,62,0.46774193548387094,2,2,2,"[""E(4,0)"", ""B(6,0,E)"", ""B(0,1,W)"", ""E(3,1)"", ""B(6,1,E)"", ""E(0,2)"", ""B(0,2,W)"", ""E(3,2)"", ""E(5,2)"", ""B(6,2,E)"", ""B(0,3,W)"", ""E(1,3)"", ""E(2,3)"", ""E(3,3)"", ""E(4,3)"", ""B(6,3,E)"", ""E(0,4)"", ""B(0,4,W)"", ""E(1,4)"", ""E(3,4)"", ""E(4,4)"", ""E(5,4)"", ""B(6,4,E)"", ""B(0,5,W)"", ""E(2,5)"", ""E(4,5)"", ""E(5,5)"", ""B(6,5,E)"", ""B(0,6,W)"", ""E(1,6)"", ""E(2,6)"", ""E(3,6)"", ""B(6,6,E)""]","[""N(2,4)"", ""N(4,5)""]","[""N(2,4)"", ""N(4,5)""]"
core,0.08,2,,,,1.2,85,,1,,,,,56,62,0.9032258064516129,2,2,2,"[""B(0,1,W)"", ""B(0,2,W)"", ""E(5,4)"", ""B(6,4,E)"", ""E(5,5)"", ""B(6,5,E)""]","[""N(2,4)"", ""N(4,5)""]","[""N(2,4)"", ""N(4,5)""]"
core,0.08,2,,,,2.0,,,1,,,,,62,62,1.0,4,4,4,[],"[""E(0,3)"", ""N(2,4)"", ""E(3,5)"", ""N(4,5)""]","[""E(0,3)"", ""N(2,4)"", ""E(3,5)"", ""N(4,5)""]"
core,0.08,2,,,,2.0,10,,1,,,,,29,62,0.46774193548387094,1,1,1,"[""E(4,0)"", ""B(6,0,E)"", ""B(0,1,W)"", ""E(3,1)"", ""B(6,1,E)"", ""E(0,2)"", ""B(0,2,W)"", ""E(3,2)"", ""E(5,2)"", ""B(6,2,E)"", ""B(0,3,W)"", ""E(1,3)"", ""E(2,3)"", ""E(3,3)"", ""E(4,3)"", ""B(6,3,E)"", ""E(0,4)"", ""B(0,4,W)"", ""E(1,4)"", ""E(3,4)"", ""E(4,4)"", ""E(5,4)"", ""B(6,4,E)"", ""B(0,5,W)"", ""E(2,5)"", ""E(4,5)"", ""E(5,5)"", ""B(6,5,E)"", ""B(0,6,W)"", ""E(1,6)"", ""E(2,6)"", ""E(3,6)"", ""B(6,6,E)""]","[""N(2,4)""]","[""N(2,4)""]"
core,0.08,2,,,,2.0,20,,1,,,,,29,62,0.46774193548387094,2,2,2,"[""E(4,0)"", ""B(6,0,E)"", ""B(0,1,W)"", ""E(3,1)"", ""B(6,1,E)"", ""E(0,2)"", ""B(0,2,W)"", ""E(3,2)"", ""E(5,2)"", ""B(6,2,E)"", ""B(0,3,W)"", ""E(1,3)"", ""E(2,3)"", ""E(3,3)"", ""E(4,3)"", ""B(6,3,E)"", ""E(0,4)"", ""B(0,4,W)"", ""E(1,4)"", ""E(3,4)"", ""E(4,4)"", ""E(5,4)"", ""B(6,4,E)"", ""B(0,5,W)"", ""E(2,5)"", ""E(4,5)"", ""E(5,5)"", ""B(6,5,E)"", ""B(0,6,W)"", ""E(1,6)"", ""E(2,6)"", ""E(3,6)"", ""B(6,6,E)""]","[""N(2,4)"", ""N(4,5)""]","[""N(2,4)"", ""N(4,5)""]"
core,0.08,2,,,,2.0,35,,1,,,,,29,62,0.46774193548387094,2,2,2,"[""E(4,0)"", ""B(6,0,E)"", ""B(0,1,W)"", ""E(3,1)"", ""B(6,1,E)"", ""E(0,2)"", ""B(0,2,W)"", ""E(3,2)"", ""E(5,2)"", ""B(6,2,E)"", ""B(0,3,W)"", ""E(1,3)"", ""E(2,3)"", ""E(3,3)"", ""E(4,3)"", ""B(6,3,E)"", ""E(0,4)"", ""B(0,4,W)"", ""E(1,4)"", ""E(3,4)"", ""E(4,4)"", ""E(5,4)"", ""B(6,4,E)"", ""B(0,5,W)"", ""E(2,5)"", ""E(4,5)"", ""E(5,5)"", ""B(6,5,E)"", ""B(0,6,W)"", ""E(1,6)"", ""E(2,6)"", ""E(3,6)"", ""B(6,6,E)""]","[""N(2,4)"", ""N(4,5)""]","[""N(2,4)"", ""N(4,5)""]"
core,0.08,2,,,,2.0,60,,1,,,,,29,62,0.46774193548387094,2,2,2,"[""E(4,0)"", ""B(6,0,E)"", ""B(0,1,W)"", ""E(3,1)"", ""B(6,1,E)"", ""E(0,2)"", ""B(0,2,W)"", ""E(3,2)"", ""E(5,2)"", ""B(6,2,E)"", ""B(0,3,W)"", ""E(1,3)"", ""E(2,3)"", ""E(3,3)"", ""E(4,3)"", ""B(6,3,E)"", ""E(0,4)"", ""B(0,4,W)"", ""E(1,4)"", ""E(3,4)"", ""E(4,4)"", ""E(5,4)"", ""B(6,4,E)"", ""B(0,5,W)"", ""E(2,5)"", ""E(4,5)"", ""E(5,5)"", ""B(6,5,E)"", ""B(0,6,W)"", ""E(1,6)"", ""E(2,6)"", ""E(3,6)"", ""B(6,6,E)""]","[""N(2,4)"", ""N(4,5)""]","[""N(2,4)"", ""N(4,5)""]"
core,0.08,2,,,,2.0,85,,1,,,,,57,62,0.9193548387096774,2,2,2,"[""B(0,2,W)"", ""E(5,4)"", ""B(6,4,E)"", ""E(5,5)"", ""B(6,5,E)""]","[""N(2,4)"", ""N(4,5)""]","[""N(2,4)"", ""N(4,5)""]"
core,0.08,2,,,,,,,1,,,,,62,62,1.0,4,4,4,[],"[""E(0,3)"", ""N(2,4)"", ""E(3,5)"", ""N(4,5)""]","[""E(0,3)"", ""N(2,4)"", ""E(3,5)"", ""N(4,5)""]"
core,0.08,2,,,,,10,,1,,,,,29,62,0.46774193548387094,1,1,1,"[""E(4,0)"", ""B(6,0,E)"", ""B(0,1,W)"", ""E(3,1)"", ""B(6,1,E)"", ""E(0,2)"", ""B(0,2,W)"", ""E(3,2)"", ""E(5,2)"", ""B(6,2,E)"", ""B(0,3,W)"", ""E(1,3)"", ""E(2,3)"", ""E(3,3)"", ""E(4,3)"", ""B(6,3,E)"", ""E(0,4)"", ""B(0,4,W)"", ""E(1,4)"", ""E(3,4)"", ""E(4,4)"", ""E(5,4)"", ""B(6,4,E)"", ""B(0,5,W)"", ""E(2,5)"", ""E(4,5)"", ""E(5,5)"", ""B(6,5,E)"", ""B(0,6,W)"", ""E(1,6)"", ""E(2,6)"", ""E(3,6)"", ""B(6,6,E)""]","[""N(2,4)""]","[""N(2,4)""]"
core,0.08,2,,,,,20,,1,,,,,29,62,0.46774193548387094,2,2,2,"[""E(4,0)"", ""B(6,0,E)"", ""B(0,1,W)"", ""E(3,1)"", ""B(6,1,E)"", ""E(0,2)"", ""B(0,2,W)"", ""E(3,2)"", ""E(5,2)"", ""B(6,2,E)"", ""B(0,3,W)"", ""E(1,3)"", ""E(2,3)"", ""E(3,3)"", ""E(4,3)"", ""B(6,3,E)"", ""E(0,4)"", ""B(0,4,W)"", ""E(1,4)"", ""E(3,4)"", ""E(4,4)"", ""E(5,4)"", ""B(6,4,E)"", ""B(0,5,W)"", ""E(2,5)"", ""E(4,5)"", ""E(5,5)"", ""B(6,5,E)"", ""B(0,6,W)"", ""E(1,6)"", ""E(2,6)"", ""E(3,6)"", ""B(6,6,E)""]","[""N(2,4)"", ""N(4,5)""]","[""N(2,4)"", ""N(4,5)""]"
core,0.08,2,,,,,35,,1,,,,,29,62,0.46774193548387094,2,2,2,"[""E(4,0)"", ""B(6,0,E)"", ""B(0,1,W)"", ""E(3,1)"", ""B(6,1,E)"", ""E(0,2)"", ""B(0,2,W)"", ""E(3,2)"", ""E(5,2)"", ""B(6,2,E)"", ""B(0,3,W)"", ""E(1,3)"", ""E(2,3)"", ""E(3,3)"", ""E(4,3)"", ""B(6,3,E)"", ""E(0,4)"", ""B(0,4,W)"", ""E(1,4)"", ""E(3,4)"", ""E(4,4)"", ""E(5,4)"", ""B(6,4,E)"", ""B(0,5,W)"", ""E(2,5)"", ""E(4,5)"", ""E(5,5)"", ""B(6,5,E)"", ""B(0,6,W)"", ""E(1,6)"", ""E(2,6)"", ""E(3,6)"", ""B(6,6,E)""]","[""N(2,4)"", ""N(4,5)""]","[""N(2,4)"", ""N(4,5)""]"
core,0.08,2,,,,,60,,1,,,,,29,62,0.46774193548387094,2,2,2,"[""E(4,0)"", ""B(6,0,E)"", ""B(0,1,W)"", ""E(3,1)"", ""B(6,1,E)"", ""E(0,2)"", ""B(0,2,W)"", ""E(3,2)"", ""E(5,2)"", ""B(6,2,E)"", ""B(0,3,W)"", ""E(1,3)"", ""E(2,3)"", ""E(3,3)"", ""E(4,3)"", ""B(6,3,E)"", ""E(0,4)"", ""B(0,4,W)"", ""E(1,4)"", ""E(3,4)"", ""E(4,4)"", ""E(5,4)"", ""B(6,4,E)"", ""B(0,5,W)"", ""E(2,5)"", ""E(4,5)"", ""E(5,5)"", ""B(6,5,E)"", ""B(0,6,W)"", ""E(1,6)"", ""E(2,6)"", ""E(3,6)"", ""B(6,6,E)""]","[""N(2,4)"", ""N(4,5)""]","[""N(2,4)"", ""N(4,5)""]"
core,0.08,2,,,,,85,,1,,,,,57,62,0.9193548387096774,2,2,2,"[""B(0,2,W)"", ""E(5,4)"", ""B(6,4,E)"", ""E(5,5)"", ""B(6,5,E)""]","[""N(2,4)"", ""N(4,5)""]","[""N(2,4)"", ""N(4,5)""]"
core,0.08,3,,,,0.25,,,1,,,,,59,62,0.9516129032258065,4,4,4,"[""B(2,6,N)"", ""B(3,6,N)"", ""B(6,6,E)""]","[""E(0,3)"", ""E(5,3)"", ""N(2,4)"", ""E(3,5)""]","[""E(0,3)"", ""E(5,3)"", ""N(2,4)"", ""E(3,5)""]"
core,0.08,3,,,,0.25,10,,1,,,,,25,62,0.4032258064516129,1,1,1,"[""E(4,0)"", ""B(5,0,S)"", ""B(6,0,S)"", ""B(6,0,E)"", ""B(0,1,W)"", ""E(3,1)"", ""B(6,1,E)"", ""E(0,2)"", ""B(0,2,W)"", ""E(3,2)"", ""E(5,2)"", ""B(6,2,E)"", ""B(0,3,W)"", ""E(1,3)"", ""E(2,3)"", ""E(3,3)"", ""E(4,3)"", ""B(6,3,E)"", ""E(0,4)"", ""B(0,4,W)"", ""E(1,4)"", ""E(3,4)"", ""E(4,4)"", ""E(5,4)"", ""B(6,4,E)"", ""B(0,5,W)"", ""E(2,5)"", ""E(4,5)"", ""E(5,5)"", ""B(6,5,E)"", ""B(0,6,W)"", ""E(1,6)"", ""B(2,6,N)"", ""E(2,6)"", ""B(3,6,N)"", ""E(3,6)"", ""B(6,6,E)""]","[""N(2,4)""]","[""N(2,4)""]"
core,0.08,3,,,,0.25,20,,1,,,,,27,62,0.43548387096774194,1,1,1,"[""E(4,0)"", ""B(6,0,E)"", ""B(0,1,W)"", ""E(3,1)"", ""B(6,1,E)"", ""E(0,2)"", ""B(0,2,W)"", ""E(3,2)"", ""E(5,2)"", ""B(6,2,E)"", ""B(0,3,W)"", ""E(1,3)"", ""E(2,3)"", ""E(3,3)"", ""E(4,3)"", ""B(6,3,E)"", ""E(0,4)"", ""B(0,4,W)"", ""E(1,4)"", ""E(3,4)"", ""E(4,4)"", ""E(5,4)"", ""B(6,4,E)"", ""B(0,5,W)"", ""E(2,5)"", ""E(4,5)"", ""E(5,5)"", ""B(6,5,E)"", ""B(0,6,W)"", ""E(1,6)"", ""B(2,6,N)"", ""E(2,6)"", ""B(3,6,N)"", ""E(3,6)"", ""B(6,6,E)""]","[""N(2,4)""]","[""N(2,4)""]"
core,0.08,3,,,,0.25,35,,1,,,,,27,62,0.43548387096774194,1,1,1,"[""E(4,0)"", ""B(6,0,E)"", ""B(0,1,W)"", ""E(3,1)"", ""B(6,1,E)"", ""E(0,2)"", ""B(0,2,W)"", ""E(3,2)"", ""E(5,2)"", ""B(6,2,E)"", ""B(0,3,W)"", ""E(1,3)"", ""E(2,3)"", ""E(3,3)"", ""E(4,3)"", ""B(6,3,E)"", ""E(0,4)"", ""B(0,4,W)"", ""E(1,4)"", ""E(3,4)"", ""E(4,4)"", ""E(5,4)"", ""B(6,4,E)"", ""B(0,5,W)"", ""E(2,5)"", ""E(4,5)"", ""E(5,5)"", ""B(6,5,E)"", ""B(0,6,W)"", ""E(1,6)"", ""B(2,6,N)"", ""E(2,6)"", ""B(3,6,N)"", ""E(3,6)"", ""B(6,6,E)""]","[""N(2,4)""]","[""N(2,4)""]"
core,0.08,3,,,,0.25,60,,1,,,,,27,62,0.43548387096774194,1,1,1,"[""E(4,0)"", ""B(6,0,E)"", ""B(0,1,W)"", ""E(3,1)"", ""B(6,1,E)"", ""E(0,2)"", ""B(0,2,W)"", ""E(3,2)"", ""E(5,2)"", ""B(6,2,E)"", ""B(0,3,W)"", ""E(1,3)"", ""E(2,3)"", ""E(3,3)"", ""E(4,3)"", ""B(6,3,E)"", ""E(0,4)"", ""B(0,4,W)"", ""E(1,4)"", ""E(3,4)"", ""E(4,4)"", ""E(5,4)"", ""B(6,4,E)"", ""B(0,5,W)"", ""E(2,5)"", ""E(4,5)"", ""E(5,5)"", ""B(6,5,E)"", ""B(0,6,W)"", ""E(1,6)"", ""B(2,6,N)"", ""E(2,6)"", ""B(3,6,N)"", ""E(3,6)"", ""B(6,6,E)""]","[""N(2,4)""]","[""N(2,4)""]"
core,0.08,3,,,,0.25,85,,1,,,,,50,62,0.8064516129032258,1,1,1,"[""E(4,0)"", ""B(0,1,W)"", ""B(0,3,W)"", ""B(6,3,E)"", ""E(5,4)"", ""B(6,4,E)"", ""E(4,5)"", ""E(5,5)"", ""B(6,5,E)"", ""B(2,6,N)"", ""B(3,6,N)"", ""B(6,6,E)""]","[""N(2,4)""]","[""N(2,4)""]"
core,0.08,3,,,,0.4,,,1,,,,,59,62,0.9516129032258065,5,5,5,"[""B(2,6,N)"", ""B(3,6,N)"", ""B(6,6,E)""]","[""N(0,1)"", ""E(0,3)"", ""E(5,3)"", ""N(2,4)"", ""E(3,5)""]","[""N(0,1)"", ""E(0,3)"", ""E(5,3)"", ""N(2,4)"", ""E(3,5)""]"
core,0.08,3,,,,0.4,10,,1,,,,,27,62,0.43548387096774194,2,2,2,"[""E(4,0)"", ""B(6,0,E)"", ""B(0,1,W)"", ""E(3,1)"", ""B(6,1,E)"", ""E(0,2)"", ""B(0,2,W)"", ""E(3,2)"", ""E(5,2)"", ""B(6,2,E)"", ""B(0,3,W)"", ""E(1,3)"", ""E(2,3)"", ""E(3,3)"", ""E(4,3)"", ""B(6,3,E)"", ""E(0,4)"", ""B(0,4,W)"", ""E(1,4)"", ""E(3,4)"", ""E(4,4)"", ""E(5,4)"", ""B(6,4,E)"", ""B(0,5,W)"", ""E(2,5)"", ""E(4,5)"", ""E(5,5)"", ""B(6,5,E)"", ""B(0,6,W)"", ""E(1,6)"", ""B(2,6,N)"", ""E(2,6)"", ""B(3,6,N)"", ""E(3,6)"", ""B(6,6,E)""]","[""N(0,1)"", ""N(2,4)""]","[""N(0,1)"", ""N(2,4)""]"
core,0.08,3,,,,0.4,20,,1,,,,,27,62,0.43548387096774194,2,2,2,"[""E(4,0)"", ""B(6,0,E)"", ""B(0,1,W)"", ""E(3,1)"", ""B(6,1,E)"", ""E(0,2)"", ""B(0,2,W)"", ""E(3,2)"", ""E(5,2)"", ""B(6,2,E)"", ""B(0,3,W)"", ""E(1,3)"", ""E(2,3)"", ""E(3,3)"", ""E(4,3)"", ""B(6,3,E)"", ""E(0,4)"", ""B(0,4,W)"", ""E(1,4)"", ""E(3,4)"", ""E(4,4)"", ""E(5,4)"", ""B(6,4,E)"", ""B(0,5,W)"", ""E(2,5)"", ""E(4,5)"", ""E(5,5)"", ""B(6,5,E)"", ""B(0,6,W)"", ""E(1,6)"", ""B(2,6,N)"", ""E(2,6)"", ""B(3,6,N)"", ""E(3,6)"", ""B(6,6,E)""]","[""N(0,1)"", ""N(2,4)""]","[""N(0,1)"", ""N(2,4)""]"
core,0.08,3,,,,0.4,35,,1,,,,,27,62,0.43548387096774194,2,2,2,"[""E(4,0)"", ""B(6,0,E)"", ""B(0,1,W)"", ""E(3,1)"", ""B(6,1,E)"", ""E(0,2)"", ""B(0,2,W)"", ""E(3,2)"", ""E(5,2)"", ""B(6,2,E)"", ""B(0,3,W)"", ""E(1,3)"", ""E(2,3)"", ""E(3,3)"", ""E(4,3)"", ""B(6,3,E)"", ""E(0,4)"", ""B(0,4,W)"", ""E(1,4)"", ""E(3,4)"", ""E(4,4)"", ""E(5,4)"", ""B(6,4,E)"", ""B(0,5,W)"", ""E(2,5)"", ""E(4,5)"", ""E(5,5)"", ""B(6,5,E)"", ""B(0,6,W)"", ""E(1,6)"", ""B(2,6,N)"", ""E(2,6)"", ""B(3,6,N)"", ""E(3,6)"", ""B(6,6,E)""]","[""N(0,1)"", ""N(2,4)""]","[""N(0,1)"", ""N(2,4)""]"
core,0.08,3,,,,0.4,60,,1,,,,,27,62,0.43548387096774194,2,2,2,"[""E(4,0)"", ""B(6,0,E)"", ""B(0,1,W)"", ""E(3,1)"", ""B(6,1,E)"", ""E(0,2)"", ""B(0,2,W)"", ""E(3,2)"", ""E(5,2)"", ""B(6,2,E)"", ""B(0,3,W)"", ""E(1,3)"", ""E(2,3)"", ""E(3,3)"", ""E(4,3)"", ""B(6,3,E)"", ""E(0,4)"", ""B(0,4,W)"", ""E(1,4)"", ""E(3,4)"", ""E(4,4)"", ""E(5,4)"", ""B(6,4,E)"", ""B(0,5,W)"", ""E(2,5)"", ""E(4,5)"", ""E(5,5)"", ""B(6,5,E)"", ""B(0,6,W)"", ""E(1,6)"", ""B(2,6,N)"", ""E(2,6)"", ""B(3,6,N)"", ""E(3,6)"", ""B(6,6,E)""]","[""N(0,1)"", ""N(2,4)""]","[""N(0,1)"", ""N(2,4)""]"
core,0.08,3,,,,0.4,85,,1,,,,,53,62,0.8548387096774194,2,2,2,"[""B(0,1,W)"", ""B(0,3,W)"", ""E(5,4)"", ""B(6,4,E)"", ""E(5,5)"", ""B(6,5,E)"", ""B(2,6,N)"", ""B(3,6,N)"", ""B(6,6,E)""]","[""N(0,1)"", ""N(2,4)""]","[""N(0,1)"", ""N(2,4)""]"
core,0.08,3,,,,0.6,,,1,,,,,62,62,1.0,5,5,5,[],"[""N(0,1)"", ""E(0,3)"", ""E(5,3)"", ""N(2,4)"", ""E(3,5)""]","[""N(0,1)"", ""E(0,3)"", ""E(5,3)"", ""N(2,4)"", ""E(3,5)""]"
core,0.08,3,,,,0.6,10,,1,,,,,29,62,0.46774193548387094,2,2,2,"[""E(4,0)"", ""B(6,0,E)"", ""B(0,1,W)"", ""E(3,1)"", ""B(6,1,E)"", ""E(0,2)"", ""B(0,2,W)"", ""E(3,2)"", ""E(5,2)"", ""B(6,2,E)"", ""B(0,3,W)"", ""E(1,3)"", ""E(2,3)"", ""E(3,3)"", ""E(4,3)"", ""B(6,3,E)"", ""E(0,4)"", ""B(0,4,W)"", ""E(1,4)"", ""E(3,4)"", ""E(4,4)"", ""E(5,4)"", ""B(6,4,E)"", ""B(0,5,W)"", ""E(2,5)"", ""E(4,5)"", ""E(5,5)"", ""B(6,5,E)"", ""B(0,6,W)"", ""E(1,6)"", ""E(2,6)"", ""E(3,6)"", ""B(6,6,E)""]","[""N(0,1)"", ""N(2,4)""]","[""N(0,1)"", ""N(2,4)""]"
core,0.08,3,,,,0.6,20,,1,,,,,29,62,0.46774193548387094,2,2,2,"[""E(4,0)"", ""B(6,0,E)"", ""B(0,1,W)"", ""E(3,1)"", ""B(6,1,E)"", ""E(0,2)"", ""B(0,2,W)"", ""E(3,2)"", ""E(5,2)"", ""B(6,2,E)"", ""B(0,3,W)"", ""E(1,3)"", ""E(2,3)"", ""E(3,3)"", ""E(4,3)"", ""B(6,3,E)"", ""E(0,4)"", ""B(0,4,W)"", ""E(1,4)"", ""E(3,4)"", ""E(4,4)"", ""E(5,4)"", ""B(6,4,E)"", ""B(0,5,W)"", ""E(2,5)"", ""E(4,5)"", ""E(5,5)"", ""B(6,5,E)"", ""B(0,6,W)"", ""E(1,6)"", ""E(2,6)"", ""E(3,6)"", ""B(6,6,E)""]","[""N(0,1)"", ""N(2,4)""]","[""N(0,1)"", ""N(2,4)""]"
core,0.08,3,,,,0.6,35,,1,,,,,29,62,0.46774193548387094,2,2,2,"[""E(4,0)"", ""B(6,0,E)"", ""B(0,1,W)"", ""E(3,1)"", ""B(6,1,E)"", ""E(0,2)"", ""B(0,2,W)"", ""E(3,2)"", ""E(5,2)"", ""B(6,2,E)"", ""B(0,3,W)"", ""E(1,3)"", ""E(2,3)"", ""E(3,3)"", ""E(4,3)"", ""B(6,3,E)"", ""E(0,4)"", ""B(0,4,W)"", ""E(1,4)"", ""E(3,4)"", ""E(4,4)"", ""E(5,4)"", ""B(6,4,E)"", ""B(0,5,W)"", ""E(2,5)"", ""E(4,5)"", ""E(5,5)"", ""B(6,5,E)"", ""B(0,6,W)"", ""E(1,6)"", ""E(2,6)"", ""E(3,6)"", ""B(6,6,E)""]","[""N(0,1)"", ""N(2,4)""]","[""N(0,1)"", ""N(2,4)""]"
core,0.08,3,,,,0.6,60,,1,,,,,29,62,0.46774193548387094,2,2,2,"[""E(4,0)"", ""B(6,0,E)"", ""B(0,1,W)"", ""E(3,1)"", ""B(6,1,E)"", ""E(0,2)"", ""B(0,2,W)"", ""E(3,2)"", ""E(5,2)"", ""B(6,2,E)"", ""B(0,3,W)"", ""E(1,3)"", ""E(2,3)"", ""E(3,3)"", ""E(4,3)"", ""B(6,3,E)"", ""E(0,4)"", ""B(0,4,W)"", ""E(1,4)"", ""E(3,4)"", ""E(4,4)"", ""E(5,4)"", ""B(6,4,E)"", ""B(0,5,W)"", ""E(2,5)"", ""E(4,5)"", ""E(5,5)"", ""B(6,5,E)"", ""B(0,6,W)"", ""E(1,6)"", ""E(2,6)"", ""E(3,6)"", ""B(6,6,E)""]","[""N(0,1)"", ""N(2,4)""]","[""N(0,1)"", ""N(2,4)""]"
core,0.08,3,,,,0.6,85,,1,,,,,56,62,0.9032258064516129,2,2,2,"[""B(0,1,W)"", ""E(5,4)"", ""B(6,4,E)"", ""E(5,5)"", ""B(6,5,E)"", ""B(6,6,E)""]","[""N(0,1)"", ""N(2,4)""]","[""N(0,1)"", ""N(2,4)""]"
core,0.08,3,,,,1.2,,,1,,,,,62,62,1.0,6,6,6,[],"[""N(0,1)"", ""E(0,3)"", ""E(5,3)"", ""N(2,4)"", ""E(3,5)"", ""N(4,5)""]","[""N(0,1)"", ""E(0,3)"", ""E(5,3)"", ""N(2,4)"", ""E(3,5)"", ""N(4,5)""]"
core,0.08,3,,,,1.2,10,,1,,,,,29,62,0.46774193548387094,2,2,2,"[""E(4,0)"", ""B(6,0,E)"", ""B(0,1,W)"", ""E(3,1)"", ""B(6,1,E)"", ""E(0,2)"", ""B(0,2,W)"", ""E(3,2)"", ""E(5,2)"", ""B(6,2,E)"", ""B(0,3,W)"", ""E(1,3)"", ""E(2,3)"", ""E(3,3)"", ""E(4,3)"", ""B(6,3,E)"", ""E(0,4)"", ""B(0,4,W)"", ""E(1,4)"", ""E(3,4)"", ""E(4,4)"", ""E(5,4)"", ""B(6,4,E)"", ""B(0,5,W)"", ""E(2,5)"", ""E(4,5)"", ""E(5,5)"", ""B(6,5,E)"", ""B(0,6,W)"", ""E(1,6)"", ""E(2,6)"", ""E(3,6)"", ""B(6,6,E)""]","[""N(0,1)"", ""N(2,4)""]","[""N(0,1)"", ""N(2,4)""]"
core,0.08,3,,,,1.2,20,,1,,,,,29,62,0.46774193548387094,3,3,3,"[""E(4,0)"", ""B(6,0,E)"", ""B(0,1,W)"", ""E(3,1)"", ""B(6,1,E)"", ""E(0,2)"", ""B(0,2,W)"", ""E(3,2)"", ""E(5,2)"", ""B(6,2,E)"", ""B(0,3,W)"", ""E(1,3)"", ""E(2,3)"", ""E(3,3)"", ""E(4,3)"", ""B(6,3,E)"", ""E(0,4)"", ""B(0,4,W)"", ""E(1,4)"", ""E(3,4)"", ""E(4,4)"", ""E(5,4)"", ""B(6,4,E)"", ""B(0,5,W)"", ""E(2,5)"", ""E(4,5)"", ""E(5,5)"", ""B(6,5,E)"", ""B(0,6,W)"", ""E(1,6)"", ""E(2,6)"", ""E(3,6)"", ""B(6,6,E)""]","[""N(0,1)"", ""N(2,4)"", ""N(4,5)""]","[""N(0,1)"", ""N(2,4)"", ""N(4,5)""]"
core,0.08,3,,,,1.2,35,,1,,,,,29,62,0.46774193548387094,3,3,3,"[""E(4,0)"", ""B(6,0,E)"", ""B(0,1,W)"", ""E(3,1)"", ""B(6,1,E)"", ""E(0,2)"", ""B(0,2,W)"", ""E(3,2)"", ""E(5,2)"", ""B(6,2,E)"", ""B(0,3,W)"", ""E(1,3)"", ""E(2,3)"", ""E(3,3)"", ""E(4,3)"", ""B(6,3,E)"", ""E(0,4)"", ""B(0,4,W)"", ""E(1,4)"", ""E(3,4)"", ""E(4,4)"", ""E(5,4)"", ""B(6,4,E)"", ""B(0,5,W)"", ""E(2,5)"", ""E(4,5)"", ""E(5,5)"", ""B(6,5,E)"", ""B(0,6,W)"", ""E(1,6)"", ""E(2,6)"", ""E(3,6)"", ""B(6,6,E)""]","[""N(0,1)"", ""N(2,4)"", ""N(4,5)""]","[""N(0,1)"", ""N(2,4)"", ""N(4,5)""]"
core,0.08,3,,,,1.2,60,,1,,,,,29,62,0.46774193548387094,3,3,3,"[""E(4,0)"", ""B(6,0,E)"", ""B(0,1,W)"", ""E(3,1)"", ""B(6,1,E)"", ""E(0,2)"", ""B(0,2,W)"", ""E(3,2)"", ""E(5,2)"", ""B(6,2,E)"", ""B(0,3,W)"", ""E(1,3)"", ""E(2,3)"", ""E(3,3)"", ""E(4,3)"", ""B(6,3,E)"", ""E(0,4)"", ""B(0,4,W)"", ""E(1,4)"", ""E(3,4)"", ""E(4,4)"", ""E(5,4)"", ""B(6,4,E)"", ""B(0,5,W)"", ""E(2,5)"", ""E(4,5)"", ""E(5,5)"", ""B(6,5,E)"", ""B(0,6,W)"", ""E(1,6)"", ""E(2,6)"", ""E(3,6)"", ""B(6,6,E)""]","[""N(0,1)"", ""N(2,4)"", ""N(4,5)""]","[""N(0,1)"", ""N(2,4)"", ""N(4,5)""]"
core,0.08,3,,,,1.2,85,,1,,,,,58,62,0.9354838709677419,3,3,3,"[""E(5,4)"", ""B(6,4,E)"", ""E(5,5)"", ""B(6,5,E)""]","[""N(0,1)"", ""N(2,4)"", ""N(4,5)""]","[""N(0,1)"", ""N(2,4)"", ""N(4,5)""]"
core,0.08,3,,,,2.0,,,1,,,,,62,62,1.0,6,6,6,[],"[""N(0,1)"", ""E(0,3)"", ""E(5,3)"", ""N(2,4)"", ""E(3,5)"", ""N(4,5)""]","[""N(0,1)"", ""E(0,3)"", ""E(5,3)"", ""N(2,4)"", ""E(3,5)"", ""N(4,5)""]"
core,0.08,3,,,,2.0,10,,1,,,,,29,62,0.46774193548387094,2,2,2,"[""E(4,0)"", ""B(6,0,E)"", ""B(0,1,W)"", ""E(3,1)"", ""B(6,1,E)"", ""E(0,2)"", ""B(0,2,W)"", ""E(3,2)"", ""E(5,2)"", ""B(6,2,E)"", ""B(0,3,W)"", ""E(1,3)"", ""E(2,3)"", ""E(3,3)"", ""E(4,3)"", ""B(6,3,E)"", ""E(0,4)"", ""B(0,4,W)"", ""E(1,4)"", ""E(3,4)"", ""E(4,4)"", ""E(5,4)"", ""B(6,4,E)"", ""B(0,5,W)"", ""E(2,5)"", ""E(4,5)"", ""E(5,5)"", ""B(6,5,E)"", ""B(0,6,W)"", ""E(1,6)"", ""E(2,6)"", ""E(3,6)"", ""B(6,6,E)""]","[""N(0,1)"", ""N(2,4)""]","[""N(0,1)"", ""N(2,4)""]"
core,0.08,3,,,,2.0,20,,1,,,,,29,62,0.46774193548387094,3,3,3,"[""E(4,0)"", ""B(6,0,E)"", ""B(0,1,W)"", ""E(3,1)"", ""B(6,1,E)"", ""E(0,2)"", ""B(0,2,W)"", ""E(3,2)"", ""E(5,2)"", ""B(6,2,E)"", ""B(0,3,W)"", ""E(1,3)"", ""E(2,3)"", ""E(3,3)"", ""E(4,3)"", ""B(6,3,E)"", ""E(0,4)"", ""B(0,4,W)"", ""E(1,4)"", ""E(3,4)"", ""E(4,4)"", ""E(5,4)"", ""B(6,4,E)"", ""B(0,5,W)"", ""E(2,5)"", ""E(4,5)"", ""E(5,5)"", ""B(6,5,E)"", ""B(0,6,W)"", ""E(1,6)"", ""E(2,6)"", ""E(3,6)"", ""B(6,6,E)""]","[""N(0,1)"", ""N(2,4)"", ""N(4,5)""]","[""N(0,1)"", ""N(2,4)"", ""N(4,5)""]"
core,0.08,3,,,,2.0,35,,1,,,,,29,62,0.46774193548387094,3,3,3,"[""E(4,0)"", ""B(6,0,E)"", ""B(0,1,W)"", ""E(3,1)"", ""B(6,1,E)"", ""E(0,2)"", ""B(0,2,W)"", ""E(3,2)"", ""E(5,2)"", ""B(6,2,E)"", ""B(0,3,W)"", ""E(1,3)"", ""E(2,3)"", ""E(3,3)"", ""E(4,3)"", ""B(6,3,E)"", ""E(0,4)"", ""B(0,4,W)"", ""E(1,4)"", ""E(3,4)"", ""E(4,4)"", ""E(5,4)"", ""B(6,4,E)"", ""B(0,5,W)"", ""E(2,5)"", ""E(4,5)"", ""E(5,5)"", ""B(6,5,E)"", ""B(0,6,W)"", ""E(1,6)"", ""E(2,6)"", ""E(3,6)"", ""B(6,6,E)""]","[""N(0,1)"", ""N(2,4)"", ""N(4,5)""]","[""N(0,1)"", ""N(2,4)"", ""N(4,5)""]"
core,0.08,3,,,,2.0,60,,1,,,,,29,62,0.46774193548387094,3,3,3,"[""E(4,0)"", ""B(6,0,E)"", ""B(0,1,W)"", ""E(3,1)"", ""B(6,1,E)"", ""E(0,2)"", ""B(0,2,W)"", ""E(3,2)"", ""E(5,2)"", ""B(6,2,E)"", ""B(0,3,W)"", ""E(1,3)"", ""E(2,3)"", ""E(3,3)"", ""E(4,3)"", ""B(6,3,E)"", ""E(0,4)"", ""B(0,4,W)"", ""E(1,4)"", ""E(3,4)"", ""E(4,4)"", ""E(5,4)"", ""B(6,4,E)"", ""B(0,5,W)"", ""E(2,5)"", ""E(4,5)"", ""E(5,5)"", ""B(6,5,E)"", ""B(0,6,W)"", ""E(1,6)"", ""E(2,6)"", ""E(3,6)"", ""B(6,6,E)""]","[""N(0,1)"", ""N(2,4)"", ""N(4,5)""]","[""N(0,1)"", ""N(2,4)"", ""N(4,5)""]"
core,0.08,3,,,,2.0,85,,1,,,,,58,62,0.9354838709677419,3,3,3,"[""E(5,4)"", ""B(6,4,E)"", ""E(5,5)"", ""B(6,5,E)""]","[""N(0,1)"", ""N(2,4)"", ""N(4,5)""]","[""N(0,1)"", ""N(2,4)"", ""N(4,5)""]"
core,0.08,3,,,,,,,1,,,,,62,62,1.0,6,6,6,[],"[""N(0,1)"", ""E(0,3)"", ""E(5,3)"", ""N(2,4)"", ""E(3,5)"", ""N(4,5)""]","[""N(0,1)"", ""E(0,3)"", ""E(5,3)"", ""N(2,4)"", ""E(3,5)"", ""N(4,5)""]"
core,0.08,3,,,,,10,,1,,,,,29,62,0.46774193548387094,2,2,2,"[""E(4,0)"", ""B(6,0,E)"", ""B(0,1,W)"", ""E(3,1)"", ""B(6,1,E)"", ""E(0,2)"", ""B(0,2,W)"", ""E(3,2)"", ""E(5,2)"", ""B(6,2,E)"", ""B(0,3,W)"", ""E(1,3)"", ""E(2,3)"", ""E(3,3)"", ""E(4,3)"", ""B(6,3,E)"", ""E(0,4)"", ""B(0,4,W)"", ""E(1,4)"", ""E(3,4)"", ""E(4,4)"", ""E(5,4)"", ""B(6,4,E)"", ""B(0,5,W)"", ""E(2,5)"", ""E(4,5)"", ""E(5,5)"", ""B(6,5,E)"", ""B(0,6,W)"", ""E(1,6)"", ""E(2,6)"", ""E(3,6)"", ""B(6,6,E)""]","[""N(0,1)"", ""N(2,4)""]","[""N(0,1)"", ""N(2,4)""]"
core,0.08,3,,,,,20,,1,,,,,29,62,0.46774193548387094,3,3,3,"[""E(4,0)"", ""B(6,0,E)"", ""B(0,1,W)"", ""E(3,1)"", ""B(6,1,E)"", ""E(0,2)"", ""B(0,2,W)"", ""E(3,2)"", ""E(5,2)"", ""B(6,2,E)"", ""B(0,3,W)"", ""E(1,3)"", ""E(2,3)"", ""E(3,3)"", ""E(4,3)"", ""B(6,3,E)"", ""E(0,4)"", ""B(0,4,W)"", ""E(1,4)"", ""E(3,4)"", ""E(4,4)"", ""E(5,4)"", ""B(6,4,E)"", ""B(0,5,W)"", ""E(2,5)"", ""E(4,5)"", ""E(5,5)"", ""B(6,5,E)"", ""B(0,6,W)"", ""E(1,6)"", ""E(2,6)"", ""E(3,6)"", ""B(6,6,E)""]","[""N(0,1)"", ""N(2,4)"", ""N(4,5)""]","[""N(0,1)"", ""N(2,4)"", ""N(4,5)""]"
core,0.08,3,,,,,35,,1,,,,,29,62,0.46774193548387094,3,3,3,"[""E(4,0)"", ""B(6,0,E)"", ""B(0,1,W)"", ""E(3,1)"", ""B(6,1,E)"", ""E(0,2)"", ""B(0,2,W)"", ""E(3,2)"", ""E(5,2)"", ""B(6,2,E)"", ""B(0,3,W)"", ""E(1,3)"", ""E(2,3)"", ""E(3,3)"", ""E(4,3)"", ""B(6,3,E)"", ""E(0,4)"", ""B(0,4,W)"", ""E(1,4)"", ""E(3,4)"", ""E(4,4)"", ""E(5,4)"", ""B(6,4,E)"", ""B(0,5,W)"", ""E(2,5)"", ""E(4,5)"", ""E(5,5)"", ""B(6,5,E)"", ""B(0,6,W)"", ""E(1,6)"", ""E(2,6)"", ""E(3,6)"", ""B(6,6,E)""]","[""N(0,1)"", ""N(2,4)"", ""N(4,5)""]","[""N(0,1)"", ""N(2,4)"", ""N(4,5)""]"
core,0.08,3,,,,,60,,1,,,,,29,62,0.46774193548387094,3,3,3,"[""E(4,0)"", ""B(6,0,E)"", ""B(0,1,W)"", ""E(3,1)"", ""B(6,1,E)"", ""E(0,2)"", ""B(0,2,W)"", ""E(3,2)"", ""E(5,2)"", ""B(6,2,E)"", ""B(0,3,W)"", ""E(1,3)"", ""E(2,3)"", ""E(3,3)"", ""E(4,3)"", ""B(6,3,E)"", ""E(0,4)"", ""B(0,4,W)"", ""E(1,4)"", ""E(3,4)"", ""E(4,4)"", ""E(5,4)"", ""B(6,4,E)"", ""B(0,5,W)"", ""E(2,5)"", ""E(4,5)"", ""E(5,5)"", ""B(6,5,E)"", ""B(0,6,W)"", ""E(1,6)"", ""E(2,6)"", ""E(3,6)"", ""B(6,6,E)""]","[""N(0,1)"", ""N(2,4)"", ""N(4,5)""]","[""N(0,1)"", ""N(2,4)"", ""N(4,5)""]"
core,0.08,3,,,,,85,,1,,,,,58,62,0.9354838709677419,3,3,3,"[""E(5,4)"", ""B(6,4,E)"", ""E(5,5)"", ""B(6,5,E)""]","[""N(0,1)"", ""N(2,4)"", ""N(4,5)""]","[""N(0,1)"", ""N(2,4)"", ""N(4,5)""]"
core,0.08,4,,,,0.25,,,1,,,,,59,62,0.9516129032258065,4,4,4,"[""B(2,6,N)"", ""B(3,6,N)"", ""B(6,6,E)""]","[""E(0,3)"", ""E(5,3)"", ""N(2,4)"", ""E(3,5)""]","[""E(0,3)"", ""E(5,3)"", ""N(2,4)"", ""E(3,5)""]"
core,0.08,4,,,,0.25,10,,1,,,,,25,62,0.4032258064516129,1,1,1,"[""E(4,0)"", ""B(5,0,S)"", ""B(6,0,S)"", ""B(6,0,E)"", ""B(0,1,W)"", ""E(3,1)"", ""B(6,1,E)"", ""E(0,2)"", ""B(0,2,W)"", ""E(3,2)"", ""E(5,2)"", ""B(6,2,E)"", ""B(0,3,W)"", ""E(1,3)"", ""E(2,3)"", ""E(3,3)"", ""E(4,3)"", ""B(6,3,E)"", ""E(0,4)"", ""B(0,4,W)"", ""E(1,4)"", ""E(3,4)"", ""E(4,4)"", ""E(5,4)"", ""B(6,4,E)"", ""B(0,5,W)"", ""E(2,5)"", ""E(4,5)"", ""E(5,5)"", ""B(6,5,E)"", ""B(0,6,W)"", ""E(1,6)"", ""B(2,6,N)"", ""E(2,6)"", ""B(3,6,N)"", ""E(3,6)"", ""B(6,6,E)""]","[""N(2,4)""]","[""N(2,4)""]"
core,0.08,4,,,,0.25,20,,1,,,,,27,62,0.43548387096774194,1,1,1,"[""E(4,0)"", ""B(6,0,E)"", ""B(0,1,W)"", ""E(3,1)"", ""B(6,1,E)"", ""E(0,2)"", ""B(0,2,W)"", ""E(3,2)"", ""E(5,2)"", ""B(6,2,E)"", ""B(0,3,W)"", ""E(1,3)"", ""E(2,3)"", ""E(3,3)"", ""E(4,3)"", ""B(6,3,E)"", ""E(0,4)"", ""B(0,4,W)"", ""E(1,4)"", ""E(3,4)"", ""E(4,4)"", ""E(5,4)"", ""B(6,4,E)"", ""B(0,5,W)"", ""E(2,5)"", ""E(4,5)"", ""E(5,5)"", ""B(6,5,E)"", ""B(0,6,W)"", ""E(1,6)"", ""B(2,6,N)"", ""E(2,6)"", ""B(3,6,N)"", ""E(3,6)"", ""B(6,6,E)""]","[""N(2,4)""]","[""N(2,4)""]"
core,0.08,4,,,,0.25,35,,1,,,,,27,62,0.43548387096774194,1,1,1,"[""E(4,0)"", ""B(6,0,E)"", ""B(0,1,W)"", ""E(3,1)"", ""B(6,1,E)"", ""E(0,2)"", ""B(0,2,W)"", ""E(3,2)"", ""E(5,2)"", ""B(6,2,E)"", ""B(0,3,W)"", ""E(1,3)"", ""E(2,3)"", ""E(3,3)"", ""E(4,3)"", ""B(6,3,E)"", ""E(0,4)"", ""B(0,4,W)"", ""E(1,4)"", ""E(3,4)"", ""E(4,4)"", ""E(5,4)"", ""B(6,4,E)"", ""B(0,5,W)"", ""E(2,5)"", ""E(4,5)"", ""E(5,5)"", ""B(6,5,E)"", ""B(0,6,W)"", ""E(1,6)"", ""B(2,6,N)"", ""E(2,6)"", ""B(3,6,N)"", ""E(3,6)"", ""B(6,6,E)""]","[""N(2,4)""]","[""N(2,4)""]"
core,0.08,4,,,,0.25,60,,1,,,,,27,62,0.43548387096774194,1,1,1,"[""E(4,0)"", ""B(6,0,E)"", ""B(0,1,W)"", ""E(3,1)"", ""B(6,1,E)"", ""E(0,2)"", ""B(0,2,W)"", ""E(3,2)"", ""E(5,2)"", ""B(6,2,E)"", ""B(0,3,W)"", ""E(1,3)"", ""E(2,3)"", ""E(3,3)"", ""E(4,3)"", ""B(6,3,E)"", ""E(0,4)"", ""B(0,4,W)"", ""E(1,4)"", ""E(3,4)"", ""E(4,4)"", ""E(5,4)"", ""B(6,4,E)"", ""B(0,5,W)"", ""E(2,5)"", ""E(4,5)"", ""E(5,5)"", ""B(6,5,E)"", ""B(0,6,W)"", ""E(1,6)"", ""B(2,6,N)"", ""E(2,6)"", ""B(3,6,N)"", ""E(3,6)"", ""B(6,6,E)""]","[""N(2,4)""]","[""N(2,4)""]"
core,0.08,4,,,,0.25,85,,1,,,,,51,62,0.8225806451612904,1,1,1,"[""E(4,0)"", ""B(0,1,W)"", ""B(6,3,E)"", ""E(5,4)"", ""B(6,4,E)"", ""E(4,5)"", ""E(5,5)"", ""B(6,5,E)"", ""B(2,6,N)"", ""B(3,6,N)"", ""B(6,6,E)""]","[""N(2,4)""]","[""N(2,4)""]"
core,0.08,4,,,,0.4,,,1,,,,,59,62,0.9516129032258065,6,6,6,"[""B(2,6,N)"", ""B(3,6,N)"", ""B(6,6,E)""]","[""N(0,1)"", ""E(0,3)"", ""E(5,3)"", ""N(2,4)"", ""E(3,5)"", ""N(4,5)""]","[""N(0,1)"", ""E(0,3)"", ""E(5,3)"", ""N(2,4)"", ""E(3,5)"", ""N(4,5)""]"
core,0.08,4,,,,0.4,10,,1,,,,,27,62,0.43548387096774194,2,2,2,"[""E(4,0)"", ""B(6,0,E)"", ""B(0,1,W)"", ""E(3,1)"", ""B(6,1,E)"", ""E(0,2)"", ""B(0,2,W)"", ""E(3,2)"", ""E(5,2)"", ""B(6,2,E)"", ""B(0,3,W)"", ""E(1,3)"", ""E(2,3)"", ""E(3,3)"", ""E(4,3)"", ""B(6,3,E)"", ""E(0,4)"", ""B(0,4,W)"", ""E(1,4)"", ""E(3,4)"", ""E(4,4)"", ""E(5,4)"", ""B(6,4,E)"", ""B(0,5,W)"", ""E(2,5)"", ""E(4,5)"", ""E(5,5)"", ""B(6,5,E)"", ""B(0,6,W)"", ""E(1,6)"", ""B(2,6,N)"", ""E(2,6)"", ""B(3,6,N)"", ""E(3,6)"", ""B(6,6,E)""]","[""N(0,1)"", ""N(2,4)""]","[""N(0,1)"", ""N(2,4)""]"
core,0.08,4,,,,0.4,20,,1,,,,,27,62,0.43548387096774194,3,3,3,"[""E(4,0)"", ""B(6,0,E)"", ""B(0,1,W)"", ""E(3,1)"", ""B(6,1,E)"", ""E(0,2)"", ""B(0,2,W)"", ""E(3,2)"", ""E(5,2)"", ""B(6,2,E)"", ""B(0,3,W)"", ""E(1,3)"", ""E(2,3)"", ""E(3,3)"", ""E(4,3)"", ""B(6,3,E)"", ""E(0,4)"", ""B(0,4,W)"", ""E(1,4)"", ""E(3,4)"", ""E(4,4)"", ""E(5,4)"", ""B(6,4,E)"", ""B(0,5,W)"", ""E(2,5)"", ""E(4,5)"", ""E(5,5)"", ""B(6,5,E)"", ""B(0,6,W)"", ""E(1,6)"", ""B(2,6,N)"", ""E(2,6)"", ""B(3,6,N)"", ""E(3,6)"", ""B(6,6,E)""]","[""N(0,1)"", ""N(2,4)"", ""N(4,5)""]","[""N(0,1)"", ""N(2,4)"", ""N(4,5)""]"
core,0.08,4,,,,0.4,35,,1,,,,,27,62,0.43548387096774194,3,3,3,"[""E(4,0)"", ""B(6,0,E)"", ""B(0,1,W)"", ""E(3,1)"", ""B(6,1,E)"", ""E(0,2)"", ""B(0,2,W)"", ""E(3,2)"", ""E(5,2)"", ""B(6,2,E)"", ""B(0,3,W)"", ""E(1,3)"", ""E(2,3)"", ""E(3,3)"", ""E(4,3)"", ""B(6,3,E)"", ""E(0,4)"", ""B(0,4,W)"", ""E(1,4)"", ""E(3,4)"", ""E(4,4)"", ""E(5,4)"", ""B(6,4,E)"", ""B(0,5,W)"", ""E(2,5)"", ""E(4,5)"", ""E(5,5)"", ""B(6,5,E)"", ""B(0,6,W)"", ""E(1,6)"", ""B(2,6,N)"", ""E(2,6)"", ""B(3,6,N)"", ""E(3,6)"", ""B(6,6,E)""]","[""N(0,1)"", ""N(2,4)"", ""N(4,5)""]","[""N(0,1)"", ""N(2,4)"", ""N(4,5)""]"
core,0.08,4,,,,0.4,60,,1,,,,,27,62,0.43548387096774194,3,3,3,"[""E(4,0)"", ""B(6,0,E)"", ""B(0,1,W)"", ""E(3,1)"", ""B(6,1,E)"", ""E(0,2)"", ""B(0,2,W)"", ""E(3,2)"", ""E(5,2)"", ""B(6,2,E)"", ""B(0,3,W)"", ""E(1,3)"", ""E(2,3)"", ""E(3,3)"", ""E(4,3)"", ""B(6,3,E)"", ""E(0,4)"", ""B(0,4,W)"", ""E(1,4)"", ""E(3,4)"", ""E(4,4)"", ""E(5,4)"", ""B(6,4,E)"", ""B(0,5,W)"", ""E(2,5)"", ""E(4,5)"", ""E(5,5)"", ""B(6,5,E)"", ""B(0,6,W)"", ""E(1,6)"", ""B(2,6,N)"", ""E(2,6)"", ""B(3,6,N)"", ""E(3,6)"", ""B(6,6,E)""]","[""N(0,1)"", ""N(2,4)"", ""N(4,5)""]","[""N(0,1)"", ""N(2,4)"", ""N(4,5)""]"
core,0.08,4,,,,0.4,85,,1,,,,,54,62,0.8709677419354839,3,3,3,"[""B(0,1,W)"", ""E(5,4)"", ""B(6,4,E)"", ""E(5,5)"", ""B(6,5,E)"", ""B(2,6,N)"", ""B(3,6,N)"", ""B(6,6,E)""]","[""N(0,1)"", ""N(2,4)"", ""N(4,5)""]","[""N(0,1)"", ""N(2,4)"", ""N(4,5)""]"
core,0.08,4,,,,0.6,,,1,,,,,62,62,1.0,6,6,6,[],"[""N(0,1)"", ""E(0,3)"", ""E(5,3)"", ""N(2,4)"", ""E(3,5)"", ""N(4,5)""]","[""N(0,1)"", ""E(0,3)"", ""E(5,3)"", ""N(2,4)"", ""E(3,5)"", ""N(4,5)""]"
core,0.08,4,,,,0.6,10,,1,,,,,29,62,0.46774193548387094,2,2,2,"[""E(4,0)"", ""B(6,0,E)"", ""B(0,1,W)"", ""E(3,1)"", ""B(6,1,E)"", ""E(0,2)"", ""B(0,2,W)"", ""E(3,2)"", ""E(5,2)"", ""B(6,2,E)"", ""B(0,3,W)"", ""E(1,3)"", ""E(2,3)"", ""E(3,3)"", ""E(4,3)"", ""B(6,3,E)"", ""E(0,4)"", ""B(0,4,W)"", ""E(1,4)"", ""E(3,4)"", ""E(4,4)"", ""E(5,4)"", ""B(6,4,E)"", ""B(0,5,W)"", ""E(2,5)"", ""E(4,5)"", ""E(5,5)"", ""B(6,5,E)"", ""B(0,6,W)"", ""E(1,6)"", ""E(2,6)"", ""E(3,6)"", ""B(6,6,E)""]","[""N(0,1)"", ""N(2,4)""]","[""N(0,1)"", ""N(2,4)""]"
core,0.08,4,,,,0.6,20,,1,,,,,29,62,0.46774193548387094,3,3,3,"[""E(4,0)"", ""B(6,0,E)"", ""B(0,1,W)"", ""E(3,1)"", ""B(6,1,E)"", ""E(0,2)"", ""B(0,2,W)"", ""E(3,2)"", ""E(5,2)"", ""B(6,2,E)"", ""B(0,3,W)"", ""E(1,3)"", ""E(2,3)"", ""E(3,3)"", ""E(4,3)"", ""B(6,3,E)"", ""E(0,4)"", ""B(0,4,W)"", ""E(1,4)"", ""E(3,4)"", ""E(4,4)"", ""E(5,4)"", ""B(6,4,E)"", ""B(0,5,W)"", ""E(2,5)"", ""E(4,5)"", ""E(5,5)"", ""B(6,5,E)"", ""B(0,6,W)"", ""E(1,6)"", ""E(2,6)"", ""E(3,6)"", ""B(6,6,E)""]","[""N(0,1)"", ""N(2,4)"", ""N(4,5)""]","[""N(0,1)"", ""N(2,4)"", ""N(4,5)""]"
core,0.08,4,,,,0.6,35,,1,,,,,29,62,0.46774193548387094,3,3,3,"[""E(4,0)"", ""B(6,0,E)"", ""B(0,1,W)"", ""E(3,1)"", ""B(6,1,E)"", ""E(0,2)"", ""B(0,2,W)"", ""E(3,2)"", ""E(5,2)"", ""B(6,2,E)"", ""B(0,3,W)"", ""E(1,3)"", ""E(2,3)"", ""E(3,3)"", ""E(4,3)"", ""B(6,3,E)"", ""E(0,4)"", ""B(0,4,W)"", ""E(1,4)"", ""E(3,4)"", ""E(4,4)"", ""E(5,4)"", ""B(6,4,E)"", ""B(0,5,W)"", ""E(2,5)"", ""E(4,5)"", ""E(5,5)"", ""B(6,5,E)"", ""B(0,6,W)"", ""E(1,6)"", ""E(2,6)"", ""E(3,6)"", ""B(6,6,E)""]","[""N(0,1)"", ""N(2,4)"", ""N(4,5)""]","[""N(0,1)"", ""N(2,4)"", ""N(4,5)""]"
core,0.08,4,,,,0.6,60,,1,,,,,29,62,0.46774193548387094,3,3,3,"[""E(4,0)"", ""B(6,0,E)"", ""B(0,1,W)"", ""E(3,1)"", ""B(6,1,E)"", ""E(0,2)"", ""B(0,2,W)"", ""E(3,2)"", ""E(5,2)"", ""B(6,2,E)"", ""B(0,3,W)"", ""E(1,3)"", ""E(2,3)"", ""E(3,3)"", ""E(4,3)"", ""B(6,3,E)"", ""E(0,4)"", ""B(0,4,W)"", ""E(1,4)"", ""E(3,4)"", ""E(4,4)"", ""E(5,4)"", ""B(6,4,E)"", ""B(0,5,W)"", ""E(2,5)"", ""E(4,5)"", ""E(5,5)"", ""B(6,5,E)"", ""B(0,6,W)"", ""E(1,6)"", ""E(2,6)"", ""E(3,6)"", ""B(6,6,E)""]","[""N(0,1)"", ""N(2,4)"", ""N(4,5)""]","[""N(0,1)"", ""N(2,4)"", ""N(4,5)""]"
core,0.08,4,,,,0.6,85,,1,,,,,56,62,0.9032258064516129,3,3,3,"[""B(0,1,W)"", ""E(5,4)"", ""B(6,4,E)"", ""E(5,5)"", ""B(6,5,E)"", ""B(6,6,E)""]","[""N(0,1)"", ""N(2,4)"", ""N(4,5)""]","[""N(0,1)"", ""N(2,4)"", ""N(4,5)""]"
core,0.08,4,,,,1.2,,,1,,,,,62,62,1.0,7,7,7,[],"[""N(0,1)"", ""N(5,1)"", ""E(0,3)"", ""E(5,3)"", ""N(2,4)"", ""E(3,5)"", ""N(4,5)""]","[""N(0,1)"", ""N(5,1)"", ""E(0,3)"", ""E(5,3)"", ""N(2,4)"", ""E(3,5)"", ""N(4,5)""]"
core,0.08,4,,,,1.2,10,,1,,,,,29,62,0.46774193548387094,3,3,3,"[""E(4,0)"", ""B(6,0,E)"", ""B(0,1,W)"", ""E(3,1)"", ""B(6,1,E)"", ""E(0,2)"", ""B(0,2,W)"", ""E(3,2)"", ""E(5,2)"", ""B(6,2,E)"", ""B(0,3,W)"", ""E(1,3)"", ""E(2,3)"", ""E(3,3)"", ""E(4,3)"", ""B(6,3,E)"", ""E(0,4)"", ""B(0,4,W)"", ""E(1,4)"", ""E(3,4)"", ""E(4,4)"", ""E(5,4)"", ""B(6,4,E)"", ""B(0,5,W)"", ""E(2,5)"", ""E(4,5)"", ""E(5,5)"", ""B(6,5,E)"", ""B(0,6,W)"", ""E(1,6)"", ""E(2,6)"", ""E(3,6)"", ""B(6,6,E)""]","[""N(0,1)"", ""N(5,1)"", ""N(2,4)""]","[""N(0,1)"", ""N(5,1)"", ""N(2,4)""]"
core,0.08,4,,,,1.2,20,,1,,,,,29,62,0.46774193548387094,4,4,4,"[""E(4,0)"", ""B(6,0,E)"", ""B(0,1,W)"", ""E(3,1)"", ""B(6,1,E)"", ""E(0,2)"", ""B(0,2,W)"", ""E(3,2)"", ""E(5,2)"", ""B(6,2,E)"", ""B(0,3,W)"", ""E(1,3)"", ""E(2,3)"", ""E(3,3)"", ""E(4,3)"", ""B(6,3,E)"", ""E(0,4)"", ""B(0,4,W)"", ""E(1,4)"", ""E(3,4)"", ""E(4,4)"", ""E(5,4)"", ""B(6,4,E)"", ""B(0,5,W)"", ""E(2,5)"", ""E(4,5)"", ""E(5,5)"", ""B(6,5,E)"", ""B(0,6,W)"", ""E(1,6)"", ""E(2,6)"", ""E(3,6)"", ""B(6,6,E)""]","[""N(0,1)"", ""N(5,1)"", ""N(2,4)"", ""N(4,5)""]","[""N(0,1)"", ""N(5,1)"", ""N(2,4)"", ""N(4,5)""]"
core,0.08,4,,,,1.2,35,,1,,,,,29,62,0.46774193548387094,4,4,4,"[""E(4,0)"", ""B(6,0,E)"", ""B(0,1,W)"", ""E(3,1)"", ""B(6,1,E)"", ""E(0,2)"", ""B(0,2,W)"", ""E(3,2)"", ""E(5,2)"", ""B(6,2,E)"", ""B(0,3,W)"", ""E(1,3)"", ""E(2,3)"", ""E(3,3)"", ""E(4,3)"", ""B(6,3,E)"", ""E(0,4)"", ""B(0,4,W)"", ""E(1,4)"", ""E(3,4)"", ""E(4,4)"", ""E(5,4)"", ""B(6,4,E)"", ""B(0,5,W)"", ""E(2,5)"", ""E(4,5)"", ""E(5,5)"", ""B(6,5,E)"", ""B(0,6,W)"", ""E(1,6)"", ""E(2,6)"", ""E(3,6)"", ""B(6,6,E)""]","[""N(0,1)"", ""N(5,1)"", ""N(2,4)"", ""N(4,5)""]","[""N(0,1)"", ""N(5,1)"", ""N(2,4)"", ""N(4,5)""]"
core,0.08,4,,,,1.2,60,,1,,,,,29,62,0.46774193548387094,4,4,4,"[""E(4,0)"", ""B(6,0,E)"", ""B(0,1,W)"", ""E(3,1)"", ""B(6,1,E)"", ""E(0,2)"", ""B(0,2,W)"", ""E(3,2)"", ""E(5,2)"", ""B(6,2,E)"", ""B(0,3,W)"", ""E(1,3)"", ""E(2,3)"", ""E(3,3)"", ""E(4,3)"", ""B(6,3,E)"", ""E(0,4)"", ""B(0,4,W)"", ""E(1,4)"", ""E(3,4)"", ""E(4,4)"", ""E(5,4)"", ""B(6,4,E)"", ""B(0,5,W)"", ""E(2,5)"", ""E(4,5)"", ""E(5,5)"", ""B(6,5,E)"", ""B(0,6,W)"", ""E(1,6)"", ""E(2,6)"", ""E(3,6)"", ""B(6,6,E)""]","[""N(0,1)"", ""N(5,1)"", ""N(2,4)"", ""N(4,5)""]","[""N(0,1)"", ""N(5,1)"", ""N(2,4)"", ""N(4,5)""]"
core,0.08,4,,,,1.2,85,,1,,,,,58,62,0.9354838709677419,4,4,4,"[""E(5,4)"", ""B(6,4,E)"", ""E(5,5)"", ""B(6,5,E)""]","[""N(0,1)"", ""N(5,1)"", ""N(2,4)"", ""N(4,5)""]","[""N(0,1)"", ""N(5,1)"", ""N(2,4)"", ""N(4,5)""]"
core,0.08,4,,,,2.0,,,1,,,,,62,62,1.0,7,7,7,[],"[""N(0,1)"", ""N(5,1)"", ""E(0,3)"", ""E(5,3)"", ""N(2,4)"", ""E(3,5)"", ""N(4,5)""]","[""N(0,1)"", ""N(5,1)"", ""E(0,3)"", ""E(5,3)"", ""N(2,4)"", ""E(3,5)"", ""N(4,5)""]"
core,0.08,4,,,,2.0,10,,1,,,,,29,62,0.46774193548387094,3,3,3,"[""E(4,0)"", ""B(6,0,E)"", ""B(0,1,W)"", ""E(3,1)"", ""B(6,1,E)"", ""E(0,2)"", ""B(0,2,W)"", ""E(3,2)"", ""E(5,2)"", ""B(6,2,E)"", ""B(0,3,W)"", ""E(1,3)"", ""E(2,3)"", ""E(3,3)"", ""E(4,3)"", ""B(6,3,E)"", ""E(0,4)"", ""B(0,4,W)"", ""E(1,4)"", ""E(3,4)"", ""E(4,4)"", ""E(5,4)"", ""B(6,4,E)"", ""B(0,5,W)"", ""E(2,5)"", ""E(4,5)"", ""E(5,5)"", ""B(6,5,E)"", ""B(0,6,W)"", ""E(1,6)"", ""E(2,6)"", ""E(3,6)"", ""B(6,6,E)""]","[""N(0,1)"", ""N(5,1)"", ""N(2,4)""]","[""N(0,1)"", ""N(5,1)"", ""N(2,4)""]"
core,0.08,4,,,,2.0,20,,1,,,,,29,62,0.46774193548387094,4,4,4,"[""E(4,0)"", ""B(6,0,E)"", ""B(0,1,W)"", ""E(3,1)"", ""B(6,1,E)"", ""E(0,2)"", ""B(0,2,W)"", ""E(3,2)"", ""E(5,2)"", ""B(6,2,E)"", ""B(0,3,W)"", ""E(1,3)"", ""E(2,3)"", ""E(3,3)"", ""E(4,3)"", ""B(6,3,E)"", ""E(0,4)"", ""B(0,4,W)"", ""E(1,4)"", ""E(3,4)"", ""E(4,4)"", ""E(5,4)"", ""B(6,4,E)"", ""B(0,5,W)"", ""E(2,5)"", ""E(4,5)"", ""E(5,5)"", ""B(6,5,E)"", ""B(0,6,W)"", ""E(1,6)"", ""E(2,6)"", ""E(3,6)"", ""B(6,6,E)""]","[""N(0,1)"", ""N(5,1)"", ""N(2,4)"", ""N(4,5)""]","[""N(0,1)"", ""N(5,1)"", ""N(2,4)"", ""N(4,5)""]"
core,0.08,4,,,,2.0,35,,1,,,,,29,62,0.46774193548387094,4,4,4,"[""E(4,0)"", ""B(6,0,E)"", ""B(0,1,W)"", ""E(3,1)"", ""B(6,1,E)"", ""E(0,2)"", ""B(0,2,W)"", ""E(3,2)"", ""E(5,2)"", ""B(6,2,E)"", ""B(0,3,W)"", ""E(1,3)"", ""E(2,3)"", ""E(3,3)"", ""E(4,3)"", ""B(6,3,E)"", ""E(0,4)"", ""B(0,4,W)"", ""E(1,4)"", ""E(3,4)"", ""E(4,4)"", ""E(5,4)"", ""B(6,4,E)"", ""B(0,5,W)"", ""E(2,5)"", ""E(4,5)"", ""E(5,5)"", ""B(6,5,E)"", ""B(0,6,W)"", ""E(1,6)"", ""E(2,6)"", ""E(3,6)"", ""B(6,6,E)""]","[""N(0,1)"", ""N(5,1)"", ""N(2,4)"", ""N(4,5)""]","[""N(0,1)"", ""N(5,1)"", ""N(2,4)"", ""N(4,5)""]"
core,0.08,4,,,,2.0,60,,1,,,,,29,62,0.46774193548387094,4,4,4,"[""E(4,0)"", ""B(6,0,E)"", ""B(0,1,W)"", ""E(3,1)"", ""B(6,1,E)"", ""E(0,2)"", ""B(0,2,W)"", ""E(3,2)"", ""E(5,2)"", ""B(6,2,E)"", ""B(0,3,W)"", ""E(1,3)"", ""E(2,3)"", ""E(3,3)"", ""E(4,3)"", ""B(6,3,E)"", ""E(0,4)"", ""B(0,4,W)"", ""E(1,4)"", ""E(3,4)"", ""E(4,4)"", ""E(5,4)"", ""B(6,4,E)"", ""B(0,5,W)"", ""E(2,5)"", ""E(4,5)"", ""E(5,5)"", ""B(6,5,E)"", ""B(0,6,W)"", ""E(1,6)"", ""E(2,6)"", ""E(3,6)"", ""B(6,6,E)""]","[""N(0,1)"", ""N(5,1)"", ""N(2,4)"", ""N(4,5)""]","[""N(0,1)"", ""N(5,1)"", ""N(2,4)"", ""N(4,5)""]"
core,0.08,4,,,,2.0,85,,1,,,,,58,62,0.9354838709677419,4,4,4,"[""E(5,4)"", ""B(6,4,E)"", ""E(5,5)"", ""B(6,5,E)""]","[""N(0,1)"", ""N(5,1)"", ""N(2,4)"", ""N(4,5)""]","[""N(0,1)"", ""N(5,1)"", ""N(2,4)"", ""N(4,5)""]"
core,0.08,4,,,,,,,1,,,,,62,62,1.0,7,7,7,[],"[""N(0,1)"", ""N(5,1)"", ""E(0,3)"", ""E(5,3)"", ""N(2,4)"", ""E(3,5)"", ""N(4,5)""]","[""N(0,1)"", ""N(5,1)"", ""E(0,3)"", ""E(5,3)"", ""N(2,4)"", ""E(3,5)"", ""N(4,5)""]"
core,0.08,4,,,,,10,,1,,,,,29,62,0.46774193548387094,3,3,3,"[""E(4,0)"", ""B(6,0,E)"", ""B(0,1,W)"", ""E(3,1)"", ""B(6,1,E)"", ""E(0,2)"", ""B(0,2,W)"", ""E(3,2)"", ""E(5,2)"", ""B(6,2,E)"", ""B(0,3,W)"", ""E(1,3)"", ""E(2,3)"", ""E(3,3)"", ""E(4,3)"", ""B(6,3,E)"", ""E(0,4)"", ""B(0,4,W)"", ""E(1,4)"", ""E(3,4)"", ""E(4,4)"", ""E(5,4)"", ""B(6,4,E)"", ""B(0,5,W)"", ""E(2,5)"", ""E(4,5)"", ""E(5,5)"", ""B(6,5,E)"", ""B(0,6,W)"", ""E(1,6)"", ""E(2,6)"", ""E(3,6)"", ""B(6,6,E)""]","[""N(0,1)"", ""N(5,1)"", ""N(2,4)""]","[""N(0,1)"", ""N(5,1)"", ""N(2,4)""]"
core,0.08,4,,,,,20,,1,,,,,29,62,0.46774193548387094,4,4,4,"[""E(4,0)"", ""B(6,0,E)"", ""B(0,1,W)"", ""E(3,1)"", ""B(6,1,E)"", ""E(0,2)"", ""B(0,2,W)"", ""E(3,2)"", ""E(5,2)"", ""B(6,2,E)"", ""B(0,3,W)"", ""E(1,3)"", ""E(2,3)"", ""E(3,3)"", ""E(4,3)"", ""B(6,3,E)"", ""E(0,4)"", ""B(0,4,W)"", ""E(1,4)"", ""E(3,4)"", ""E(4,4)"", ""E(5,4)"", ""B(6,4,E)"", ""B(0,5,W)"", ""E(2,5)"", ""E(4,5)"", ""E(5,5)"", ""B(6,5,E)"", ""B(0,6,W)"", ""E(1,6)"", ""E(2,6)"", ""E(3,6)"", ""B(6,6,E)""]","[""N(0,1)"", ""N(5,1)"", ""N(2,4)"", ""N(4,5)""]","[""N(0,1)"", ""N(5,1)"", ""N(2,4)"", ""N(4,5)""]"
core,0.08,4,,,,,35,,1,,,,,29,62,0.46774193548387094,4,4,4,"[""E(4,0)"", ""B(6,0,E)"", ""B(0,1,W)"", ""E(3,1)"", ""B(6,1,E)"", ""E(0,2)"", ""B(0,2,W)"", ""E(3,2)"", ""E(5,2)"", ""B(6,2,E)"", ""B(0,3,W)"", ""E(1,3)"", ""E(2,3)"", ""E(3,3)"", ""E(4,3)"", ""B(6,3,E)"", ""E(0,4)"", ""B(0,4,W)"", ""E(1,4)"", ""E(3,4)"", ""E(4,4)"", ""E(5,4)"", ""B(6,4,E)"", ""B(0,5,W)"", ""E(2,5)"", ""E(4,5)"", ""E(5,5)"", ""B(6,5,E)"", ""B(0,6,W)"", ""E(1,6)"", ""E(2,6)"", ""E(3,6)"", ""B(6,6,E)""]","[""N(0,1)"", ""N(5,1)"", ""N(2,4)"", ""N(4,5)""]","[""N(0,1)"", ""N(5,1)"", ""N(2,4)"", ""N(4,5)""]"
core,0.08,4,,,,,60,,1,,,,,29,62,0.46774193548387094,4,4,4,"[""E(4,0)"", ""B(6,0,E)"", ""B(0,1,W)"", ""E(3,1)"", ""B(6,1,E)"", ""E(0,2)"", ""B(0,2,W)"", ""E(3,2)"", ""E(5,2)"", ""B(6,2,E)"", ""B(0,3,W)"", ""E(1,3)"", ""E(2,3)"", ""E(3,3)"", ""E(4,3)"", ""B(6,3,E)"", ""E(0,4)"", ""B(0,4,W)"", ""E(1,4)"", ""E(3,4)"", ""E(4,4)"", ""E(5,4)"", ""B(6,4,E)"", ""B(0,5,W)"", ""E(2,5)"", ""E(4,5)"", ""E(5,5)"", ""B(6,5,E)"", ""B(0,6,W)"", ""E(1,6)"", ""E(2,6)"", ""E(3,6)"", ""B(6,6,E)""]","[""N(0,1)"", ""N(5,1)"", ""N(2,4)"", ""N(4,5)""]","[""N(0,1)"", ""N(5,1)"", ""N(2,4)"", ""N(4,5)""]"
core,0.08,4,,,,,85,,1,,,,,58,62,0.9354838709677419,4,4,4,"[""E(5,4)"", ""B(6,4,E)"", ""E(5,5)"", ""B(6,5,E)""]","[""N(0,1)"", ""N(5,1)"", ""N(2,4)"", ""N(4,5)""]","[""N(0,1)"", ""N(5,1)"", ""N(2,4)"", ""N(4,5)""]"
core,0.08,5,,,,0.25,,,1,,,,,59,62,0.9516129032258065,4,4,4,"[""B(2,6,N)"", ""B(3,6,N)"", ""B(6,6,E)""]","[""E(0,3)"", ""E(5,3)"", ""N(2,4)"", ""E(3,5)""]","[""E(0,3)"", ""E(5,3)"", ""N(2,4)"", ""E(3,5)""]"
core,0.08,5,,,,0.25,10,,1,,,,,26,62,0.41935483870967744,1,1,1,"[""E(4,0)"", ""B(5,0,S)"", ""B(6,0,E)"", ""B(0,1,W)"", ""E(3,1)"", ""B(6,1,E)"", ""E(0,2)"", ""B(0,2,W)"", ""E(3,2)"", ""E(5,2)"", ""B(6,2,E)"", ""B(0,3,W)"", ""E(1,3)"", ""E(2,3)"", ""E(3,3)"", ""E(4,3)"", ""B(6,3,E)"", ""E(0,4)"", ""B(0,4,W)"", ""E(1,4)"", ""E(3,4)"", ""E(4,4)"", ""E(5,4)"", ""B(6,4,E)"", ""B(0,5,W)"", ""E(2,5)"", ""E(4,5)"", ""E(5,5)"", ""B(6,5,E)"", ""B(0,6,W)"", ""E(1,6)"", ""B(2,6,N)"", ""E(2,6)"", ""B(3,6,N)"", ""E(3,6)"", ""B(6,6,E)""]","[""N(2,4)""]","[""N(2,4)""]"
core,0.08,5,,,,0.25,20,,1,,,,,27,62,0.43548387096774194,1,1,1,"[""E(4,0)"", ""B(6,0,E)"", ""B(0,1,W)"", ""E(3,1)"", ""B(6,1,E)"", ""E(0,2)"", ""B(0,2,W)"", ""E(3,2)"", ""E(5,2)"", ""B(6,2,E)"", ""B(0,3,W)"", ""E(1,3)"", ""E(2,3)"", ""E(3,3)"", ""E(4,3)"", ""B(6,3,E)"", ""E(0,4)"", ""B(0,4,W)"", ""E(1,4)"", ""E(3,4)"", ""E(4,4)"", ""E(5,4)"", ""B(6,4,E)"", ""B(0,5,W)"", ""E(2,5)"", ""E(4,5)"", ""E(5,5)"", ""B(6,5,E)"", ""B(0,6,W)"", ""E(1,6)"", ""B(2,6,N)"", ""E(2,6)"", ""B(3,6,N)"", ""E(3,6)"", ""B(6,6,E)""]","[""N(2,4)""]","[""N(2,4)""]"
core,0.08,5,,,,0.25,35,,1,,,,,27,62,0.43548387096774194,1,1,1,"[""E(4,0)"", ""B(6,0,E)"", ""B(0,1,W)"", ""E(3,1)"", ""B(6,1,E)"", ""E(0,2)"", ""B(0,2,W)"", ""E(3,2)"", ""E(5,2)"", ""B(6,2,E)"", ""B(0,3,W)"", ""E(1,3)"", ""E(2,3)"", ""E(3,3)"", ""E(4,3)"", ""B(6,3,E)"", ""E(0,4)"", ""B(0,4,W)"", ""E(1,4)"", ""E(3,4)"", ""E(4,4)"", ""E(5,4)"", ""B(6,4,E)"", ""B(0,5,W)"", ""E(2,5)"", ""E(4,5)"", ""E(5,5)"", ""B(6,5,E)"", ""B(0,6,W)"", ""E(1,6)"", ""B(2,6,N)"", ""E(2,6)"", ""B(3,6,N)"", ""E(3,6)"", ""B(6,6,E)""]","[""N(2,4)""]","[""N(2,4)""]"
core,0.08,5,,,,0.25,60,,1,,,,,27,62,0.43548387096774194,1,1,1,"[""E(4,0)"", ""B(6,0,E)"", ""B(0,1,W)"", ""E(3,1)"", ""B(6,1,E)"", ""E(0,2)"", ""B(0,2,W)"", ""E(3,2)"", ""E(5,2)"", ""B(6,2,E)"", ""B(0,3,W)"", ""E(1,3)"", ""E(2,3)"", ""E(3,3)"", ""E(4,3)"", ""B(6,3,E)"", ""E(0,4)"", ""B(0,4,W)"", ""E(1,4)"", ""E(3,4)"", ""E(4,4)"", ""E(5,4)"", ""B(6,4,E)"", ""B(0,5,W)"", ""E(2,5)"", ""E(4,5)"", ""E(5,5)"", ""B(6,5,E)"", ""B(0,6,W)"", ""E(1,6)"", ""B(2,6,N)"", ""E(2,6)"", ""B(3,6,N)"", ""E(3,6)"", ""B(6,6,E)""]","[""N(2,4)""]","[""N(2,4)""]"
core,0.08,5,,,,0.25,85,,1,,,,,51,62,0.8225806451612904,1,1,1,"[""E(4,0)"", ""B(0,1,W)"", ""B(6,3,E)"", ""E(5,4)"", ""B(6,4,E)"", ""E(4,5)"", ""E(5,5)"", ""B(6,5,E)"", ""B(2,6,N)"", ""B(3,6,N)"", ""B(6,6,E)""]","[""N(2,4)""]","[""N(2,4)""]"
core,0.08,5,,,,0.4,,,1,,,,,60,62,0.967741935483871,6,6,6,"[""B(3,6,N)"", ""B(6,6,E)""]","[""N(0,1)"", ""E(0,3)"", ""E(5,3)"", ""N(2,4)"", ""E(3,5)"", ""N(4,5)""]","[""N(0,1)"", ""E(0,3)"", ""E(5,3)"", ""N(2,4)"", ""E(3,5)"", ""N(4,5)""]"
core,0.08,5,,,,0.4,10,,1,,,,,28,62,0.45161290322580644,2,2,2,"[""E(4,0)"", ""B(6,0,E)"", ""B(0,1,W)"", ""E(3,1)"", ""B(6,1,E)"", ""E(0,2)"", ""B(0,2,W)"", ""E(3,2)"", ""E(5,2)"", ""B(6,2,E)"", ""B(0,3,W)"", ""E(1,3)"", ""E(2,3)"", ""E(3,3)"", ""E(4,3)"", ""B(6,3,E)"", ""E(0,4)"", ""B(0,4,W)"", ""E(1,4)"", ""E(3,4)"", ""E(4,4)"", ""E(5,4)"", ""B(6,4,E)"", ""B(0,5,W)"", ""E(2,5)"", ""E(4,5)"", ""E(5,5)"", ""B(6,5,E)"", ""B(0,6,W)"", ""E(1,6)"", ""E(2,6)"", ""B(3,6,N)"", ""E(3,6)"", ""B(6,6,E)""]","[""N(0,1)"", ""N(2,4)""]","[""N(0,1)"", ""N(2,4)""]"
core,0.08,5,,,,0.4,20,,1,,,,,28,62,0.45161290322580644,3,3,3,"[""E(4,0)"", ""B(6,0,E)"", ""B(0,1,W)"", ""E(3,1)"", ""B(6,1,E)"", ""E(0,2)"", ""B(0,2,W)"", ""E(3,2)"", ""E(5,2)"", ""B(6,2,E)"", ""B(0,3,W)"", ""E(1,3)"", ""E(2,3)"", ""E(3,3)"", ""E(4,3)"", ""B(6,3,E)"", ""E(0,4)"", ""B(0,4,W)"", ""E(1,4)"", ""E(3,4)"", ""E(4,4)"", ""E(5,4)"", ""B(6,4,E)"", ""B(0,5,W)"", ""E(2,5)"", ""E(4,5)"", ""E(5,5)"", ""B(6,5,E)"", ""B(0,6,W)"", ""E(1,6)"", ""E(2,6)"", ""B(3,6,N)"", ""E(3,6)"", ""B(6,6,E)""]","[""N(0,1)"", ""N(2,4)"", ""N(4,5)""]","[""N(0,1)"", ""N(2,4)"", ""N(4,5)""]"
core,0.08,5,,,,0.4,35,,1,,,,,28,62,0.45161290322580644,3,3,3,"[""E(4,0)"", ""B(6,0,E)"", ""B(0,1,W)"", ""E(3,1)"", ""B(6,1,E)"", ""E(0,2)"", ""B(0,2,W)"", ""E(3,2)"", ""E(5,2)"", ""B(6,2,E)"", ""B(0,3,W)"", ""E(1,3)"", ""E(2,3)"", ""E(3,3)"", ""E(4,3)"", ""B(6,3,E)"", ""E(0,4)"", ""B(0,4,W)"", ""E(1,4)"", ""E(3,4)"", ""E(4,4)"", ""E(5,4)"", ""B(6,4,E)"", ""B(0,5,W)"", ""E(2,5)"", ""E(4,5)"", ""E(5,5)"", ""B(6,5,E)"", ""B(0,6,W)"", ""E(1,6)"", ""E(2,6)"", ""B(3,6,N)"", ""E(3,6)"", ""B(6,6,E)""]","[""N(0,1)"", ""N(2,4)"", ""N(4,5)""]","[""N(0,1)"", ""N(2,4)"", ""N(4,5)""]"
core,0.08,5,,,,0.4,60,,1,,,,,28,62,0.45161290322580644,3,3,3,"[""E(4,0)"", ""B(6,0,E)"", ""B(0,1,W)"", ""E(3,1)"", ""B(6,1,E)"", ""E(0,2)"", ""B(0,2,W)"", ""E(3,2)"", ""E(5,2)"", ""B(6,2,E)"", ""B(0,3,W)"", ""E(1,3)"", ""E(2,3)"", ""E(3,3)"", ""E(4,3)"", ""B(6,3,E)"", ""E(0,4)"", ""B(0,4,W)"", ""E(1,4)"", ""E(3,4)"", ""E(4,4)"", ""E(5,4)"", ""B(6,4,E)"", ""B(0,5,W)"", ""E(2,5)"", ""E(4,5)"", ""E(5,5)"", ""B(6,5,E)"", ""B(0,6,W)"", ""E(1,6)"", ""E(2,6)"", ""B(3,6,N)"", ""E(3,6)"", ""B(6,6,E)""]","[""N(0,1)"", ""N(2,4)"", ""N(4,5)""]","[""N(0,1)"", ""N(2,4)"", ""N(4,5)""]"
core,0.08,5,,,,0.4,85,,1,,,,,56,62,0.9032258064516129,3,3,3,"[""B(0,1,W)"", ""B(6,4,E)"", ""E(5,5)"", ""B(6,5,E)"", ""B(3,6,N)"", ""B(6,6,E)""]","[""N(0,1)"", ""N(2,4)"", ""N(4,5)""]","[""N(0,1)"", ""N(2,4)"", ""N(4,5)""]"
core,0.08,5,,,,0.6,,,1,,,,,62,62,1.0,6,6,6,[],"[""N(0,1)"", ""E(0,3)"", ""E(5,3)"", ""N(2,4)"", ""E(3,5)"", ""N(4,5)""]","[""N(0,1)"", ""E(0,3)"", ""E(5,3)"", ""N(2,4)"", ""E(3,5)"", ""N(4,5)""]"
core,0.08,5,,,,0.6,10,,1,,,,,29,62,0.46774193548387094,2,2,2,"[""E(4,0)"", ""B(6,0,E)"", ""B(0,1,W)"", ""E(3,1)"", ""B(6,1,E)"", ""E(0,2)"", ""B(0,2,W)"", ""E(3,2)"", ""E(5,2)"", ""B(6,2,E)"", ""B(0,3,W)"", ""E(1,3)"", ""E(2,3)"", ""E(3,3)"", ""E(4,3)"", ""B(6,3,E)"", ""E(0,4)"", ""B(0,4,W)"", ""E(1,4)"", ""E(3,4)"", ""E(4,4)"", ""E(5,4)"", ""B(6,4,E)"", ""B(0,5,W)"", ""E(2,5)"", ""E(4,5)"", ""E(5,5)"", ""B(6,5,E)"", ""B(0,6,W)"", ""E(1,6)"", ""E(2,6)"", ""E(3,6)"", ""B(6,6,E)""]","[""N(0,1)"", ""N(2,4)""]","[""N(0,1)"", ""N(2,4)""]"
core,0.08,5,,,,0.6,20,,1,,,,,29,62,0.46774193548387094,3,3,3,"[""E(4,0)"", ""B(6,0,E)"", ""B(0,1,W)"", ""E(3,1)"", ""B(6,1,E)"", ""E(0,2)"", ""B(0,2,W)"", ""E(3,2)"", ""E(5,2)"", ""B(6,2,E)"", ""B(0,3,W)"", ""E(1,3)"", ""E(2,3)"", ""E(3,3)"", ""E(4,3)"", ""B(6,3,E)"", ""E(0,4)"", ""B(0,4,W)"", ""E(1,4)"", ""E(3,4)"", ""E(4,4)"", ""E(5,4)"", ""B(6,4,E)"", ""B(0,5,W)"", ""E(2,5)"", ""E(4,5)"", ""E(5,5)"", ""B(6,5,E)"", ""B(0,6,W)"", ""E(1,6)"", ""E(2,6)"", ""E(3,6)"", ""B(6,6,E)""]","[""N(0,1)"", ""N(2,4)"", ""N(4,5)""]","[""N(0,1)"", ""N(2,4)"", ""N(4,5)""]"
core,0.08,5,,,,0.6,35,,1,,,,,29,62,0.46774193548387094,3,3,3,"[""E(4,0)"", ""B(6,0,E)"", ""B(0,1,W)"", ""E(3,1)"", ""B(6,1,E)"", ""E(0,2)"", ""B(0,2,W)"", ""E(3,2)"", ""E(5,2)"", ""B(6,2,E)"", ""B(0,3,W)"", ""E(1,3)"", ""E(2,3)"", ""E(3,3)"", ""E(4,3)"", ""B(6,3,E)"", ""E(0,4)"", ""B(0,4,W)"", ""E(1,4)"", ""E(3,4)"", ""E(4,4)"", ""E(5,4)"", ""B(6,4,E)"", ""B(0,5,W)"", ""E(2,5)"", ""E(4,5)"", ""E(5,5)"", ""B(6,5,E)"", ""B(0,6,W)"", ""E(1,6)"", ""E(2,6)"", ""E(3,6)"", ""B(6,6,E)""]","[""N(0,1)"", ""N(2,4)"", ""N(4,5)""]","[""N(0,1)"", ""N(2,4)"", ""N(4,5)""]"
core,0.08,5,,,,0.6,60,,1,,,,,29,62,0.46774193548387094,3,3,3,"[""E(4,0)"", ""B(6,0,E)"", ""B(0,1,W)"", ""E(3,1)"", ""B(6,1,E)"", ""E(0,2)"", ""B(0,2,W)"", ""E(3,2)"", ""E(5,2)"", ""B(6,2,E)"", ""B(0,3,W)"", ""E(1,3)"", ""E(2,3)"", ""E(3,3)"", ""E(4,3)"", ""B(6,3,E)"", ""E(0,4)"", ""B(0,4,W)"", ""E(1,4)"", ""E(3,4)"", ""E(4,4)"", ""E(5,4)"", ""B(6,4,E)"", ""B(0,5,W)"", ""E(2,5)"", ""E(4,5)"", ""E(5,5)"", ""B(6,5,E)"", ""B(0,6,W)"", ""E(1,6)"", ""E(2,6)"", ""E(3,6)"", ""B(6,6,E)""]","[""N(0,1)"", ""N(2,4)"", ""N(4,5)""]","[""N(0,1)"", ""N(2,4)"", ""N(4,5)""]"
core,0.08,5,,,,0.6,85,,1,,,,,57,62,0.9193548387096774,3,3,3,"[""B(0,1,W)"", ""B(6,4,E)"", ""E(5,5)"", ""B(6,5,E)"", ""B(6,6,E)""]","[""N(0,1)"", ""N(2,4)"", ""N(4,5)""]","[""N(0,1)"", ""N(2,4)"", ""N(4,5)""]"
core,0.08,5,,,,1.2,,,1,,,,,62,62,1.0,8,8,8,[],"[""N(4,0)"", ""N(0,1)"", ""N(5,1)"", ""E(0,3)"", ""E(5,3)"", ""N(2,4)"", ""E(3,5)"", ""N(4,5)""]","[""N(4,0)"", ""N(0,1)"", ""N(5,1)"", ""E(0,3)"", ""E(5,3)"", ""N(2,4)"", ""E(3,5)"", ""N(4,5)""]"
core,0.08,5,,,,1.2,10,,1,,,,,29,62,0.46774193548387094,5,5,5,"[""E(4,0)"", ""B(6,0,E)"", ""B(0,1,W)"", ""E(3,1)"", ""B(6,1,E)"", ""E(0,2)"", ""B(0,2,W)"", ""E(3,2)"", ""E(5,2)"", ""B(6,2,E)"", ""B(0,3,W)"", ""E(1,3)"", ""E(2,3)"", ""E(3,3)"", ""E(4,3)"", ""B(6,3,E)"", ""E(0,4)"", ""B(0,4,W)"", ""E(1,4)"", ""E(3,4)"", ""E(4,4)"", ""E(5,4)"", ""B(6,4,E)"", ""B(0,5,W)"", ""E(2,5)"", ""E(4,5)"", ""E(5,5)"", ""B(6,5,E)"", ""B(0,6,W)"", ""E(1,6)"", ""E(2,6)"", ""E(3,6)"", ""B(6,6,E)""]","[""N(4,0)"", ""N(0,1)"", ""N(5,1)"", ""N(2,4)"", ""N(4,5)""]","[""N(4,0)"", ""N(0,1)"", ""N(5,1)"", ""N(2,4)"", ""N(4,5)""]"
core,0.08,5,,,,1.2,20,,1,,,,,29,62,0.46774193548387094,5,5,5,"[""E(4,0)"", ""B(6,0,E)"", ""B(0,1,W)"", ""E(3,1)"", ""B(6,1,E)"", ""E(0,2)"", ""B(0,2,W)"", ""E(3,2)"", ""E(5,2)"", ""B(6,2,E)"", ""B(0,3,W)"", ""E(1,3)"", ""E(2,3)"", ""E(3,3)"", ""E(4,3)"", ""B(6,3,E)"", ""E(0,4)"", ""B(0,4,W)"", ""E(1,4)"", ""E(3,4)"", ""E(4,4)"", ""E(5,4)"", ""B(6,4,E)"", ""B(0,5,W)"", ""E(2,5)"", ""E(4,5)"", ""E(5,5)"", ""B(6,5,E)"", ""B(0,6,W)"", ""E(1,6)"", ""E(2,6)"", ""E(3,6)"", ""B(6,6,E)""]","[""N(4,0)"", ""N(0,1)"", ""N(5,1)"", ""N(2,4)"", ""N(4,5)""]","[""N(4,0)"", ""N(0,1)"", ""N(5,1)"", ""N(2,4)"", ""N(4,5)""]"
core,0.08,5,,,,1.2,35,,1,,,,,29,62,0.46774193548387094,5,5,5,"[""E(4,0)"", ""B(6,0,E)"", ""B(0,1,W)"", ""E(3,1)"", ""B(6,1,E)"", ""E(0,2)"", ""B(0,2,W)"", ""E(3,2)"", ""E(5,2)"", ""B(6,2,E)"", ""B(0,3,W)"", ""E(1,3)"", ""E(2,3)"", ""E(3,3)"", ""E(4,3)"", ""B(6,3,E)"", ""E(0,4)"", ""B(0,4,W)"", ""E(1,4)"", ""E(3,4)"", ""E(4,4)"", ""E(5,4)"", ""B(6,4,E)"", ""B(0,5,W)"", ""E(2,5)"", ""E(4,5)"", ""E(5,5)"", ""B(6,5,E)"", ""B(0,6,W)"", ""E(1,6)"", ""E(2,6)"", ""E(3,6)"", ""B(6,6,E)""]","[""N(4,0)"", ""N(0,1)"", ""N(5,1)"", ""N(2,4)"", ""N(4,5)""]","[""N(4,0)"", ""N(0,1)"", ""N(5,1)"", ""N(2,4)"", ""N(4,5)""]"
core,0.08,5,,,,1.2,60,,1,,,,,29,62,0.46774193548387094,5,5,5,"[""E(4,0)"", ""B(6,0,E)"", ""B(0,1,W)"", ""E(3,1)"", ""B(6,1,E)"", ""E(0,2)"", ""B(0,2,W)"", ""E(3,2)"", ""E(5,2)"", ""B(6,2,E)"", ""B(0,3,W)"", ""E(1,3)"", ""E(2,3)"", ""E(3,3)"", ""E(4,3)"", ""B(6,3,E)"", ""E(0,4)"", ""B(0,4,W)"", ""E(1,4)"", ""E(3,4)"", ""E(4,4)"", ""E(5,4)"", ""B(6,4,E)"", ""B(0,5,W)"", ""E(2,5)"", ""E(4,5)"", ""E(5,5)"", ""B(6,5,E)"", ""B(0,6,W)"", ""E(1,6)"", ""E(2,6)"", ""E(3,6)"", ""B(6,6,E)""]","[""N(4,0)"", ""N(0,1)"", ""N(5,1)"", ""N(2,4)"", ""N(4,5)""]","[""N(4,0)"", ""N(0,1)"", ""N(5,1)"", ""N(2,4)"", ""N(4,5)""]"
core,0.08,5,,,,1.2,85,,1,,,,,59,62,0.9516129032258065,5,5,5,"[""B(6,4,E)"", ""E(5,5)"", ""B(6,5,E)""]","[""N(4,0)"", ""N(0,1)"", ""N(5,1)"", ""N(2,4)"", ""N(4,5)""]","[""N(4,0)"", ""N(0,1)"", ""N(5,1)"", ""N(2,4)"", ""N(4,5)""]"
core,0.08,5,,,,2.0,,,1,,,,,62,62,1.0,8,8,8,[],"[""N(4,0)"", ""N(0,1)"", ""N(5,1)"", ""E(0,3)"", ""E(5,3)"", ""N(2,4)"", ""E(3,5)"", ""N(4,5)""]","[""N(4,0)"", ""N(0,1)"", ""N(5,1)"", ""E(0,3)"", ""E(5,3)"", ""N(2,4)"", ""E(3,5)"", ""N(4,5)""]"
core,0.08,5,,,,2.0,10,,1,,,,,29,62,0.46774193548387094,5,5,5,"[""E(4,0)"", ""B(6,0,E)"", ""B(0,1,W)"", ""E(3,1)"", ""B(6,1,E)"", ""E(0,2)"", ""B(0,2,W)"", ""E(3,2)"", ""E(5,2)"", ""B(6,2,E)"", ""B(0,3,W)"", ""E(1,3)"", ""E(2,3)"", ""E(3,3)"", ""E(4,3)"", ""B(6,3,E)"", ""E(0,4)"", ""B(0,4,W)"", ""E(1,4)"", ""E(3,4)"", ""E(4,4)"", ""E(5,4)"", ""B(6,4,E)"", ""B(0,5,W)"", ""E(2,5)"", ""E(4,5)"", ""E(5,5)"", ""B(6,5,E)"", ""B(0,6,W)"", ""E(1,6)"", ""E(2,6)"", ""E(3,6)"", ""B(6,6,E)""]","[""N(4,0)"", ""N(0,1)"", ""N(5,1)"", ""N(2,4)"", ""N(4,5)""]","[""N(4,0)"", ""N(0,1)"", ""N(5,1)"", ""N(2,4)"", ""N(4,5)""]"
core,0.08,5,,,,2.0,20,,1,,,,,29,62,0.46774193548387094,5,5,5,"[""E(4,0)"", ""B(6,0,E)"", ""B(0,1,W)"", ""E(3,1)"", ""B(6,1,E)"", ""E(0,2)"", ""B(0,2,W)"", ""E(3,2)"", ""E(5,2)"", ""B(6,2,E)"", ""B(0,3,W)"", ""E(1,3)"", ""E(2,3)"", ""E(3,3)"", ""E(4,3)"", ""B(6,3,E)"", ""E(0,4)"", ""B(0,4,W)"", ""E(1,4)"", ""E(3,4)"", ""E(4,4)"", ""E(5,4)"", ""B(6,4,E)"", ""B(0,5,W)"", ""E(2,5)"", ""E(4,5)"", ""E(5,5)"", ""B(6,5,E)"", ""B(0,6,W)"", ""E(1,6)"", ""E(2,6)"", ""E(3,6)"", ""B(6,6,E)""]","[""N(4,0)"", ""N(0,1)"", ""N(5,1)"", ""N(2,4)"", ""N(4,5)""]","[""N(4,0)"", ""N(0,1)"", ""N(5,1)"", ""N(2,4)"", ""N(4,5)""]"
core,0.08,5,,,,2.0,35,,1,,,,,29,62,0.46774193548387094,5,5,5,"[""E(4,0)"", ""B(6,0,E)"", ""B(0,1,W)"", ""E(3,1)"", ""B(6,1,E)"", ""E(0,2)"", ""B(0,2,W)"", ""E(3,2)"", ""E(5,2)"", ""B(6,2,E)"", ""B(0,3,W)"", ""E(1,3)"", ""E(2,3)"", ""E(3,3)"", ""E(4,3)"", ""B(6,3,E)"", ""E(0,4)"", ""B(0,4,W)"", ""E(1,4)"", ""E(3,4)"", ""E(4,4)"", ""E(5,4)"", ""B(6,4,E)"", ""B(0,5,W)"", ""E(2,5)"", ""E(4,5)"", ""E(5,5)"", ""B(6,5,E)"", ""B(0,6,W)"", ""E(1,6)"", ""E(2,6)"", ""E(3,6)"", ""B(6,6,E)""]","[""N(4,0)"", ""N(0,1)"", ""N(5,1)"", ""N(2,4)"", ""N(4,5)""]","[""N(4,0)"", ""N(0,1)"", ""N(5,1)"", ""N(2,4)"", ""N(4,5)""]"
core,0.08,5,,,,2.0,60,,1,,,,,29,62,0.46774193548387094,5,5,5,"[""E(4,0)"", ""B(6,0,E)"", ""B(0,1,W)"", ""E(3,1)"", ""B(6,1,E)"", ""E(0,2)"", ""B(0,2,W)"", ""E(3,2)"", ""E(5,2)"", ""B(6,2,E)"", ""B(0,3,W)"", ""E(1,3)"", ""E(2,3)"", ""E(3,3)"", ""E(4,3)"", ""B(6,3,E)"", ""E(0,4)"", ""B(0,4,W)"", ""E(1,4)"", ""E(3,4)"", ""E(4,4)"", ""E(5,4)"", ""B(6,4,E)"", ""B(0,5,W)"", ""E(2,5)"", ""E(4,5)"", ""E(5,5)"", ""B(6,5,E)"", ""B(0,6,W)"", ""E(1,6)"", ""E(2,6)"", ""E(3,6)"", ""B(6,6,E)""]","[""N(4,0)"", ""N(0,1)"", ""N(5,1)"", ""N(2,4)"", ""N(4,5)""]","[""N(4,0)"", ""N(0,1)"", ""N(5,1)"", ""N(2,4)"", ""N(4,5)""]"
core,0.08,5,,,,2.0,85,,1,,,,,59,62,0.9516129032258065,5,5,5,"[""B(6,4,E)"", ""E(5,5)"", ""B(6,5,E)""]","[""N(4,0)"", ""N(0,1)"", ""N(5,1)"", ""N(2,4)"", ""N(4,5)""]","[""N(4,0)"", ""N(0,1)"", ""N(5,1)"", ""N(2,4)"", ""N(4,5)""]"
core,0.08,5,,,,,,,1,,,,,62,62,1.0,8,8,8,[],"[""N(4,0)"", ""N(0,1)"", ""N(5,1)"", ""E(0,3)"", ""E(5,3)"", ""N(2,4)"", ""E(3,5)"", ""N(4,5)""]","[""N(4,0)"", ""N(0,1)"", ""N(5,1)"", ""E(0,3)"", ""E(5,3)"", ""N(2,4)"", ""E(3,5)"", ""N(4,5)""]"
core,0.08,5,,,,,10,,1,,,,,29,62,0.46774193548387094,5,5,5,"[""E(4,0)"", ""B(6,0,E)"", ""B(0,1,W)"", ""E(3,1)"", ""B(6,1,E)"", ""E(0,2)"", ""B(0,2,W)"", ""E(3,2)"", ""E(5,2)"", ""B(6,2,E)"", ""B(0,3,W)"", ""E(1,3)"", ""E(2,3)"", ""E(3,3)"", ""E(4,3)"", ""B(6,3,E)"", ""E(0,4)"", ""B(0,4,W)"", ""E(1,4)"", ""E(3,4)"", ""E(4,4)"", ""E(5,4)"", ""B(6,4,E)"", ""B(0,5,W)"", ""E(2,5)"", ""E(4,5)"", ""E(5,5)"", ""B(6,5,E)"", ""B(0,6,W)"", ""E(1,6)"", ""E(2,6)"", ""E(3,6)"", ""B(6,6,E)""]","[""N(4,0)"", ""N(0,1)"", ""N(5,1)"", ""N(2,4)"", ""N(4,5)""]","[""N(4,0)"", ""N(0,1)"", ""N(5,1)"", ""N(2,4)"", ""N(4,5)""]"
core,0.08,5,,,,,20,,1,,,,,29,62,0.46774193548387094,5,5,5,"[""E(4,0)"", ""B(6,0,E)"", ""B(0,1,W)"", ""E(3,1)"", ""B(6,1,E)"", ""E(0,2)"", ""B(0,2,W)"", ""E(3,2)"", ""E(5,2)"", ""B(6,2,E)"", ""B(0,3,W)"", ""E(1,3)"", ""E(2,3)"", ""E(3,3)"", ""E(4,3)"", ""B(6,3,E)"", ""E(0,4)"", ""B(0,4,W)"", ""E(1,4)"", ""E(3,4)"", ""E(4,4)"", ""E(5,4)"", ""B(6,4,E)"", ""B(0,5,W)"", ""E(2,5)"", ""E(4,5)"", ""E(5,5)"", ""B(6,5,E)"", ""B(0,6,W)"", ""E(1,6)"", ""E(2,6)"", ""E(3,6)"", ""B(6,6,E)""]","[""N(4,0)"", ""N(0,1)"", ""N(5,1)"", ""N(2,4)"", ""N(4,5)""]","[""N(4,0)"", ""N(0,1)"", ""N(5,1)"", ""N(2,4)"", ""N(4,5)""]"
core,0.08,5,,,,,35,,1,,,,,29,62,0.46774193548387094,5,5,5,"[""E(4,0)"", ""B(6,0,E)"", ""B(0,1,W)"", ""E(3,1)"", ""B(6,1,E)"", ""E(0,2)"", ""B(0,2,W)"", ""E(3,2)"", ""E(5,2)"", ""B(6,2,E)"", ""B(0,3,W)"", ""E(1,3)"", ""E(2,3)"", ""E(3,3)"", ""E(4,3)"", ""B(6,3,E)"", ""E(0,4)"", ""B(0,4,W)"", ""E(1,4)"", ""E(3,4)"", ""E(4,4)"", ""E(5,4)"", ""B(6,4,E)"", ""B(0,5,W)"", ""E(2,5)"", ""E(4,5)"", ""E(5,5)"", ""B(6,5,E)"", ""B(0,6,W)"", ""E(1,6)"", ""E(2,6)"", ""E(3,6)"", ""B(6,6,E)""]","[""N(4,0)"", ""N(0,1)"", ""N(5,1)"", ""N(2,4)"", ""N(4,5)""]","[""N(4,0)"", ""N(0,1)"", ""N(5,1)"", ""N(2,4)"", ""N(4,5)""]"
core,0.08,5,,,,,60,,1,,,,,29,62,0.46774193548387094,5,5,5,"[""E(4,0)"", ""B(6,0,E)"", ""B(0,1,W)"", ""E(3,1)"", ""B(6,1,E)"", ""E(0,2)"", ""B(0,2,W)"", ""E(3,2)"", ""E(5,2)"", ""B(6,2,E)"", ""B(0,3,W)"", ""E(1,3)"", ""E(2,3)"", ""E(3,3)"", ""E(4,3)"", ""B(6,3,E)"", ""E(0,4)"", ""B(0,4,W)"", ""E(1,4)"", ""E(3,4)"", ""E(4,4)"", ""E(5,4)"", ""B(6,4,E)"", ""B(0,5,W)"", ""E(2,5)"", ""E(4,5)"", ""E(5,5)"", ""B(6,5,E)"", ""B(0,6,W)"", ""E(1,6)"", ""E(2,6)"", ""E(3,6)"", ""B(6,6,E)""]","[""N(4,0)"", ""N(0,1)"", ""N(5,1)"", ""N(2,4)"", ""N(4,5)""]","[""N(4,0)"", ""N(0,1)"", ""N(5,1)"", ""N(2,4)"", ""N(4,5)""]"
core,0.08,5,,,,,85,,1,,,,,59,62,0.9516129032258065,5,5,5,"[""B(6,4,E)"", ""E(5,5)"", ""B(6,5,E)""]","[""N(4,0)"", ""N(0,1)"", ""N(5,1)"", ""N(2,4)"", ""N(4,5)""]","[""N(4,0)"", ""N(0,1)"", ""N(5,1)"", ""N(2,4)"", ""N(4,5)""]"
core,0.08,8,,,,0.25,,,1,,,,,59,62,0.9516129032258065,6,6,5,"[""B(2,6,N)"", ""B(3,6,N)"", ""B(6,6,E)""]","[""B(3,0,S)"", ""N(5,1)"", ""E(0,3)"", ""E(5,3)"", ""N(2,4)"", ""E(3,5)""]","[""B(3,0,S)"", ""N(5,1)"", ""E(0,3)"", ""E(5,3)"", ""N(2,4)"", ""E(3,5)""]"
core,0.08,8,,,,0.25,10,,1,,,,,27,62,0.43548387096774194,3,3,2,"[""E(4,0)"", ""B(6,0,E)"", ""B(0,1,W)"", ""E(3,1)"", ""B(6,1,E)"", ""E(0,2)"", ""B(0,2,W)"", ""E(3,2)"", ""E(5,2)"", ""B(6,2,E)"", ""B(0,3,W)"", ""E(1,3)"", ""E(2,3)"", ""E(3,3)"", ""E(4,3)"", ""B(6,3,E)"", ""E(0,4)"", ""B(0,4,W)"", ""E(1,4)"", ""E(3,4)"", ""E(4,4)"", ""E(5,4)"", ""B(6,4,E)"", ""B(0,5,W)"", ""E(2,5)"", ""E(4,5)"", ""E(5,5)"", ""B(6,5,E)"", ""B(0,6,W)"", ""E(1,6)"", ""B(2,6,N)"", ""E(2,6)"", ""B(3,6,N)"", ""E(3,6)"", ""B(6,6,E)""]","[""B(3,0,S)"", ""N(5,1)"", ""N(2,4)""]","[""B(3,0,S)"", ""N(5,1)"", ""N(2,4)""]"
core,0.08,8,,,,0.25,20,,1,,,,,27,62,0.43548387096774194,3,3,2,"[""E(4,0)"", ""B(6,0,E)"", ""B(0,1,W)"", ""E(3,1)"", ""B(6,1,E)"", ""E(0,2)"", ""B(0,2,W)"", ""E(3,2)"", ""E(5,2)"", ""B(6,2,E)"", ""B(0,3,W)"", ""E(1,3)"", ""E(2,3)"", ""E(3,3)"", ""E(4,3)"", ""B(6,3,E)"", ""E(0,4)"", ""B(0,4,W)"", ""E(1,4)"", ""E(3,4)"", ""E(4,4)"", ""E(5,4)"", ""B(6,4,E)"", ""B(0,5,W)"", ""E(2,5)"", ""E(4,5)"", ""E(5,5)"", ""B(6,5,E)"", ""B(0,6,W)"", ""E(1,6)"", ""B(2,6,N)"", ""E(2,6)"", ""B(3,6,N)"", ""E(3,6)"", ""B(6,6,E)""]","[""B(3,0,S)"", ""N(5,1)"", ""N(2,4)""]","[""B(3,0,S)"", ""N(5,1)"", ""N(2,4)""]"
core,0.08,8,,,,0.25,35,,1,,,,,27,62,0.43548387096774194,3,3,2,"[""E(4,0)"", ""B(6,0,E)"", ""B(0,1,W)"", ""E(3,1)"", ""B(6,1,E)"", ""E(0,2)"", ""B(0,2,W)"", ""E(3,2)"", ""E(5,2)"", ""B(6,2,E)"", ""B(0,3,W)"", ""E(1,3)"", ""E(2,3)"", ""E(3,3)"", ""E(4,3)"", ""B(6,3,E)"", ""E(0,4)"", ""B(0,4,W)"", ""E(1,4)"", ""E(3,4)"", ""E(4,4)"", ""E(5,4)"", ""B(6,4,E)"", ""B(0,5,W)"", ""E(2,5)"", ""E(4,5)"", ""E(5,5)"", ""B(6,5,E)"", ""B(0,6,W)"", ""E(1,6)"", ""B(2,6,N)"", ""E(2,6)"", ""B(3,6,N)"", ""E(3,6)"", ""B(6,6,E)""]","[""B(3,0,S)"", ""N(5,1)"", ""N(2,4)""]","[""B(3,0,S)"", ""N(5,1)"", ""N(2,4)""]"
core,0.08,8,,,,0.25,60,,1,,,,,27,62,0.43548387096774194,3,3,2,"[""E(4,0)"", ""B(6,0,E)"", ""B(0,1,W)"", ""E(3,1)"", ""B(6,1,E)"", ""E(0,2)"", ""B(0,2,W)"", ""E(3,2)"", ""E(5,2)"", ""B(6,2,E)"", ""B(0,3,W)"", ""E(1,3)"", ""E(2,3)"", ""E(3,3)"", ""E(4,3)"", ""B(6,3,E)"", ""E(0,4)"", ""B(0,4,W)"", ""E(1,4)"", ""E(3,4)"", ""E(4,4)"", ""E(5,4)"", ""B(6,4,E)"", ""B(0,5,W)"", ""E(2,5)"", ""E(4,5)"", ""E(5,5)"", ""B(6,5,E)"", ""B(0,6,W)"", ""E(1,6)"", ""B(2,6,N)"", ""E(2,6)"", ""B(3,6,N)"", ""E(3,6)"", ""B(6,6,E)""]","[""B(3,0,S)"", ""N(5,1)"", ""N(2,4)""]","[""B(3,0,S)"", ""N(5,1)"", ""N(2,4)""]"
core,0.08,8,,,,0.25,85,,1,,,,,51,62,0.8225806451612904,3,3,2,"[""E(4,0)"", ""B(0,1,W)"", ""B(6,3,E)"", ""E(5,4)"", ""B(6,4,E)"", ""E(4,5)"", ""E(5,5)"", ""B(6,5,E)"", ""B(2,6,N)"", ""B(3,6,N)"", ""B(6,6,E)""]","[""B(3,0,S)"", ""N(5,1)"", ""N(2,4)""]","[""B(3,0,S)"", ""N(5,1)"", ""N(2,4)""]"
core,0.08,8,,,,0.4,,,1,,,,,60,62,0.967741935483871,8,8,7,"[""B(3,6,N)"", ""B(6,6,E)""]","[""B(3,0,S)"", ""N(0,1)"", ""N(5,1)"", ""E(0,3)"", ""E(5,3)"", ""N(2,4)"", ""E(3,5)"", ""N(4,5)""]","[""B(3,0,S)"", ""N(0,1)"", ""N(5,1)"", ""E(0,3)"", ""E(5,3)"", ""N(2,4)"", ""E(3,5)"", ""N(4,5)""]"
core,0.08,8,,,,0.4,10,,1,,,,,28,62,0.45161290322580644,4,4,3,"[""E(4,0)"", ""B(6,0,E)"", ""B(0,1,W)"", ""E(3,1)"", ""B(6,1,E)"", ""E(0,2)"", ""B(0,2,W)"", ""E(3,2)"", ""E(5,2)"", ""B(6,2,E)"", ""B(0,3,W)"", ""E(1,3)"", ""E(2,3)"", ""E(3,3)"", ""E(4,3)"", ""B(6,3,E)"", ""E(0,4)"", ""B(0,4,W)"", ""E(1,4)"", ""E(3,4)"", ""E(4,4)"", ""E(5,4)"", ""B(6,4,E)"", ""B(0,5,W)"", ""E(2,5)"", ""E(4,5)"", ""E(5,5)"", ""B(6,5,E)"", ""B(0,6,W)"", ""E(1,6)"", ""E(2,6)"", ""B(3,6,N)"", ""E(3,6)"", ""B(6,6,E)""]","[""B(3,0,S)"", ""N(0,1)"", ""N(5,1)"", ""N(2,4)""]","[""B(3,0,S)"", ""N(0,1)"", ""N(5,1)"", ""N(2,4)""]"
core,0.08,8,,,,0.4,20,,1,,,,,28,62,0.45161290322580644,5,5,4,"[""E(4,0)"", ""B(6,0,E)"", ""B(0,1,W)"", ""E(3,1)"", ""B(6,1,E)"", ""E(0,2)"", ""B(0,2,W)"", ""E(3,2)"", ""E(5,2)"", ""B(6,2,E)"", ""B(0,3,W)"", ""E(1,3)"", ""E(2,3)"", ""E(3,3)"", ""E(4,3)"", ""B(6,3,E)"", ""E(0,4)"", ""B(0,4,W)"", ""E(1,4)"", ""E(3,4)"", ""E(4,4)"", ""E(5,4)"", ""B(6,4,E)"", ""B(0,5,W)"", ""E(2,5)"", ""E(4,5)"", ""E(5,5)"", ""B(6,5,E)"", ""B(0,6,W)"", ""E(1,6)"", ""E(2,6)"", ""B(3,6,N)"", ""E(3,6)"", ""B(6,6,E)""]","[""B(3,0,S)"", ""N(0,1)"", ""N(5,1)"", ""N(2,4)"", ""N(4,5)""]","[""B(3,0,S)"", ""N(0,1)"", ""N(5,1)"", ""N(2,4)"", ""N(4,5)""]"
core,0.08,8,,,,0.4,35,,1,,,,,28,62,0.45161290322580644,5,5,4,"[""E(4,0)"", ""B(6,0,E)"", ""B(0,1,W)"", ""E(3,1)"", ""B(6,1,E)"", ""E(0,2)"", ""B(0,2,W)"", ""E(3,2)"", ""E(5,2)"", ""B(6,2,E)"", ""B(0,3,W)"", ""E(1,3)"", ""E(2,3)"", ""E(3,3)"", ""E(4,3)"", ""B(6,3,E)"", ""E(0,4)"", ""B(0,4,W)"", ""E(1,4)"", ""E(3,4)"", ""E(4,4)"", ""E(5,4)"", ""B(6,4,E)"", ""B(0,5,W)"", ""E(2,5)"", ""E(4,5)"", ""E(5,5)"", ""B(6,5,E)"", ""B(0,6,W)"", ""E(1,6)"", ""E(2,6)"", ""B(3,6,N)"", ""E(3,6)"", ""B(6,6,E)""]","[""B(3,0,S)"", ""N(0,1)"", ""N(5,1)"", ""N(2,4)"", ""N(4,5)""]","[""B(3,0,S)"", ""N(0,1)"", ""N(5,1)"", ""N(2,4)"", ""N(4,5)""]"
core,0.08,8,,,,0.4,60,,1,,,,,28,62,0.45161290322580644,5,5,4,"[""E(4,0)"", ""B(6,0,E)"", ""B(0,1,W)"", ""E(3,1)"", ""B(6,1,E)"", ""E(0,2)"", ""B(0,2,W)"", ""E(3,2)"", ""E(5,2)"", ""B(6,2,E)"", ""B(0,3,W)"", ""E(1,3)"", ""E(2,3)"", ""E(3,3)"", ""E(4,3)"", ""B(6,3,E)"", ""E(0,4)"", ""B(0,4,W)"", ""E(1,4)"", ""E(3,4)"", ""E(4,4)"", ""E(5,4)"", ""B(6,4,E)"", ""B(0,5,W)"", ""E(2,5)"", ""E(4,5)"", ""E(5,5)"", ""B(6,5,E)"", ""B(0,6,W)"", ""E(1,6)"", ""E(2,6)"", ""B(3,6,N)"", ""E(3,6)"", ""B(6,6,E)""]","[""B(3,0,S)"", ""N(0,1)"", ""N(5,1)"", ""N(2,4)"", ""N(4,5)""]","[""B(3,0,S)"", ""N(0,1)"", ""N(5,1)"", ""N(2,4)"", ""N(4,5)""]"
core,0.08,8,,,,0.4,85,,1,,,,,56,62,0.9032258064516129,5,5,4,"[""B(0,1,W)"", ""B(6,4,E)"", ""E(5,5)"", ""B(6,5,E)"", ""B(3,6,N)"", ""B(6,6,E)""]","[""B(3,0,S)"", ""N(0,1)"", ""N(5,1)"", ""N(2,4)"", ""N(4,5)""]","[""B(3,0,S)"", ""N(0,1)"", ""N(5,1)"", ""N(2,4)"", ""N(4,5)""]"
core,0.08,8,,,,0.6,,,1,,,,,62,62,1.0,8,8,7,[],"[""B(3,0,S)"", ""N(0,1)"", ""N(5,1)"", ""E(0,3)"", ""E(5,3)"", ""N(2,4)"", ""E(3,5)"", ""N(4,5)""]","[""B(3,0,S)"", ""N(0,1)"", ""N(5,1)"", ""E(0,3)"", ""E(5,3)"", ""N(2,4)"", ""E(3,5)"", ""N(4,5)""]"
core,0.08,8,,,,0.6,10,,1,,,,,29,62,0.46774193548387094,4,4,3,"[""E(4,0)"", ""B(6,0,E)"", ""B(0,1,W)"", ""E(3,1)"", ""B(6,1,E)"", ""E(0,2)"", ""B(0,2,W)"", ""E(3,2)"", ""E(5,2)"", ""B(6,2,E)"", ""B(0,3,W)"", ""E(1,3)"", ""E(2,3)"", ""E(3,3)"", ""E(4,3)"", ""B(6,3,E)"", ""E(0,4)"", ""B(0,4,W)"", ""E(1,4)"", ""E(3,4)"", ""E(4,4)"", ""E(5,4)"", ""B(6,4,E)"", ""B(0,5,W)"", ""E(2,5)"", ""E(4,5)"", ""E(5,5)"", ""B(6,5,E)"", ""B(0,6,W)"", ""E(1,6)"", ""E(2,6)"", ""E(3,6)"", ""B(6,6,E)""]","[""B(3,0,S)"", ""N(0,1)"", ""N(5,1)"", ""N(2,4)""]","[""B(3,0,S)"", ""N(0,1)"", ""N(5,1)"", ""N(2,4)""]"
core,0.08,8,,,,0.6,20,,1,,,,,29,62,0.46774193548387094,5,5,4,"[""E(4,0)"", ""B(6,0,E)"", ""B(0,1,W)"", ""E(3,1)"", ""B(6,1,E)"", ""E(0,2)"", ""B(0,2,W)"", ""E(3,2)"", ""E(5,2)"", ""B(6,2,E)"", ""B(0,3,W)"", ""E(1,3)"", ""E(2,3)"", ""E(3,3)"", ""E(4,3)"", ""B(6,3,E)"", ""E(0,4)"", ""B(0,4,W)"", ""E(1,4)"", ""E(3,4)"", ""E(4,4)"", ""E(5,4)"", ""B(6,4,E)"", ""B(0,5,W)"", ""E(2,5)"", ""E(4,5)"", ""E(5,5)"", ""B(6,5,E)"", ""B(0,6,W)"", ""E(1,6)"", ""E(2,6)"", ""E(3,6)"", ""B(6,6,E)""]","[""B(3,0,S)"", ""N(0,1)"", ""N(5,1)"", ""N(2,4)"", ""N(4,5)""]","[""B(3,0,S)"", ""N(0,1)"", ""N(5,1)"", ""N(2,4)"", ""N(4,5)""]"
core,0.08,8,,,,0.6,35,,1,,,,,29,62,0.46774193548387094,5,5,4,"[""E(4,0)"", ""B(6,0,E)"", ""B(0,1,W)"", ""E(3,1)"", ""B(6,1,E)"", ""E(0,2)"", ""B(0,2,W)"", ""E(3,2)"", ""E(5,2)"", ""B(6,2,E)"", ""B(0,3,W)"", ""E(1,3)"", ""E(2,3)"", ""E(3,3)"", ""E(4,3)"", ""B(6,3,E)"", ""E(0,4)"", ""B(0,4,W)"", ""E(1,4)"", ""E(3,4)"", ""E(4,4)"", ""E(5,4)"", ""B(6,4,E)"", ""B(0,5,W)"", ""E(2,5)"", ""E(4,5)"", ""E(5,5)"", ""B(6,5,E)"", ""B(0,6,W)"", ""E(1,6)"", ""E(2,6)"", ""E(3,6)"", ""B(6,6,E)""]","[""B(3,0,S)"", ""N(0,1)"", ""N(5,1)"", ""N(2,4)"", ""N(4,5)""]","[""B(3,0,S)"", ""N(0,1)"", ""N(5,1)"", ""N(2,4)"", ""N(4,5)""]"
core,0.08,8,,,,0.6,60,,1,,,,,29,62,0.46774193548387094,5,5,4,"[""E(4,0)"", ""B(6,0,E)"", ""B(0,1,W)"", ""E(3,1)"", ""B(6,1,E)"", ""E(0,2)"", ""B(0,2,W)"", ""E(3,2)"", ""E(5,2)"", ""B(6,2,E)"", ""B(0,3,W)"", ""E(1,3)"", ""E(2,3)"", ""E(3,3)"", ""E(4,3)"", ""B(6,3,E)"", ""E(0,4)"", ""B(0,4,W)"", ""E(1,4)"", ""E(3,4)"", ""E(4,4)"", ""E(5,4)"", ""B(6,4,E)"", ""B(0,5,W)"", ""E(2,5)"", ""E(4,5)"", ""E(5,5)"", ""B(6,5,E)"", ""B(0,6,W)"", ""E(1,6)"", ""E(2,6)"", ""E(3,6)"", ""B(6,6,E)""]","[""B(3,0,S)"", ""N(0,1)"", ""N(5,1)"", ""N(2,4)"", ""N(4,5)""]","[""B(3,0,S)"", ""N(0,1)"", ""N(5,1)"", ""N(2,4)"", ""N(4,5)""]"
core,0.08,8,,,,0.6,85,,1,,,,,57,62,0.9193548387096774,5,5,4,"[""B(0,1,W)"", ""B(6,4,E)"", ""E(5,5)"", ""B(6,5,E)"", ""B(6,6,E)""]","[""B(3,0,S)"", ""N(0,1)"", ""N(5,1)"", ""N(2,4)"", ""N(4,5)""]","[""B(3,0,S)"", ""N(0,1)"", ""N(5,1)"", ""N(2,4)"", ""N(4,5)""]"
core,0.08,8,,,,1.2,,,1,,,,,62,62,1.0,9,9,8,[],"[""B(3,0,S)"", ""N(4,0)"", ""N(0,1)"", ""N(5,1)"", ""E(0,3)"", ""E(5,3)"", ""N(2,4)"", ""E(3,5)"", ""N(4,5)""]","[""B(3,0,S)"", ""N(4,0)"", ""N(0,1)"", ""N(5,1)"", ""E(0,3)"", ""E(5,3)"", ""N(2,4)"", ""E(3,5)"", ""N(4,5)""]"
core,0.08,8,,,,1.2,10,,1,,,,,29,62,0.46774193548387094,6,6,5,"[""E(4,0)"", ""B(6,0,E)"", ""B(0,1,W)"", ""E(3,1)"", ""B(6,1,E)"", ""E(0,2)"", ""B(0,2,W)"", ""E(3,2)"", ""E(5,2)"", ""B(6,2,E)"", ""B(0,3,W)"", ""E(1,3)"", ""E(2,3)"", ""E(3,3)"", ""E(4,3)"", ""B(6,3,E)"", ""E(0,4)"", ""B(0,4,W)"", ""E(1,4)"", ""E(3,4)"", ""E(4,4)"", ""E(5,4)"", ""B(6,4,E)"", ""B(0,5,W)"", ""E(2,5)"", ""E(4,5)"", ""E(5,5)"", ""B(6,5,E)"", ""B(0,6,W)"", ""E(1,6)"", ""E(2,6)"", ""E(3,6)"", ""B(6,6,E)""]","[""B(3,0,S)"", ""N(4,0)"", ""N(0,1)"", ""N(5,1)"", ""N(2,4)"", ""N(4,5)""]","[""B(3,0,S)"", ""N(4,0)"", ""N(0,1)"", ""N(5,1)"", ""N(2,4)"", ""N(4,5)""]"
core,0.08,8,,,,1.2,20,,1,,,,,29,62,0.46774193548387094,6,6,5,"[""E(4,0)"", ""B(6,0,E)"", ""B(0,1,W)"", ""E(3,1)"", ""B(6,1,E)"", ""E(0,2)"", ""B(0,2,W)"", ""E(3,2)"", ""E(5,2)"", ""B(6,2,E)"", ""B(0,3,W)"", ""E(1,3)"", ""E(2,3)"", ""E(3,3)"", ""E(4,3)"", ""B(6,3,E)"", ""E(0,4)"", ""B(0,4,W)"", ""E(1,4)"", ""E(3,4)"", ""E(4,4)"", ""E(5,4)"", ""B(6,4,E)"", ""B(0,5,W)"", ""E(2,5)"", ""E(4,5)"", ""E(5,5)"", ""B(6,5,E)"", ""B(0,6,W)"", ""E(1,6)"", ""E(2,6)"", ""E(3,6)"", ""B(6,6,E)""]","[""B(3,0,S)"", ""N(4,0)"", ""N(0,1)"", ""N(5,1)"", ""N(2,4)"", ""N(4,5)""]","[""B(3,0,S)"", ""N(4,0)"", ""N(0,1)"", ""N(5,1)"", ""N(2,4)"", ""N(4,5)""]"
core,0.08,8,,,,1.2,35,,1,,,,,29,62,0.46774193548387094,6,6,5,"[""E(4,0)"", ""B(6,0,E)"", ""B(0,1,W)"", ""E(3,1)"", ""B(6,1,E)"", ""E(0,2)"", ""B(0,2,W)"", ""E(3,2)"", ""E(5,2)"", ""B(6,2,E)"", ""B(0,3,W)"", ""E(1,3)"", ""E(2,3)"", ""E(3,3)"", ""E(4,3)"", ""B(6,3,E)"", ""E(0,4)"", ""B(0,4,W)"", ""E(1,4)"", ""E(3,4)"", ""E(4,4)"", ""E(5,4)"", ""B(6,4,E)"", ""B(0,5,W)"", ""E(2,5)"", ""E(4,5)"", ""E(5,5)"", ""B(6,5,E)"", ""B(0,6,W)"", ""E(1,6)"", ""E(2,6)"", ""E(3,6)"", ""B(6,6,E)""]","[""B(3,0,S)"", ""N(4,0)"", ""N(0,1)"", ""N(5,1)"", ""N(2,4)"", ""N(4,5)""]","[""B(3,0,S)"", ""N(4,0)"", ""N(0,1)"", ""N(5,1)"", ""N(2,4)"", ""N(4,5)""]"
core,0.08,8,,,,1.2,60,,1,,,,,29,62,0.46774193548387094,6,6,5,"[""E(4,0)"", ""B(6,0,E)"", ""B(0,1,W)"", ""E(3,1)"", ""B(6,1,E)"", ""E(0,2)"", ""B(0,2,W)"", ""E(3,2)"", ""E(5,2)"", ""B(6,2,E)"", ""B(0,3,W)"", ""E(1,3)"", ""E(2,3)"", ""E(3,3)"", ""E(4,3)"", ""B(6,3,E)"", ""E(0,4)"", ""B(0,4,W)"", ""E(1,4)"", ""E(3,4)"", ""E(4,4)"", ""E(5,4)"", ""B(6,4,E)"", ""B(0,5,W)"", ""E(2,5)"", ""E(4,5)"", ""E(5,5)"", ""B(6,5,E)"", ""B(0,6,W)"", ""E(1,6)"", ""E(2,6)"", ""E(3,6)"", ""B(6,6,E)""]","[""B(3,0,S)"", ""N(4,0)"", ""N(0,1)"", ""N(5,1)"", ""N(2,4)"", ""N(4,5)""]","[""B(3,0,S)"", ""N(4,0)"", ""N(0,1)"", ""N(5,1)"", ""N(2,4)"", ""N(4,5)""]"
core,0.08,8,,,,1.2,85,,1,,,,,59,62,0.9516129032258065,6,6,5,"[""B(6,4,E)"", ""E(5,5)"", ""B(6,5,E)""]","[""B(3,0,S)"", ""N(4,0)"", ""N(0,1)"", ""N(5,1)"", ""N(2,4)"", ""N(4,5)""]","[""B(3,0,S)"", ""N(4,0)"", ""N(0,1)"", ""N(5,1)"", ""N(2,4)"", ""N(4,5)""]"
core,0.08,8,,,,2.0,,,1,,,,,62,62,1.0,9,9,8,[],"[""B(3,0,S)"", ""N(4,0)"", ""N(0,1)"", ""N(5,1)"", ""E(0,3)"", ""E(5,3)"", ""N(2,4)"", ""E(3,5)"", ""N(4,5)""]","[""B(3,0,S)"", ""N(4,0)"", ""N(0,1)"", ""N(5,1)"", ""E(0,3)"", ""E(5,3)"", ""N(2,4)"", ""E(3,5)"", ""N(4,5)""]"
core,0.08,8,,,,2.0,10,,1,,,,,29,62,0.46774193548387094,6,6,5,"[""E(4,0)"", ""B(6,0,E)"", ""B(0,1,W)"", ""E(3,1)"", ""B(6,1,E)"", ""E(0,2)"", ""B(0,2,W)"", ""E(3,2)"", ""E(5,2)"", ""B(6,2,E)"", ""B(0,3,W)"", ""E(1,3)"", ""E(2,3)"", ""E(3,3)"", ""E(4,3)"", ""B(6,3,E)"", ""E(0,4)"", ""B(0,4,W)"", ""E(1,4)"", ""E(3,4)"", ""E(4,4)"", ""E(5,4)"", ""B(6,4,E)"", ""B(0,5,W)"", ""E(2,5)"", ""E(4,5)"", ""E(5,5)"", ""B(6,5,E)"", ""B(0,6,W)"", ""E(1,6)"", ""E(2,6)"", ""E(3,6)"", ""B(6,6,E)""]","[""B(3,0,S)"", ""N(4,0)"", ""N(0,1)"", ""N(5,1)"", ""N(2,4)"", ""N(4,5)""]","[""B(3,0,S)"", ""N(4,0)"", ""N(0,1)"", ""N(5,1)"", ""N(2,4)"", ""N(4,5)""]"
core,0.08,8,,,,2.0,20,,1,,,,,29,62,0.46774193548387094,6,6,5,"[""E(4,0)"", ""B(6,0,E)"", ""B(0,1,W)"", ""E(3,1)"", ""B(6,1,E)"", ""E(0,2)"", ""B(0,2,W)"", ""E(3,2)"", ""E(5,2)"", ""B(6,2,E)"", ""B(0,3,W)"", ""E(1,3)"", ""E(2,3)"", ""E(3,3)"", ""E(4,3)"", ""B(6,3,E)"", ""E(0,4)"", ""B(0,4,W)"", ""E(1,4)"", ""E(3,4)"", ""E(4,4)"", ""E(5,4)"", ""B(6,4,E)"", ""B(0,5,W)"", ""E(2,5)"", ""E(4,5)"", ""E(5,5)"", ""B(6,5,E)"", ""B(0,6,W)"", ""E(1,6)"", ""E(2,6)"", ""E(3,6)"", ""B(6,6,E)""]","[""B(3,0,S)"", ""N(4,0)"", ""N(0,1)"", ""N(5,1)"", ""N(2,4)"", ""N(4,5)""]","[""B(3,0,S)"", ""N(4,0)"", ""N(0,1)"", ""N(5,1)"", ""N(2,4)"", ""N(4,5)""]"
core,0.08,8,,,,2.0,35,,1,,,,,29,62,0.46774193548387094,6,6,5,"[""E(4,0)"", ""B(6,0,E)"", ""B(0,1,W)"", ""E(3,1)"", ""B(6,1,E)"", ""E(0,2)"", ""B(0,2,W)"", ""E(3,2)"", ""E(5,2)"", ""B(6,2,E)"", ""B(0,3,W)"", ""E(1,3)"", ""E(2,3)"", ""E(3,3)"", ""E(4,3)"", ""B(6,3,E)"", ""E(0,4)"", ""B(0,4,W)"", ""E(1,4)"", ""E(3,4)"", ""E(4,4)"", ""E(5,4)"", ""B(6,4,E)"", ""B(0,5,W)"", ""E(2,5)"", ""E(4,5)"", ""E(5,5)"", ""B(6,5,E)"", ""B(0,6,W)"", ""E(1,6)"", ""E(2,6)"", ""E(3,6)"", ""B(6,6,E)""]","[""B(3,0,S)"", ""N(4,0)"", ""N(0,1)"", ""N(5,1)"", ""N(2,4)"", ""N(4,5)""]","[""B(3,0,S)"", ""N(4,0)"", ""N(0,1)"", ""N(5,1)"", ""N(2,4)"", ""N(4,5)""]"
core,0.08,8,,,,2.0,60,,1,,,,,29,62,0.46774193548387094,6,6,5,"[""E(4,0)"", ""B(6,0,E)"", ""B(0,1,W)"", ""E(3,1)"", ""B(6,1,E)"", ""E(0,2)"", ""B(0,2,W)"", ""E(3,2)"", ""E(5,2)"", ""B(6,2,E)"", ""B(0,3,W)"", ""E(1,3)"", ""E(2,3)"", ""E(3,3)"", ""E(4,3)"", ""B(6,3,E)"", ""E(0,4)"", ""B(0,4,W)"", ""E(1,4)"", ""E(3,4)"", ""E(4,4)"", ""E(5,4)"", ""B(6,4,E)"", ""B(0,5,W)"", ""E(2,5)"", ""E(4,5)"", ""E(5,5)"", ""B(6,5,E)"", ""B(0,6,W)"", ""E(1,6)"", ""E(2,6)"", ""E(3,6)"", ""B(6,6,E)""]","[""B(3,0,S)"", ""N(4,0)"", ""N(0,1)"", ""N(5,1)"", ""N(2,4)"", ""N(4,5)""]","[""B(3,0,S)"", ""N(4,0)"", ""N(0,1)"", ""N(5,1)"", ""N(2,4)"", ""N(4,5)""]"
core,0.08,8,,,,2.0,85,,1,,,,,59,62,0.9516129032258065,6,6,5,"[""B(6,4,E)"", ""E(5,5)"", ""B(6,5,E)""]","[""B(3,0,S)"", ""N(4,0)"", ""N(0,1)"", ""N(5,1)"", ""N(2,4)"", ""N(4,5)""]","[""B(3,0,S)"", ""N(4,0)"", ""N(0,1)"", ""N(5,1)"", ""N(2,4)"", ""N(4,5)""]"
core,0.08,8,,,,,,,1,,,,,62,62,1.0,9,9,8,[],"[""B(3,0,S)"", ""N(4,0)"", ""N(0,1)"", ""N(5,1)"", ""E(0,3)"", ""E(5,3)"", ""N(2,4)"", ""E(3,5)"", ""N(4,5)""]","[""B(3,0,S)"", ""N(4,0)"", ""N(0,1)"", ""N(5,1)"", ""E(0,3)"", ""E(5,3)"", ""N(2,4)"", ""E(3,5)"", ""N(4,5)""]"
core,0.08,8,,,,,10,,1,,,,,29,62,0.46774193548387094,6,6,5,"[""E(4,0)"", ""B(6,0,E)"", ""B(0,1,W)"", ""E(3,1)"", ""B(6,1,E)"", ""E(0,2)"", ""B(0,2,W)"", ""E(3,2)"", ""E(5,2)"", ""B(6,2,E)"", ""B(0,3,W)"", ""E(1,3)"", ""E(2,3)"", ""E(3,3)"", ""E(4,3)"", ""B(6,3,E)"", ""E(0,4)"", ""B(0,4,W)"", ""E(1,4)"", ""E(3,4)"", ""E(4,4)"", ""E(5,4)"", ""B(6,4,E)"", ""B(0,5,W)"", ""E(2,5)"", ""E(4,5)"", ""E(5,5)"", ""B(6,5,E)"", ""B(0,6,W)"", ""E(1,6)"", ""E(2,6)"", ""E(3,6)"", ""B(6,6,E)""]","[""B(3,0,S)"", ""N(4,0)"", ""N(0,1)"", ""N(5,1)"", ""N(2,4)"", ""N(4,5)""]","[""B(3,0,S)"", ""N(4,0)"", ""N(0,1)"", ""N(5,1)"", ""N(2,4)"", ""N(4,5)""]"
core,0.08,8,,,,,20,,1,,,,,29,62,0.46774193548387094,6,6,5,"[""E(4,0)"", ""B(6,0,E)"", ""B(0,1,W)"", ""E(3,1)"", ""B(6,1,E)"", ""E(0,2)"", ""B(0,2,W)"", ""E(3,2)"", ""E(5,2)"", ""B(6,2,E)"", ""B(0,3,W)"", ""E(1,3)"", ""E(2,3)"", ""E(3,3)"", ""E(4,3)"", ""B(6,3,E)"", ""E(0,4)"", ""B(0,4,W)"", ""E(1,4)"", ""E(3,4)"", ""E(4,4)"", ""E(5,4)"", ""B(6,4,E)"", ""B(0,5,W)"", ""E(2,5)"", ""E(4,5)"", ""E(5,5)"", ""B(6,5,E)"", ""B(0,6,W)"", ""E(1,6)"", ""E(2,6)"", ""E(3,6)"", ""B(6,6,E)""]","[""B(3,0,S)"", ""N(4,0)"", ""N(0,1)"", ""N(5,1)"", ""N(2,4)"", ""N(4,5)""]","[""B(3,0,S)"", ""N(4,0)"", ""N(0,1)"", ""N(5,1)"", ""N(2,4)"", ""N(4,5)""]"
core,0.08,8,,,,,35,,1,,,,,29,62,0.46774193548387094,6,6,5,"[""E(4,0)"", ""B(6,0,E)"", ""B(0,1,W)"", ""E(3,1)"", ""B(6,1,E)"", ""E(0,2)"", ""B(0,2,W)"", ""E(3,2)"", ""E(5,2)"", ""B(6,2,E)"", ""B(0,3,W)"", ""E(1,3)"", ""E(2,3)"", ""E(3,3)"", ""E(4,3)"", ""B(6,3,E)"", ""E(0,4)"", ""B(0,4,W)"", ""E(1,4)"", ""E(3,4)"", ""E(4,4)"", ""E(5,4)"", ""B(6,4,E)"", ""B(0,5,W)"", ""E(2,5)"", ""E(4,5)"", ""E(5,5)"", ""B(6,5,E)"", ""B(0,6,W)"", ""E(1,6)"", ""E(2,6)"", ""E(3,6)"", ""B(6,6,E)""]","[""B(3,0,S)"", ""N(4,0)"", ""N(0,1)"", ""N(5,1)"", ""N(2,4)"", ""N(4,5)""]","[""B(3,0,S)"", ""N(4,0)"", ""N(0,1)"", ""N(5,1)"", ""N(2,4)"", ""N(4,5)""]"
core,0.08,8,,,,,60,,1,,,,,29,62,0.46774193548387094,6,6,5,"[""E(4,0)"", ""B(6,0,E)"", ""B(0,1,W)"", ""E(3,1)"", ""B(6,1,E)"", ""E(0,2)"", ""B(0,2,W)"", ""E(3,2)"", ""E(5,2)"", ""B(6,2,E)"", ""B(0,3,W)"", ""E(1,3)"", ""E(2,3)"", ""E(3,3)"", ""E(4,3)"", ""B(6,3,E)"", ""E(0,4)"", ""B(0,4,W)"", ""E(1,4)"", ""E(3,4)"", ""E(4,4)"", ""E(5,4)"", ""B(6,4,E)"", ""B(0,5,W)"", ""E(2,5)"", ""E(4,5)"", ""E(5,5)"", ""B(6,5,E)"", ""B(0,6,W)"", ""E(1,6)"", ""E(2,6)"", ""E(3,6)"", ""B(6,6,E)""]","[""B(3,0,S)"", ""N(4,0)"", ""N(0,1)"", ""N(5,1)"", ""N(2,4)"", ""N(4,5)""]","[""B(3,0,S)"", ""N(4,0)"", ""N(0,1)"", ""N(5,1)"", ""N(2,4)"", ""N(4,5)""]"
core,0.08,8,,,,,85,,1,,,,,59,62,0.9516129032258065,6,6,5,"[""B(6,4,E)"", ""E(5,5)"", ""B(6,5,E)""]","[""B(3,0,S)"", ""N(4,0)"", ""N(0,1)"", ""N(5,1)"", ""N(2,4)"", ""N(4,5)""]","[""B(3,0,S)"", ""N(4,0)"", ""N(0,1)"", ""N(5,1)"", ""N(2,4)"", ""N(4,5)""]"
core,0.08,10,,,,0.25,,,1,,,,,59,62,0.9516129032258065,7,7,6,"[""B(2,6,N)"", ""B(3,6,N)"", ""B(6,6,E)""]","[""B(3,0,S)"", ""N(5,1)"", ""E(4,2)"", ""E(0,3)"", ""E(5,3)"", ""N(2,4)"", ""E(3,5)""]","[""B(3,0,S)"", ""N(5,1)"", ""E(4,2)"", ""E(0,3)"", ""E(5,3)"", ""N(2,4)"", ""E(3,5)""]"
core,0.08,10,,,,0.25,10,,1,,,,,27,62,0.43548387096774194,3,3,2,"[""E(4,0)"", ""B(6,0,E)"", ""B(0,1,W)"", ""E(3,1)"", ""B(6,1,E)"", ""E(0,2)"", ""B(0,2,W)"", ""E(3,2)"", ""E(5,2)"", ""B(6,2,E)"", ""B(0,3,W)"", ""E(1,3)"", ""E(2,3)"", ""E(3,3)"", ""E(4,3)"", ""B(6,3,E)"", ""E(0,4)"", ""B(0,4,W)"", ""E(1,4)"", ""E(3,4)"", ""E(4,4)"", ""E(5,4)"", ""B(6,4,E)"", ""B(0,5,W)"", ""E(2,5)"", ""E(4,5)"", ""E(5,5)"", ""B(6,5,E)"", ""B(0,6,W)"", ""E(1,6)"", ""B(2,6,N)"", ""E(2,6)"", ""B(3,6,N)"", ""E(3,6)"", ""B(6,6,E)""]","[""B(3,0,S)"", ""N(5,1)"", ""N(2,4)""]","[""B(3,0,S)"", ""N(5,1)"", ""N(2,4)""]"
core,0.08,10,,,,0.25,20,,1,,,,,27,62,0.43548387096774194,3,3,2,"[""E(4,0)"", ""B(6,0,E)"", ""B(0,1,W)"", ""E(3,1)"", ""B(6,1,E)"", ""E(0,2)"", ""B(0,2,W)"", ""E(3,2)"", ""E(5,2)"", ""B(6,2,E)"", ""B(0,3,W)"", ""E(1,3)"", ""E(2,3)"", ""E(3,3)"", ""E(4,3)"", ""B(6,3,E)"", ""E(0,4)"", ""B(0,4,W)"", ""E(1,4)"", ""E(3,4)"", ""E(4,4)"", ""E(5,4)"", ""B(6,4,E)"", ""B(0,5,W)"", ""E(2,5)"", ""E(4,5)"", ""E(5,5)"", ""B(6,5,E)"", ""B(0,6,W)"", ""E(1,6)"", ""B(2,6,N)"", ""E(2,6)"", ""B(3,6,N)"", ""E(3,6)"", ""B(6,6,E)""]","[""B(3,0,S)"", ""N(5,1)"", ""N(2,4)""]","[""B(3,0,S)"", ""N(5,1)"", ""N(2,4)""]"
core,0.08,10,,,,0.25,35,,1,,,,,27,62,0.43548387096774194,3,3,2,"[""E(4,0)"", ""B(6,0,E)"", ""B(0,1,W)"", ""E(3,1)"", ""B(6,1,E)"", ""E(0,2)"", ""B(0,2,W)"", ""E(3,2)"", ""E(5,2)"", ""B(6,2,E)"", ""B(0,3,W)"", ""E(1,3)"", ""E(2,3)"", ""E(3,3)"", ""E(4,3)"", ""B(6,3,E)"", ""E(0,4)"", ""B(0,4,W)"", ""E(1,4)"", ""E(3,4)"", ""E(4,4)"", ""E(5,4)"", ""B(6,4,E)"", ""B(0,5,W)"", ""E(2,5)"", ""E(4,5)"", ""E(5,5)"", ""B(6,5,E)"", ""B(0,6,W)"", ""E(1,6)"", ""B(2,6,N)"", ""E(2,6)"", ""B(3,6,N)"", ""E(3,6)"", ""B(6,6,E)""]","[""B(3,0,S)"", ""N(5,1)"", ""N(2,4)""]","[""B(3,0,S)"", ""N(5,1)"", ""N(2,4)""]"
core,0.08,10,,,,0.25,60,,1,,,,,27,62,0.43548387096774194,3,3,2,"[""E(4,0)"", ""B(6,0,E)"", ""B(0,1,W)"", ""E(3,1)"", ""B(6,1,E)"", ""E(0,2)"", ""B(0,2,W)"", ""E(3,2)"", ""E(5,2)"", ""B(6,2,E)"", ""B(0,3,W)"", ""E(1,3)"", ""E(2,3)"", ""E(3,3)"", ""E(4,3)"", ""B(6,3,E)"", ""E(0,4)"", ""B(0,4,W)"", ""E(1,4)"", ""E(3,4)"", ""E(4,4)"", ""E(5,4)"", ""B(6,4,E)"", ""B(0,5,W)"", ""E(2,5)"", ""E(4,5)"", ""E(5,5)"", ""B(6,5,E)"", ""B(0,6,W)"", ""E(1,6)"", ""B(2,6,N)"", ""E(2,6)"", ""B(3,6,N)"", ""E(3,6)"", ""B(6,6,E)""]","[""B(3,0,S)"", ""N(5,1)"", ""N(2,4)""]","[""B(3,0,S)"", ""N(5,1)"", ""N(2,4)""]"
core,0.08,10,,,,0.25,85,,1,,,,,51,62,0.8225806451612904,3,3,2,"[""E(4,0)"", ""B(0,1,W)"", ""B(6,3,E)"", ""E(5,4)"", ""B(6,4,E)"", ""E(4,5)"", ""E(5,5)"", ""B(6,5,E)"", ""B(2,6,N)"", ""B(3,6,N)"", ""B(6,6,E)""]","[""B(3,0,S)"", ""N(5,1)"", ""N(2,4)""]","[""B(3,0,S)"", ""N(5,1)"", ""N(2,4)""]"
core,0.08,10,,,,0.4,,,1,,,,,60,62,0.967741935483871,9,9,8,"[""B(3,6,N)"", ""B(6,6,E)""]","[""B(3,0,S)"", ""N(0,1)"", ""N(5,1)"", ""E(4,2)"", ""E(0,3)"", ""E(5,3)"", ""N(2,4)"", ""E(3,5)"", ""N(4,5)""]","[""B(3,0,S)"", ""N(0,1)"", ""N(5,1)"", ""E(4,2)"", ""E(0,3)"", ""E(5,3)"", ""N(2,4)"", ""E(3,5)"", ""N(4,5)""]"
core,0.08,10,,,,0.4,10,,1,,,,,28,62,0.45161290322580644,4,4,3,"[""E(4,0)"", ""B(6,0,E)"", ""B(0,1,W)"", ""E(3,1)"", ""B(6,1,E)"", ""E(0,2)"", ""B(0,2,W)"", ""E(3,2)"", ""E(5,2)"", ""B(6,2,E)"", ""B(0,3,W)"", ""E(1,3)"", ""E(2,3)"", ""E(3,3)"", ""E(4,3)"", ""B(6,3,E)"", ""E(0,4)"", ""B(0,4,W)"", ""E(1,4)"", ""E(3,4)"", ""E(4,4)"", ""E(5,4)"", ""B(6,4,E)"", ""B(0,5,W)"", ""E(2,5)"", ""E(4,5)"", ""E(5,5)"", ""B(6,5,E)"", ""B(0,6,W)"", ""E(1,6)"", ""E(2,6)"", ""B(3,6,N)"", ""E(3,6)"", ""B(6,6,E)""]","[""B(3,0,S)"", ""N(0,1)"", ""N(5,1)"", ""N(2,4)""]","[""B(3,0,S)"", ""N(0,1)"", ""N(5,1)"", ""N(2,4)""]"
core,0.08,10,,,,0.4,20,,1,,,,,28,62,0.45161290322580644,5,5,4,"[""E(4,0)"", ""B(6,0,E)"", ""B(0,1,W)"", ""E(3,1)"", ""B(6,1,E)"", ""E(0,2)"", ""B(0,2,W)"", ""E(3,2)"", ""E(5,2)"", ""B(6,2,E)"", ""B(0,3,W)"", ""E(1,3)"", ""E(2,3)"", ""E(3,3)"", ""E(4,3)"", ""B(6,3,E)"", ""E(0,4)"", ""B(0,4,W)"", ""E(1,4)"", ""E(3,4)"", ""E(4,4)"", ""E(5,4)"", ""B(6,4,E)"", ""B(0,5,W)"", ""E(2,5)"", ""E(4,5)"", ""E(5,5)"", ""B(6,5,E)"", ""B(0,6,W)"", ""E(1,6)"", ""E(2,6)"", ""B(3,6,N)"", ""E(3,6)"", ""B(6,6,E)""]","[""B(3,0,S)"", ""N(0,1)"", ""N(5,1)"", ""N(2,4)"", ""N(4,5)""]","[""B(3,0,S)"", ""N(0,1)"", ""N(5,1)"", ""N(2,4)"", ""N(4,5)""]"
core,0.08,10,,,,0.4,35,,1,,,,,28,62,0.45161290322580644,5,5,4,"[""E(4,0)"", ""B(6,0,E)"", ""B(0,1,W)"", ""E(3,1)"", ""B(6,1,E)"", ""E(0,2)"", ""B(0,2,W)"", ""E(3,2)"", ""E(5,2)"", ""B(6,2,E)"", ""B(0,3,W)"", ""E(1,3)"", ""E(2,3)"", ""E(3,3)"", ""E(4,3)"", ""B(6,3,E)"", ""E(0,4)"", ""B(0,4,W)"", ""E(1,4)"", ""E(3,4)"", ""E(4,4)"", ""E(5,4)"", ""B(6,4,E)"", ""B(0,5,W)"", ""E(2,5)"", ""E(4,5)"", ""E(5,5)"", ""B(6,5,E)"", ""B(0,6,W)"", ""E(1,6)"", ""E(2,6)"", ""B(3,6,N)"", ""E(3,6)"", ""B(6,6,E)""]","[""B(3,0,S)"", ""N(0,1)"", ""N(5,1)"", ""N(2,4)"", ""N(4,5)""]","[""B(3,0,S)"", ""N(0,1)"", ""N(5,1)"", ""N(2,4)"", ""N(4,5)""]"
core,0.08,10,,,,0.4,60,,1,,,,,28,62,0.45161290322580644,5,5,4,"[""E(4,0)"", ""B(6,0,E)"", ""B(0,1,W)"", ""E(3,1)"", ""B(6,1,E)"", ""E(0,2)"", ""B(0,2,W)"", ""E(3,2)"", ""E(5,2)"", ""B(6,2,E)"", ""B(0,3,W)"", ""E(1,3)"", ""E(2,3)"", ""E(3,3)"", ""E(4,3)"", ""B(6,3,E)"", ""E(0,4)"", ""B(0,4,W)"", ""E(1,4)"", ""E(3,4)"", ""E(4,4)"", ""E(5,4)"", ""B(6,4,E)"", ""B(0,5,W)"", ""E(2,5)"", ""E(4,5)"", ""E(5,5)"", ""B(6,5,E)"", ""B(0,6,W)"", ""E(1,6)"", ""E(2,6)"", ""B(3,6,N)"", ""E(3,6)"", ""B(6,6,E)""]","[""B(3,0,S)"", ""N(0,1)"", ""N(5,1)"", ""N(2,4)"", ""N(4,5)""]","[""B(3,0,S)"", ""N(0,1)"", ""N(5,1)"", ""N(2,4)"", ""N(4,5)""]"
core,0.08,10,,,,0.4,85,,1,,,,,56,62,0.9032258064516129,5,5,4,"[""B(0,1,W)"", ""B(6,4,E)"", ""E(5,5)"", ""B(6,5,E)"", ""B(3,6,N)"", ""B(6,6,E)""]","[""B(3,0,S)"", ""N(0,1)"", ""N(5,1)"", ""N(2,4)"", ""N(4,5)""]","[""B(3,0,S)"", ""N(0,1)"", ""N(5,1)"", ""N(2,4)"", ""N(4,5)""]"
core,0.08,10,,,,0.6,,,1,,,,,62,62,1.0,9,9,8,[],"[""B(3,0,S)"", ""N(0,1)"", ""N(5,1)"", ""E(4,2)"", ""E(0,3)"", ""E(5,3)"", ""N(2,4)"", ""E(3,5)"", ""N(4,5)""]","[""B(3,0,S)"", ""N(0,1)"", ""N(5,1)"", ""E(4,2)"", ""E(0,3)"", ""E(5,3)"", ""N(2,4)"", ""E(3,5)"", ""N(4,5)""]"
core,0.08,10,,,,0.6,10,,1,,,,,29,62,0.46774193548387094,4,4,3,"[""E(4,0)"", ""B(6,0,E)"", ""B(0,1,W)"", ""E(3,1)"", ""B(6,1,E)"", ""E(0,2)"", ""B(0,2,W)"", ""E(3,2)"", ""E(5,2)"", ""B(6,2,E)"", ""B(0,3,W)"", ""E(1,3)"", ""E(2,3)"", ""E(3,3)"", ""E(4,3)"", ""B(6,3,E)"", ""E(0,4)"", ""B(0,4,W)"", ""E(1,4)"", ""E(3,4)"", ""E(4,4)"", ""E(5,4)"", ""B(6,4,E)"", ""B(0,5,W)"", ""E(2,5)"", ""E(4,5)"", ""E(5,5)"", ""B(6,5,E)"", ""B(0,6,W)"", ""E(1,6)"", ""E(2,6)"", ""E(3,6)"", ""B(6,6,E)""]","[""B(3,0,S)"", ""N(0,1)"", ""N(5,1)"", ""N(2,4)""]","[""B(3,0,S)"", ""N(0,1)"", ""N(5,1)"", ""N(2,4)""]"
core,0.08,10,,,,0.6,20,,1,,,,,29,62,0.46774193548387094,5,5,4,"[""E(4,0)"", ""B(6,0,E)"", ""B(0,1,W)"", ""E(3,1)"", ""B(6,1,E)"", ""E(0,2)"", ""B(0,2,W)"", ""E(3,2)"", ""E(5,2)"", ""B(6,2,E)"", ""B(0,3,W)"", ""E(1,3)"", ""E(2,3)"", ""E(3,3)"", ""E(4,3)"", ""B(6,3,E)"", ""E(0,4)"", ""B(0,4,W)"", ""E(1,4)"", ""E(3,4)"", ""E(4,4)"", ""E(5,4)"", ""B(6,4,E)"", ""B(0,5,W)"", ""E(2,5)"", ""E(4,5)"", ""E(5,5)"", ""B(6,5,E)"", ""B(0,6,W)"", ""E(1,6)"", ""E(2,6)"", ""E(3,6)"", ""B(6,6,E)""]","[""B(3,0,S)"", ""N(0,1)"", ""N(5,1)"", ""N(2,4)"", ""N(4,5)""]","[""B(3,0,S)"", ""N(0,1)"", ""N(5,1)"", ""N(2,4)"", ""N(4,5)""]"
core,0.08,10,,,,0.6,35,,1,,,,,29,62,0.46774193548387094,5,5,4,"[""E(4,0)"", ""B(6,0,E)"", ""B(0,1,W)"", ""E(3,1)"", ""B(6,1,E)"", ""E(0,2)"", ""B(0,2,W)"", ""E(3,2)"", ""E(5,2)"", ""B(6,2,E)"", ""B(0,3,W)"", ""E(1,3)"", ""E(2,3)"", ""E(3,3)"", ""E(4,3)"", ""B(6,3,E)"", ""E(0,4)"", ""B(0,4,W)"", ""E(1,4)"", ""E(3,4)"", ""E(4,4)"", ""E(5,4)"", ""B(6,4,E)"", ""B(0,5,W)"", ""E(2,5)"", ""E(4,5)"", ""E(5,5)"", ""B(6,5,E)"", ""B(0,6,W)"", ""E(1,6)"", ""E(2,6)"", ""E(3,6)"", ""B(6,6,E)""]","[""B(3,0,S)"", ""N(0,1)"", ""N(5,1)"", ""N(2,4)"", ""N(4,5)""]","[""B(3,0,S)"", ""N(0,1)"", ""N(5,1)"", ""N(2,4)"", ""N(4,5)""]"
core,0.08,10,,,,0.6,60,,1,,,,,29,62,0.46774193548387094,5,5,4,"[""E(4,0)"", ""B(6,0,E)"", ""B(0,1,W)"", ""E(3,1)"", ""B(6,1,E)"", ""E(0,2)"", ""B(0,2,W)"", ""E(3,2)"", ""E(5,2)"", ""B(6,2,E)"", ""B(0,3,W)"", ""E(1,3)"", ""E(2,3)"", ""E(3,3)"", ""E(4,3)"", ""B(6,3,E)"", ""E(0,4)"", ""B(0,4,W)"", ""E(1,4)"", ""E(3,4)"", ""E(4,4)"", ""E(5,4)"", ""B(6,4,E)"", ""B(0,5,W)"", ""E(2,5)"", ""E(4,5)"", ""E(5,5)"", ""B(6,5,E)"", ""B(0,6,W)"", ""E(1,6)"", ""E(2,6)"", ""E(3,6)"", ""B(6,6,E)""]","[""B(3,0,S)"", ""N(0,1)"", ""N(5,1)"", ""N(2,4)"", ""N(4,5)""]","[""B(3,0,S)"", ""N(0,1)"", ""N(5,1)"", ""N(2,4)"", ""N(4,5)""]"
core,0.08,10,,,,0.6,85,,1,,,,,57,62,0.9193548387096774,6,6,5,"[""B(0,1,W)"", ""B(6,4,E)"", ""E(5,5)"", ""B(6,5,E)"", ""B(6,6,E)""]","[""B(3,0,S)"", ""N(0,1)"", ""N(5,1)"", ""E(4,2)"", ""N(2,4)"", ""N(4,5)""]","[""B(3,0,S)"", ""N(0,1)"", ""N(5,1)"", ""E(4,2)"", ""N(2,4)"", ""N(4,5)""]"
core,0.08,10,,,,1.2,,,1,,,,,62,62,1.0,10,10,9,[],"[""B(3,0,S)"", ""N(4,0)"", ""N(0,1)"", ""N(5,1)"", ""E(4,2)"", ""E(0,3)"", ""E(5,3)"", ""N(2,4)"", ""E(3,5)"", ""N(4,5)""]","[""B(3,0,S)"", ""N(4,0)"", ""N(0,1)"", ""N(5,1)"", ""E(4,2)"", ""E(0,3)"", ""E(5,3)"", ""N(2,4)"", ""E(3,5)"", ""N(4,5)""]"
core,0.08,10,,,,1.2,10,,1,,,,,29,62,0.46774193548387094,6,6,5,"[""E(4,0)"", ""B(6,0,E)"", ""B(0,1,W)"", ""E(3,1)"", ""B(6,1,E)"", ""E(0,2)"", ""B(0,2,W)"", ""E(3,2)"", ""E(5,2)"", ""B(6,2,E)"", ""B(0,3,W)"", ""E(1,3)"", ""E(2,3)"", ""E(3,3)"", ""E(4,3)"", ""B(6,3,E)"", ""E(0,4)"", ""B(0,4,W)"", ""E(1,4)"", ""E(3,4)"", ""E(4,4)"", ""E(5,4)"", ""B(6,4,E)"", ""B(0,5,W)"", ""E(2,5)"", ""E(4,5)"", ""E(5,5)"", ""B(6,5,E)"", ""B(0,6,W)"", ""E(1,6)"", ""E(2,6)"", ""E(3,6)"", ""B(6,6,E)""]","[""B(3,0,S)"", ""N(4,0)"", ""N(0,1)"", ""N(5,1)"", ""N(2,4)"", ""N(4,5)""]","[""B(3,0,S)"", ""N(4,0)"", ""N(0,1)"", ""N(5,1)"", ""N(2,4)"", ""N(4,5)""]"
core,0.08,10,,,,1.2,20,,1,,,,,29,62,0.46774193548387094,6,6,5,"[""E(4,0)"", ""B(6,0,E)"", ""B(0,1,W)"", ""E(3,1)"", ""B(6,1,E)"", ""E(0,2)"", ""B(0,2,W)"", ""E(3,2)"", ""E(5,2)"", ""B(6,2,E)"", ""B(0,3,W)"", ""E(1,3)"", ""E(2,3)"", ""E(3,3)"", ""E(4,3)"", ""B(6,3,E)"", ""E(0,4)"", ""B(0,4,W)"", ""E(1,4)"", ""E(3,4)"", ""E(4,4)"", ""E(5,4)"", ""B(6,4,E)"", ""B(0,5,W)"", ""E(2,5)"", ""E(4,5)"", ""E(5,5)"", ""B(6,5,E)"", ""B(0,6,W)"", ""E(1,6)"", ""E(2,6)"", ""E(3,6)"", ""B(6,6,E)""]","[""B(3,0,S)"", ""N(4,0)"", ""N(0,1)"", ""N(5,1)"", ""N(2,4)"", ""N(4,5)""]","[""B(3,0,S)"", ""N(4,0)"", ""N(0,1)"", ""N(5,1)"", ""N(2,4)"", ""N(4,5)""]"
core,0.08,10,,,,1.2,35,,1,,,,,29,62,0.46774193548387094,6,6,5,"[""E(4,0)"", ""B(6,0,E)"", ""B(0,1,W)"", ""E(3,1)"", ""B(6,1,E)"", ""E(0,2)"", ""B(0,2,W)"", ""E(3,2)"", ""E(5,2)"", ""B(6,2,E)"", ""B(0,3,W)"", ""E(1,3)"", ""E(2,3)"", ""E(3,3)"", ""E(4,3)"", ""B(6,3,E)"", ""E(0,4)"", ""B(0,4,W)"", ""E(1,4)"", ""E(3,4)"", ""E(4,4)"", ""E(5,4)"", ""B(6,4,E)"", ""B(0,5,W)"", ""E(2,5)"", ""E(4,5)"", ""E(5,5)"", ""B(6,5,E)"", ""B(0,6,W)"", ""E(1,6)"", ""E(2,6)"", ""E(3,6)"", ""B(6,6,E)""]","[""B(3,0,S)"", ""N(4,0)"", ""N(0,1)"", ""N(5,1)"", ""N(2,4)"", ""N(4,5)""]","[""B(3,0,S)"", ""N(4,0)"", ""N(0,1)"", ""N(5,1)"", ""N(2,4)"", ""N(4,5)""]"
core,0.08,10,,,,1.2,60,,1,,,,,29,62,0.46774193548387094,6,6,5,"[""E(4,0)"", ""B(6,0,E)"", ""B(0,1,W)"", ""E(3,1)"", ""B(6,1,E)"", ""E(0,2)"", ""B(0,2,W)"", ""E(3,2)"", ""E(5,2)"", ""B(6,2,E)"", ""B(0,3,W)"", ""E(1,3)"", ""E(2,3)"", ""E(3,3)"", ""E(4,3)"", ""B(6,3,E)"", ""E(0,4)"", ""B(0,4,W)"", ""E(1,4)"", ""E(3,4)"", ""E(4,4)"", ""E(5,4)"", ""B(6,4,E)"", ""B(0,5,W)"", ""E(2,5)"", ""E(4,5)"", ""E(5,5)"", ""B(6,5,E)"", ""B(0,6,W)"", ""E(1,6)"", ""E(2,6)"", ""E(3,6)"", ""B(6,6,E)""]","[""B(3,0,S)"", ""N(4,0)"", ""N(0,1)"", ""N(5,1)"", ""N(2,4)"", ""N(4,5)""]","[""B(3,0,S)"", ""N(4,0)"", ""N(0,1)"", ""N(5,1)"", ""N(2,4)"", ""N(4,5)""]"
core,0.08,10,,,,1.2,85,,1,,,,,59,62,0.9516129032258065,7,7,6,"[""B(6,4,E)"", ""E(5,5)"", ""B(6,5,E)""]","[""B(3,0,S)"", ""N(4,0)"", ""N(0,1)"", ""N(5,1)"", ""E(4,2)"", ""N(2,4)"", ""N(4,5)""]","[""B(3,0,S)"", ""N(4,0)"", ""N(0,1)"", ""N(5,1)"", ""E(4,2)"", ""N(2,4)"", ""N(4,5)""]"
core,0.08,10,,,,2.0,,,1,,,,,62,62,1.0,10,10,9,[],"[""B(3,0,S)"", ""N(4,0)"", ""N(0,1)"", ""N(5,1)"", ""E(4,2)"", ""E(0,3)"", ""E(5,3)"", ""N(2,4)"", ""E(3,5)"", ""N(4,5)""]","[""B(3,0,S)"", ""N(4,0)"", ""N(0,1)"", ""N(5,1)"", ""E(4,2)"", ""E(0,3)"", ""E(5,3)"", ""N(2,4)"", ""E(3,5)"", ""N(4,5)""]"
core,0.08,10,,,,2.0,10,,1,,,,,29,62,0.46774193548387094,6,6,5,"[""E(4,0)"", ""B(6,0,E)"", ""B(0,1,W)"", ""E(3,1)"", ""B(6,1,E)"", ""E(0,2)"", ""B(0,2,W)"", ""E(3,2)"", ""E(5,2)"", ""B(6,2,E)"", ""B(0,3,W)"", ""E(1,3)"", ""E(2,3)"", ""E(3,3)"", ""E(4,3)"", ""B(6,3,E)"", ""E(0,4)"", ""B(0,4,W)"", ""E(1,4)"", ""E(3,4)"", ""E(4,4)"", ""E(5,4)"", ""B(6,4,E)"", ""B(0,5,W)"", ""E(2,5)"", ""E(4,5)"", ""E(5,5)"", ""B(6,5,E)"", ""B(0,6,W)"", ""E(1,6)"", ""E(2,6)"", ""E(3,6)"", ""B(6,6,E)""]","[""B(3,0,S)"", ""N(4,0)"", ""N(0,1)"", ""N(5,1)"", ""N(2,4)"", ""N(4,5)""]","[""B(3,0,S)"", ""N(4,0)"", ""N(0,1)"", ""N(5,1)"", ""N(2,4)"", ""N(4,5)""]"
core,0.08,10,,,,2.0,20,,1,,,,,29,62,0.46774193548387094,6,6,5,"[""E(4,0)"", ""B(6,0,E)"", ""B(0,1,W)"", ""E(3,1)"", ""B(6,1,E)"", ""E(0,2)"", ""B(0,2,W)"", ""E(3,2)"", ""E(5,2)"", ""B(6,2,E)"", ""B(0,3,W)"", ""E(1,3)"", ""E(2,3)"", ""E(3,3)"", ""E(4,3)"", ""B(6,3,E)"", ""E(0,4)"", ""B(0,4,W)"", ""E(1,4)"", ""E(3,4)"", ""E(4,4)"", ""E(5,4)"", ""B(6,4,E)"", ""B(0,5,W)"", ""E(2,5)"", ""E(4,5)"", ""E(5,5)"", ""B(6,5,E)"", ""B(0,6,W)"", ""E(1,6)"", ""E(2,6)"", ""E(3,6)"", ""B(6,6,E)""]","[""B(3,0,S)"", ""N(4,0)"", ""N(0,1)"", ""N(5,1)"", ""N(2,4)"", ""N(4,5)""]","[""B(3,0,S)"", ""N(4,0)"", ""N(0,1)"", ""N(5,1)"", ""N(2,4)"", ""N(4,5)""]"
core,0.08,10,,,,2.0,35,,1,,,,,29,62,0.46774193548387094,6,6,5,"[""E(4,0)"", ""B(6,0,E)"", ""B(0,1,W)"", ""E(3,1)"", ""B(6,1,E)"", ""E(0,2)"", ""B(0,2,W)"", ""E(3,2)"", ""E(5,2)"", ""B(6,2,E)"", ""B(0,3,W)"", ""E(1,3)"", ""E(2,3)"", ""E(3,3)"", ""E(4,3)"", ""B(6,3,E)"", ""E(0,4)"", ""B(0,4,W)"", ""E(1,4)"", ""E(3,4)"", ""E(4,4)"", ""E(5,4)"", ""B(6,4,E)"", ""B(0,5,W)"", ""E(2,5)"", ""E(4,5)"", ""E(5,5)"", ""B(6,5,E)"", ""B(0,6,W)"", ""E(1,6)"", ""E(2,6)"", ""E(3,6)"", ""B(6,6,E)""]","[""B(3,0,S)"", ""N(4,0)"", ""N(0,1)"", ""N(5,1)"", ""N(2,4)"", ""N(4,5)""]","[""B(3,0,S)"", ""N(4,0)"", ""N(0,1)"", ""N(5,1)"", ""N(2,4)"", ""N(4,5)""]"
core,0.08,10,,,,2.0,60,,1,,,,,29,62,0.46774193548387094,6,6,5,"[""E(4,0)"", ""B(6,0,E)"", ""B(0,1,W)"", ""E(3,1)"", ""B(6,1,E)"", ""E(0,2)"", ""B(0,2,W)"", ""E(3,2)"", ""E(5,2)"", ""B(6,2,E)"", ""B(0,3,W)"", ""E(1,3)"", ""E(2,3)"", ""E(3,3)"", ""E(4,3)"", ""B(6,3,E)"", ""E(0,4)"", ""B(0,4,W)"", ""E(1,4)"", ""E(3,4)"", ""E(4,4)"", ""E(5,4)"", ""B(6,4,E)"", ""B(0,5,W)"", ""E(2,5)"", ""E(4,5)"", ""E(5,5)"", ""B(6,5,E)"", ""B(0,6,W)"", ""E(1,6)"", ""E(2,6)"", ""E(3,6)"", ""B(6,6,E)""]","[""B(3,0,S)"", ""N(4,0)"", ""N(0,1)"", ""N(5,1)"", ""N(2,4)"", ""N(4,5)""]","[""B(3,0,S)"", ""N(4,0)"", ""N(0,1)"", ""N(5,1)"", ""N(2,4)"", ""N(4,5)""]"
core,0.08,10,,,,2.0,85,,1,,,,,59,62,0.9516129032258065,7,7,6,"[""B(6,4,E)"", ""E(5,5)"", ""B(6,5,E)""]","[""B(3,0,S)"", ""N(4,0)"", ""N(0,1)"", ""N(5,1)"", ""E(4,2)"", ""N(2,4)"", ""N(4,5)""]","[""B(3,0,S)"", ""N(4,0)"", ""N(0,1)"", ""N(5,1)"", ""E(4,2)"", ""N(2,4)"", ""N(4,5)""]"
core,0.08,10,,,,,,,1,,,,,62,62,1.0,10,10,9,[],"[""B(3,0,S)"", ""N(4,0)"", ""N(0,1)"", ""N(5,1)"", ""E(4,2)"", ""E(0,3)"", ""E(5,3)"", ""N(2,4)"", ""E(3,5)"", ""N(4,5)""]","[""B(3,0,S)"", ""N(4,0)"", ""N(0,1)"", ""N(5,1)"", ""E(4,2)"", ""E(0,3)"", ""E(5,3)"", ""N(2,4)"", ""E(3,5)"", ""N(4,5)""]"
core,0.08,10,,,,,10,,1,,,,,29,62,0.46774193548387094,6,6,5,"[""E(4,0)"", ""B(6,0,E)"", ""B(0,1,W)"", ""E(3,1)"", ""B(6,1,E)"", ""E(0,2)"", ""B(0,2,W)"", ""E(3,2)"", ""E(5,2)"", ""B(6,2,E)"", ""B(0,3,W)"", ""E(1,3)"", ""E(2,3)"", ""E(3,3)"", ""E(4,3)"", ""B(6,3,E)"", ""E(0,4)"", ""B(0,4,W)"", ""E(1,4)"", ""E(3,4)"", ""E(4,4)"", ""E(5,4)"", ""B(6,4,E)"", ""B(0,5,W)"", ""E(2,5)"", ""E(4,5)"", ""E(5,5)"", ""B(6,5,E)"", ""B(0,6,W)"", ""E(1,6)"", ""E(2,6)"", ""E(3,6)"", ""B(6,6,E)""]","[""B(3,0,S)"", ""N(4,0)"", ""N(0,1)"", ""N(5,1)"", ""N(2,4)"", ""N(4,5)""]","[""B(3,0,S)"", ""N(4,0)"", ""N(0,1)"", ""N(5,1)"", ""N(2,4)"", ""N(4,5)""]"
core,0.08,10,,,,,20,,1,,,,,29,62,0.46774193548387094,6,6,5,"[""E(4,0)"", ""B(6,0,E)"", ""B(0,1,W)"", ""E(3,1)"", ""B(6,1,E)"", ""E(0,2)"", ""B(0,2,W)"", ""E(3,2)"", ""E(5,2)"", ""B(6,2,E)"", ""B(0,3,W)"", ""E(1,3)"", ""E(2,3)"", ""E(3,3)"", ""E(4,3)"", ""B(6,3,E)"", ""E(0,4)"", ""B(0,4,W)"", ""E(1,4)"", ""E(3,4)"", ""E(4,4)"", ""E(5,4)"", ""B(6,4,E)"", ""B(0,5,W)"", ""E(2,5)"", ""E(4,5)"", ""E(5,5)"", ""B(6,5,E)"", ""B(0,6,W)"", ""E(1,6)"", ""E(2,6)"", ""E(3,6)"", ""B(6,6,E)""]","[""B(3,0,S)"", ""N(4,0)"", ""N(0,1)"", ""N(5,1)"", ""N(2,4)"", ""N(4,5)""]","[""B(3,0,S)"", ""N(4,0)"", ""N(0,1)"", ""N(5,1)"", ""N(2,4)"", ""N(4,5)""]"
core,0.08,10,,,,,35,,1,,,,,29,62,0.46774193548387094,6,6,5,"[""E(4,0)"", ""B(6,0,E)"", ""B(0,1,W)"", ""E(3,1)"", ""B(6,1,E)"", ""E(0,2)"", ""B(0,2,W)"", ""E(3,2)"", ""E(5,2)"", ""B(6,2,E)"", ""B(0,3,W)"", ""E(1,3)"", ""E(2,3)"", ""E(3,3)"", ""E(4,3)"", ""B(6,3,E)"", ""E(0,4)"", ""B(0,4,W)"", ""E(1,4)"", ""E(3,4)"", ""E(4,4)"", ""E(5,4)"", ""B(6,4,E)"", ""B(0,5,W)"", ""E(2,5)"", ""E(4,5)"", ""E(5,5)"", ""B(6,5,E)"", ""B(0,6,W)"", ""E(1,6)"", ""E(2,6)"", ""E(3,6)"", ""B(6,6,E)""]","[""B(3,0,S)"", ""N(4,0)"", ""N(0,1)"", ""N(5,1)"", ""N(2,4)"", ""N(4,5)""]","[""B(3,0,S)"", ""N(4,0)"", ""N(0,1)"", ""N(5,1)"", ""N(2,4)"", ""N(4,5)""]"
core,0.08,10,,,,,60,,1,,,,,29,62,0.46774193548387094,6,6,5,"[""E(4,0)"", ""B(6,0,E)"", ""B(0,1,W)"", ""E(3,1)"", ""B(6,1,E)"", ""E(0,2)"", ""B(0,2,W)"", ""E(3,2)"", ""E(5,2)"", ""B(6,2,E)"", ""B(0,3,W)"", ""E(1,3)"", ""E(2,3)"", ""E(3,3)"", ""E(4,3)"", ""B(6,3,E)"", ""E(0,4)"", ""B(0,4,W)"", ""E(1,4)"", ""E(3,4)"", ""E(4,4)"", ""E(5,4)"", ""B(6,4,E)"", ""B(0,5,W)"", ""E(2,5)"", ""E(4,5)"", ""E(5,5)"", ""B(6,5,E)"", ""B(0,6,W)"", ""E(1,6)"", ""E(2,6)"", ""E(3,6)"", ""B(6,6,E)""]","[""B(3,0,S)"", ""N(4,0)"", ""N(0,1)"", ""N(5,1)"", ""N(2,4)"", ""N(4,5)""]","[""B(3,0,S)"", ""N(4,0)"", ""N(0,1)"", ""N(5,1)"", ""N(2,4)"", ""N(4,5)""]"
core,0.08,10,,,,,85,,1,,,,,59,62,0.9516129032258065,7,7,6,"[""B(6,4,E)"", ""E(5,5)"", ""B(6,5,E)""]","[""B(3,0,S)"", ""N(4,0)"", ""N(0,1)"", ""N(5,1)"", ""E(4,2)"", ""N(2,4)"", ""N(4,5)""]","[""B(3,0,S)"", ""N(4,0)"", ""N(0,1)"", ""N(5,1)"", ""E(4,2)"", ""N(2,4)"", ""N(4,5)""]"
core,0.08,12,,,,0.25,,,1,,,,,59,62,0.9516129032258065,7,7,6,"[""B(2,6,N)"", ""B(3,6,N)"", ""B(6,6,E)""]","[""B(3,0,S)"", ""N(5,1)"", ""E(4,2)"", ""E(0,3)"", ""E(5,3)"", ""N(2,4)"", ""E(3,5)""]","[""B(3,0,S)"", ""N(5,1)"", ""E(4,2)"", ""E(0,3)"", ""E(5,3)"", ""N(2,4)"", ""E(3,5)""]"
core,0.08,12,,,,0.25,10,,1,,,,,27,62,0.43548387096774194,3,3,2,"[""E(4,0)"", ""B(6,0,E)"", ""B(0,1,W)"", ""E(3,1)"", ""B(6,1,E)"", ""E(0,2)"", ""B(0,2,W)"", ""E(3,2)"", ""E(5,2)"", ""B(6,2,E)"", ""B(0,3,W)"", ""E(1,3)"", ""E(2,3)"", ""E(3,3)"", ""E(4,3)"", ""B(6,3,E)"", ""E(0,4)"", ""B(0,4,W)"", ""E(1,4)"", ""E(3,4)"", ""E(4,4)"", ""E(5,4)"", ""B(6,4,E)"", ""B(0,5,W)"", ""E(2,5)"", ""E(4,5)"", ""E(5,5)"", ""B(6,5,E)"", ""B(0,6,W)"", ""E(1,6)"", ""B(2,6,N)"", ""E(2,6)"", ""B(3,6,N)"", ""E(3,6)"", ""B(6,6,E)""]","[""B(3,0,S)"", ""N(5,1)"", ""N(2,4)""]","[""B(3,0,S)"", ""N(5,1)"", ""N(2,4)""]"
core,0.08,12,,,,0.25,20,,1,,,,,27,62,0.43548387096774194,3,3,2,"[""E(4,0)"", ""B(6,0,E)"", ""B(0,1,W)"", ""E(3,1)"", ""B(6,1,E)"", ""E(0,2)"", ""B(0,2,W)"", ""E(3,2)"", ""E(5,2)"", ""B(6,2,E)"", ""B(0,3,W)"", ""E(1,3)"", ""E(2,3)"", ""E(3,3)"", ""E(4,3)"", ""B(6,3,E)"", ""E(0,4)"", ""B(0,4,W)"", ""E(1,4)"", ""E(3,4)"", ""E(4,4)"", ""E(5,4)"", ""B(6,4,E)"", ""B(0,5,W)"", ""E(2,5)"", ""E(4,5)"", ""E(5,5)"", ""B(6,5,E)"", ""B(0,6,W)"", ""E(1,6)"", ""B(2,6,N)"", ""E(2,6)"", ""B(3,6,N)"", ""E(3,6)"", ""B(6,6,E)""]","[""B(3,0,S)"", ""N(5,1)"", ""N(2,4)""]","[""B(3,0,S)"", ""N(5,1)"", ""N(2,4)""]"
core,0.08,12,,,,0.25,35,,1,,,,,27,62,0.43548387096774194,3,3,2,"[""E(4,0)"", ""B(6,0,E)"", ""B(0,1,W)"", ""E(3,1)"", ""B(6,1,E)"", ""E(0,2)"", ""B(0,2,W)"", ""E(3,2)"", ""E(5,2)"", ""B(6,2,E)"", ""B(0,3,W)"", ""E(1,3)"", ""E(2,3)"", ""E(3,3)"", ""E(4,3)"", ""B(6,3,E)"", ""E(0,4)"", ""B(0,4,W)"", ""E(1,4)"", ""E(3,4)"", ""E(4,4)"", ""E(5,4)"", ""B(6,4,E)"", ""B(0,5,W)"", ""E(2,5)"", ""E(4,5)"", ""E(5,5)"", ""B(6,5,E)"", ""B(0,6,W)"", ""E(1,6)"", ""B(2,6,N)"", ""E(2,6)"", ""B(3,6,N)"", ""E(3,6)"", ""B(6,6,E)""]","[""B(3,0,S)"", ""N(5,1)"", ""N(2,4)""]","[""B(3,0,S)"", ""N(5,1)"", ""N(2,4)""]"
core,0.08,12,,,,0.25,60,,1,,,,,27,62,0.43548387096774194,3,3,2,"[""E(4,0)"", ""B(6,0,E)"", ""B(0,1,W)"", ""E(3,1)"", ""B(6,1,E)"", ""E(0,2)"", ""B(0,2,W)"", ""E(3,2)"", ""E(5,2)"", ""B(6,2,E)"", ""B(0,3,W)"", ""E(1,3)"", ""E(2,3)"", ""E(3,3)"", ""E(4,3)"", ""B(6,3,E)"", ""E(0,4)"", ""B(0,4,W)"", ""E(1,4)"", ""E(3,4)"", ""E(4,4)"", ""E(5,4)"", ""B(6,4,E)"", ""B(0,5,W)"", ""E(2,5)"", ""E(4,5)"", ""E(5,5)"", ""B(6,5,E)"", ""B(0,6,W)"", ""E(1,6)"", ""B(2,6,N)"", ""E(2,6)"", ""B(3,6,N)"", ""E(3,6)"", ""B(6,6,E)""]","[""B(3,0,S)"", ""N(5,1)"", ""N(2,4)""]","[""B(3,0,S)"", ""N(5,1)"", ""N(2,4)""]"
core,0.08,12,,,,0.25,85,,1,,,,,51,62,0.8225806451612904,3,3,2,"[""E(4,0)"", ""B(0,1,W)"", ""B(6,3,E)"", ""E(5,4)"", ""B(6,4,E)"", ""E(4,5)"", ""E(5,5)"", ""B(6,5,E)"", ""B(2,6,N)"", ""B(3,6,N)"", ""B(6,6,E)""]","[""B(3,0,S)"", ""N(5,1)"", ""N(2,4)""]","[""B(3,0,S)"", ""N(5,1)"", ""N(2,4)""]"
core,0.08,12,,,,0.4,,,1,,,,,60,62,0.967741935483871,9,9,8,"[""B(3,6,N)"", ""B(6,6,E)""]","[""B(3,0,S)"", ""N(0,1)"", ""N(5,1)"", ""E(4,2)"", ""E(0,3)"", ""E(5,3)"", ""N(2,4)"", ""E(3,5)"", ""N(4,5)""]","[""B(3,0,S)"", ""N(0,1)"", ""N(5,1)"", ""E(4,2)"", ""E(0,3)"", ""E(5,3)"", ""N(2,4)"", ""E(3,5)"", ""N(4,5)""]"
core,0.08,12,,,,0.4,10,,1,,,,,28,62,0.45161290322580644,4,4,3,"[""E(4,0)"", ""B(6,0,E)"", ""B(0,1,W)"", ""E(3,1)"", ""B(6,1,E)"", ""E(0,2)"", ""B(0,2,W)"", ""E(3,2)"", ""E(5,2)"", ""B(6,2,E)"", ""B(0,3,W)"", ""E(1,3)"", ""E(2,3)"", ""E(3,3)"", ""E(4,3)"", ""B(6,3,E)"", ""E(0,4)"", ""B(0,4,W)"", ""E(1,4)"", ""E(3,4)"", ""E(4,4)"", ""E(5,4)"", ""B(6,4,E)"", ""B(0,5,W)"", ""E(2,5)"", ""E(4,5)"", ""E(5,5)"", ""B(6,5,E)"", ""B(0,6,W)"", ""E(1,6)"", ""E(2,6)"", ""B(3,6,N)"", ""E(3,6)"", ""B(6,6,E)""]","[""B(3,0,S)"", ""N(0,1)"", ""N(5,1)"", ""N(2,4)""]","[""B(3,0,S)"", ""N(0,1)"", ""N(5,1)"", ""N(2,4)""]"
core,0.08,12,,,,0.4,20,,1,,,,,28,62,0.45161290322580644,5,5,4,"[""E(4,0)"", ""B(6,0,E)"", ""B(0,1,W)"", ""E(3,1)"", ""B(6,1,E)"", ""E(0,2)"", ""B(0,2,W)"", ""E(3,2)"", ""E(5,2)"", ""B(6,2,E)"", ""B(0,3,W)"", ""E(1,3)"", ""E(2,3)"", ""E(3,3)"", ""E(4,3)"", ""B(6,3,E)"", ""E(0,4)"", ""B(0,4,W)"", ""E(1,4)"", ""E(3,4)"", ""E(4,4)"", ""E(5,4)"", ""B(6,4,E)"", ""B(0,5,W)"", ""E(2,5)"", ""E(4,5)"", ""E(5,5)"", ""B(6,5,E)"", ""B(0,6,W)"", ""E(1,6)"", ""E(2,6)"", ""B(3,6,N)"", ""E(3,6)"", ""B(6,6,E)""]","[""B(3,0,S)"", ""N(0,1)"", ""N(5,1)"", ""N(2,4)"", ""N(4,5)""]","[""B(3,0,S)"", ""N(0,1)"", ""N(5,1)"", ""N(2,4)"", ""N(4,5)""]"
core,0.08,12,,,,0.4,35,,1,,,,,28,62,0.45161290322580644,5,5,4,"[""E(4,0)"", ""B(6,0,E)"", ""B(0,1,W)"", ""E(3,1)"", ""B(6,1,E)"", ""E(0,2)"", ""B(0,2,W)"", ""E(3,2)"", ""E(5,2)"", ""B(6,2,E)"", ""B(0,3,W)"", ""E(1,3)"", ""E(2,3)"", ""E(3,3)"", ""E(4,3)"", ""B(6,3,E)"", ""E(0,4)"", ""B(0,4,W)"", ""E(1,4)"", ""E(3,4)"", ""E(4,4)"", ""E(5,4)"", ""B(6,4,E)"", ""B(0,5,W)"", ""E(2,5)"", ""E(4,5)"", ""E(5,5)"", ""B(6,5,E)"", ""B(0,6,W)"", ""E(1,6)"", ""E(2,6)"", ""B(3,6,N)"", ""E(3,6)"", ""B(6,6,E)""]","[""B(3,0,S)"", ""N(0,1)"", ""N(5,1)"", ""N(2,4)"", ""N(4,5)""]","[""B(3,0,S)"", ""N(0,1)"", ""N(5,1)"", ""N(2,4)"", ""N(4,5)""]"
core,0.08,12,,,,0.4,60,,1,,,,,28,62,0.45161290322580644,5,5,4,"[""E(4,0)"", ""B(6,0,E)"", ""B(0,1,W)"", ""E(3,1)"", ""B(6,1,E)"", ""E(0,2)"", ""B(0,2,W)"", ""E(3,2)"", ""E(5,2)"", ""B(6,2,E)"", ""B(0,3,W)"", ""E(1,3)"", ""E(2,3)"", ""E(3,3)"", ""E(4,3)"", ""B(6,3,E)"", ""E(0,4)"", ""B(0,4,W)"", ""E(1,4)"", ""E(3,4)"", ""E(4,4)"", ""E(5,4)"", ""B(6,4,E)"", ""B(0,5,W)"", ""E(2,5)"", ""E(4,5)"", ""E(5,5)"", ""B(6,5,E)"", ""B(0,6,W)"", ""E(1,6)"", ""E(2,6)"", ""B(3,6,N)"", ""E(3,6)"", ""B(6,6,E)""]","[""B(3,0,S)"", ""N(0,1)"", ""N(5,1)"", ""N(2,4)"", ""N(4,5)""]","[""B(3,0,S)"", ""N(0,1)"", ""N(5,1)"", ""N(2,4)"", ""N(4,5)""]"
core,0.08,12,,,,0.4,85,,1,,,,,56,62,0.9032258064516129,5,5,4,"[""B(0,1,W)"", ""B(6,4,E)"", ""E(5,5)"", ""B(6,5,E)"", ""B(3,6,N)"", ""B(6,6,E)""]","[""B(3,0,S)"", ""N(0,1)"", ""N(5,1)"", ""N(2,4)"", ""N(4,5)""]","[""B(3,0,S)"", ""N(0,1)"", ""N(5,1)"", ""N(2,4)"", ""N(4,5)""]"
core,0.08,12,,,,0.6,,,1,,,,,62,62,1.0,9,9,8,[],"[""B(3,0,S)"", ""N(0,1)"", ""N(5,1)"", ""E(4,2)"", ""E(0,3)"", ""E(5,3)"", ""N(2,4)"", ""E(3,5)"", ""N(4,5)""]","[""B(3,0,S)"", ""N(0,1)"", ""N(5,1)"", ""E(4,2)"", ""E(0,3)"", ""E(5,3)"", ""N(2,4)"", ""E(3,5)"", ""N(4,5)""]"
core,0.08,12,,,,0.6,10,,1,,,,,29,62,0.46774193548387094,4,4,3,"[""E(4,0)"", ""B(6,0,E)"", ""B(0,1,W)"", ""E(3,1)"", ""B(6,1,E)"", ""E(0,2)"", ""B(0,2,W)"", ""E(3,2)"", ""E(5,2)"", ""B(6,2,E)"", ""B(0,3,W)"", ""E(1,3)"", ""E(2,3)"", ""E(3,3)"", ""E(4,3)"", ""B(6,3,E)"", ""E(0,4)"", ""B(0,4,W)"", ""E(1,4)"", ""E(3,4)"", ""E(4,4)"", ""E(5,4)"", ""B(6,4,E)"", ""B(0,5,W)"", ""E(2,5)"", ""E(4,5)"", ""E(5,5)"", ""B(6,5,E)"", ""B(0,6,W)"", ""E(1,6)"", ""E(2,6)"", ""E(3,6)"", ""B(6,6,E)""]","[""B(3,0,S)"", ""N(0,1)"", ""N(5,1)"", ""N(2,4)""]","[""B(3,0,S)"", ""N(0,1)"", ""N(5,1)"", ""N(2,4)""]"
core,0.08,12,,,,0.6,20,,1,,,,,29,62,0.46774193548387094,5,5,4,"[""E(4,0)"", ""B(6,0,E)"", ""B(0,1,W)"", ""E(3,1)"", ""B(6,1,E)"", ""E(0,2)"", ""B(0,2,W)"", ""E(3,2)"", ""E(5,2)"", ""B(6,2,E)"", ""B(0,3,W)"", ""E(1,3)"", ""E(2,3)"", ""E(3,3)"", ""E(4,3)"", ""B(6,3,E)"", ""E(0,4)"", ""B(0,4,W)"", ""E(1,4)"", ""E(3,4)"", ""E(4,4)"", ""E(5,4)"", ""B(6,4,E)"", ""B(0,5,W)"", ""E(2,5)"", ""E(4,5)"", ""E(5,5)"", ""B(6,5,E)"", ""B(0,6,W)"", ""E(1,6)"", ""E(2,6)"", ""E(3,6)"", ""B(6,6,E)""]","[""B(3,0,S)"", ""N(0,1)"", ""N(5,1)"", ""N(2,4)"", ""N(4,5)""]","[""B(3,0,S)"", ""N(0,1)"", ""N(5,1)"", ""N(2,4)"", ""N(4,5)""]"
core,0.08,12,,,,0.6,35,,1,,,,,29,62,0.46774193548387094,5,5,4,"[""E(4,0)"", ""B(6,0,E)"", ""B(0,1,W)"", ""E(3,1)"", ""B(6,1,E)"", ""E(0,2)"", ""B(0,2,W)"", ""E(3,2)"", ""E(5,2)"", ""B(6,2,E)"", ""B(0,3,W)"", ""E(1,3)"", ""E(2,3)"", ""E(3,3)"", ""E(4,3)"", ""B(6,3,E)"", ""E(0,4)"", ""B(0,4,W)"", ""E(1,4)"", ""E(3,4)"", ""E(4,4)"", ""E(5,4)"", ""B(6,4,E)"", ""B(0,5,W)"", ""E(2,5)"", ""E(4,5)"", ""E(5,5)"", ""B(6,5,E)"", ""B(0,6,W)"", ""E(1,6)"", ""E(2,6)"", ""E(3,6)"", ""B(6,6,E)""]","[""B(3,0,S)"", ""N(0,1)"", ""N(5,1)"", ""N(2,4)"", ""N(4,5)""]","[""B(3,0,S)"", ""N(0,1)"", ""N(5,1)"", ""N(2,4)"", ""N(4,5)""]"
core,0.08,12,,,,0.6,60,,1,,,,,29,62,0.46774193548387094,5,5,4,"[""E(4,0)"", ""B(6,0,E)"", ""B(0,1,W)"", ""E(3,1)"", ""B(6,1,E)"", ""E(0,2)"", ""B(0,2,W)"", ""E(3,2)"", ""E(5,2)"", ""B(6,2,E)"", ""B(0,3,W)"", ""E(1,3)"", ""E(2,3)"", ""E(3,3)"", ""E(4,3)"", ""B(6,3,E)"", ""E(0,4)"", ""B(0,4,W)"", ""E(1,4)"", ""E(3,4)"", ""E(4,4)"", ""E(5,4)"", ""B(6,4,E)"", ""B(0,5,W)"", ""E(2,5)"", ""E(4,5)"", ""E(5,5)"", ""B(6,5,E)"", ""B(0,6,W)"", ""E(1,6)"", ""E(2,6)"", ""E(3,6)"", ""B(6,6,E)""]","[""B(3,0,S)"", ""N(0,1)"", ""N(5,1)"", ""N(2,4)"", ""N(4,5)""]","[""B(3,0,S)"", ""N(0,1)"", ""N(5,1)"", ""N(2,4)"", ""N(4,5)""]"
core,0.08,12,,,,0.6,85,,1,,,,,57,62,0.9193548387096774,6,6,5,"[""B(0,1,W)"", ""B(6,4,E)"", ""E(5,5)"", ""B(6,5,E)"", ""B(6,6,E)""]","[""B(3,0,S)"", ""N(0,1)"", ""N(5,1)"", ""E(4,2)"", ""N(2,4)"", ""N(4,5)""]","[""B(3,0,S)"", ""N(0,1)"", ""N(5,1)"", ""E(4,2)"", ""N(2,4)"", ""N(4,5)""]"
core,0.08,12,,,,1.2,,,1,,,,,62,62,1.0,10,10,9,[],"[""B(3,0,S)"", ""N(4,0)"", ""N(0,1)"", ""N(5,1)"", ""E(4,2)"", ""E(0,3)"", ""E(5,3)"", ""N(2,4)"", ""E(3,5)"", ""N(4,5)""]","[""B(3,0,S)"", ""N(4,0)"", ""N(0,1)"", ""N(5,1)"", ""E(4,2)"", ""E(0,3)"", ""E(5,3)"", ""N(2,4)"", ""E(3,5)"", ""N(4,5)""]"
core,0.08,12,,,,1.2,10,,1,,,,,29,62,0.46774193548387094,6,6,5,"[""E(4,0)"", ""B(6,0,E)"", ""B(0,1,W)"", ""E(3,1)"", ""B(6,1,E)"", ""E(0,2)"", ""B(0,2,W)"", ""E(3,2)"", ""E(5,2)"", ""B(6,2,E)"", ""B(0,3,W)"", ""E(1,3)"", ""E(2,3)"", ""E(3,3)"", ""E(4,3)"", ""B(6,3,E)"", ""E(0,4)"", ""B(0,4,W)"", ""E(1,4)"", ""E(3,4)"", ""E(4,4)"", ""E(5,4)"", ""B(6,4,E)"", ""B(0,5,W)"", ""E(2,5)"", ""E(4,5)"", ""E(5,5)"", ""B(6,5,E)"", ""B(0,6,W)"", ""E(1,6)"", ""E(2,6)"", ""E(3,6)"", ""B(6,6,E)""]","[""B(3,0,S)"", ""N(4,0)"", ""N(0,1)"", ""N(5,1)"", ""N(2,4)"", ""N(4,5)""]","[""B(3,0,S)"", ""N(4,0)"", ""N(0,1)"", ""N(5,1)"", ""N(2,4)"", ""N(4,5)""]"
core,0.08,12,,,,1.2,20,,1,,,,,29,62,0.46774193548387094,6,6,5,"[""E(4,0)"", ""B(6,0,E)"", ""B(0,1,W)"", ""E(3,1)"", ""B(6,1,E)"", ""E(0,2)"", ""B(0,2,W)"", ""E(3,2)"", ""E(5,2)"", ""B(6,2,E)"", ""B(0,3,W)"", ""E(1,3)"", ""E(2,3)"", ""E(3,3)"", ""E(4,3)"", ""B(6,3,E)"", ""E(0,4)"", ""B(0,4,W)"", ""E(1,4)"", ""E(3,4)"", ""E(4,4)"", ""E(5,4)"", ""B(6,4,E)"", ""B(0,5,W)"", ""E(2,5)"", ""E(4,5)"", ""E(5,5)"", ""B(6,5,E)"", ""B(0,6,W)"", ""E(1,6)"", ""E(2,6)"", ""E(3,6)"", ""B(6,6,E)""]","[""B(3,0,S)"", ""N(4,0)"", ""N(0,1)"", ""N(5,1)"", ""N(2,4)"", ""N(4,5)""]","[""B(3,0,S)"", ""N(4,0)"", ""N(0,1)"", ""N(5,1)"", ""N(2,4)"", ""N(4,5)""]"
core,0.08,12,,,,1.2,35,,1,,,,,29,62,0.46774193548387094,6,6,5,"[""E(4,0)"", ""B(6,0,E)"", ""B(0,1,W)"", ""E(3,1)"", ""B(6,1,E)"", ""E(0,2)"", ""B(0,2,W)"", ""E(3,2)"", ""E(5,2)"", ""B(6,2,E)"", ""B(0,3,W)"", ""E(1,3)"", ""E(2,3)"", ""E(3,3)"", ""E(4,3)"", ""B(6,3,E)"", ""E(0,4)"", ""B(0,4,W)"", ""E(1,4)"", ""E(3,4)"", ""E(4,4)"", ""E(5,4)"", ""B(6,4,E)"", ""B(0,5,W)"", ""E(2,5)"", ""E(4,5)"", ""E(5,5)"", ""B(6,5,E)"", ""B(0,6,W)"", ""E(1,6)"", ""E(2,6)"", ""E(3,6)"", ""B(6,6,E)""]","[""B(3,0,S)"", ""N(4,0)"", ""N(0,1)"", ""N(5,1)"", ""N(2,4)"", ""N(4,5)""]","[""B(3,0,S)"", ""N(4,0)"", ""N(0,1)"", ""N(5,1)"", ""N(2,4)"", ""N(4,5)""]"
core,0.08,12,,,,1.2,60,,1,,,,,29,62,0.46774193548387094,6,6,5,"[""E(4,0)"", ""B(6,0,E)"", ""B(0,1,W)"", ""E(3,1)"", ""B(6,1,E)"", ""E(0,2)"", ""B(0,2,W)"", ""E(3,2)"", ""E(5,2)"", ""B(6,2,E)"", ""B(0,3,W)"", ""E(1,3)"", ""E(2,3)"", ""E(3,3)"", ""E(4,3)"", ""B(6,3,E)"", ""E(0,4)"", ""B(0,4,W)"", ""E(1,4)"", ""E(3,4)"", ""E(4,4)"", ""E(5,4)"", ""B(6,4,E)"", ""B(0,5,W)"", ""E(2,5)"", ""E(4,5)"", ""E(5,5)"", ""B(6,5,E)"", ""B(0,6,W)"", ""E(1,6)"", ""E(2,6)"", ""E(3,6)"", ""B(6,6,E)""]","[""B(3,0,S)"", ""N(4,0)"", ""N(0,1)"", ""N(5,1)"", ""N(2,4)"", ""N(4,5)""]","[""B(3,0,S)"", ""N(4,0)"", ""N(0,1)"", ""N(5,1)"", ""N(2,4)"", ""N(4,5)""]"
core,0.08,12,,,,1.2,85,,1,,,,,59,62,0.9516129032258065,7,7,6,"[""B(6,4,E)"", ""E(5,5)"", ""B(6,5,E)""]","[""B(3,0,S)"", ""N(4,0)"", ""N(0,1)"", ""N(5,1)"", ""E(4,2)"", ""N(2,4)"", ""N(4,5)""]","[""B(3,0,S)"", ""N(4,0)"", ""N(0,1)"", ""N(5,1)"", ""E(4,2)"", ""N(2,4)"", ""N(4,5)""]"
core,0.08,12,,,,2.0,,,1,,,,,62,62,1.0,10,10,9,[],"[""B(3,0,S)"", ""N(4,0)"", ""N(0,1)"", ""N(5,1)"", ""E(4,2)"", ""E(0,3)"", ""E(5,3)"", ""N(2,4)"", ""E(3,5)"", ""N(4,5)""]","[""B(3,0,S)"", ""N(4,0)"", ""N(0,1)"", ""N(5,1)"", ""E(4,2)"", ""E(0,3)"", ""E(5,3)"", ""N(2,4)"", ""E(3,5)"", ""N(4,5)""]"
core,0.08,12,,,,2.0,10,,1,,,,,29,62,0.46774193548387094,6,6,5,"[""E(4,0)"", ""B(6,0,E)"", ""B(0,1,W)"", ""E(3,1)"", ""B(6,1,E)"", ""E(0,2)"", ""B(0,2,W)"", ""E(3,2)"", ""E(5,2)"", ""B(6,2,E)"", ""B(0,3,W)"", ""E(1,3)"", ""E(2,3)"", ""E(3,3)"", ""E(4,3)"", ""B(6,3,E)"", ""E(0,4)"", ""B(0,4,W)"", ""E(1,4)"", ""E(3,4)"", ""E(4,4)"", ""E(5,4)"", ""B(6,4,E)"", ""B(0,5,W)"", ""E(2,5)"", ""E(4,5)"", ""E(5,5)"", ""B(6,5,E)"", ""B(0,6,W)"", ""E(1,6)"", ""E(2,6)"", ""E(3,6)"", ""B(6,6,E)""]","[""B(3,0,S)"", ""N(4,0)"", ""N(0,1)"", ""N(5,1)"", ""N(2,4)"", ""N(4,5)""]","[""B(3,0,S)"", ""N(4,0)"", ""N(0,1)"", ""N(5,1)"", ""N(2,4)"", ""N(4,5)""]"
core,0.08,12,,,,2.0,20,,1,,,,,29,62,0.46774193548387094,6,6,5,"[""E(4,0)"", ""B(6,0,E)"", ""B(0,1,W)"", ""E(3,1)"", ""B(6,1,E)"", ""E(0,2)"", ""B(0,2,W)"", ""E(3,2)"", ""E(5,2)"", ""B(6,2,E)"", ""B(0,3,W)"", ""E(1,3)"", ""E(2,3)"", ""E(3,3)"", ""E(4,3)"", ""B(6,3,E)"", ""E(0,4)"", ""B(0,4,W)"", ""E(1,4)"", ""E(3,4)"", ""E(4,4)"", ""E(5,4)"", ""B(6,4,E)"", ""B(0,5,W)"", ""E(2,5)"", ""E(4,5)"", ""E(5,5)"", ""B(6,5,E)"", ""B(0,6,W)"", ""E(1,6)"", ""E(2,6)"", ""E(3,6)"", ""B(6,6,E)""]","[""B(3,0,S)"", ""N(4,0)"", ""N(0,1)"", ""N(5,1)"", ""N(2,4)"", ""N(4,5)""]","[""B(3,0,S)"", ""N(4,0)"", ""N(0,1)"", ""N(5,1)"", ""N(2,4)"", ""N(4,5)""]"
core,0.08,12,,,,2.0,35,,1,,,,,29,62,0.46774193548387094,6,6,5,"[""E(4,0)"", ""B(6,0,E)"", ""B(0,1,W)"", ""E(3,1)"", ""B(6,1,E)"", ""E(0,2)"", ""B(0,2,W)"", ""E(3,2)"", ""E(5,2)"", ""B(6,2,E)"", ""B(0,3,W)"", ""E(1,3)"", ""E(2,3)"", ""E(3,3)"", ""E(4,3)"", ""B(6,3,E)"", ""E(0,4)"", ""B(0,4,W)"", ""E(1,4)"", ""E(3,4)"", ""E(4,4)"", ""E(5,4)"", ""B(6,4,E)"", ""B(0,5,W)"", ""E(2,5)"", ""E(4,5)"", ""E(5,5)"", ""B(6,5,E)"", ""B(0,6,W)"", ""E(1,6)"", ""E(2,6)"", ""E(3,6)"", ""B(6,6,E)""]","[""B(3,0,S)"", ""N(4,0)"", ""N(0,1)"", ""N(5,1)"", ""N(2,4)"", ""N(4,5)""]","[""B(3,0,S)"", ""N(4,0)"", ""N(0,1)"", ""N(5,1)"", ""N(2,4)"", ""N(4,5)""]"
core,0.08,12,,,,2.0,60,,1,,,,,29,62,0.46774193548387094,6,6,5,"[""E(4,0)"", ""B(6,0,E)"", ""B(0,1,W)"", ""E(3,1)"", ""B(6,1,E)"", ""E(0,2)"", ""B(0,2,W)"", ""E(3,2)"", ""E(5,2)"", ""B(6,2,E)"", ""B(0,3,W)"", ""E(1,3)"", ""E(2,3)"", ""E(3,3)"", ""E(4,3)"", ""B(6,3,E)"", ""E(0,4)"", ""B(0,4,W)"", ""E(1,4)"", ""E(3,4)"", ""E(4,4)"", ""E(5,4)"", ""B(6,4,E)"", ""B(0,5,W)"", ""E(2,5)"", ""E(4,5)"", ""E(5,5)"", ""B(6,5,E)"", ""B(0,6,W)"", ""E(1,6)"", ""E(2,6)"", ""E(3,6)"", ""B(6,6,E)""]","[""B(3,0,S)"", ""N(4,0)"", ""N(0,1)"", ""N(5,1)"", ""N(2,4)"", ""N(4,5)""]","[""B(3,0,S)"", ""N(4,0)"", ""N(0,1)"", ""N(5,1)"", ""N(2,4)"", ""N(4,5)""]"
core,0.08,12,,,,2.0,85,,1,,,,,59,62,0.9516129032258065,7,7,6,"[""B(6,4,E)"", ""E(5,5)"", ""B(6,5,E)""]","[""B(3,0,S)"", ""N(4,0)"", ""N(0,1)"", ""N(5,1)"", ""E(4,2)"", ""N(2,4)"", ""N(4,5)""]","[""B(3,0,S)"", ""N(4,0)"", ""N(0,1)"", ""N(5,1)"", ""E(4,2)"", ""N(2,4)"", ""N(4,5)""]"
core,0.08,12,,,,,,,1,,,,,62,62,1.0,10,10,9,[],"[""B(3,0,S)"", ""N(4,0)"", ""N(0,1)"", ""N(5,1)"", ""E(4,2)"", ""E(0,3)"", ""E(5,3)"", ""N(2,4)"", ""E(3,5)"", ""N(4,5)""]","[""B(3,0,S)"", ""N(4,0)"", ""N(0,1)"", ""N(5,1)"", ""E(4,2)"", ""E(0,3)"", ""E(5,3)"", ""N(2,4)"", ""E(3,5)"", ""N(4,5)""]"
core,0.08,12,,,,,10,,1,,,,,29,62,0.46774193548387094,6,6,5,"[""E(4,0)"", ""B(6,0,E)"", ""B(0,1,W)"", ""E(3,1)"", ""B(6,1,E)"", ""E(0,2)"", ""B(0,2,W)"", ""E(3,2)"", ""E(5,2)"", ""B(6,2,E)"", ""B(0,3,W)"", ""E(1,3)"", ""E(2,3)"", ""E(3,3)"", ""E(4,3)"", ""B(6,3,E)"", ""E(0,4)"", ""B(0,4,W)"", ""E(1,4)"", ""E(3,4)"", ""E(4,4)"", ""E(5,4)"", ""B(6,4,E)"", ""B(0,5,W)"", ""E(2,5)"", ""E(4,5)"", ""E(5,5)"", ""B(6,5,E)"", ""B(0,6,W)"", ""E(1,6)"", ""E(2,6)"", ""E(3,6)"", ""B(6,6,E)""]","[""B(3,0,S)"", ""N(4,0)"", ""N(0,1)"", ""N(5,1)"", ""N(2,4)"", ""N(4,5)""]","[""B(3,0,S)"", ""N(4,0)"", ""N(0,1)"", ""N(5,1)"", ""N(2,4)"", ""N(4,5)""]"
core,0.08,12,,,,,20,,1,,,,,29,62,0.46774193548387094,6,6,5,"[""E(4,0)"", ""B(6,0,E)"", ""B(0,1,W)"", ""E(3,1)"", ""B(6,1,E)"", ""E(0,2)"", ""B(0,2,W)"", ""E(3,2)"", ""E(5,2)"", ""B(6,2,E)"", ""B(0,3,W)"", ""E(1,3)"", ""E(2,3)"", ""E(3,3)"", ""E(4,3)"", ""B(6,3,E)"", ""E(0,4)"", ""B(0,4,W)"", ""E(1,4)"", ""E(3,4)"", ""E(4,4)"", ""E(5,4)"", ""B(6,4,E)"", ""B(0,5,W)"", ""E(2,5)"", ""E(4,5)"", ""E(5,5)"", ""B(6,5,E)"", ""B(0,6,W)"", ""E(1,6)"", ""E(2,6)"", ""E(3,6)"", ""B(6,6,E)""]","[""B(3,0,S)"", ""N(4,0)"", ""N(0,1)"", ""N(5,1)"", ""N(2,4)"", ""N(4,5)""]","[""B(3,0,S)"", ""N(4,0)"", ""N(0,1)"", ""N(5,1)"", ""N(2,4)"", ""N(4,5)""]"
core,0.08,12,,,,,35,,1,,,,,29,62,0.46774193548387094,6,6,5,"[""E(4,0)"", ""B(6,0,E)"", ""B(0,1,W)"", ""E(3,1)"", ""B(6,1,E)"", ""E(0,2)"", ""B(0,2,W)"", ""E(3,2)"", ""E(5,2)"", ""B(6,2,E)"", ""B(0,3,W)"", ""E(1,3)"", ""E(2,3)"", ""E(3,3)"", ""E(4,3)"", ""B(6,3,E)"", ""E(0,4)"", ""B(0,4,W)"", ""E(1,4)"", ""E(3,4)"", ""E(4,4)"", ""E(5,4)"", ""B(6,4,E)"", ""B(0,5,W)"", ""E(2,5)"", ""E(4,5)"", ""E(5,5)"", ""B(6,5,E)"", ""B(0,6,W)"", ""E(1,6)"", ""E(2,6)"", ""E(3,6)"", ""B(6,6,E)""]","[""B(3,0,S)"", ""N(4,0)"", ""N(0,1)"", ""N(5,1)"", ""N(2,4)"", ""N(4,5)""]","[""B(3,0,S)"", ""N(4,0)"", ""N(0,1)"", ""N(5,1)"", ""N(2,4)"", ""N(4,5)""]"
core,0.08,12,,,,,60,,1,,,,,29,62,0.46774193548387094,6,6,5,"[""E(4,0)"", ""B(6,0,E)"", ""B(0,1,W)"", ""E(3,1)"", ""B(6,1,E)"", ""E(0,2)"", ""B(0,2,W)"", ""E(3,2)"", ""E(5,2)"", ""B(6,2,E)"", ""B(0,3,W)"", ""E(1,3)"", ""E(2,3)"", ""E(3,3)"", ""E(4,3)"", ""B(6,3,E)"", ""E(0,4)"", ""B(0,4,W)"", ""E(1,4)"", ""E(3,4)"", ""E(4,4)"", ""E(5,4)"", ""B(6,4,E)"", ""B(0,5,W)"", ""E(2,5)"", ""E(4,5)"", ""E(5,5)"", ""B(6,5,E)"", ""B(0,6,W)"", ""E(1,6)"", ""E(2,6)"", ""E(3,6)"", ""B(6,6,E)""]","[""B(3,0,S)"", ""N(4,0)"", ""N(0,1)"", ""N(5,1)"", ""N(2,4)"", ""N(4,5)""]","[""B(3,0,S)"", ""N(4,0)"", ""N(0,1)"", ""N(5,1)"", ""N(2,4)"", ""N(4,5)""]"
core,0.08,12,,,,,85,,1,,,,,59,62,0.9516129032258065,7,7,6,"[""B(6,4,E)"", ""E(5,5)"", ""B(6,5,E)""]","[""B(3,0,S)"", ""N(4,0)"", ""N(0,1)"", ""N(5,1)"", ""E(4,2)"", ""N(2,4)"", ""N(4,5)""]","[""B(3,0,S)"", ""N(4,0)"", ""N(0,1)"", ""N(5,1)"", ""E(4,2)"", ""N(2,4)"", ""N(4,5)""]"
core,0.08,12,,,,,,0.03,1,,0,,,62,62,1.0,7,7,6,[],"[""B(3,0,S)"", ""N(0,1)"", ""N(5,1)"", ""E(4,2)"", ""E(0,3)"", ""E(5,3)"", ""N(4,5)""]","[""B(3,0,S)"", ""N(0,1)"", ""N(5,1)"", ""E(4,2)"", ""E(0,3)"", ""E(5,3)"", ""N(4,5)""]"
core,0.08,12,,,,,,0.03,1,0.01,0,,,62,62,1.0,5,5,4,[],"[""B(3,0,S)"", ""N(5,1)"", ""E(4,2)"", ""E(0,3)"", ""N(4,5)""]","[""B(3,0,S)"", ""N(5,1)"", ""E(4,2)"", ""E(0,3)"", ""N(4,5)""]"
core,0.08,12,,,,,,0.03,1,0.02,0,,,62,62,1.0,6,6,5,[],"[""B(3,0,S)"", ""N(0,1)"", ""N(5,1)"", ""E(4,2)"", ""E(0,3)"", ""N(4,5)""]","[""B(3,0,S)"", ""N(0,1)"", ""N(5,1)"", ""E(4,2)"", ""E(0,3)"", ""N(4,5)""]"
core,0.08,12,,,,,,0.03,1,0.04,0,,,62,62,1.0,7,7,6,[],"[""B(3,0,S)"", ""N(0,1)"", ""N(5,1)"", ""E(4,2)"", ""E(0,3)"", ""E(5,3)"", ""N(4,5)""]","[""B(3,0,S)"", ""N(0,1)"", ""N(5,1)"", ""E(4,2)"", ""E(0,3)"", ""E(5,3)"", ""N(4,5)""]"
core,0.08,12,,,,,,0.03,2,,0,,,62,62,1.0,7,7,6,[],"[""B(3,0,S)"", ""N(0,1)"", ""N(5,1)"", ""E(4,2)"", ""E(0,3)"", ""E(5,3)"", ""N(4,5)""]","[""B(3,0,S)"", ""N(0,1)"", ""N(5,1)"", ""E(4,2)"", ""E(0,3)"", ""E(5,3)"", ""N(4,5)""]"
core,0.08,12,,,,,,0.03,2,0.01,0,,,62,62,1.0,5,5,4,[],"[""B(3,0,S)"", ""N(5,1)"", ""E(4,2)"", ""E(0,3)"", ""N(4,5)""]","[""B(3,0,S)"", ""N(5,1)"", ""E(4,2)"", ""E(0,3)"", ""N(4,5)""]"
core,0.08,12,,,,,,0.03,2,0.02,0,,,62,62,1.0,6,6,5,[],"[""B(3,0,S)"", ""N(0,1)"", ""N(5,1)"", ""E(4,2)"", ""E(0,3)"", ""N(4,5)""]","[""B(3,0,S)"", ""N(0,1)"", ""N(5,1)"", ""E(4,2)"", ""E(0,3)"", ""N(4,5)""]"
core,0.08,12,,,,,,0.03,2,0.04,0,,,62,62,1.0,7,7,6,[],"[""B(3,0,S)"", ""N(0,1)"", ""N(5,1)"", ""E(4,2)"", ""E(0,3)"", ""E(5,3)"", ""N(4,5)""]","[""B(3,0,S)"", ""N(0,1)"", ""N(5,1)"", ""E(4,2)"", ""E(0,3)"", ""E(5,3)"", ""N(4,5)""]"
core,0.08,12,,,,,,0.03,3,,0,,,62,62,1.0,4,4,4,[],"[""N(5,1)"", ""E(4,2)"", ""E(0,3)"", ""N(4,5)""]","[""N(5,1)"", ""E(4,2)"", ""E(0,3)"", ""N(4,5)""]"
core,0.08,12,,,,,,0.03,3,0.01,0,,,62,62,1.0,2,2,2,[],"[""N(5,1)"", ""E(4,2)""]","[""N(5,1)"", ""E(4,2)""]"
core,0.08,12,,,,,,0.03,3,0.02,0,,,62,62,1.0,3,3,3,[],"[""N(5,1)"", ""E(4,2)"", ""N(4,5)""]","[""N(5,1)"", ""E(4,2)"", ""N(4,5)""]"
core,0.08,12,,,,,,0.03,3,0.04,0,,,62,62,1.0,4,4,4,[],"[""N(5,1)"", ""E(4,2)"", ""E(0,3)"", ""N(4,5)""]","[""N(5,1)"", ""E(4,2)"", ""E(0,3)"", ""N(4,5)""]"
core,0.08,12,,,,,,0.08,1,,0,,,62,62,1.0,9,9,8,[],"[""B(3,0,S)"", ""N(4,0)"", ""N(0,1)"", ""N(5,1)"", ""E(4,2)"", ""E(0,3)"", ""E(5,3)"", ""N(2,4)"", ""N(4,5)""]","[""B(3,0,S)"", ""N(4,0)"", ""N(0,1)"", ""N(5,1)"", ""E(4,2)"", ""E(0,3)"", ""E(5,3)"", ""N(2,4)"", ""N(4,5)""]"
core,0.08,12,,,,,,0.08,1,0.01,0,,,62,62,1.0,7,7,6,[],"[""B(3,0,S)"", ""N(4,0)"", ""N(5,1)"", ""E(4,2)"", ""E(0,3)"", ""N(2,4)"", ""N(4,5)""]","[""B(3,0,S)"", ""N(4,0)"", ""N(5,1)"", ""E(4,2)"", ""E(0,3)"", ""N(2,4)"", ""N(4,5)""]"
core,0.08,12,,,,,,0.08,1,0.02,0,,,62,62,1.0,8,8,7,[],"[""B(3,0,S)"", ""N(4,0)"", ""N(0,1)"", ""N(5,1)"", ""E(4,2)"", ""E(0,3)"", ""N(2,4)"", ""N(4,5)""]","[""B(3,0,S)"", ""N(4,0)"", ""N(0,1)"", ""N(5,1)"", ""E(4,2)"", ""E(0,3)"", ""N(2,4)"", ""N(4,5)""]"
core,0.08,12,,,,,,0.08,1,0.04,0,,,62,62,1.0,9,9,8,[],"[""B(3,0,S)"", ""N(4,0)"", ""N(0,1)"", ""N(5,1)"", ""E(4,2)"", ""E(0,3)"", ""E(5,3)"", ""N(2,4)"", ""N(4,5)""]","[""B(3,0,S)"", ""N(4,0)"", ""N(0,1)"", ""N(5,1)"", ""E(4,2)"", ""E(0,3)"", ""E(5,3)"", ""N(2,4)"", ""N(4,5)""]"
core,0.08,12,,,,,,0.08,2,,0,,,62,62,1.0,9,9,8,[],"[""B(3,0,S)"", ""N(4,0)"", ""N(0,1)"", ""N(5,1)"", ""E(4,2)"", ""E(0,3)"", ""E(5,3)"", ""N(2,4)"", ""N(4,5)""]","[""B(3,0,S)"", ""N(4,0)"", ""N(0,1)"", ""N(5,1)"", ""E(4,2)"", ""E(0,3)"", ""E(5,3)"", ""N(2,4)"", ""N(4,5)""]"
core,0.08,12,,,,,,0.08,2,0.01,0,,,62,62,1.0,7,7,6,[],"[""B(3,0,S)"", ""N(4,0)"", ""N(5,1)"", ""E(4,2)"", ""E(0,3)"", ""N(2,4)"", ""N(4,5)""]","[""B(3,0,S)"", ""N(4,0)"", ""N(5,1)"", ""E(4,2)"", ""E(0,3)"", ""N(2,4)"", ""N(4,5)""]"
core,0.08,12,,,,,,0.08,2,0.02,0,,,62,62,1.0,8,8,7,[],"[""B(3,0,S)"", ""N(4,0)"", ""N(0,1)"", ""N(5,1)"", ""E(4,2)"", ""E(0,3)"", ""N(2,4)"", ""N(4,5)""]","[""B(3,0,S)"", ""N(4,0)"", ""N(0,1)"", ""N(5,1)"", ""E(4,2)"", ""E(0,3)"", ""N(2,4)"", ""N(4,5)""]"
core,0.08,12,,,,,,0.08,2,0.04,0,,,62,62,1.0,9,9,8,[],"[""B(3,0,S)"", ""N(4,0)"", ""N(0,1)"", ""N(5,1)"", ""E(4,2)"", ""E(0,3)"", ""E(5,3)"", ""N(2,4)"", ""N(4,5)""]","[""B(3,0,S)"", ""N(4,0)"", ""N(0,1)"", ""N(5,1)"", ""E(4,2)"", ""E(0,3)"", ""E(5,3)"", ""N(2,4)"", ""N(4,5)""]"
core,0.08,12,,,,,,0.08,3,,0,,,62,62,1.0,5,5,4,[],"[""B(3,0,S)"", ""N(5,1)"", ""E(4,2)"", ""E(0,3)"", ""N(4,5)""]","[""B(3,0,S)"", ""N(5,1)"", ""E(4,2)"", ""E(0,3)"", ""N(4,5)""]"
core,0.08,12,,,,,,0.08,3,0.01,0,,,62,62,1.0,4,4,3,[],"[""B(3,0,S)"", ""N(5,1)"", ""E(4,2)"", ""N(4,5)""]","[""B(3,0,S)"", ""N(5,1)"", ""E(4,2)"", ""N(4,5)""]"
core,0.08,12,,,,,,0.08,3,0.02,0,,,62,62,1.0,4,4,3,[],"[""B(3,0,S)"", ""N(5,1)"", ""E(4,2)"", ""N(4,5)""]","[""B(3,0,S)"", ""N(5,1)"", ""E(4,2)"", ""N(4,5)""]"
core,0.08,12,,,,,,0.08,3,0.04,0,,,62,62,1.0,5,5,4,[],"[""B(3,0,S)"", ""N(5,1)"", ""E(4,2)"", ""E(0,3)"", ""N(4,5)""]","[""B(3,0,S)"", ""N(5,1)"", ""E(4,2)"", ""E(0,3)"", ""N(4,5)""]"
core,0.08,12,,,,,,,1,,0,,,62,62,1.0,10,10,9,[],"[""B(3,0,S)"", ""N(4,0)"", ""N(0,1)"", ""N(5,1)"", ""E(4,2)"", ""E(0,3)"", ""E(5,3)"", ""N(2,4)"", ""E(3,5)"", ""N(4,5)""]","[""B(3,0,S)"", ""N(4,0)"", ""N(0,1)"", ""N(5,1)"", ""E(4,2)"", ""E(0,3)"", ""E(5,3)"", ""N(2,4)"", ""E(3,5)"", ""N(4,5)""]"
core,0.08,12,,,,,,,1,0.01,0,,,62,62,1.0,8,8,7,[],"[""B(3,0,S)"", ""N(4,0)"", ""N(5,1)"", ""E(4,2)"", ""E(0,3)"", ""N(2,4)"", ""E(3,5)"", ""N(4,5)""]","[""B(3,0,S)"", ""N(4,0)"", ""N(5,1)"", ""E(4,2)"", ""E(0,3)"", ""N(2,4)"", ""E(3,5)"", ""N(4,5)""]"
core,0.08,12,,,,,,,1,0.02,0,,,62,62,1.0,9,9,8,[],"[""B(3,0,S)"", ""N(4,0)"", ""N(0,1)"", ""N(5,1)"", ""E(4,2)"", ""E(0,3)"", ""N(2,4)"", ""E(3,5)"", ""N(4,5)""]","[""B(3,0,S)"", ""N(4,0)"", ""N(0,1)"", ""N(5,1)"", ""E(4,2)"", ""E(0,3)"", ""N(2,4)"", ""E(3,5)"", ""N(4,5)""]"
core,0.08,12,,,,,,,1,0.04,0,,,62,62,1.0,10,10,9,[],"[""B(3,0,S)"", ""N(4,0)"", ""N(0,1)"", ""N(5,1)"", ""E(4,2)"", ""E(0,3)"", ""E(5,3)"", ""N(2,4)"", ""E(3,5)"", ""N(4,5)""]","[""B(3,0,S)"", ""N(4,0)"", ""N(0,1)"", ""N(5,1)"", ""E(4,2)"", ""E(0,3)"", ""E(5,3)"", ""N(2,4)"", ""E(3,5)"", ""N(4,5)""]"
core,0.08,12,,,,,,,2,,0,,,62,62,1.0,10,10,9,[],"[""B(3,0,S)"", ""N(4,0)"", ""N(0,1)"", ""N(5,1)"", ""E(4,2)"", ""E(0,3)"", ""E(5,3)"", ""N(2,4)"", ""E(3,5)"", ""N(4,5)""]","[""B(3,0,S)"", ""N(4,0)"", ""N(0,1)"", ""N(5,1)"", ""E(4,2)"", ""E(0,3)"", ""E(5,3)"", ""N(2,4)"", ""E(3,5)"", ""N(4,5)""]"
core,0.08,12,,,,,,,2,0.01,0,,,62,62,1.0,8,8,7,[],"[""B(3,0,S)"", ""N(4,0)"", ""N(5,1)"", ""E(4,2)"", ""E(0,3)"", ""N(2,4)"", ""E(3,5)"", ""N(4,5)""]","[""B(3,0,S)"", ""N(4,0)"", ""N(5,1)"", ""E(4,2)"", ""E(0,3)"", ""N(2,4)"", ""E(3,5)"", ""N(4,5)""]"
core,0.08,12,,,,,,,2,0.02,0,,,62,62,1.0,9,9,8,[],"[""B(3,0,S)"", ""N(4,0)"", ""N(0,1)"", ""N(5,1)"", ""E(4,2)"", ""E(0,3)"", ""N(2,4)"", ""E(3,5)"", ""N(4,5)""]","[""B(3,0,S)"", ""N(4,0)"", ""N(0,1)"", ""N(5,1)"", ""E(4,2)"", ""E(0,3)"", ""N(2,4)"", ""E(3,5)"", ""N(4,5)""]"
core,0.08,12,,,,,,,2,0.04,0,,,62,62,1.0,10,10,9,[],"[""B(3,0,S)"", ""N(4,0)"", ""N(0,1)"", ""N(5,1)"", ""E(4,2)"", ""E(0,3)"", ""E(5,3)"", ""N(2,4)"", ""E(3,5)"", ""N(4,5)""]","[""B(3,0,S)"", ""N(4,0)"", ""N(0,1)"", ""N(5,1)"", ""E(4,2)"", ""E(0,3)"", ""E(5,3)"", ""N(2,4)"", ""E(3,5)"", ""N(4,5)""]"
core,0.08,12,,,,,,,3,,0,,,62,62,1.0,5,5,4,[],"[""B(3,0,S)"", ""N(5,1)"", ""E(4,2)"", ""E(0,3)"", ""N(4,5)""]","[""B(3,0,S)"", ""N(5,1)"", ""E(4,2)"", ""E(0,3)"", ""N(4,5)""]"
core,0.08,12,,,,,,,3,0.01,0,,,62,62,1.0,4,4,3,[],"[""B(3,0,S)"", ""N(5,1)"", ""E(4,2)"", ""N(4,5)""]","[""B(3,0,S)"", ""N(5,1)"", ""E(4,2)"", ""N(4,5)""]"
core,0.08,12,,,,,,,3,0.02,0,,,62,62,1.0,4,4,3,[],"[""B(3,0,S)"", ""N(5,1)"", ""E(4,2)"", ""N(4,5)""]","[""B(3,0,S)"", ""N(5,1)"", ""E(4,2)"", ""N(4,5)""]"
core,0.08,12,,,,,,,3,0.04,0,,,62,62,1.0,5,5,4,[],"[""B(3,0,S)"", ""N(5,1)"", ""E(4,2)"", ""E(0,3)"", ""N(4,5)""]","[""B(3,0,S)"", ""N(5,1)"", ""E(4,2)"", ""E(0,3)"", ""N(4,5)""]"
targeted_span_view,0.08,,,,,,,,0,,0,,,62,62,1.0,14,14,12,[],"[""B(0,0,W)"", ""B(3,0,S)"", ""E(3,0)"", ""N(4,0)"", ""N(6,0)"", ""N(0,1)"", ""N(5,1)"", ""E(4,2)"", ""E(0,3)"", ""E(5,3)"", ""N(2,4)"", ""N(0,5)"", ""E(3,5)"", ""N(4,5)""]","[""B(0,0,W)"", ""B(3,0,S)"", ""E(3,0)"", ""N(4,0)"", ""N(6,0)"", ""N(0,1)"", ""N(5,1)"", ""E(4,2)"", ""E(0,3)"", ""E(5,3)"", ""N(2,4)"", ""N(0,5)"", ""E(3,5)"", ""N(4,5)""]"
targeted_span_view,0.08,,,,,,,,2,,0,,,62,62,1.0,10,10,9,[],"[""B(3,0,S)"", ""N(4,0)"", ""N(0,1)"", ""N(5,1)"", ""E(4,2)"", ""E(0,3)"", ""E(5,3)"", ""N(2,4)"", ""E(3,5)"", ""N(4,5)""]","[""B(3,0,S)"", ""N(4,0)"", ""N(0,1)"", ""N(5,1)"", ""E(4,2)"", ""E(0,3)"", ""E(5,3)"", ""N(2,4)"", ""E(3,5)"", ""N(4,5)""]"
targeted_span_view,0.08,,,,,,,,3,,0,,,62,62,1.0,5,5,4,[],"[""B(3,0,S)"", ""N(5,1)"", ""E(4,2)"", ""E(0,3)"", ""N(4,5)""]","[""B(3,0,S)"", ""N(5,1)"", ""E(4,2)"", ""E(0,3)"", ""N(4,5)""]"
targeted_span_view,0.08,,,,,,,,4,,0,,,62,62,1.0,3,3,2,[],"[""B(3,0,S)"", ""E(4,2)"", ""N(4,5)""]","[""B(3,0,S)"", ""E(4,2)"", ""N(4,5)""]"
targeted_span_view,0.08,,,,,,,,5,,0,,,60,62,0.967741935483871,1,1,1,"[""E(5,5)"", ""B(1,6,N)""]","[""N(4,5)""]","[""N(4,5)""]"
targeted_span_view,0.08,,,,,,,,6,,0,,,54,62,0.8709677419354839,0,0,0,"[""B(0,0,S)"", ""N(5,5)"", ""E(5,5)"", ""B(6,5,E)"", ""B(0,6,N)"", ""B(1,6,N)"", ""B(3,6,N)"", ""B(6,6,E)""]",[],[]
targeted_span_view,0.1,,,,,,,,0,,0,,,62,62,1.0,8,8,6,[],"[""B(0,0,W)"", ""B(3,0,S)"", ""E(3,0)"", ""N(6,0)"", ""N(0,1)"", ""E(4,2)"", ""E(3,5)"", ""N(4,5)""]","[""B(0,0,W)"", ""B(3,0,S)"", ""E(3,0)"", ""N(6,0)"", ""N(0,1)"", ""E(4,2)"", ""E(3,5)"", ""N(4,5)""]"
targeted_span_view,0.1,,,,,,,,2,,0,,,62,62,1.0,3,3,2,[],"[""B(3,0,S)"", ""E(4,2)"", ""N(4,5)""]","[""B(3,0,S)"", ""E(4,2)"", ""N(4,5)""]"
targeted_span_view,0.1,,,,,,,,3,,0,,,62,62,1.0,1,1,1,[],"[""N(4,5)""]","[""N(4,5)""]"
targeted_span_view,0.1,,,,,,,,4,,0,,,62,62,1.0,1,1,1,[],"[""N(4,5)""]","[""N(4,5)""]"
targeted_span_view,0.1,,,,,,,,5,,0,,,60,62,0.967741935483871,0,0,0,"[""E(5,5)"", ""B(1,6,N)""]",[],[]
targeted_span_view,0.1,,,,,,,,6,,0,,,52,62,0.8387096774193549,0,0,0,"[""B(0,0,S)"", ""B(5,0,S)"", ""B(0,2,W)"", ""N(5,5)"", ""E(5,5)"", ""B(6,5,E)"", ""B(0,6,N)"", ""B(1,6,N)"", ""B(3,6,N)"", ""B(6,6,E)""]",[],[]
targeted_span_view,0.12,,,,,,,,0,,0,,,62,62,1.0,3,3,2,[],"[""B(0,0,W)"", ""N(6,0)"", ""N(4,5)""]","[""B(0,0,W)"", ""N(6,0)"", ""N(4,5)""]"
targeted_span_view,0.12,,,,,,,,2,,0,,,62,62,1.0,1,1,1,[],"[""N(4,5)""]","[""N(4,5)""]"
targeted_span_view,0.12,,,,,,,,3,,0,,,62,62,1.0,1,1,1,[],"[""N(4,5)""]","[""N(4,5)""]"
targeted_span_view,0.12,,,,,,,,4,,0,,,62,62,1.0,1,1,1,[],"[""N(4,5)""]","[""N(4,5)""]"
targeted_span_view,0.12,,,,,,,,5,,0,,,60,62,0.967741935483871,0,0,0,"[""E(5,5)"", ""B(1,6,N)""]",[],[]
targeted_span_view,0.12,,,,,,,,6,,0,,,52,62,0.8387096774193549,0,0,0,"[""B(0,0,S)"", ""B(5,0,S)"", ""B(0,2,W)"", ""N(5,5)"", ""E(5,5)"", ""B(6,5,E)"", ""B(0,6,N)"", ""B(1,6,N)"", ""B(3,6,N)"", ""B(6,6,E)""]",[],[]
targeted_span_view,0.15,,,,,,,,0,,0,,,62,62,1.0,1,1,1,[],"[""N(4,5)""]","[""N(4,5)""]"
targeted_span_view,0.15,,,,,,,,2,,0,,,62,62,1.0,1,1,1,[],"[""N(4,5)""]","[""N(4,5)""]"
targeted_span_view,0.15,,,,,,,,3,,0,,,62,62,1.0,1,1,1,[],"[""N(4,5)""]","[""N(4,5)""]"
targeted_span_view,0.15,,,,,,,,4,,0,,,61,62,0.9838709677419355,1,1,1,"[""B(6,5,E)""]","[""N(4,5)""]","[""N(4,5)""]"
targeted_span_view,0.15,,,,,,,,5,,0,,,59,62,0.9516129032258065,0,0,0,"[""E(5,5)"", ""B(6,5,E)"", ""B(1,6,N)""]",[],[]
targeted_span_view,0.15,,,,,,,,6,,0,,,52,62,0.8387096774193549,0,0,0,"[""B(0,0,S)"", ""B(5,0,S)"", ""N(5,5)"", ""E(5,5)"", ""B(6,5,E)"", ""B(0,6,N)"", ""B(1,6,N)"", ""B(2,6,N)"", ""B(3,6,N)"", ""B(6,6,E)""]",[],[]
targeted_span_view,0.18,,,,,,,,0,,0,,,62,62,1.0,1,1,1,[],"[""N(4,5)""]","[""N(4,5)""]"
targeted_span_view,0.18,,,,,,,,2,,0,,,62,62,1.0,0,0,0,[],[],[]
targeted_span_view,0.18,,,,,,,,3,,0,,,62,62,1.0,0,0,0,[],[],[]
targeted_span_view,0.18,,,,,,,,4,,0,,,61,62,0.9838709677419355,0,0,0,"[""B(6,5,E)""]",[],[]
targeted_span_view,0.18,,,,,,,,5,,0,,,57,62,0.9193548387096774,0,0,0,"[""B(5,0,S)"", ""E(5,5)"", ""B(6,5,E)"", ""B(1,6,N)"", ""B(3,6,N)""]",[],[]
targeted_span_view,0.18,,,,,,,,6,,0,,,51,62,0.8225806451612904,0,0,0,"[""B(0,0,S)"", ""B(5,0,S)"", ""B(0,2,W)"", ""N(5,5)"", ""E(5,5)"", ""B(6,5,E)"", ""B(0,6,N)"", ""B(1,6,N)"", ""B(2,6,N)"", ""B(3,6,N)"", ""B(6,6,E)""]",[],[]
targeted_span_view,0.2,,,,,,,,0,,0,,,62,62,1.0,1,1,1,[],"[""N(4,5)""]","[""N(4,5)""]"
targeted_span_view,0.2,,,,,,,,2,,0,,,62,62,1.0,0,0,0,[],[],[]
targeted_span_view,0.2,,,,,,,,3,,0,,,62,62,1.0,0,0,0,[],[],[]
targeted_span_view,0.2,,,,,,,,4,,0,,,61,62,0.9838709677419355,0,0,0,"[""B(6,5,E)""]",[],[]
targeted_span_view,0.2,,,,,,,,5,,0,,,57,62,0.9193548387096774,0,0,0,"[""B(5,0,S)"", ""E(5,5)"", ""B(6,5,E)"", ""B(1,6,N)"", ""B(3,6,N)""]",[],[]
targeted_span_view,0.2,,,,,,,,6,,0,,,51,62,0.8225806451612904,0,0,0,"[""B(0,0,S)"", ""B(5,0,S)"", ""B(0,2,W)"", ""N(5,5)"", ""E(5,5)"", ""B(6,5,E)"", ""B(0,6,N)"", ""B(1,6,N)"", ""B(2,6,N)"", ""B(3,6,N)"", ""B(6,6,E)""]",[],[]
targeted_span_view,0.25,,,,,,,,0,,0,,,62,62,1.0,0,0,0,[],[],[]
targeted_span_view,0.25,,,,,,,,2,,0,,,62,62,1.0,0,0,0,[],[],[]
targeted_span_view,0.25,,,,,,,,3,,0,,,62,62,1.0,0,0,0,[],[],[]
targeted_span_view,0.25,,,,,,,,4,,0,,,60,62,0.967741935483871,0,0,0,"[""B(6,5,E)"", ""B(3,6,N)""]",[],[]
targeted_span_view,0.25,,,,,,,,5,,0,,,55,62,0.8870967741935484,0,0,0,"[""B(0,0,S)"", ""B(5,0,S)"", ""B(0,2,W)"", ""E(5,5)"", ""B(6,5,E)"", ""B(1,6,N)"", ""B(3,6,N)""]",[],[]
targeted_span_view,0.25,,,,,,,,6,,0,,,49,62,0.7903225806451613,0,0,0,"[""B(0,0,S)"", ""B(5,0,S)"", ""B(0,2,W)"", ""B(0,3,W)"", ""N(5,5)"", ""E(5,5)"", ""B(6,5,E)"", ""B(0,6,N)"", ""B(1,6,N)"", ""B(2,6,N)"", ""B(3,6,N)"", ""B(6,6,N)"", ""B(6,6,E)""]",[],[]
targeted_span_view,0.3,,,,,,,,0,,0,,,62,62,1.0,0,0,0,[],[],[]
targeted_span_view,0.3,,,,,,,,2,,0,,,62,62,1.0,0,0,0,[],[],[]
targeted_span_view,0.3,,,,,,,,3,,0,,,62,62,1.0,0,0,0,[],[],[]
targeted_span_view,0.3,,,,,,,,4,,0,,,59,62,0.9516129032258065,0,0,0,"[""B(0,0,S)"", ""B(6,5,E)"", ""B(3,6,N)""]",[],[]
targeted_span_view,0.3,,,,,,,,5,,0,,,53,62,0.8548387096774194,0,0,0,"[""B(0,0,S)"", ""B(5,0,S)"", ""B(0,2,W)"", ""E(5,5)"", ""B(6,5,E)"", ""B(0,6,N)"", ""B(1,6,N)"", ""B(3,6,N)"", ""B(6,6,E)""]",[],[]
targeted_span_view,0.3,,,,,,,,6,,0,,,48,62,0.7741935483870968,0,0,0,"[""B(0,0,S)"", ""B(5,0,S)"", ""B(0,2,W)"", ""B(0,3,W)"", ""E(5,4)"", ""N(5,5)"", ""E(5,5)"", ""B(6,5,E)"", ""B(0,6,N)"", ""B(1,6,N)"", ""B(2,6,N)"", ""B(3,6,N)"", ""B(6,6,N)"", ""B(6,6,E)""]",[],[]
contiguous_roi,0.08,,2,6,0.08,,,,0,,0,,,62,62,1.0,8,8,7,[],"[""B(0,0,W)"", ""N(6,0)"", ""N(5,1)"", ""E(4,2)"", ""E(0,3)"", ""N(2,4)"", ""E(3,5)"", ""N(4,5)""]","[""B(0,0,W)"", ""N(6,0)"", ""N(5,1)"", ""E(4,2)"", ""E(0,3)"", ""N(2,4)"", ""E(3,5)"", ""N(4,5)""]"
contiguous_roi,0.08,,2,6,0.08,,,,2,,0,,,62,62,1.0,4,4,4,[],"[""E(0,3)"", ""N(2,4)"", ""E(3,5)"", ""N(4,5)""]","[""E(0,3)"", ""N(2,4)"", ""E(3,5)"", ""N(4,5)""]"
contiguous_roi,0.08,,2,6,0.12,,,,0,,0,,,62,62,1.0,3,3,2,[],"[""B(0,0,W)"", ""N(6,0)"", ""N(4,5)""]","[""B(0,0,W)"", ""N(6,0)"", ""N(4,5)""]"
contiguous_roi,0.08,,2,6,0.12,,,,2,,0,,,62,62,1.0,0,0,0,[],[],[]
contiguous_roi,0.08,,2,6,0.15,,,,0,,0,,,62,62,1.0,1,1,0,[],"[""B(0,0,W)""]","[""B(0,0,W)""]"
contiguous_roi,0.08,,2,6,0.15,,,,2,,0,,,62,62,1.0,0,0,0,[],[],[]
contiguous_roi,0.08,,2,6,0.18,,,,0,,0,,,62,62,1.0,0,0,0,[],[],[]
contiguous_roi,0.08,,2,6,0.18,,,,2,,0,,,62,62,1.0,0,0,0,[],[],[]
contiguous_roi,0.08,,3,6,0.08,,,,0,,0,,,62,62,1.0,10,10,9,[],"[""B(0,0,W)"", ""N(6,0)"", ""N(0,1)"", ""N(5,1)"", ""E(4,2)"", ""E(0,3)"", ""E(5,3)"", ""N(2,4)"", ""E(3,5)"", ""N(4,5)""]","[""B(0,0,W)"", ""N(6,0)"", ""N(0,1)"", ""N(5,1)"", ""E(4,2)"", ""E(0,3)"", ""E(5,3)"", ""N(2,4)"", ""E(3,5)"", ""N(4,5)""]"
contiguous_roi,0.08,,3,6,0.08,,,,2,,0,,,62,62,1.0,6,6,6,[],"[""N(0,1)"", ""E(0,3)"", ""E(5,3)"", ""N(2,4)"", ""E(3,5)"", ""N(4,5)""]","[""N(0,1)"", ""E(0,3)"", ""E(5,3)"", ""N(2,4)"", ""E(3,5)"", ""N(4,5)""]"
contiguous_roi,0.08,,3,6,0.12,,,,0,,0,,,62,62,1.0,3,3,2,[],"[""B(0,0,W)"", ""N(6,0)"", ""N(4,5)""]","[""B(0,0,W)"", ""N(6,0)"", ""N(4,5)""]"
contiguous_roi,0.08,,3,6,0.12,,,,2,,0,,,62,62,1.0,1,1,1,[],"[""N(4,5)""]","[""N(4,5)""]"
contiguous_roi,0.08,,3,6,0.15,,,,0,,0,,,62,62,1.0,1,1,0,[],"[""B(0,0,W)""]","[""B(0,0,W)""]"
contiguous_roi,0.08,,3,6,0.15,,,,2,,0,,,62,62,1.0,0,0,0,[],[],[]
contiguous_roi,0.08,,3,6,0.18,,,,0,,0,,,62,62,1.0,0,0,0,[],[],[]
contiguous_roi,0.08,,3,6,0.18,,,,2,,0,,,62,62,1.0,0,0,0,[],[],[]
contiguous_roi,0.08,,5,6,0.08,,,,0,,0,,,62,62,1.0,11,11,10,[],"[""B(0,0,W)"", ""N(6,0)"", ""N(0,1)"", ""N(5,1)"", ""E(4,2)"", ""E(0,3)"", ""E(5,3)"", ""N(2,4)"", ""N(0,5)"", ""E(3,5)"", ""N(4,5)""]","[""B(0,0,W)"", ""N(6,0)"", ""N(0,1)"", ""N(5,1)"", ""E(4,2)"", ""E(0,3)"", ""E(5,3)"", ""N(2,4)"", ""N(0,5)"", ""E(3,5)"", ""N(4,5)""]"
contiguous_roi,0.08,,5,6,0.08,,,,2,,0,,,62,62,1.0,7,7,7,[],"[""N(0,1)"", ""N(5,1)"", ""E(0,3)"", ""E(5,3)"", ""N(2,4)"", ""E(3,5)"", ""N(4,5)""]","[""N(0,1)"", ""N(5,1)"", ""E(0,3)"", ""E(5,3)"", ""N(2,4)"", ""E(3,5)"", ""N(4,5)""]"
contiguous_roi,0.08,,5,6,0.12,,,,0,,0,,,62,62,1.0,3,3,2,[],"[""B(0,0,W)"", ""N(6,0)"", ""N(4,5)""]","[""B(0,0,W)"", ""N(6,0)"", ""N(4,5)""]"
contiguous_roi,0.08,,5,6,0.12,,,,2,,0,,,62,62,1.0,1,1,1,[],"[""N(4,5)""]","[""N(4,5)""]"
contiguous_roi,0.08,,5,6,0.15,,,,0,,0,,,62,62,1.0,2,2,1,[],"[""B(0,0,W)"", ""N(4,5)""]","[""B(0,0,W)"", ""N(4,5)""]"
contiguous_roi,0.08,,5,6,0.15,,,,2,,0,,,62,62,1.0,1,1,1,[],"[""N(4,5)""]","[""N(4,5)""]"
contiguous_roi,0.08,,5,6,0.18,,,,0,,0,,,62,62,1.0,0,0,0,[],[],[]
contiguous_roi,0.08,,5,6,0.18,,,,2,,0,,,62,62,1.0,0,0,0,[],[],[]
temporal,0.08,2,,,,,,,1,,2,0.05,0.08726646259971647,62,62,1.0,3,3,3,[],"[""N(6,0)"", ""E(4,2)"", ""N(4,5)""]","[""N(6,0)"", ""E(4,2)"", ""N(4,5)""]"
temporal,0.08,2,,,,,,,1,,2,0.05,0.17453292519943295,62,62,1.0,3,3,3,[],"[""N(6,0)"", ""E(4,2)"", ""N(4,5)""]","[""N(6,0)"", ""E(4,2)"", ""N(4,5)""]"
temporal,0.08,2,,,,,,,1,,2,0.05,0.3490658503988659,62,62,1.0,3,3,3,[],"[""N(6,0)"", ""E(4,2)"", ""N(4,5)""]","[""N(6,0)"", ""E(4,2)"", ""N(4,5)""]"
temporal,0.08,2,,,,,,,1,,2,0.1,0.08726646259971647,62,62,1.0,3,3,3,[],"[""N(6,0)"", ""E(4,2)"", ""N(4,5)""]","[""N(6,0)"", ""E(4,2)"", ""N(4,5)""]"
temporal,0.08,2,,,,,,,1,,2,0.1,0.17453292519943295,62,62,1.0,3,3,3,[],"[""N(6,0)"", ""E(4,2)"", ""N(4,5)""]","[""N(6,0)"", ""E(4,2)"", ""N(4,5)""]"
temporal,0.08,2,,,,,,,1,,2,0.1,0.3490658503988659,62,62,1.0,3,3,3,[],"[""N(6,0)"", ""E(4,2)"", ""N(4,5)""]","[""N(6,0)"", ""E(4,2)"", ""N(4,5)""]"
temporal,0.08,2,,,,,,,1,,2,0.2,0.08726646259971647,62,62,1.0,1,1,1,[],"[""N(4,5)""]","[""N(4,5)""]"
temporal,0.08,2,,,,,,,1,,2,0.2,0.17453292519943295,62,62,1.0,1,1,1,[],"[""N(4,5)""]","[""N(4,5)""]"
temporal,0.08,2,,,,,,,1,,2,0.2,0.3490658503988659,62,62,1.0,1,1,1,[],"[""N(4,5)""]","[""N(4,5)""]"
temporal,0.08,2,,,,,,,1,,3,0.05,0.08726646259971647,62,62,1.0,2,2,2,[],"[""N(6,0)"", ""E(4,2)""]","[""N(6,0)"", ""E(4,2)""]"
temporal,0.08,2,,,,,,,1,,3,0.05,0.17453292519943295,62,62,1.0,2,2,2,[],"[""N(6,0)"", ""E(4,2)""]","[""N(6,0)"", ""E(4,2)""]"
temporal,0.08,2,,,,,,,1,,3,0.05,0.3490658503988659,62,62,1.0,2,2,2,[],"[""N(6,0)"", ""E(4,2)""]","[""N(6,0)"", ""E(4,2)""]"
temporal,0.08,2,,,,,,,1,,3,0.1,0.08726646259971647,62,62,1.0,0,0,0,[],[],[]
temporal,0.08,2,,,,,,,1,,3,0.1,0.17453292519943295,62,62,1.0,0,0,0,[],[],[]
temporal,0.08,2,,,,,,,1,,3,0.1,0.3490658503988659,62,62,1.0,0,0,0,[],[],[]
temporal,0.08,2,,,,,,,1,,3,0.2,0.08726646259971647,62,62,1.0,0,0,0,[],[],[]
temporal,0.08,2,,,,,,,1,,3,0.2,0.17453292519943295,62,62,1.0,0,0,0,[],[],[]
temporal,0.08,2,,,,,,,1,,3,0.2,0.3490658503988659,62,62,1.0,0,0,0,[],[],[]
