sweep_kind,min_span_m,roi_half_width_cm,contiguous_roi_half_width_cm,min_contiguous_support_points,min_contiguous_span_m,max_distance_m,max_grazing_deg,max_yaw_rate_rad_s,independent_view_confirmations,max_normal_mad_m,true_wall_confirmed,true_wall_total,true_wall_recall,open_final_soft_wall,open_ever_soft_wall,open_final_effective_wall,missed_true_wall_edges,false_final_edges,false_ever_edges
core,0.08,2,,,,0.25,,,1,,2,62,0.03225806451612903,0,0,0,"[""N(0,0)"", ""B(0,0,S)"", ""N(1,0)"", ""B(1,0,S)"", ""B(2,0,S)"", ""B(4,0,S)"", ""E(4,0)"", ""N(5,0)"", ""B(5,0,S)"", ""B(6,0,S)"", ""B(6,0,E)"", ""B(0,1,W)"", ""N(1,1)"", ""N(3,1)"", ""N(4,1)"", ""B(6,1,E)"", ""N(0,2)"", ""E(0,2)"", ""B(0,2,W)"", ""E(3,2)"", ""N(5,2)"", ""E(5,2)"", ""B(6,2,E)"", ""B(0,3,W)"", ""E(1,3)"", ""N(2,3)"", ""E(2,3)"", ""E(3,3)"", ""E(4,3)"", ""B(6,3,E)"", ""N(0,4)"", ""E(0,4)"", ""B(0,4,W)"", ""N(1,4)"", ""E(1,4)"", ""N(3,4)"", ""E(3,4)"", ""E(4,4)"", ""E(5,4)"", ""B(6,4,E)"", ""B(0,5,W)"", ""N(1,5)"", ""E(2,5)"", ""E(4,5)"", ""N(5,5)"", ""E(5,5)"", ""N(6,5)"", ""B(6,5,E)"", ""B(0,6,N)"", ""B(0,6,W)"", ""B(1,6,N)"", ""E(1,6)"", ""B(2,6,N)"", ""E(2,6)"", ""B(3,6,N)"", ""E(3,6)"", ""B(4,6,N)"", ""B(5,6,N)"", ""B(6,6,N)"", ""B(6,6,E)""]",[],[]
core,0.08,2,,,,0.25,10,,1,,1,62,0.016129032258064516,0,0,0,"[""N(0,0)"", ""B(0,0,S)"", ""N(1,0)"", ""B(1,0,S)"", ""B(2,0,S)"", ""B(4,0,S)"", ""E(4,0)"", ""N(5,0)"", ""B(5,0,S)"", ""B(6,0,S)"", ""B(6,0,E)"", ""B(0,1,W)"", ""N(1,1)"", ""N(3,1)"", ""E(3,1)"", ""N(4,1)"", ""B(6,1,E)"", ""N(0,2)"", ""E(0,2)"", ""B(0,2,W)"", ""E(3,2)"", ""N(5,2)"", ""E(5,2)"", ""B(6,2,E)"", ""B(0,3,W)"", ""E(1,3)"", ""N(2,3)"", ""E(2,3)"", ""E(3,3)"", ""E(4,3)"", ""B(6,3,E)"", ""N(0,4)"", ""E(0,4)"", ""B(0,4,W)"", ""N(1,4)"", ""E(1,4)"", ""N(3,4)"", ""E(3,4)"", ""E(4,4)"", ""E(5,4)"", ""B(6,4,E)"", ""B(0,5,W)"", ""N(1,5)"", ""E(2,5)"", ""E(4,5)"", ""N(5,5)"", ""E(5,5)"", ""N(6,5)"", ""B(6,5,E)"", ""B(0,6,N)"", ""B(0,6,W)"", ""B(1,6,N)"", ""E(1,6)"", ""B(2,6,N)"", ""E(2,6)"", ""B(3,6,N)"", ""E(3,6)"", ""B(4,6,N)"", ""B(5,6,N)"", ""B(6,6,N)"", ""B(6,6,E)""]",[],[]
core,0.08,2,,,,0.25,20,,1,,1,62,0.016129032258064516,0,0,0,"[""N(0,0)"", ""B(0,0,S)"", ""N(1,0)"", ""B(1,0,S)"", ""B(2,0,S)"", ""B(4,0,S)"", ""E(4,0)"", ""N(5,0)"", ""B(5,0,S)"", ""B(6,0,S)"", ""B(6,0,E)"", ""B(0,1,W)"", ""N(1,1)"", ""N(3,1)"", ""E(3,1)"", ""N(4,1)"", ""B(6,1,E)"", ""N(0,2)"", ""E(0,2)"", ""B(0,2,W)"", ""E(3,2)"", ""N(5,2)"", ""E(5,2)"", ""B(6,2,E)"", ""B(0,3,W)"", ""E(1,3)"", ""N(2,3)"", ""E(2,3)"", ""E(3,3)"", ""E(4,3)"", ""B(6,3,E)"", ""N(0,4)"", ""E(0,4)"", ""B(0,4,W)"", ""N(1,4)"", ""E(1,4)"", ""N(3,4)"", ""E(3,4)"", ""E(4,4)"", ""E(5,4)"", ""B(6,4,E)"", ""B(0,5,W)"", ""N(1,5)"", ""E(2,5)"", ""E(4,5)"", ""N(5,5)"", ""E(5,5)"", ""N(6,5)"", ""B(6,5,E)"", ""B(0,6,N)"", ""B(0,6,W)"", ""B(1,6,N)"", ""E(1,6)"", ""B(2,6,N)"", ""E(2,6)"", ""B(3,6,N)"", ""E(3,6)"", ""B(4,6,N)"", ""B(5,6,N)"", ""B(6,6,N)"", ""B(6,6,E)""]",[],[]
core,0.08,2,,,,0.25,35,,1,,1,62,0.016129032258064516,0,0,0,"[""N(0,0)"", ""B(0,0,S)"", ""N(1,0)"", ""B(1,0,S)"", ""B(2,0,S)"", ""B(4,0,S)"", ""E(4,0)"", ""N(5,0)"", ""B(5,0,S)"", ""B(6,0,S)"", ""B(6,0,E)"", ""B(0,1,W)"", ""N(1,1)"", ""N(3,1)"", ""E(3,1)"", ""N(4,1)"", ""B(6,1,E)"", ""N(0,2)"", ""E(0,2)"", ""B(0,2,W)"", ""E(3,2)"", ""N(5,2)"", ""E(5,2)"", ""B(6,2,E)"", ""B(0,3,W)"", ""E(1,3)"", ""N(2,3)"", ""E(2,3)"", ""E(3,3)"", ""E(4,3)"", ""B(6,3,E)"", ""N(0,4)"", ""E(0,4)"", ""B(0,4,W)"", ""N(1,4)"", ""E(1,4)"", ""N(3,4)"", ""E(3,4)"", ""E(4,4)"", ""E(5,4)"", ""B(6,4,E)"", ""B(0,5,W)"", ""N(1,5)"", ""E(2,5)"", ""E(4,5)"", ""N(5,5)"", ""E(5,5)"", ""N(6,5)"", ""B(6,5,E)"", ""B(0,6,N)"", ""B(0,6,W)"", ""B(1,6,N)"", ""E(1,6)"", ""B(2,6,N)"", ""E(2,6)"", ""B(3,6,N)"", ""E(3,6)"", ""B(4,6,N)"", ""B(5,6,N)"", ""B(6,6,N)"", ""B(6,6,E)""]",[],[]
core,0.08,2,,,,0.25,60,,1,,1,62,0.016129032258064516,0,0,0,"[""N(0,0)"", ""B(0,0,S)"", ""N(1,0)"", ""B(1,0,S)"", ""B(2,0,S)"", ""B(4,0,S)"", ""E(4,0)"", ""N(5,0)"", ""B(5,0,S)"", ""B(6,0,S)"", ""B(6,0,E)"", ""B(0,1,W)"", ""N(1,1)"", ""N(3,1)"", ""E(3,1)"", ""N(4,1)"", ""B(6,1,E)"", ""N(0,2)"", ""E(0,2)"", ""B(0,2,W)"", ""E(3,2)"", ""N(5,2)"", ""E(5,2)"", ""B(6,2,E)"", ""B(0,3,W)"", ""E(1,3)"", ""N(2,3)"", ""E(2,3)"", ""E(3,3)"", ""E(4,3)"", ""B(6,3,E)"", ""N(0,4)"", ""E(0,4)"", ""B(0,4,W)"", ""N(1,4)"", ""E(1,4)"", ""N(3,4)"", ""E(3,4)"", ""E(4,4)"", ""E(5,4)"", ""B(6,4,E)"", ""B(0,5,W)"", ""N(1,5)"", ""E(2,5)"", ""E(4,5)"", ""N(5,5)"", ""E(5,5)"", ""N(6,5)"", ""B(6,5,E)"", ""B(0,6,N)"", ""B(0,6,W)"", ""B(1,6,N)"", ""E(1,6)"", ""B(2,6,N)"", ""E(2,6)"", ""B(3,6,N)"", ""E(3,6)"", ""B(4,6,N)"", ""B(5,6,N)"", ""B(6,6,N)"", ""B(6,6,E)""]",[],[]
core,0.08,2,,,,0.25,85,,1,,1,62,0.016129032258064516,0,0,0,"[""N(0,0)"", ""B(0,0,S)"", ""N(1,0)"", ""B(1,0,S)"", ""B(2,0,S)"", ""B(4,0,S)"", ""E(4,0)"", ""N(5,0)"", ""B(5,0,S)"", ""B(6,0,S)"", ""B(6,0,E)"", ""B(0,1,W)"", ""N(1,1)"", ""N(3,1)"", ""E(3,1)"", ""N(4,1)"", ""B(6,1,E)"", ""N(0,2)"", ""E(0,2)"", ""B(0,2,W)"", ""E(3,2)"", ""N(5,2)"", ""E(5,2)"", ""B(6,2,E)"", ""B(0,3,W)"", ""E(1,3)"", ""N(2,3)"", ""E(2,3)"", ""E(3,3)"", ""E(4,3)"", ""B(6,3,E)"", ""N(0,4)"", ""E(0,4)"", ""B(0,4,W)"", ""N(1,4)"", ""E(1,4)"", ""N(3,4)"", ""E(3,4)"", ""E(4,4)"", ""E(5,4)"", ""B(6,4,E)"", ""B(0,5,W)"", ""N(1,5)"", ""E(2,5)"", ""E(4,5)"", ""N(5,5)"", ""E(5,5)"", ""N(6,5)"", ""B(6,5,E)"", ""B(0,6,N)"", ""B(0,6,W)"", ""B(1,6,N)"", ""E(1,6)"", ""B(2,6,N)"", ""E(2,6)"", ""B(3,6,N)"", ""E(3,6)"", ""B(4,6,N)"", ""B(5,6,N)"", ""B(6,6,N)"", ""B(6,6,E)""]",[],[]
core,0.08,2,,,,0.4,,,1,,3,62,0.04838709677419355,0,0,0,"[""N(0,0)"", ""B(0,0,S)"", ""N(1,0)"", ""B(1,0,S)"", ""B(2,0,S)"", ""E(4,0)"", ""N(5,0)"", ""B(5,0,S)"", ""B(6,0,S)"", ""B(6,0,E)"", ""B(0,1,W)"", ""N(1,1)"", ""N(3,1)"", ""N(4,1)"", ""B(6,1,E)"", ""N(0,2)"", ""E(0,2)"", ""B(0,2,W)"", ""E(3,2)"", ""N(5,2)"", ""E(5,2)"", ""B(6,2,E)"", ""B(0,3,W)"", ""E(1,3)"", ""N(2,3)"", ""E(2,3)"", ""E(3,3)"", ""E(4,3)"", ""B(6,3,E)"", ""N(0,4)"", ""E(0,4)"", ""B(0,4,W)"", ""N(1,4)"", ""E(1,4)"", ""N(3,4)"", ""E(3,4)"", ""E(4,4)"", ""E(5,4)"", ""B(6,4,E)"", ""B(0,5,W)"", ""N(1,5)"", ""E(2,5)"", ""E(4,5)"", ""N(5,5)"", ""E(5,5)"", ""N(6,5)"", ""B(6,5,E)"", ""B(0,6,N)"", ""B(0,6,W)"", ""B(1,6,N)"", ""E(1,6)"", ""B(2,6,N)"", ""E(2,6)"", ""B(3,6,N)"", ""E(3,6)"", ""B(4,6,N)"", ""B(5,6,N)"", ""B(6,6,N)"", ""B(6,6,E)""]",[],[]
core,0.08,2,,,,0.4,10,,1,,2,62,0.03225806451612903,0,0,0,"[""N(0,0)"", ""B(0,0,S)"", ""N(1,0)"", ""B(1,0,S)"", ""B(2,0,S)"", ""E(4,0)"", ""N(5,0)"", ""B(5,0,S)"", ""B(6,0,S)"", ""B(6,0,E)"", ""B(0,1,W)"", ""N(1,1)"", ""N(3,1)"", ""E(3,1)"", ""N(4,1)"", ""B(6,1,E)"", ""N(0,2)"", ""E(0,2)"", ""B(0,2,W)"", ""E(3,2)"", ""N(5,2)"", ""E(5,2)"", ""B(6,2,E)"", ""B(0,3,W)"", ""E(1,3)"", ""N(2,3)"", ""E(2,3)"", ""E(3,3)"", ""E(4,3)"", ""B(6,3,E)"", ""N(0,4)"", ""E(0,4)"", ""B(0,4,W)"", ""N(1,4)"", ""E(1,4)"", ""N(3,4)"", ""E(3,4)"", ""E(4,4)"", ""E(5,4)"", ""B(6,4,E)"", ""B(0,5,W)"", ""N(1,5)"", ""E(2,5)"", ""E(4,5)"", ""N(5,5)"", ""E(5,5)"", ""N(6,5)"", ""B(6,5,E)"", ""B(0,6,N)"", ""B(0,6,W)"", ""B(1,6,N)"", ""E(1,6)"", ""B(2,6,N)"", ""E(2,6)"", ""B(3,6,N)"", ""E(3,6)"", ""B(4,6,N)"", ""B(5,6,N)"", ""B(6,6,N)"", ""B(6,6,E)""]",[],[]
core,0.08,2,,,,0.4,20,,1,,2,62,0.03225806451612903,0,0,0,"[""N(0,0)"", ""B(0,0,S)"", ""N(1,0)"", ""B(1,0,S)"", ""B(2,0,S)"", ""E(4,0)"", ""N(5,0)"", ""B(5,0,S)"", ""B(6,0,S)"", ""B(6,0,E)"", ""B(0,1,W)"", ""N(1,1)"", ""N(3,1)"", ""E(3,1)"", ""N(4,1)"", ""B(6,1,E)"", ""N(0,2)"", ""E(0,2)"", ""B(0,2,W)"", ""E(3,2)"", ""N(5,2)"", ""E(5,2)"", ""B(6,2,E)"", ""B(0,3,W)"", ""E(1,3)"", ""N(2,3)"", ""E(2,3)"", ""E(3,3)"", ""E(4,3)"", ""B(6,3,E)"", ""N(0,4)"", ""E(0,4)"", ""B(0,4,W)"", ""N(1,4)"", ""E(1,4)"", ""N(3,4)"", ""E(3,4)"", ""E(4,4)"", ""E(5,4)"", ""B(6,4,E)"", ""B(0,5,W)"", ""N(1,5)"", ""E(2,5)"", ""E(4,5)"", ""N(5,5)"", ""E(5,5)"", ""N(6,5)"", ""B(6,5,E)"", ""B(0,6,N)"", ""B(0,6,W)"", ""B(1,6,N)"", ""E(1,6)"", ""B(2,6,N)"", ""E(2,6)"", ""B(3,6,N)"", ""E(3,6)"", ""B(4,6,N)"", ""B(5,6,N)"", ""B(6,6,N)"", ""B(6,6,E)""]",[],[]
core,0.08,2,,,,0.4,35,,1,,2,62,0.03225806451612903,0,0,0,"[""N(0,0)"", ""B(0,0,S)"", ""N(1,0)"", ""B(1,0,S)"", ""B(2,0,S)"", ""E(4,0)"", ""N(5,0)"", ""B(5,0,S)"", ""B(6,0,S)"", ""B(6,0,E)"", ""B(0,1,W)"", ""N(1,1)"", ""N(3,1)"", ""E(3,1)"", ""N(4,1)"", ""B(6,1,E)"", ""N(0,2)"", ""E(0,2)"", ""B(0,2,W)"", ""E(3,2)"", ""N(5,2)"", ""E(5,2)"", ""B(6,2,E)"", ""B(0,3,W)"", ""E(1,3)"", ""N(2,3)"", ""E(2,3)"", ""E(3,3)"", ""E(4,3)"", ""B(6,3,E)"", ""N(0,4)"", ""E(0,4)"", ""B(0,4,W)"", ""N(1,4)"", ""E(1,4)"", ""N(3,4)"", ""E(3,4)"", ""E(4,4)"", ""E(5,4)"", ""B(6,4,E)"", ""B(0,5,W)"", ""N(1,5)"", ""E(2,5)"", ""E(4,5)"", ""N(5,5)"", ""E(5,5)"", ""N(6,5)"", ""B(6,5,E)"", ""B(0,6,N)"", ""B(0,6,W)"", ""B(1,6,N)"", ""E(1,6)"", ""B(2,6,N)"", ""E(2,6)"", ""B(3,6,N)"", ""E(3,6)"", ""B(4,6,N)"", ""B(5,6,N)"", ""B(6,6,N)"", ""B(6,6,E)""]",[],[]
core,0.08,2,,,,0.4,60,,1,,2,62,0.03225806451612903,0,0,0,"[""N(0,0)"", ""B(0,0,S)"", ""N(1,0)"", ""B(1,0,S)"", ""B(2,0,S)"", ""E(4,0)"", ""N(5,0)"", ""B(5,0,S)"", ""B(6,0,S)"", ""B(6,0,E)"", ""B(0,1,W)"", ""N(1,1)"", ""N(3,1)"", ""E(3,1)"", ""N(4,1)"", ""B(6,1,E)"", ""N(0,2)"", ""E(0,2)"", ""B(0,2,W)"", ""E(3,2)"", ""N(5,2)"", ""E(5,2)"", ""B(6,2,E)"", ""B(0,3,W)"", ""E(1,3)"", ""N(2,3)"", ""E(2,3)"", ""E(3,3)"", ""E(4,3)"", ""B(6,3,E)"", ""N(0,4)"", ""E(0,4)"", ""B(0,4,W)"", ""N(1,4)"", ""E(1,4)"", ""N(3,4)"", ""E(3,4)"", ""E(4,4)"", ""E(5,4)"", ""B(6,4,E)"", ""B(0,5,W)"", ""N(1,5)"", ""E(2,5)"", ""E(4,5)"", ""N(5,5)"", ""E(5,5)"", ""N(6,5)"", ""B(6,5,E)"", ""B(0,6,N)"", ""B(0,6,W)"", ""B(1,6,N)"", ""E(1,6)"", ""B(2,6,N)"", ""E(2,6)"", ""B(3,6,N)"", ""E(3,6)"", ""B(4,6,N)"", ""B(5,6,N)"", ""B(6,6,N)"", ""B(6,6,E)""]",[],[]
core,0.08,2,,,,0.4,85,,1,,2,62,0.03225806451612903,0,0,0,"[""N(0,0)"", ""B(0,0,S)"", ""N(1,0)"", ""B(1,0,S)"", ""B(2,0,S)"", ""E(4,0)"", ""N(5,0)"", ""B(5,0,S)"", ""B(6,0,S)"", ""B(6,0,E)"", ""B(0,1,W)"", ""N(1,1)"", ""N(3,1)"", ""E(3,1)"", ""N(4,1)"", ""B(6,1,E)"", ""N(0,2)"", ""E(0,2)"", ""B(0,2,W)"", ""E(3,2)"", ""N(5,2)"", ""E(5,2)"", ""B(6,2,E)"", ""B(0,3,W)"", ""E(1,3)"", ""N(2,3)"", ""E(2,3)"", ""E(3,3)"", ""E(4,3)"", ""B(6,3,E)"", ""N(0,4)"", ""E(0,4)"", ""B(0,4,W)"", ""N(1,4)"", ""E(1,4)"", ""N(3,4)"", ""E(3,4)"", ""E(4,4)"", ""E(5,4)"", ""B(6,4,E)"", ""B(0,5,W)"", ""N(1,5)"", ""E(2,5)"", ""E(4,5)"", ""N(5,5)"", ""E(5,5)"", ""N(6,5)"", ""B(6,5,E)"", ""B(0,6,N)"", ""B(0,6,W)"", ""B(1,6,N)"", ""E(1,6)"", ""B(2,6,N)"", ""E(2,6)"", ""B(3,6,N)"", ""E(3,6)"", ""B(4,6,N)"", ""B(5,6,N)"", ""B(6,6,N)"", ""B(6,6,E)""]",[],[]
core,0.08,2,,,,0.6,,,1,,7,62,0.11290322580645161,0,0,0,"[""N(0,0)"", ""B(0,0,S)"", ""N(1,0)"", ""N(5,0)"", ""B(5,0,S)"", ""B(6,0,S)"", ""B(6,0,E)"", ""B(0,1,W)"", ""N(1,1)"", ""N(4,1)"", ""B(6,1,E)"", ""N(0,2)"", ""E(0,2)"", ""B(0,2,W)"", ""E(3,2)"", ""N(5,2)"", ""E(5,2)"", ""B(6,2,E)"", ""B(0,3,W)"", ""E(1,3)"", ""N(2,3)"", ""E(2,3)"", ""E(3,3)"", ""E(4,3)"", ""B(6,3,E)"", ""N(0,4)"", ""E(0,4)"", ""B(0,4,W)"", ""N(1,4)"", ""E(1,4)"", ""N(3,4)"", ""E(3,4)"", ""E(4,4)"", ""E(5,4)"", ""B(6,4,E)"", ""B(0,5,W)"", ""N(1,5)"", ""E(2,5)"", ""E(4,5)"", ""N(5,5)"", ""E(5,5)"", ""N(6,5)"", ""B(6,5,E)"", ""B(0,6,N)"", ""B(0,6,W)"", ""B(1,6,N)"", ""E(1,6)"", ""B(2,6,N)"", ""E(2,6)"", ""B(3,6,N)"", ""E(3,6)"", ""B(4,6,N)"", ""B(5,6,N)"", ""B(6,6,N)"", ""B(6,6,E)""]",[],[]
core,0.08,2,,,,0.6,10,,1,,5,62,0.08064516129032258,0,0,0,"[""N(0,0)"", ""B(0,0,S)"", ""N(1,0)"", ""E(4,0)"", ""N(5,0)"", ""B(5,0,S)"", ""B(6,0,S)"", ""B(6,0,E)"", ""B(0,1,W)"", ""N(1,1)"", ""E(3,1)"", ""N(4,1)"", ""B(6,1,E)"", ""N(0,2)"", ""E(0,2)"", ""B(0,2,W)"", ""E(3,2)"", ""N(5,2)"", ""E(5,2)"", ""B(6,2,E)"", ""B(0,3,W)"", ""E(1,3)"", ""N(2,3)"", ""E(2,3)"", ""E(3,3)"", ""E(4,3)"", ""B(6,3,E)"", ""N(0,4)"", ""E(0,4)"", ""B(0,4,W)"", ""N(1,4)"", ""E(1,4)"", ""N(3,4)"", ""E(3,4)"", ""E(4,4)"", ""E(5,4)"", ""B(6,4,E)"", ""B(0,5,W)"", ""N(1,5)"", ""E(2,5)"", ""E(4,5)"", ""N(5,5)"", ""E(5,5)"", ""N(6,5)"", ""B(6,5,E)"", ""B(0,6,N)"", ""B(0,6,W)"", ""B(1,6,N)"", ""E(1,6)"", ""B(2,6,N)"", ""E(2,6)"", ""B(3,6,N)"", ""E(3,6)"", ""B(4,6,N)"", ""B(5,6,N)"", ""B(6,6,N)"", ""B(6,6,E)""]",[],[]
core,0.08,2,,,,0.6,20,,1,,5,62,0.08064516129032258,0,0,0,"[""N(0,0)"", ""B(0,0,S)"", ""N(1,0)"", ""E(4,0)"", ""N(5,0)"", ""B(5,0,S)"", ""B(6,0,S)"", ""B(6,0,E)"", ""B(0,1,W)"", ""N(1,1)"", ""E(3,1)"", ""N(4,1)"", ""B(6,1,E)"", ""N(0,2)"", ""E(0,2)"", ""B(0,2,W)"", ""E(3,2)"", ""N(5,2)"", ""E(5,2)"", ""B(6,2,E)"", ""B(0,3,W)"", ""E(1,3)"", ""N(2,3)"", ""E(2,3)"", ""E(3,3)"", ""E(4,3)"", ""B(6,3,E)"", ""N(0,4)"", ""E(0,4)"", ""B(0,4,W)"", ""N(1,4)"", ""E(1,4)"", ""N(3,4)"", ""E(3,4)"", ""E(4,4)"", ""E(5,4)"", ""B(6,4,E)"", ""B(0,5,W)"", ""N(1,5)"", ""E(2,5)"", ""E(4,5)"", ""N(5,5)"", ""E(5,5)"", ""N(6,5)"", ""B(6,5,E)"", ""B(0,6,N)"", ""B(0,6,W)"", ""B(1,6,N)"", ""E(1,6)"", ""B(2,6,N)"", ""E(2,6)"", ""B(3,6,N)"", ""E(3,6)"", ""B(4,6,N)"", ""B(5,6,N)"", ""B(6,6,N)"", ""B(6,6,E)""]",[],[]
core,0.08,2,,,,0.6,35,,1,,5,62,0.08064516129032258,0,0,0,"[""N(0,0)"", ""B(0,0,S)"", ""N(1,0)"", ""E(4,0)"", ""N(5,0)"", ""B(5,0,S)"", ""B(6,0,S)"", ""B(6,0,E)"", ""B(0,1,W)"", ""N(1,1)"", ""E(3,1)"", ""N(4,1)"", ""B(6,1,E)"", ""N(0,2)"", ""E(0,2)"", ""B(0,2,W)"", ""E(3,2)"", ""N(5,2)"", ""E(5,2)"", ""B(6,2,E)"", ""B(0,3,W)"", ""E(1,3)"", ""N(2,3)"", ""E(2,3)"", ""E(3,3)"", ""E(4,3)"", ""B(6,3,E)"", ""N(0,4)"", ""E(0,4)"", ""B(0,4,W)"", ""N(1,4)"", ""E(1,4)"", ""N(3,4)"", ""E(3,4)"", ""E(4,4)"", ""E(5,4)"", ""B(6,4,E)"", ""B(0,5,W)"", ""N(1,5)"", ""E(2,5)"", ""E(4,5)"", ""N(5,5)"", ""E(5,5)"", ""N(6,5)"", ""B(6,5,E)"", ""B(0,6,N)"", ""B(0,6,W)"", ""B(1,6,N)"", ""E(1,6)"", ""B(2,6,N)"", ""E(2,6)"", ""B(3,6,N)"", ""E(3,6)"", ""B(4,6,N)"", ""B(5,6,N)"", ""B(6,6,N)"", ""B(6,6,E)""]",[],[]
core,0.08,2,,,,0.6,60,,1,,5,62,0.08064516129032258,0,0,0,"[""N(0,0)"", ""B(0,0,S)"", ""N(1,0)"", ""E(4,0)"", ""N(5,0)"", ""B(5,0,S)"", ""B(6,0,S)"", ""B(6,0,E)"", ""B(0,1,W)"", ""N(1,1)"", ""E(3,1)"", ""N(4,1)"", ""B(6,1,E)"", ""N(0,2)"", ""E(0,2)"", ""B(0,2,W)"", ""E(3,2)"", ""N(5,2)"", ""E(5,2)"", ""B(6,2,E)"", ""B(0,3,W)"", ""E(1,3)"", ""N(2,3)"", ""E(2,3)"", ""E(3,3)"", ""E(4,3)"", ""B(6,3,E)"", ""N(0,4)"", ""E(0,4)"", ""B(0,4,W)"", ""N(1,4)"", ""E(1,4)"", ""N(3,4)"", ""E(3,4)"", ""E(4,4)"", ""E(5,4)"", ""B(6,4,E)"", ""B(0,5,W)"", ""N(1,5)"", ""E(2,5)"", ""E(4,5)"", ""N(5,5)"", ""E(5,5)"", ""N(6,5)"", ""B(6,5,E)"", ""B(0,6,N)"", ""B(0,6,W)"", ""B(1,6,N)"", ""E(1,6)"", ""B(2,6,N)"", ""E(2,6)"", ""B(3,6,N)"", ""E(3,6)"", ""B(4,6,N)"", ""B(5,6,N)"", ""B(6,6,N)"", ""B(6,6,E)""]",[],[]
core,0.08,2,,,,0.6,85,,1,,5,62,0.08064516129032258,0,0,0,"[""N(0,0)"", ""B(0,0,S)"", ""N(1,0)"", ""E(4,0)"", ""N(5,0)"", ""B(5,0,S)"", ""B(6,0,S)"", ""B(6,0,E)"", ""B(0,1,W)"", ""N(1,1)"", ""E(3,1)"", ""N(4,1)"", ""B(6,1,E)"", ""N(0,2)"", ""E(0,2)"", ""B(0,2,W)"", ""E(3,2)"", ""N(5,2)"", ""E(5,2)"", ""B(6,2,E)"", ""B(0,3,W)"", ""E(1,3)"", ""N(2,3)"", ""E(2,3)"", ""E(3,3)"", ""E(4,3)"", ""B(6,3,E)"", ""N(0,4)"", ""E(0,4)"", ""B(0,4,W)"", ""N(1,4)"", ""E(1,4)"", ""N(3,4)"", ""E(3,4)"", ""E(4,4)"", ""E(5,4)"", ""B(6,4,E)"", ""B(0,5,W)"", ""N(1,5)"", ""E(2,5)"", ""E(4,5)"", ""N(5,5)"", ""E(5,5)"", ""N(6,5)"", ""B(6,5,E)"", ""B(0,6,N)"", ""B(0,6,W)"", ""B(1,6,N)"", ""E(1,6)"", ""B(2,6,N)"", ""E(2,6)"", ""B(3,6,N)"", ""E(3,6)"", ""B(4,6,N)"", ""B(5,6,N)"", ""B(6,6,N)"", ""B(6,6,E)""]",[],[]
core,0.08,2,,,,1.2,,,1,,8,62,0.12903225806451613,0,0,0,"[""N(0,0)"", ""B(0,0,S)"", ""N(1,0)"", ""N(5,0)"", ""B(5,0,S)"", ""B(6,0,S)"", ""B(6,0,E)"", ""B(0,1,W)"", ""N(1,1)"", ""N(4,1)"", ""B(6,1,E)"", ""N(0,2)"", ""E(0,2)"", ""B(0,2,W)"", ""E(3,2)"", ""N(5,2)"", ""E(5,2)"", ""B(6,2,E)"", ""B(0,3,W)"", ""N(2,3)"", ""E(2,3)"", ""E(3,3)"", ""E(4,3)"", ""B(6,3,E)"", ""N(0,4)"", ""E(0,4)"", ""B(0,4,W)"", ""N(1,4)"", ""E(1,4)"", ""N(3,4)"", ""E(3,4)"", ""E(4,4)"", ""E(5,4)"", ""B(6,4,E)"", ""B(0,5,W)"", ""N(1,5)"", ""E(2,5)"", ""E(4,5)"", ""N(5,5)"", ""E(5,5)"", ""N(6,5)"", ""B(6,5,E)"", ""B(0,6,N)"", ""B(0,6,W)"", ""B(1,6,N)"", ""E(1,6)"", ""B(2,6,N)"", ""E(2,6)"", ""B(3,6,N)"", ""E(3,6)"", ""B(4,6,N)"", ""B(5,6,N)"", ""B(6,6,N)"", ""B(6,6,E)""]",[],[]
core,0.08,2,,,,1.2,10,,1,,5,62,0.08064516129032258,0,0,0,"[""N(0,0)"", ""B(0,0,S)"", ""N(1,0)"", ""E(4,0)"", ""N(5,0)"", ""B(5,0,S)"", ""B(6,0,S)"", ""B(6,0,E)"", ""B(0,1,W)"", ""N(1,1)"", ""E(3,1)"", ""N(4,1)"", ""B(6,1,E)"", ""N(0,2)"", ""E(0,2)"", ""B(0,2,W)"", ""E(3,2)"", ""N(5,2)"", ""E(5,2)"", ""B(6,2,E)"", ""B(0,3,W)"", ""E(1,3)"", ""N(2,3)"", ""E(2,3)"", ""E(3,3)"", ""E(4,3)"", ""B(6,3,E)"", ""N(0,4)"", ""E(0,4)"", ""B(0,4,W)"", ""N(1,4)"", ""E(1,4)"", ""N(3,4)"", ""E(3,4)"", ""E(4,4)"", ""E(5,4)"", ""B(6,4,E)"", ""B(0,5,W)"", ""N(1,5)"", ""E(2,5)"", ""E(4,5)"", ""N(5,5)"", ""E(5,5)"", ""N(6,5)"", ""B(6,5,E)"", ""B(0,6,N)"", ""B(0,6,W)"", ""B(1,6,N)"", ""E(1,6)"", ""B(2,6,N)"", ""E(2,6)"", ""B(3,6,N)"", ""E(3,6)"", ""B(4,6,N)"", ""B(5,6,N)"", ""B(6,6,N)"", ""B(6,6,E)""]",[],[]
core,0.08,2,,,,1.2,20,,1,,5,62,0.08064516129032258,0,0,0,"[""N(0,0)"", ""B(0,0,S)"", ""N(1,0)"", ""E(4,0)"", ""N(5,0)"", ""B(5,0,S)"", ""B(6,0,S)"", ""B(6,0,E)"", ""B(0,1,W)"", ""N(1,1)"", ""E(3,1)"", ""N(4,1)"", ""B(6,1,E)"", ""N(0,2)"", ""E(0,2)"", ""B(0,2,W)"", ""E(3,2)"", ""N(5,2)"", ""E(5,2)"", ""B(6,2,E)"", ""B(0,3,W)"", ""E(1,3)"", ""N(2,3)"", ""E(2,3)"", ""E(3,3)"", ""E(4,3)"", ""B(6,3,E)"", ""N(0,4)"", ""E(0,4)"", ""B(0,4,W)"", ""N(1,4)"", ""E(1,4)"", ""N(3,4)"", ""E(3,4)"", ""E(4,4)"", ""E(5,4)"", ""B(6,4,E)"", ""B(0,5,W)"", ""N(1,5)"", ""E(2,5)"", ""E(4,5)"", ""N(5,5)"", ""E(5,5)"", ""N(6,5)"", ""B(6,5,E)"", ""B(0,6,N)"", ""B(0,6,W)"", ""B(1,6,N)"", ""E(1,6)"", ""B(2,6,N)"", ""E(2,6)"", ""B(3,6,N)"", ""E(3,6)"", ""B(4,6,N)"", ""B(5,6,N)"", ""B(6,6,N)"", ""B(6,6,E)""]",[],[]
core,0.08,2,,,,1.2,35,,1,,5,62,0.08064516129032258,0,0,0,"[""N(0,0)"", ""B(0,0,S)"", ""N(1,0)"", ""E(4,0)"", ""N(5,0)"", ""B(5,0,S)"", ""B(6,0,S)"", ""B(6,0,E)"", ""B(0,1,W)"", ""N(1,1)"", ""E(3,1)"", ""N(4,1)"", ""B(6,1,E)"", ""N(0,2)"", ""E(0,2)"", ""B(0,2,W)"", ""E(3,2)"", ""N(5,2)"", ""E(5,2)"", ""B(6,2,E)"", ""B(0,3,W)"", ""E(1,3)"", ""N(2,3)"", ""E(2,3)"", ""E(3,3)"", ""E(4,3)"", ""B(6,3,E)"", ""N(0,4)"", ""E(0,4)"", ""B(0,4,W)"", ""N(1,4)"", ""E(1,4)"", ""N(3,4)"", ""E(3,4)"", ""E(4,4)"", ""E(5,4)"", ""B(6,4,E)"", ""B(0,5,W)"", ""N(1,5)"", ""E(2,5)"", ""E(4,5)"", ""N(5,5)"", ""E(5,5)"", ""N(6,5)"", ""B(6,5,E)"", ""B(0,6,N)"", ""B(0,6,W)"", ""B(1,6,N)"", ""E(1,6)"", ""B(2,6,N)"", ""E(2,6)"", ""B(3,6,N)"", ""E(3,6)"", ""B(4,6,N)"", ""B(5,6,N)"", ""B(6,6,N)"", ""B(6,6,E)""]",[],[]
core,0.08,2,,,,1.2,60,,1,,5,62,0.08064516129032258,0,0,0,"[""N(0,0)"", ""B(0,0,S)"", ""N(1,0)"", ""E(4,0)"", ""N(5,0)"", ""B(5,0,S)"", ""B(6,0,S)"", ""B(6,0,E)"", ""B(0,1,W)"", ""N(1,1)"", ""E(3,1)"", ""N(4,1)"", ""B(6,1,E)"", ""N(0,2)"", ""E(0,2)"", ""B(0,2,W)"", ""E(3,2)"", ""N(5,2)"", ""E(5,2)"", ""B(6,2,E)"", ""B(0,3,W)"", ""E(1,3)"", ""N(2,3)"", ""E(2,3)"", ""E(3,3)"", ""E(4,3)"", ""B(6,3,E)"", ""N(0,4)"", ""E(0,4)"", ""B(0,4,W)"", ""N(1,4)"", ""E(1,4)"", ""N(3,4)"", ""E(3,4)"", ""E(4,4)"", ""E(5,4)"", ""B(6,4,E)"", ""B(0,5,W)"", ""N(1,5)"", ""E(2,5)"", ""E(4,5)"", ""N(5,5)"", ""E(5,5)"", ""N(6,5)"", ""B(6,5,E)"", ""B(0,6,N)"", ""B(0,6,W)"", ""B(1,6,N)"", ""E(1,6)"", ""B(2,6,N)"", ""E(2,6)"", ""B(3,6,N)"", ""E(3,6)"", ""B(4,6,N)"", ""B(5,6,N)"", ""B(6,6,N)"", ""B(6,6,E)""]",[],[]
core,0.08,2,,,,1.2,85,,1,,5,62,0.08064516129032258,0,0,0,"[""N(0,0)"", ""B(0,0,S)"", ""N(1,0)"", ""E(4,0)"", ""N(5,0)"", ""B(5,0,S)"", ""B(6,0,S)"", ""B(6,0,E)"", ""B(0,1,W)"", ""N(1,1)"", ""E(3,1)"", ""N(4,1)"", ""B(6,1,E)"", ""N(0,2)"", ""E(0,2)"", ""B(0,2,W)"", ""E(3,2)"", ""N(5,2)"", ""E(5,2)"", ""B(6,2,E)"", ""B(0,3,W)"", ""E(1,3)"", ""N(2,3)"", ""E(2,3)"", ""E(3,3)"", ""E(4,3)"", ""B(6,3,E)"", ""N(0,4)"", ""E(0,4)"", ""B(0,4,W)"", ""N(1,4)"", ""E(1,4)"", ""N(3,4)"", ""E(3,4)"", ""E(4,4)"", ""E(5,4)"", ""B(6,4,E)"", ""B(0,5,W)"", ""N(1,5)"", ""E(2,5)"", ""E(4,5)"", ""N(5,5)"", ""E(5,5)"", ""N(6,5)"", ""B(6,5,E)"", ""B(0,6,N)"", ""B(0,6,W)"", ""B(1,6,N)"", ""E(1,6)"", ""B(2,6,N)"", ""E(2,6)"", ""B(3,6,N)"", ""E(3,6)"", ""B(4,6,N)"", ""B(5,6,N)"", ""B(6,6,N)"", ""B(6,6,E)""]",[],[]
core,0.08,2,,,,2.0,,,1,,9,62,0.14516129032258066,0,0,0,"[""N(0,0)"", ""B(0,0,S)"", ""N(1,0)"", ""N(5,0)"", ""B(5,0,S)"", ""B(6,0,S)"", ""B(6,0,E)"", ""B(0,1,W)"", ""N(1,1)"", ""N(4,1)"", ""B(6,1,E)"", ""N(0,2)"", ""E(0,2)"", ""B(0,2,W)"", ""E(3,2)"", ""N(5,2)"", ""E(5,2)"", ""B(6,2,E)"", ""B(0,3,W)"", ""N(2,3)"", ""E(2,3)"", ""E(3,3)"", ""E(4,3)"", ""B(6,3,E)"", ""N(0,4)"", ""E(0,4)"", ""N(1,4)"", ""E(1,4)"", ""N(3,4)"", ""E(3,4)"", ""E(4,4)"", ""E(5,4)"", ""B(6,4,E)"", ""B(0,5,W)"", ""N(1,5)"", ""E(2,5)"", ""E(4,5)"", ""N(5,5)"", ""E(5,5)"", ""N(6,5)"", ""B(6,5,E)"", ""B(0,6,N)"", ""B(0,6,W)"", ""B(1,6,N)"", ""E(1,6)"", ""B(2,6,N)"", ""E(2,6)"", ""B(3,6,N)"", ""E(3,6)"", ""B(4,6,N)"", ""B(5,6,N)"", ""B(6,6,N)"", ""B(6,6,E)""]",[],[]
core,0.08,2,,,,2.0,10,,1,,5,62,0.08064516129032258,0,0,0,"[""N(0,0)"", ""B(0,0,S)"", ""N(1,0)"", ""E(4,0)"", ""N(5,0)"", ""B(5,0,S)"", ""B(6,0,S)"", ""B(6,0,E)"", ""B(0,1,W)"", ""N(1,1)"", ""E(3,1)"", ""N(4,1)"", ""B(6,1,E)"", ""N(0,2)"", ""E(0,2)"", ""B(0,2,W)"", ""E(3,2)"", ""N(5,2)"", ""E(5,2)"", ""B(6,2,E)"", ""B(0,3,W)"", ""E(1,3)"", ""N(2,3)"", ""E(2,3)"", ""E(3,3)"", ""E(4,3)"", ""B(6,3,E)"", ""N(0,4)"", ""E(0,4)"", ""B(0,4,W)"", ""N(1,4)"", ""E(1,4)"", ""N(3,4)"", ""E(3,4)"", ""E(4,4)"", ""E(5,4)"", ""B(6,4,E)"", ""B(0,5,W)"", ""N(1,5)"", ""E(2,5)"", ""E(4,5)"", ""N(5,5)"", ""E(5,5)"", ""N(6,5)"", ""B(6,5,E)"", ""B(0,6,N)"", ""B(0,6,W)"", ""B(1,6,N)"", ""E(1,6)"", ""B(2,6,N)"", ""E(2,6)"", ""B(3,6,N)"", ""E(3,6)"", ""B(4,6,N)"", ""B(5,6,N)"", ""B(6,6,N)"", ""B(6,6,E)""]",[],[]
core,0.08,2,,,,2.0,20,,1,,5,62,0.08064516129032258,0,0,0,"[""N(0,0)"", ""B(0,0,S)"", ""N(1,0)"", ""E(4,0)"", ""N(5,0)"", ""B(5,0,S)"", ""B(6,0,S)"", ""B(6,0,E)"", ""B(0,1,W)"", ""N(1,1)"", ""E(3,1)"", ""N(4,1)"", ""B(6,1,E)"", ""N(0,2)"", ""E(0,2)"", ""B(0,2,W)"", ""E(3,2)"", ""N(5,2)"", ""E(5,2)"", ""B(6,2,E)"", ""B(0,3,W)"", ""E(1,3)"", ""N(2,3)"", ""E(2,3)"", ""E(3,3)"", ""E(4,3)"", ""B(6,3,E)"", ""N(0,4)"", ""E(0,4)"", ""B(0,4,W)"", ""N(1,4)"", ""E(1,4)"", ""N(3,4)"", ""E(3,4)"", ""E(4,4)"", ""E(5,4)"", ""B(6,4,E)"", ""B(0,5,W)"", ""N(1,5)"", ""E(2,5)"", ""E(4,5)"", ""N(5,5)"", ""E(5,5)"", ""N(6,5)"", ""B(6,5,E)"", ""B(0,6,N)"", ""B(0,6,W)"", ""B(1,6,N)"", ""E(1,6)"", ""B(2,6,N)"", ""E(2,6)"", ""B(3,6,N)"", ""E(3,6)"", ""B(4,6,N)"", ""B(5,6,N)"", ""B(6,6,N)"", ""B(6,6,E)""]",[],[]
core,0.08,2,,,,2.0,35,,1,,5,62,0.08064516129032258,0,0,0,"[""N(0,0)"", ""B(0,0,S)"", ""N(1,0)"", ""E(4,0)"", ""N(5,0)"", ""B(5,0,S)"", ""B(6,0,S)"", ""B(6,0,E)"", ""B(0,1,W)"", ""N(1,1)"", ""E(3,1)"", ""N(4,1)"", ""B(6,1,E)"", ""N(0,2)"", ""E(0,2)"", ""B(0,2,W)"", ""E(3,2)"", ""N(5,2)"", ""E(5,2)"", ""B(6,2,E)"", ""B(0,3,W)"", ""E(1,3)"", ""N(2,3)"", ""E(2,3)"", ""E(3,3)"", ""E(4,3)"", ""B(6,3,E)"", ""N(0,4)"", ""E(0,4)"", ""B(0,4,W)"", ""N(1,4)"", ""E(1,4)"", ""N(3,4)"", ""E(3,4)"", ""E(4,4)"", ""E(5,4)"", ""B(6,4,E)"", ""B(0,5,W)"", ""N(1,5)"", ""E(2,5)"", ""E(4,5)"", ""N(5,5)"", ""E(5,5)"", ""N(6,5)"", ""B(6,5,E)"", ""B(0,6,N)"", ""B(0,6,W)"", ""B(1,6,N)"", ""E(1,6)"", ""B(2,6,N)"", ""E(2,6)"", ""B(3,6,N)"", ""E(3,6)"", ""B(4,6,N)"", ""B(5,6,N)"", ""B(6,6,N)"", ""B(6,6,E)""]",[],[]
core,0.08,2,,,,2.0,60,,1,,5,62,0.08064516129032258,0,0,0,"[""N(0,0)"", ""B(0,0,S)"", ""N(1,0)"", ""E(4,0)"", ""N(5,0)"", ""B(5,0,S)"", ""B(6,0,S)"", ""B(6,0,E)"", ""B(0,1,W)"", ""N(1,1)"", ""E(3,1)"", ""N(4,1)"", ""B(6,1,E)"", ""N(0,2)"", ""E(0,2)"", ""B(0,2,W)"", ""E(3,2)"", ""N(5,2)"", ""E(5,2)"", ""B(6,2,E)"", ""B(0,3,W)"", ""E(1,3)"", ""N(2,3)"", ""E(2,3)"", ""E(3,3)"", ""E(4,3)"", ""B(6,3,E)"", ""N(0,4)"", ""E(0,4)"", ""B(0,4,W)"", ""N(1,4)"", ""E(1,4)"", ""N(3,4)"", ""E(3,4)"", ""E(4,4)"", ""E(5,4)"", ""B(6,4,E)"", ""B(0,5,W)"", ""N(1,5)"", ""E(2,5)"", ""E(4,5)"", ""N(5,5)"", ""E(5,5)"", ""N(6,5)"", ""B(6,5,E)"", ""B(0,6,N)"", ""B(0,6,W)"", ""B(1,6,N)"", ""E(1,6)"", ""B(2,6,N)"", ""E(2,6)"", ""B(3,6,N)"", ""E(3,6)"", ""B(4,6,N)"", ""B(5,6,N)"", ""B(6,6,N)"", ""B(6,6,E)""]",[],[]
core,0.08,2,,,,2.0,85,,1,,5,62,0.08064516129032258,0,0,0,"[""N(0,0)"", ""B(0,0,S)"", ""N(1,0)"", ""E(4,0)"", ""N(5,0)"", ""B(5,0,S)"", ""B(6,0,S)"", ""B(6,0,E)"", ""B(0,1,W)"", ""N(1,1)"", ""E(3,1)"", ""N(4,1)"", ""B(6,1,E)"", ""N(0,2)"", ""E(0,2)"", ""B(0,2,W)"", ""E(3,2)"", ""N(5,2)"", ""E(5,2)"", ""B(6,2,E)"", ""B(0,3,W)"", ""E(1,3)"", ""N(2,3)"", ""E(2,3)"", ""E(3,3)"", ""E(4,3)"", ""B(6,3,E)"", ""N(0,4)"", ""E(0,4)"", ""B(0,4,W)"", ""N(1,4)"", ""E(1,4)"", ""N(3,4)"", ""E(3,4)"", ""E(4,4)"", ""E(5,4)"", ""B(6,4,E)"", ""B(0,5,W)"", ""N(1,5)"", ""E(2,5)"", ""E(4,5)"", ""N(5,5)"", ""E(5,5)"", ""N(6,5)"", ""B(6,5,E)"", ""B(0,6,N)"", ""B(0,6,W)"", ""B(1,6,N)"", ""E(1,6)"", ""B(2,6,N)"", ""E(2,6)"", ""B(3,6,N)"", ""E(3,6)"", ""B(4,6,N)"", ""B(5,6,N)"", ""B(6,6,N)"", ""B(6,6,E)""]",[],[]
core,0.08,2,,,,,,,1,,9,62,0.14516129032258066,0,0,0,"[""N(0,0)"", ""B(0,0,S)"", ""N(1,0)"", ""N(5,0)"", ""B(5,0,S)"", ""B(6,0,S)"", ""B(6,0,E)"", ""B(0,1,W)"", ""N(1,1)"", ""N(4,1)"", ""B(6,1,E)"", ""N(0,2)"", ""E(0,2)"", ""B(0,2,W)"", ""E(3,2)"", ""N(5,2)"", ""E(5,2)"", ""B(6,2,E)"", ""B(0,3,W)"", ""N(2,3)"", ""E(2,3)"", ""E(3,3)"", ""E(4,3)"", ""B(6,3,E)"", ""N(0,4)"", ""E(0,4)"", ""N(1,4)"", ""E(1,4)"", ""N(3,4)"", ""E(3,4)"", ""E(4,4)"", ""E(5,4)"", ""B(6,4,E)"", ""B(0,5,W)"", ""N(1,5)"", ""E(2,5)"", ""E(4,5)"", ""N(5,5)"", ""E(5,5)"", ""N(6,5)"", ""B(6,5,E)"", ""B(0,6,N)"", ""B(0,6,W)"", ""B(1,6,N)"", ""E(1,6)"", ""B(2,6,N)"", ""E(2,6)"", ""B(3,6,N)"", ""E(3,6)"", ""B(4,6,N)"", ""B(5,6,N)"", ""B(6,6,N)"", ""B(6,6,E)""]",[],[]
core,0.08,2,,,,,10,,1,,5,62,0.08064516129032258,0,0,0,"[""N(0,0)"", ""B(0,0,S)"", ""N(1,0)"", ""E(4,0)"", ""N(5,0)"", ""B(5,0,S)"", ""B(6,0,S)"", ""B(6,0,E)"", ""B(0,1,W)"", ""N(1,1)"", ""E(3,1)"", ""N(4,1)"", ""B(6,1,E)"", ""N(0,2)"", ""E(0,2)"", ""B(0,2,W)"", ""E(3,2)"", ""N(5,2)"", ""E(5,2)"", ""B(6,2,E)"", ""B(0,3,W)"", ""E(1,3)"", ""N(2,3)"", ""E(2,3)"", ""E(3,3)"", ""E(4,3)"", ""B(6,3,E)"", ""N(0,4)"", ""E(0,4)"", ""B(0,4,W)"", ""N(1,4)"", ""E(1,4)"", ""N(3,4)"", ""E(3,4)"", ""E(4,4)"", ""E(5,4)"", ""B(6,4,E)"", ""B(0,5,W)"", ""N(1,5)"", ""E(2,5)"", ""E(4,5)"", ""N(5,5)"", ""E(5,5)"", ""N(6,5)"", ""B(6,5,E)"", ""B(0,6,N)"", ""B(0,6,W)"", ""B(1,6,N)"", ""E(1,6)"", ""B(2,6,N)"", ""E(2,6)"", ""B(3,6,N)"", ""E(3,6)"", ""B(4,6,N)"", ""B(5,6,N)"", ""B(6,6,N)"", ""B(6,6,E)""]",[],[]
core,0.08,2,,,,,20,,1,,5,62,0.08064516129032258,0,0,0,"[""N(0,0)"", ""B(0,0,S)"", ""N(1,0)"", ""E(4,0)"", ""N(5,0)"", ""B(5,0,S)"", ""B(6,0,S)"", ""B(6,0,E)"", ""B(0,1,W)"", ""N(1,1)"", ""E(3,1)"", ""N(4,1)"", ""B(6,1,E)"", ""N(0,2)"", ""E(0,2)"", ""B(0,2,W)"", ""E(3,2)"", ""N(5,2)"", ""E(5,2)"", ""B(6,2,E)"", ""B(0,3,W)"", ""E(1,3)"", ""N(2,3)"", ""E(2,3)"", ""E(3,3)"", ""E(4,3)"", ""B(6,3,E)"", ""N(0,4)"", ""E(0,4)"", ""B(0,4,W)"", ""N(1,4)"", ""E(1,4)"", ""N(3,4)"", ""E(3,4)"", ""E(4,4)"", ""E(5,4)"", ""B(6,4,E)"", ""B(0,5,W)"", ""N(1,5)"", ""E(2,5)"", ""E(4,5)"", ""N(5,5)"", ""E(5,5)"", ""N(6,5)"", ""B(6,5,E)"", ""B(0,6,N)"", ""B(0,6,W)"", ""B(1,6,N)"", ""E(1,6)"", ""B(2,6,N)"", ""E(2,6)"", ""B(3,6,N)"", ""E(3,6)"", ""B(4,6,N)"", ""B(5,6,N)"", ""B(6,6,N)"", ""B(6,6,E)""]",[],[]
core,0.08,2,,,,,35,,1,,5,62,0.08064516129032258,0,0,0,"[""N(0,0)"", ""B(0,0,S)"", ""N(1,0)"", ""E(4,0)"", ""N(5,0)"", ""B(5,0,S)"", ""B(6,0,S)"", ""B(6,0,E)"", ""B(0,1,W)"", ""N(1,1)"", ""E(3,1)"", ""N(4,1)"", ""B(6,1,E)"", ""N(0,2)"", ""E(0,2)"", ""B(0,2,W)"", ""E(3,2)"", ""N(5,2)"", ""E(5,2)"", ""B(6,2,E)"", ""B(0,3,W)"", ""E(1,3)"", ""N(2,3)"", ""E(2,3)"", ""E(3,3)"", ""E(4,3)"", ""B(6,3,E)"", ""N(0,4)"", ""E(0,4)"", ""B(0,4,W)"", ""N(1,4)"", ""E(1,4)"", ""N(3,4)"", ""E(3,4)"", ""E(4,4)"", ""E(5,4)"", ""B(6,4,E)"", ""B(0,5,W)"", ""N(1,5)"", ""E(2,5)"", ""E(4,5)"", ""N(5,5)"", ""E(5,5)"", ""N(6,5)"", ""B(6,5,E)"", ""B(0,6,N)"", ""B(0,6,W)"", ""B(1,6,N)"", ""E(1,6)"", ""B(2,6,N)"", ""E(2,6)"", ""B(3,6,N)"", ""E(3,6)"", ""B(4,6,N)"", ""B(5,6,N)"", ""B(6,6,N)"", ""B(6,6,E)""]",[],[]
core,0.08,2,,,,,60,,1,,5,62,0.08064516129032258,0,0,0,"[""N(0,0)"", ""B(0,0,S)"", ""N(1,0)"", ""E(4,0)"", ""N(5,0)"", ""B(5,0,S)"", ""B(6,0,S)"", ""B(6,0,E)"", ""B(0,1,W)"", ""N(1,1)"", ""E(3,1)"", ""N(4,1)"", ""B(6,1,E)"", ""N(0,2)"", ""E(0,2)"", ""B(0,2,W)"", ""E(3,2)"", ""N(5,2)"", ""E(5,2)"", ""B(6,2,E)"", ""B(0,3,W)"", ""E(1,3)"", ""N(2,3)"", ""E(2,3)"", ""E(3,3)"", ""E(4,3)"", ""B(6,3,E)"", ""N(0,4)"", ""E(0,4)"", ""B(0,4,W)"", ""N(1,4)"", ""E(1,4)"", ""N(3,4)"", ""E(3,4)"", ""E(4,4)"", ""E(5,4)"", ""B(6,4,E)"", ""B(0,5,W)"", ""N(1,5)"", ""E(2,5)"", ""E(4,5)"", ""N(5,5)"", ""E(5,5)"", ""N(6,5)"", ""B(6,5,E)"", ""B(0,6,N)"", ""B(0,6,W)"", ""B(1,6,N)"", ""E(1,6)"", ""B(2,6,N)"", ""E(2,6)"", ""B(3,6,N)"", ""E(3,6)"", ""B(4,6,N)"", ""B(5,6,N)"", ""B(6,6,N)"", ""B(6,6,E)""]",[],[]
core,0.08,2,,,,,85,,1,,5,62,0.08064516129032258,0,0,0,"[""N(0,0)"", ""B(0,0,S)"", ""N(1,0)"", ""E(4,0)"", ""N(5,0)"", ""B(5,0,S)"", ""B(6,0,S)"", ""B(6,0,E)"", ""B(0,1,W)"", ""N(1,1)"", ""E(3,1)"", ""N(4,1)"", ""B(6,1,E)"", ""N(0,2)"", ""E(0,2)"", ""B(0,2,W)"", ""E(3,2)"", ""N(5,2)"", ""E(5,2)"", ""B(6,2,E)"", ""B(0,3,W)"", ""E(1,3)"", ""N(2,3)"", ""E(2,3)"", ""E(3,3)"", ""E(4,3)"", ""B(6,3,E)"", ""N(0,4)"", ""E(0,4)"", ""B(0,4,W)"", ""N(1,4)"", ""E(1,4)"", ""N(3,4)"", ""E(3,4)"", ""E(4,4)"", ""E(5,4)"", ""B(6,4,E)"", ""B(0,5,W)"", ""N(1,5)"", ""E(2,5)"", ""E(4,5)"", ""N(5,5)"", ""E(5,5)"", ""N(6,5)"", ""B(6,5,E)"", ""B(0,6,N)"", ""B(0,6,W)"", ""B(1,6,N)"", ""E(1,6)"", ""B(2,6,N)"", ""E(2,6)"", ""B(3,6,N)"", ""E(3,6)"", ""B(4,6,N)"", ""B(5,6,N)"", ""B(6,6,N)"", ""B(6,6,E)""]",[],[]
core,0.08,3,,,,0.25,,,1,,2,62,0.03225806451612903,0,0,0,"[""N(0,0)"", ""B(0,0,S)"", ""N(1,0)"", ""B(1,0,S)"", ""B(2,0,S)"", ""B(4,0,S)"", ""E(4,0)"", ""N(5,0)"", ""B(5,0,S)"", ""B(6,0,S)"", ""B(6,0,E)"", ""B(0,1,W)"", ""N(1,1)"", ""N(3,1)"", ""N(4,1)"", ""B(6,1,E)"", ""N(0,2)"", ""E(0,2)"", ""B(0,2,W)"", ""E(3,2)"", ""N(5,2)"", ""E(5,2)"", ""B(6,2,E)"", ""B(0,3,W)"", ""E(1,3)"", ""N(2,3)"", ""E(2,3)"", ""E(3,3)"", ""E(4,3)"", ""B(6,3,E)"", ""N(0,4)"", ""E(0,4)"", ""B(0,4,W)"", ""N(1,4)"", ""E(1,4)"", ""N(3,4)"", ""E(3,4)"", ""E(4,4)"", ""E(5,4)"", ""B(6,4,E)"", ""B(0,5,W)"", ""N(1,5)"", ""E(2,5)"", ""E(4,5)"", ""N(5,5)"", ""E(5,5)"", ""N(6,5)"", ""B(6,5,E)"", ""B(0,6,N)"", ""B(0,6,W)"", ""B(1,6,N)"", ""E(1,6)"", ""B(2,6,N)"", ""E(2,6)"", ""B(3,6,N)"", ""E(3,6)"", ""B(4,6,N)"", ""B(5,6,N)"", ""B(6,6,N)"", ""B(6,6,E)""]",[],[]
core,0.08,3,,,,0.25,10,,1,,1,62,0.016129032258064516,0,0,0,"[""N(0,0)"", ""B(0,0,S)"", ""N(1,0)"", ""B(1,0,S)"", ""B(2,0,S)"", ""B(4,0,S)"", ""E(4,0)"", ""N(5,0)"", ""B(5,0,S)"", ""B(6,0,S)"", ""B(6,0,E)"", ""B(0,1,W)"", ""N(1,1)"", ""N(3,1)"", ""E(3,1)"", ""N(4,1)"", ""B(6,1,E)"", ""N(0,2)"", ""E(0,2)"", ""B(0,2,W)"", ""E(3,2)"", ""N(5,2)"", ""E(5,2)"", ""B(6,2,E)"", ""B(0,3,W)"", ""E(1,3)"", ""N(2,3)"", ""E(2,3)"", ""E(3,3)"", ""E(4,3)"", ""B(6,3,E)"", ""N(0,4)"", ""E(0,4)"", ""B(0,4,W)"", ""N(1,4)"", ""E(1,4)"", ""N(3,4)"", ""E(3,4)"", ""E(4,4)"", ""E(5,4)"", ""B(6,4,E)"", ""B(0,5,W)"", ""N(1,5)"", ""E(2,5)"", ""E(4,5)"", ""N(5,5)"", ""E(5,5)"", ""N(6,5)"", ""B(6,5,E)"", ""B(0,6,N)"", ""B(0,6,W)"", ""B(1,6,N)"", ""E(1,6)"", ""B(2,6,N)"", ""E(2,6)"", ""B(3,6,N)"", ""E(3,6)"", ""B(4,6,N)"", ""B(5,6,N)"", ""B(6,6,N)"", ""B(6,6,E)""]",[],[]
core,0.08,3,,,,0.25,20,,1,,1,62,0.016129032258064516,0,0,0,"[""N(0,0)"", ""B(0,0,S)"", ""N(1,0)"", ""B(1,0,S)"", ""B(2,0,S)"", ""B(4,0,S)"", ""E(4,0)"", ""N(5,0)"", ""B(5,0,S)"", ""B(6,0,S)"", ""B(6,0,E)"", ""B(0,1,W)"", ""N(1,1)"", ""N(3,1)"", ""E(3,1)"", ""N(4,1)"", ""B(6,1,E)"", ""N(0,2)"", ""E(0,2)"", ""B(0,2,W)"", ""E(3,2)"", ""N(5,2)"", ""E(5,2)"", ""B(6,2,E)"", ""B(0,3,W)"", ""E(1,3)"", ""N(2,3)"", ""E(2,3)"", ""E(3,3)"", ""E(4,3)"", ""B(6,3,E)"", ""N(0,4)"", ""E(0,4)"", ""B(0,4,W)"", ""N(1,4)"", ""E(1,4)"", ""N(3,4)"", ""E(3,4)"", ""E(4,4)"", ""E(5,4)"", ""B(6,4,E)"", ""B(0,5,W)"", ""N(1,5)"", ""E(2,5)"", ""E(4,5)"", ""N(5,5)"", ""E(5,5)"", ""N(6,5)"", ""B(6,5,E)"", ""B(0,6,N)"", ""B(0,6,W)"", ""B(1,6,N)"", ""E(1,6)"", ""B(2,6,N)"", ""E(2,6)"", ""B(3,6,N)"", ""E(3,6)"", ""B(4,6,N)"", ""B(5,6,N)"", ""B(6,6,N)"", ""B(6,6,E)""]",[],[]
core,0.08,3,,,,0.25,35,,1,,1,62,0.016129032258064516,0,0,0,"[""N(0,0)"", ""B(0,0,S)"", ""N(1,0)"", ""B(1,0,S)"", ""B(2,0,S)"", ""B(4,0,S)"", ""E(4,0)"", ""N(5,0)"", ""B(5,0,S)"", ""B(6,0,S)"", ""B(6,0,E)"", ""B(0,1,W)"", ""N(1,1)"", ""N(3,1)"", ""E(3,1)"", ""N(4,1)"", ""B(6,1,E)"", ""N(0,2)"", ""E(0,2)"", ""B(0,2,W)"", ""E(3,2)"", ""N(5,2)"", ""E(5,2)"", ""B(6,2,E)"", ""B(0,3,W)"", ""E(1,3)"", ""N(2,3)"", ""E(2,3)"", ""E(3,3)"", ""E(4,3)"", ""B(6,3,E)"", ""N(0,4)"", ""E(0,4)"", ""B(0,4,W)"", ""N(1,4)"", ""E(1,4)"", ""N(3,4)"", ""E(3,4)"", ""E(4,4)"", ""E(5,4)"", ""B(6,4,E)"", ""B(0,5,W)"", ""N(1,5)"", ""E(2,5)"", ""E(4,5)"", ""N(5,5)"", ""E(5,5)"", ""N(6,5)"", ""B(6,5,E)"", ""B(0,6,N)"", ""B(0,6,W)"", ""B(1,6,N)"", ""E(1,6)"", ""B(2,6,N)"", ""E(2,6)"", ""B(3,6,N)"", ""E(3,6)"", ""B(4,6,N)"", ""B(5,6,N)"", ""B(6,6,N)"", ""B(6,6,E)""]",[],[]
core,0.08,3,,,,0.25,60,,1,,1,62,0.016129032258064516,0,0,0,"[""N(0,0)"", ""B(0,0,S)"", ""N(1,0)"", ""B(1,0,S)"", ""B(2,0,S)"", ""B(4,0,S)"", ""E(4,0)"", ""N(5,0)"", ""B(5,0,S)"", ""B(6,0,S)"", ""B(6,0,E)"", ""B(0,1,W)"", ""N(1,1)"", ""N(3,1)"", ""E(3,1)"", ""N(4,1)"", ""B(6,1,E)"", ""N(0,2)"", ""E(0,2)"", ""B(0,2,W)"", ""E(3,2)"", ""N(5,2)"", ""E(5,2)"", ""B(6,2,E)"", ""B(0,3,W)"", ""E(1,3)"", ""N(2,3)"", ""E(2,3)"", ""E(3,3)"", ""E(4,3)"", ""B(6,3,E)"", ""N(0,4)"", ""E(0,4)"", ""B(0,4,W)"", ""N(1,4)"", ""E(1,4)"", ""N(3,4)"", ""E(3,4)"", ""E(4,4)"", ""E(5,4)"", ""B(6,4,E)"", ""B(0,5,W)"", ""N(1,5)"", ""E(2,5)"", ""E(4,5)"", ""N(5,5)"", ""E(5,5)"", ""N(6,5)"", ""B(6,5,E)"", ""B(0,6,N)"", ""B(0,6,W)"", ""B(1,6,N)"", ""E(1,6)"", ""B(2,6,N)"", ""E(2,6)"", ""B(3,6,N)"", ""E(3,6)"", ""B(4,6,N)"", ""B(5,6,N)"", ""B(6,6,N)"", ""B(6,6,E)""]",[],[]
core,0.08,3,,,,0.25,85,,1,,1,62,0.016129032258064516,0,0,0,"[""N(0,0)"", ""B(0,0,S)"", ""N(1,0)"", ""B(1,0,S)"", ""B(2,0,S)"", ""B(4,0,S)"", ""E(4,0)"", ""N(5,0)"", ""B(5,0,S)"", ""B(6,0,S)"", ""B(6,0,E)"", ""B(0,1,W)"", ""N(1,1)"", ""N(3,1)"", ""E(3,1)"", ""N(4,1)"", ""B(6,1,E)"", ""N(0,2)"", ""E(0,2)"", ""B(0,2,W)"", ""E(3,2)"", ""N(5,2)"", ""E(5,2)"", ""B(6,2,E)"", ""B(0,3,W)"", ""E(1,3)"", ""N(2,3)"", ""E(2,3)"", ""E(3,3)"", ""E(4,3)"", ""B(6,3,E)"", ""N(0,4)"", ""E(0,4)"", ""B(0,4,W)"", ""N(1,4)"", ""E(1,4)"", ""N(3,4)"", ""E(3,4)"", ""E(4,4)"", ""E(5,4)"", ""B(6,4,E)"", ""B(0,5,W)"", ""N(1,5)"", ""E(2,5)"", ""E(4,5)"", ""N(5,5)"", ""E(5,5)"", ""N(6,5)"", ""B(6,5,E)"", ""B(0,6,N)"", ""B(0,6,W)"", ""B(1,6,N)"", ""E(1,6)"", ""B(2,6,N)"", ""E(2,6)"", ""B(3,6,N)"", ""E(3,6)"", ""B(4,6,N)"", ""B(5,6,N)"", ""B(6,6,N)"", ""B(6,6,E)""]",[],[]
core,0.08,3,,,,0.4,,,1,,4,62,0.06451612903225806,0,0,0,"[""N(0,0)"", ""B(0,0,S)"", ""N(1,0)"", ""B(1,0,S)"", ""B(2,0,S)"", ""E(4,0)"", ""N(5,0)"", ""B(5,0,S)"", ""B(6,0,S)"", ""B(6,0,E)"", ""B(0,1,W)"", ""N(3,1)"", ""N(4,1)"", ""B(6,1,E)"", ""N(0,2)"", ""E(0,2)"", ""B(0,2,W)"", ""E(3,2)"", ""N(5,2)"", ""E(5,2)"", ""B(6,2,E)"", ""B(0,3,W)"", ""E(1,3)"", ""N(2,3)"", ""E(2,3)"", ""E(3,3)"", ""E(4,3)"", ""B(6,3,E)"", ""N(0,4)"", ""E(0,4)"", ""B(0,4,W)"", ""N(1,4)"", ""E(1,4)"", ""N(3,4)"", ""E(3,4)"", ""E(4,4)"", ""E(5,4)"", ""B(6,4,E)"", ""B(0,5,W)"", ""N(1,5)"", ""E(2,5)"", ""E(4,5)"", ""N(5,5)"", ""E(5,5)"", ""N(6,5)"", ""B(6,5,E)"", ""B(0,6,N)"", ""B(0,6,W)"", ""B(1,6,N)"", ""E(1,6)"", ""B(2,6,N)"", ""E(2,6)"", ""B(3,6,N)"", ""E(3,6)"", ""B(4,6,N)"", ""B(5,6,N)"", ""B(6,6,N)"", ""B(6,6,E)""]",[],[]
core,0.08,3,,,,0.4,10,,1,,3,62,0.04838709677419355,0,0,0,"[""N(0,0)"", ""B(0,0,S)"", ""N(1,0)"", ""B(1,0,S)"", ""B(2,0,S)"", ""E(4,0)"", ""N(5,0)"", ""B(5,0,S)"", ""B(6,0,S)"", ""B(6,0,E)"", ""B(0,1,W)"", ""N(3,1)"", ""E(3,1)"", ""N(4,1)"", ""B(6,1,E)"", ""N(0,2)"", ""E(0,2)"", ""B(0,2,W)"", ""E(3,2)"", ""N(5,2)"", ""E(5,2)"", ""B(6,2,E)"", ""B(0,3,W)"", ""E(1,3)"", ""N(2,3)"", ""E(2,3)"", ""E(3,3)"", ""E(4,3)"", ""B(6,3,E)"", ""N(0,4)"", ""E(0,4)"", ""B(0,4,W)"", ""N(1,4)"", ""E(1,4)"", ""N(3,4)"", ""E(3,4)"", ""E(4,4)"", ""E(5,4)"", ""B(6,4,E)"", ""B(0,5,W)"", ""N(1,5)"", ""E(2,5)"", ""E(4,5)"", ""N(5,5)"", ""E(5,5)"", ""N(6,5)"", ""B(6,5,E)"", ""B(0,6,N)"", ""B(0,6,W)"", ""B(1,6,N)"", ""E(1,6)"", ""B(2,6,N)"", ""E(2,6)"", ""B(3,6,N)"", ""E(3,6)"", ""B(4,6,N)"", ""B(5,6,N)"", ""B(6,6,N)"", ""B(6,6,E)""]",[],[]
core,0.08,3,,,,0.4,20,,1,,3,62,0.04838709677419355,0,0,0,"[""N(0,0)"", ""B(0,0,S)"", ""N(1,0)"", ""B(1,0,S)"", ""B(2,0,S)"", ""E(4,0)"", ""N(5,0)"", ""B(5,0,S)"", ""B(6,0,S)"", ""B(6,0,E)"", ""B(0,1,W)"", ""N(3,1)"", ""E(3,1)"", ""N(4,1)"", ""B(6,1,E)"", ""N(0,2)"", ""E(0,2)"", ""B(0,2,W)"", ""E(3,2)"", ""N(5,2)"", ""E(5,2)"", ""B(6,2,E)"", ""B(0,3,W)"", ""E(1,3)"", ""N(2,3)"", ""E(2,3)"", ""E(3,3)"", ""E(4,3)"", ""B(6,3,E)"", ""N(0,4)"", ""E(0,4)"", ""B(0,4,W)"", ""N(1,4)"", ""E(1,4)"", ""N(3,4)"", ""E(3,4)"", ""E(4,4)"", ""E(5,4)"", ""B(6,4,E)"", ""B(0,5,W)"", ""N(1,5)"", ""E(2,5)"", ""E(4,5)"", ""N(5,5)"", ""E(5,5)"", ""N(6,5)"", ""B(6,5,E)"", ""B(0,6,N)"", ""B(0,6,W)"", ""B(1,6,N)"", ""E(1,6)"", ""B(2,6,N)"", ""E(2,6)"", ""B(3,6,N)"", ""E(3,6)"", ""B(4,6,N)"", ""B(5,6,N)"", ""B(6,6,N)"", ""B(6,6,E)""]",[],[]
core,0.08,3,,,,0.4,35,,1,,3,62,0.04838709677419355,0,0,0,"[""N(0,0)"", ""B(0,0,S)"", ""N(1,0)"", ""B(1,0,S)"", ""B(2,0,S)"", ""E(4,0)"", ""N(5,0)"", ""B(5,0,S)"", ""B(6,0,S)"", ""B(6,0,E)"", ""B(0,1,W)"", ""N(3,1)"", ""E(3,1)"", ""N(4,1)"", ""B(6,1,E)"", ""N(0,2)"", ""E(0,2)"", ""B(0,2,W)"", ""E(3,2)"", ""N(5,2)"", ""E(5,2)"", ""B(6,2,E)"", ""B(0,3,W)"", ""E(1,3)"", ""N(2,3)"", ""E(2,3)"", ""E(3,3)"", ""E(4,3)"", ""B(6,3,E)"", ""N(0,4)"", ""E(0,4)"", ""B(0,4,W)"", ""N(1,4)"", ""E(1,4)"", ""N(3,4)"", ""E(3,4)"", ""E(4,4)"", ""E(5,4)"", ""B(6,4,E)"", ""B(0,5,W)"", ""N(1,5)"", ""E(2,5)"", ""E(4,5)"", ""N(5,5)"", ""E(5,5)"", ""N(6,5)"", ""B(6,5,E)"", ""B(0,6,N)"", ""B(0,6,W)"", ""B(1,6,N)"", ""E(1,6)"", ""B(2,6,N)"", ""E(2,6)"", ""B(3,6,N)"", ""E(3,6)"", ""B(4,6,N)"", ""B(5,6,N)"", ""B(6,6,N)"", ""B(6,6,E)""]",[],[]
core,0.08,3,,,,0.4,60,,1,,3,62,0.04838709677419355,0,0,0,"[""N(0,0)"", ""B(0,0,S)"", ""N(1,0)"", ""B(1,0,S)"", ""B(2,0,S)"", ""E(4,0)"", ""N(5,0)"", ""B(5,0,S)"", ""B(6,0,S)"", ""B(6,0,E)"", ""B(0,1,W)"", ""N(3,1)"", ""E(3,1)"", ""N(4,1)"", ""B(6,1,E)"", ""N(0,2)"", ""E(0,2)"", ""B(0,2,W)"", ""E(3,2)"", ""N(5,2)"", ""E(5,2)"", ""B(6,2,E)"", ""B(0,3,W)"", ""E(1,3)"", ""N(2,3)"", ""E(2,3)"", ""E(3,3)"", ""E(4,3)"", ""B(6,3,E)"", ""N(0,4)"", ""E(0,4)"", ""B(0,4,W)"", ""N(1,4)"", ""E(1,4)"", ""N(3,4)"", ""E(3,4)"", ""E(4,4)"", ""E(5,4)"", ""B(6,4,E)"", ""B(0,5,W)"", ""N(1,5)"", ""E(2,5)"", ""E(4,5)"", ""N(5,5)"", ""E(5,5)"", ""N(6,5)"", ""B(6,5,E)"", ""B(0,6,N)"", ""B(0,6,W)"", ""B(1,6,N)"", ""E(1,6)"", ""B(2,6,N)"", ""E(2,6)"", ""B(3,6,N)"", ""E(3,6)"", ""B(4,6,N)"", ""B(5,6,N)"", ""B(6,6,N)"", ""B(6,6,E)""]",[],[]
core,0.08,3,,,,0.4,85,,1,,3,62,0.04838709677419355,0,0,0,"[""N(0,0)"", ""B(0,0,S)"", ""N(1,0)"", ""B(1,0,S)"", ""B(2,0,S)"", ""E(4,0)"", ""N(5,0)"", ""B(5,0,S)"", ""B(6,0,S)"", ""B(6,0,E)"", ""B(0,1,W)"", ""N(3,1)"", ""E(3,1)"", ""N(4,1)"", ""B(6,1,E)"", ""N(0,2)"", ""E(0,2)"", ""B(0,2,W)"", ""E(3,2)"", ""N(5,2)"", ""E(5,2)"", ""B(6,2,E)"", ""B(0,3,W)"", ""E(1,3)"", ""N(2,3)"", ""E(2,3)"", ""E(3,3)"", ""E(4,3)"", ""B(6,3,E)"", ""N(0,4)"", ""E(0,4)"", ""B(0,4,W)"", ""N(1,4)"", ""E(1,4)"", ""N(3,4)"", ""E(3,4)"", ""E(4,4)"", ""E(5,4)"", ""B(6,4,E)"", ""B(0,5,W)"", ""N(1,5)"", ""E(2,5)"", ""E(4,5)"", ""N(5,5)"", ""E(5,5)"", ""N(6,5)"", ""B(6,5,E)"", ""B(0,6,N)"", ""B(0,6,W)"", ""B(1,6,N)"", ""E(1,6)"", ""B(2,6,N)"", ""E(2,6)"", ""B(3,6,N)"", ""E(3,6)"", ""B(4,6,N)"", ""B(5,6,N)"", ""B(6,6,N)"", ""B(6,6,E)""]",[],[]
core,0.08,3,,,,0.6,,,1,,8,62,0.12903225806451613,0,0,0,"[""N(0,0)"", ""B(0,0,S)"", ""N(1,0)"", ""N(5,0)"", ""B(5,0,S)"", ""B(6,0,S)"", ""B(6,0,E)"", ""B(0,1,W)"", ""N(4,1)"", ""B(6,1,E)"", ""N(0,2)"", ""E(0,2)"", ""B(0,2,W)"", ""E(3,2)"", ""N(5,2)"", ""E(5,2)"", ""B(6,2,E)"", ""B(0,3,W)"", ""E(1,3)"", ""N(2,3)"", ""E(2,3)"", ""E(3,3)"", ""E(4,3)"", ""B(6,3,E)"", ""N(0,4)"", ""E(0,4)"", ""B(0,4,W)"", ""N(1,4)"", ""E(1,4)"", ""N(3,4)"", ""E(3,4)"", ""E(4,4)"", ""E(5,4)"", ""B(6,4,E)"", ""B(0,5,W)"", ""N(1,5)"", ""E(2,5)"", ""E(4,5)"", ""N(5,5)"", ""E(5,5)"", ""N(6,5)"", ""B(6,5,E)"", ""B(0,6,N)"", ""B(0,6,W)"", ""B(1,6,N)"", ""E(1,6)"", ""B(2,6,N)"", ""E(2,6)"", ""B(3,6,N)"", ""E(3,6)"", ""B(4,6,N)"", ""B(5,6,N)"", ""B(6,6,N)"", ""B(6,6,E)""]",[],[]
core,0.08,3,,,,0.6,10,,1,,6,62,0.0967741935483871,0,0,0,"[""N(0,0)"", ""B(0,0,S)"", ""N(1,0)"", ""E(4,0)"", ""N(5,0)"", ""B(5,0,S)"", ""B(6,0,S)"", ""B(6,0,E)"", ""B(0,1,W)"", ""E(3,1)"", ""N(4,1)"", ""B(6,1,E)"", ""N(0,2)"", ""E(0,2)"", ""B(0,2,W)"", ""E(3,2)"", ""N(5,2)"", ""E(5,2)"", ""B(6,2,E)"", ""B(0,3,W)"", ""E(1,3)"", ""N(2,3)"", ""E(2,3)"", ""E(3,3)"", ""E(4,3)"", ""B(6,3,E)"", ""N(0,4)"", ""E(0,4)"", ""B(0,4,W)"", ""N(1,4)"", ""E(1,4)"", ""N(3,4)"", ""E(3,4)"", ""E(4,4)"", ""E(5,4)"", ""B(6,4,E)"", ""B(0,5,W)"", ""N(1,5)"", ""E(2,5)"", ""E(4,5)"", ""N(5,5)"", ""E(5,5)"", ""N(6,5)"", ""B(6,5,E)"", ""B(0,6,N)"", ""B(0,6,W)"", ""B(1,6,N)"", ""E(1,6)"", ""B(2,6,N)"", ""E(2,6)"", ""B(3,6,N)"", ""E(3,6)"", ""B(4,6,N)"", ""B(5,6,N)"", ""B(6,6,N)"", ""B(6,6,E)""]",[],[]
core,0.08,3,,,,0.6,20,,1,,6,62,0.0967741935483871,0,0,0,"[""N(0,0)"", ""B(0,0,S)"", ""N(1,0)"", ""E(4,0)"", ""N(5,0)"", ""B(5,0,S)"", ""B(6,0,S)"", ""B(6,0,E)"", ""B(0,1,W)"", ""E(3,1)"", ""N(4,1)"", ""B(6,1,E)"", ""N(0,2)"", ""E(0,2)"", ""B(0,2,W)"", ""E(3,2)"", ""N(5,2)"", ""E(5,2)"", ""B(6,2,E)"", ""B(0,3,W)"", ""E(1,3)"", ""N(2,3)"", ""E(2,3)"", ""E(3,3)"", ""E(4,3)"", ""B(6,3,E)"", ""N(0,4)"", ""E(0,4)"", ""B(0,4,W)"", ""N(1,4)"", ""E(1,4)"", ""N(3,4)"", ""E(3,4)"", ""E(4,4)"", ""E(5,4)"", ""B(6,4,E)"", ""B(0,5,W)"", ""N(1,5)"", ""E(2,5)"", ""E(4,5)"", ""N(5,5)"", ""E(5,5)"", ""N(6,5)"", ""B(6,5,E)"", ""B(0,6,N)"", ""B(0,6,W)"", ""B(1,6,N)"", ""E(1,6)"", ""B(2,6,N)"", ""E(2,6)"", ""B(3,6,N)"", ""E(3,6)"", ""B(4,6,N)"", ""B(5,6,N)"", ""B(6,6,N)"", ""B(6,6,E)""]",[],[]
core,0.08,3,,,,0.6,35,,1,,6,62,0.0967741935483871,0,0,0,"[""N(0,0)"", ""B(0,0,S)"", ""N(1,0)"", ""E(4,0)"", ""N(5,0)"", ""B(5,0,S)"", ""B(6,0,S)"", ""B(6,0,E)"", ""B(0,1,W)"", ""E(3,1)"", ""N(4,1)"", ""B(6,1,E)"", ""N(0,2)"", ""E(0,2)"", ""B(0,2,W)"", ""E(3,2)"", ""N(5,2)"", ""E(5,2)"", ""B(6,2,E)"", ""B(0,3,W)"", ""E(1,3)"", ""N(2,3)"", ""E(2,3)"", ""E(3,3)"", ""E(4,3)"", ""B(6,3,E)"", ""N(0,4)"", ""E(0,4)"", ""B(0,4,W)"", ""N(1,4)"", ""E(1,4)"", ""N(3,4)"", ""E(3,4)"", ""E(4,4)"", ""E(5,4)"", ""B(6,4,E)"", ""B(0,5,W)"", ""N(1,5)"", ""E(2,5)"", ""E(4,5)"", ""N(5,5)"", ""E(5,5)"", ""N(6,5)"", ""B(6,5,E)"", ""B(0,6,N)"", ""B(0,6,W)"", ""B(1,6,N)"", ""E(1,6)"", ""B(2,6,N)"", ""E(2,6)"", ""B(3,6,N)"", ""E(3,6)"", ""B(4,6,N)"", ""B(5,6,N)"", ""B(6,6,N)"", ""B(6,6,E)""]",[],[]
core,0.08,3,,,,0.6,60,,1,,6,62,0.0967741935483871,0,0,0,"[""N(0,0)"", ""B(0,0,S)"", ""N(1,0)"", ""E(4,0)"", ""N(5,0)"", ""B(5,0,S)"", ""B(6,0,S)"", ""B(6,0,E)"", ""B(0,1,W)"", ""E(3,1)"", ""N(4,1)"", ""B(6,1,E)"", ""N(0,2)"", ""E(0,2)"", ""B(0,2,W)"", ""E(3,2)"", ""N(5,2)"", ""E(5,2)"", ""B(6,2,E)"", ""B(0,3,W)"", ""E(1,3)"", ""N(2,3)"", ""E(2,3)"", ""E(3,3)"", ""E(4,3)"", ""B(6,3,E)"", ""N(0,4)"", ""E(0,4)"", ""B(0,4,W)"", ""N(1,4)"", ""E(1,4)"", ""N(3,4)"", ""E(3,4)"", ""E(4,4)"", ""E(5,4)"", ""B(6,4,E)"", ""B(0,5,W)"", ""N(1,5)"", ""E(2,5)"", ""E(4,5)"", ""N(5,5)"", ""E(5,5)"", ""N(6,5)"", ""B(6,5,E)"", ""B(0,6,N)"", ""B(0,6,W)"", ""B(1,6,N)"", ""E(1,6)"", ""B(2,6,N)"", ""E(2,6)"", ""B(3,6,N)"", ""E(3,6)"", ""B(4,6,N)"", ""B(5,6,N)"", ""B(6,6,N)"", ""B(6,6,E)""]",[],[]
core,0.08,3,,,,0.6,85,,1,,6,62,0.0967741935483871,0,0,0,"[""N(0,0)"", ""B(0,0,S)"", ""N(1,0)"", ""E(4,0)"", ""N(5,0)"", ""B(5,0,S)"", ""B(6,0,S)"", ""B(6,0,E)"", ""B(0,1,W)"", ""E(3,1)"", ""N(4,1)"", ""B(6,1,E)"", ""N(0,2)"", ""E(0,2)"", ""B(0,2,W)"", ""E(3,2)"", ""N(5,2)"", ""E(5,2)"", ""B(6,2,E)"", ""B(0,3,W)"", ""E(1,3)"", ""N(2,3)"", ""E(2,3)"", ""E(3,3)"", ""E(4,3)"", ""B(6,3,E)"", ""N(0,4)"", ""E(0,4)"", ""B(0,4,W)"", ""N(1,4)"", ""E(1,4)"", ""N(3,4)"", ""E(3,4)"", ""E(4,4)"", ""E(5,4)"", ""B(6,4,E)"", ""B(0,5,W)"", ""N(1,5)"", ""E(2,5)"", ""E(4,5)"", ""N(5,5)"", ""E(5,5)"", ""N(6,5)"", ""B(6,5,E)"", ""B(0,6,N)"", ""B(0,6,W)"", ""B(1,6,N)"", ""E(1,6)"", ""B(2,6,N)"", ""E(2,6)"", ""B(3,6,N)"", ""E(3,6)"", ""B(4,6,N)"", ""B(5,6,N)"", ""B(6,6,N)"", ""B(6,6,E)""]",[],[]
core,0.08,3,,,,1.2,,,1,,9,62,0.14516129032258066,0,0,0,"[""N(0,0)"", ""B(0,0,S)"", ""N(1,0)"", ""N(5,0)"", ""B(5,0,S)"", ""B(6,0,S)"", ""B(6,0,E)"", ""B(0,1,W)"", ""N(4,1)"", ""B(6,1,E)"", ""N(0,2)"", ""E(0,2)"", ""B(0,2,W)"", ""E(3,2)"", ""N(5,2)"", ""E(5,2)"", ""B(6,2,E)"", ""B(0,3,W)"", ""N(2,3)"", ""E(2,3)"", ""E(3,3)"", ""E(4,3)"", ""B(6,3,E)"", ""N(0,4)"", ""E(0,4)"", ""B(0,4,W)"", ""N(1,4)"", ""E(1,4)"", ""N(3,4)"", ""E(3,4)"", ""E(4,4)"", ""E(5,4)"", ""B(6,4,E)"", ""B(0,5,W)"", ""N(1,5)"", ""E(2,5)"", ""E(4,5)"", ""N(5,5)"", ""E(5,5)"", ""N(6,5)"", ""B(6,5,E)"", ""B(0,6,N)"", ""B(0,6,W)"", ""B(1,6,N)"", ""E(1,6)"", ""B(2,6,N)"", ""E(2,6)"", ""B(3,6,N)"", ""E(3,6)"", ""B(4,6,N)"", ""B(5,6,N)"", ""B(6,6,N)"", ""B(6,6,E)""]",[],[]
core,0.08,3,,,,1.2,10,,1,,6,62,0.0967741935483871,0,0,0,"[""N(0,0)"", ""B(0,0,S)"", ""N(1,0)"", ""E(4,0)"", ""N(5,0)"", ""B(5,0,S)"", ""B(6,0,S)"", ""B(6,0,E)"", ""B(0,1,W)"", ""E(3,1)"", ""N(4,1)"", ""B(6,1,E)"", ""N(0,2)"", ""E(0,2)"", ""B(0,2,W)"", ""E(3,2)"", ""N(5,2)"", ""E(5,2)"", ""B(6,2,E)"", ""B(0,3,W)"", ""E(1,3)"", ""N(2,3)"", ""E(2,3)"", ""E(3,3)"", ""E(4,3)"", ""B(6,3,E)"", ""N(0,4)"", ""E(0,4)"", ""B(0,4,W)"", ""N(1,4)"", ""E(1,4)"", ""N(3,4)"", ""E(3,4)"", ""E(4,4)"", ""E(5,4)"", ""B(6,4,E)"", ""B(0,5,W)"", ""N(1,5)"", ""E(2,5)"", ""E(4,5)"", ""N(5,5)"", ""E(5,5)"", ""N(6,5)"", ""B(6,5,E)"", ""B(0,6,N)"", ""B(0,6,W)"", ""B(1,6,N)"", ""E(1,6)"", ""B(2,6,N)"", ""E(2,6)"", ""B(3,6,N)"", ""E(3,6)"", ""B(4,6,N)"", ""B(5,6,N)"", ""B(6,6,N)"", ""B(6,6,E)""]",[],[]
core,0.08,3,,,,1.2,20,,1,,6,62,0.0967741935483871,0,0,0,"[""N(0,0)"", ""B(0,0,S)"", ""N(1,0)"", ""E(4,0)"", ""N(5,0)"", ""B(5,0,S)"", ""B(6,0,S)"", ""B(6,0,E)"", ""B(0,1,W)"", ""E(3,1)"", ""N(4,1)"", ""B(6,1,E)"", ""N(0,2)"", ""E(0,2)"", ""B(0,2,W)"", ""E(3,2)"", ""N(5,2)"", ""E(5,2)"", ""B(6,2,E)"", ""B(0,3,W)"", ""E(1,3)"", ""N(2,3)"", ""E(2,3)"", ""E(3,3)"", ""E(4,3)"", ""B(6,3,E)"", ""N(0,4)"", ""E(0,4)"", ""B(0,4,W)"", ""N(1,4)"", ""E(1,4)"", ""N(3,4)"", ""E(3,4)"", ""E(4,4)"", ""E(5,4)"", ""B(6,4,E)"", ""B(0,5,W)"", ""N(1,5)"", ""E(2,5)"", ""E(4,5)"", ""N(5,5)"", ""E(5,5)"", ""N(6,5)"", ""B(6,5,E)"", ""B(0,6,N)"", ""B(0,6,W)"", ""B(1,6,N)"", ""E(1,6)"", ""B(2,6,N)"", ""E(2,6)"", ""B(3,6,N)"", ""E(3,6)"", ""B(4,6,N)"", ""B(5,6,N)"", ""B(6,6,N)"", ""B(6,6,E)""]",[],[]
core,0.08,3,,,,1.2,35,,1,,6,62,0.0967741935483871,0,0,0,"[""N(0,0)"", ""B(0,0,S)"", ""N(1,0)"", ""E(4,0)"", ""N(5,0)"", ""B(5,0,S)"", ""B(6,0,S)"", ""B(6,0,E)"", ""B(0,1,W)"", ""E(3,1)"", ""N(4,1)"", ""B(6,1,E)"", ""N(0,2)"", ""E(0,2)"", ""B(0,2,W)"", ""E(3,2)"", ""N(5,2)"", ""E(5,2)"", ""B(6,2,E)"", ""B(0,3,W)"", ""E(1,3)"", ""N(2,3)"", ""E(2,3)"", ""E(3,3)"", ""E(4,3)"", ""B(6,3,E)"", ""N(0,4)"", ""E(0,4)"", ""B(0,4,W)"", ""N(1,4)"", ""E(1,4)"", ""N(3,4)"", ""E(3,4)"", ""E(4,4)"", ""E(5,4)"", ""B(6,4,E)"", ""B(0,5,W)"", ""N(1,5)"", ""E(2,5)"", ""E(4,5)"", ""N(5,5)"", ""E(5,5)"", ""N(6,5)"", ""B(6,5,E)"", ""B(0,6,N)"", ""B(0,6,W)"", ""B(1,6,N)"", ""E(1,6)"", ""B(2,6,N)"", ""E(2,6)"", ""B(3,6,N)"", ""E(3,6)"", ""B(4,6,N)"", ""B(5,6,N)"", ""B(6,6,N)"", ""B(6,6,E)""]",[],[]
core,0.08,3,,,,1.2,60,,1,,6,62,0.0967741935483871,0,0,0,"[""N(0,0)"", ""B(0,0,S)"", ""N(1,0)"", ""E(4,0)"", ""N(5,0)"", ""B(5,0,S)"", ""B(6,0,S)"", ""B(6,0,E)"", ""B(0,1,W)"", ""E(3,1)"", ""N(4,1)"", ""B(6,1,E)"", ""N(0,2)"", ""E(0,2)"", ""B(0,2,W)"", ""E(3,2)"", ""N(5,2)"", ""E(5,2)"", ""B(6,2,E)"", ""B(0,3,W)"", ""E(1,3)"", ""N(2,3)"", ""E(2,3)"", ""E(3,3)"", ""E(4,3)"", ""B(6,3,E)"", ""N(0,4)"", ""E(0,4)"", ""B(0,4,W)"", ""N(1,4)"", ""E(1,4)"", ""N(3,4)"", ""E(3,4)"", ""E(4,4)"", ""E(5,4)"", ""B(6,4,E)"", ""B(0,5,W)"", ""N(1,5)"", ""E(2,5)"", ""E(4,5)"", ""N(5,5)"", ""E(5,5)"", ""N(6,5)"", ""B(6,5,E)"", ""B(0,6,N)"", ""B(0,6,W)"", ""B(1,6,N)"", ""E(1,6)"", ""B(2,6,N)"", ""E(2,6)"", ""B(3,6,N)"", ""E(3,6)"", ""B(4,6,N)"", ""B(5,6,N)"", ""B(6,6,N)"", ""B(6,6,E)""]",[],[]
core,0.08,3,,,,1.2,85,,1,,6,62,0.0967741935483871,0,0,0,"[""N(0,0)"", ""B(0,0,S)"", ""N(1,0)"", ""E(4,0)"", ""N(5,0)"", ""B(5,0,S)"", ""B(6,0,S)"", ""B(6,0,E)"", ""B(0,1,W)"", ""E(3,1)"", ""N(4,1)"", ""B(6,1,E)"", ""N(0,2)"", ""E(0,2)"", ""B(0,2,W)"", ""E(3,2)"", ""N(5,2)"", ""E(5,2)"", ""B(6,2,E)"", ""B(0,3,W)"", ""E(1,3)"", ""N(2,3)"", ""E(2,3)"", ""E(3,3)"", ""E(4,3)"", ""B(6,3,E)"", ""N(0,4)"", ""E(0,4)"", ""B(0,4,W)"", ""N(1,4)"", ""E(1,4)"", ""N(3,4)"", ""E(3,4)"", ""E(4,4)"", ""E(5,4)"", ""B(6,4,E)"", ""B(0,5,W)"", ""N(1,5)"", ""E(2,5)"", ""E(4,5)"", ""N(5,5)"", ""E(5,5)"", ""N(6,5)"", ""B(6,5,E)"", ""B(0,6,N)"", ""B(0,6,W)"", ""B(1,6,N)"", ""E(1,6)"", ""B(2,6,N)"", ""E(2,6)"", ""B(3,6,N)"", ""E(3,6)"", ""B(4,6,N)"", ""B(5,6,N)"", ""B(6,6,N)"", ""B(6,6,E)""]",[],[]
core,0.08,3,,,,2.0,,,1,,10,62,0.16129032258064516,0,0,0,"[""N(0,0)"", ""B(0,0,S)"", ""N(1,0)"", ""N(5,0)"", ""B(5,0,S)"", ""B(6,0,S)"", ""B(6,0,E)"", ""B(0,1,W)"", ""N(4,1)"", ""B(6,1,E)"", ""N(0,2)"", ""E(0,2)"", ""B(0,2,W)"", ""E(3,2)"", ""N(5,2)"", ""E(5,2)"", ""B(6,2,E)"", ""B(0,3,W)"", ""N(2,3)"", ""E(2,3)"", ""E(3,3)"", ""E(4,3)"", ""B(6,3,E)"", ""N(0,4)"", ""E(0,4)"", ""N(1,4)"", ""E(1,4)"", ""N(3,4)"", ""E(3,4)"", ""E(4,4)"", ""E(5,4)"", ""B(6,4,E)"", ""B(0,5,W)"", ""N(1,5)"", ""E(2,5)"", ""E(4,5)"", ""N(5,5)"", ""E(5,5)"", ""N(6,5)"", ""B(6,5,E)"", ""B(0,6,N)"", ""B(0,6,W)"", ""B(1,6,N)"", ""E(1,6)"", ""B(2,6,N)"", ""E(2,6)"", ""B(3,6,N)"", ""E(3,6)"", ""B(4,6,N)"", ""B(5,6,N)"", ""B(6,6,N)"", ""B(6,6,E)""]",[],[]
core,0.08,3,,,,2.0,10,,1,,6,62,0.0967741935483871,0,0,0,"[""N(0,0)"", ""B(0,0,S)"", ""N(1,0)"", ""E(4,0)"", ""N(5,0)"", ""B(5,0,S)"", ""B(6,0,S)"", ""B(6,0,E)"", ""B(0,1,W)"", ""E(3,1)"", ""N(4,1)"", ""B(6,1,E)"", ""N(0,2)"", ""E(0,2)"", ""B(0,2,W)"", ""E(3,2)"", ""N(5,2)"", ""E(5,2)"", ""B(6,2,E)"", ""B(0,3,W)"", ""E(1,3)"", ""N(2,3)"", ""E(2,3)"", ""E(3,3)"", ""E(4,3)"", ""B(6,3,E)"", ""N(0,4)"", ""E(0,4)"", ""B(0,4,W)"", ""N(1,4)"", ""E(1,4)"", ""N(3,4)"", ""E(3,4)"", ""E(4,4)"", ""E(5,4)"", ""B(6,4,E)"", ""B(0,5,W)"", ""N(1,5)"", ""E(2,5)"", ""E(4,5)"", ""N(5,5)"", ""E(5,5)"", ""N(6,5)"", ""B(6,5,E)"", ""B(0,6,N)"", ""B(0,6,W)"", ""B(1,6,N)"", ""E(1,6)"", ""B(2,6,N)"", ""E(2,6)"", ""B(3,6,N)"", ""E(3,6)"", ""B(4,6,N)"", ""B(5,6,N)"", ""B(6,6,N)"", ""B(6,6,E)""]",[],[]
core,0.08,3,,,,2.0,20,,1,,6,62,0.0967741935483871,0,0,0,"[""N(0,0)"", ""B(0,0,S)"", ""N(1,0)"", ""E(4,0)"", ""N(5,0)"", ""B(5,0,S)"", ""B(6,0,S)"", ""B(6,0,E)"", ""B(0,1,W)"", ""E(3,1)"", ""N(4,1)"", ""B(6,1,E)"", ""N(0,2)"", ""E(0,2)"", ""B(0,2,W)"", ""E(3,2)"", ""N(5,2)"", ""E(5,2)"", ""B(6,2,E)"", ""B(0,3,W)"", ""E(1,3)"", ""N(2,3)"", ""E(2,3)"", ""E(3,3)"", ""E(4,3)"", ""B(6,3,E)"", ""N(0,4)"", ""E(0,4)"", ""B(0,4,W)"", ""N(1,4)"", ""E(1,4)"", ""N(3,4)"", ""E(3,4)"", ""E(4,4)"", ""E(5,4)"", ""B(6,4,E)"", ""B(0,5,W)"", ""N(1,5)"", ""E(2,5)"", ""E(4,5)"", ""N(5,5)"", ""E(5,5)"", ""N(6,5)"", ""B(6,5,E)"", ""B(0,6,N)"", ""B(0,6,W)"", ""B(1,6,N)"", ""E(1,6)"", ""B(2,6,N)"", ""E(2,6)"", ""B(3,6,N)"", ""E(3,6)"", ""B(4,6,N)"", ""B(5,6,N)"", ""B(6,6,N)"", ""B(6,6,E)""]",[],[]
core,0.08,3,,,,2.0,35,,1,,6,62,0.0967741935483871,0,0,0,"[""N(0,0)"", ""B(0,0,S)"", ""N(1,0)"", ""E(4,0)"", ""N(5,0)"", ""B(5,0,S)"", ""B(6,0,S)"", ""B(6,0,E)"", ""B(0,1,W)"", ""E(3,1)"", ""N(4,1)"", ""B(6,1,E)"", ""N(0,2)"", ""E(0,2)"", ""B(0,2,W)"", ""E(3,2)"", ""N(5,2)"", ""E(5,2)"", ""B(6,2,E)"", ""B(0,3,W)"", ""E(1,3)"", ""N(2,3)"", ""E(2,3)"", ""E(3,3)"", ""E(4,3)"", ""B(6,3,E)"", ""N(0,4)"", ""E(0,4)"", ""B(0,4,W)"", ""N(1,4)"", ""E(1,4)"", ""N(3,4)"", ""E(3,4)"", ""E(4,4)"", ""E(5,4)"", ""B(6,4,E)"", ""B(0,5,W)"", ""N(1,5)"", ""E(2,5)"", ""E(4,5)"", ""N(5,5)"", ""E(5,5)"", ""N(6,5)"", ""B(6,5,E)"", ""B(0,6,N)"", ""B(0,6,W)"", ""B(1,6,N)"", ""E(1,6)"", ""B(2,6,N)"", ""E(2,6)"", ""B(3,6,N)"", ""E(3,6)"", ""B(4,6,N)"", ""B(5,6,N)"", ""B(6,6,N)"", ""B(6,6,E)""]",[],[]
core,0.08,3,,,,2.0,60,,1,,6,62,0.0967741935483871,0,0,0,"[""N(0,0)"", ""B(0,0,S)"", ""N(1,0)"", ""E(4,0)"", ""N(5,0)"", ""B(5,0,S)"", ""B(6,0,S)"", ""B(6,0,E)"", ""B(0,1,W)"", ""E(3,1)"", ""N(4,1)"", ""B(6,1,E)"", ""N(0,2)"", ""E(0,2)"", ""B(0,2,W)"", ""E(3,2)"", ""N(5,2)"", ""E(5,2)"", ""B(6,2,E)"", ""B(0,3,W)"", ""E(1,3)"", ""N(2,3)"", ""E(2,3)"", ""E(3,3)"", ""E(4,3)"", ""B(6,3,E)"", ""N(0,4)"", ""E(0,4)"", ""B(0,4,W)"", ""N(1,4)"", ""E(1,4)"", ""N(3,4)"", ""E(3,4)"", ""E(4,4)"", ""E(5,4)"", ""B(6,4,E)"", ""B(0,5,W)"", ""N(1,5)"", ""E(2,5)"", ""E(4,5)"", ""N(5,5)"", ""E(5,5)"", ""N(6,5)"", ""B(6,5,E)"", ""B(0,6,N)"", ""B(0,6,W)"", ""B(1,6,N)"", ""E(1,6)"", ""B(2,6,N)"", ""E(2,6)"", ""B(3,6,N)"", ""E(3,6)"", ""B(4,6,N)"", ""B(5,6,N)"", ""B(6,6,N)"", ""B(6,6,E)""]",[],[]
core,0.08,3,,,,2.0,85,,1,,6,62,0.0967741935483871,0,0,0,"[""N(0,0)"", ""B(0,0,S)"", ""N(1,0)"", ""E(4,0)"", ""N(5,0)"", ""B(5,0,S)"", ""B(6,0,S)"", ""B(6,0,E)"", ""B(0,1,W)"", ""E(3,1)"", ""N(4,1)"", ""B(6,1,E)"", ""N(0,2)"", ""E(0,2)"", ""B(0,2,W)"", ""E(3,2)"", ""N(5,2)"", ""E(5,2)"", ""B(6,2,E)"", ""B(0,3,W)"", ""E(1,3)"", ""N(2,3)"", ""E(2,3)"", ""E(3,3)"", ""E(4,3)"", ""B(6,3,E)"", ""N(0,4)"", ""E(0,4)"", ""B(0,4,W)"", ""N(1,4)"", ""E(1,4)"", ""N(3,4)"", ""E(3,4)"", ""E(4,4)"", ""E(5,4)"", ""B(6,4,E)"", ""B(0,5,W)"", ""N(1,5)"", ""E(2,5)"", ""E(4,5)"", ""N(5,5)"", ""E(5,5)"", ""N(6,5)"", ""B(6,5,E)"", ""B(0,6,N)"", ""B(0,6,W)"", ""B(1,6,N)"", ""E(1,6)"", ""B(2,6,N)"", ""E(2,6)"", ""B(3,6,N)"", ""E(3,6)"", ""B(4,6,N)"", ""B(5,6,N)"", ""B(6,6,N)"", ""B(6,6,E)""]",[],[]
core,0.08,3,,,,,,,1,,10,62,0.16129032258064516,0,0,0,"[""N(0,0)"", ""B(0,0,S)"", ""N(1,0)"", ""N(5,0)"", ""B(5,0,S)"", ""B(6,0,S)"", ""B(6,0,E)"", ""B(0,1,W)"", ""N(4,1)"", ""B(6,1,E)"", ""N(0,2)"", ""E(0,2)"", ""B(0,2,W)"", ""E(3,2)"", ""N(5,2)"", ""E(5,2)"", ""B(6,2,E)"", ""B(0,3,W)"", ""N(2,3)"", ""E(2,3)"", ""E(3,3)"", ""E(4,3)"", ""B(6,3,E)"", ""N(0,4)"", ""E(0,4)"", ""N(1,4)"", ""E(1,4)"", ""N(3,4)"", ""E(3,4)"", ""E(4,4)"", ""E(5,4)"", ""B(6,4,E)"", ""B(0,5,W)"", ""N(1,5)"", ""E(2,5)"", ""E(4,5)"", ""N(5,5)"", ""E(5,5)"", ""N(6,5)"", ""B(6,5,E)"", ""B(0,6,N)"", ""B(0,6,W)"", ""B(1,6,N)"", ""E(1,6)"", ""B(2,6,N)"", ""E(2,6)"", ""B(3,6,N)"", ""E(3,6)"", ""B(4,6,N)"", ""B(5,6,N)"", ""B(6,6,N)"", ""B(6,6,E)""]",[],[]
core,0.08,3,,,,,10,,1,,6,62,0.0967741935483871,0,0,0,"[""N(0,0)"", ""B(0,0,S)"", ""N(1,0)"", ""E(4,0)"", ""N(5,0)"", ""B(5,0,S)"", ""B(6,0,S)"", ""B(6,0,E)"", ""B(0,1,W)"", ""E(3,1)"", ""N(4,1)"", ""B(6,1,E)"", ""N(0,2)"", ""E(0,2)"", ""B(0,2,W)"", ""E(3,2)"", ""N(5,2)"", ""E(5,2)"", ""B(6,2,E)"", ""B(0,3,W)"", ""E(1,3)"", ""N(2,3)"", ""E(2,3)"", ""E(3,3)"", ""E(4,3)"", ""B(6,3,E)"", ""N(0,4)"", ""E(0,4)"", ""B(0,4,W)"", ""N(1,4)"", ""E(1,4)"", ""N(3,4)"", ""E(3,4)"", ""E(4,4)"", ""E(5,4)"", ""B(6,4,E)"", ""B(0,5,W)"", ""N(1,5)"", ""E(2,5)"", ""E(4,5)"", ""N(5,5)"", ""E(5,5)"", ""N(6,5)"", ""B(6,5,E)"", ""B(0,6,N)"", ""B(0,6,W)"", ""B(1,6,N)"", ""E(1,6)"", ""B(2,6,N)"", ""E(2,6)"", ""B(3,6,N)"", ""E(3,6)"", ""B(4,6,N)"", ""B(5,6,N)"", ""B(6,6,N)"", ""B(6,6,E)""]",[],[]
core,0.08,3,,,,,20,,1,,6,62,0.0967741935483871,0,0,0,"[""N(0,0)"", ""B(0,0,S)"", ""N(1,0)"", ""E(4,0)"", ""N(5,0)"", ""B(5,0,S)"", ""B(6,0,S)"", ""B(6,0,E)"", ""B(0,1,W)"", ""E(3,1)"", ""N(4,1)"", ""B(6,1,E)"", ""N(0,2)"", ""E(0,2)"", ""B(0,2,W)"", ""E(3,2)"", ""N(5,2)"", ""E(5,2)"", ""B(6,2,E)"", ""B(0,3,W)"", ""E(1,3)"", ""N(2,3)"", ""E(2,3)"", ""E(3,3)"", ""E(4,3)"", ""B(6,3,E)"", ""N(0,4)"", ""E(0,4)"", ""B(0,4,W)"", ""N(1,4)"", ""E(1,4)"", ""N(3,4)"", ""E(3,4)"", ""E(4,4)"", ""E(5,4)"", ""B(6,4,E)"", ""B(0,5,W)"", ""N(1,5)"", ""E(2,5)"", ""E(4,5)"", ""N(5,5)"", ""E(5,5)"", ""N(6,5)"", ""B(6,5,E)"", ""B(0,6,N)"", ""B(0,6,W)"", ""B(1,6,N)"", ""E(1,6)"", ""B(2,6,N)"", ""E(2,6)"", ""B(3,6,N)"", ""E(3,6)"", ""B(4,6,N)"", ""B(5,6,N)"", ""B(6,6,N)"", ""B(6,6,E)""]",[],[]
core,0.08,3,,,,,35,,1,,6,62,0.0967741935483871,0,0,0,"[""N(0,0)"", ""B(0,0,S)"", ""N(1,0)"", ""E(4,0)"", ""N(5,0)"", ""B(5,0,S)"", ""B(6,0,S)"", ""B(6,0,E)"", ""B(0,1,W)"", ""E(3,1)"", ""N(4,1)"", ""B(6,1,E)"", ""N(0,2)"", ""E(0,2)"", ""B(0,2,W)"", ""E(3,2)"", ""N(5,2)"", ""E(5,2)"", ""B(6,2,E)"", ""B(0,3,W)"", ""E(1,3)"", ""N(2,3)"", ""E(2,3)"", ""E(3,3)"", ""E(4,3)"", ""B(6,3,E)"", ""N(0,4)"", ""E(0,4)"", ""B(0,4,W)"", ""N(1,4)"", ""E(1,4)"", ""N(3,4)"", ""E(3,4)"", ""E(4,4)"", ""E(5,4)"", ""B(6,4,E)"", ""B(0,5,W)"", ""N(1,5)"", ""E(2,5)"", ""E(4,5)"", ""N(5,5)"", ""E(5,5)"", ""N(6,5)"", ""B(6,5,E)"", ""B(0,6,N)"", ""B(0,6,W)"", ""B(1,6,N)"", ""E(1,6)"", ""B(2,6,N)"", ""E(2,6)"", ""B(3,6,N)"", ""E(3,6)"", ""B(4,6,N)"", ""B(5,6,N)"", ""B(6,6,N)"", ""B(6,6,E)""]",[],[]
core,0.08,3,,,,,60,,1,,6,62,0.0967741935483871,0,0,0,"[""N(0,0)"", ""B(0,0,S)"", ""N(1,0)"", ""E(4,0)"", ""N(5,0)"", ""B(5,0,S)"", ""B(6,0,S)"", ""B(6,0,E)"", ""B(0,1,W)"", ""E(3,1)"", ""N(4,1)"", ""B(6,1,E)"", ""N(0,2)"", ""E(0,2)"", ""B(0,2,W)"", ""E(3,2)"", ""N(5,2)"", ""E(5,2)"", ""B(6,2,E)"", ""B(0,3,W)"", ""E(1,3)"", ""N(2,3)"", ""E(2,3)"", ""E(3,3)"", ""E(4,3)"", ""B(6,3,E)"", ""N(0,4)"", ""E(0,4)"", ""B(0,4,W)"", ""N(1,4)"", ""E(1,4)"", ""N(3,4)"", ""E(3,4)"", ""E(4,4)"", ""E(5,4)"", ""B(6,4,E)"", ""B(0,5,W)"", ""N(1,5)"", ""E(2,5)"", ""E(4,5)"", ""N(5,5)"", ""E(5,5)"", ""N(6,5)"", ""B(6,5,E)"", ""B(0,6,N)"", ""B(0,6,W)"", ""B(1,6,N)"", ""E(1,6)"", ""B(2,6,N)"", ""E(2,6)"", ""B(3,6,N)"", ""E(3,6)"", ""B(4,6,N)"", ""B(5,6,N)"", ""B(6,6,N)"", ""B(6,6,E)""]",[],[]
core,0.08,3,,,,,85,,1,,6,62,0.0967741935483871,0,0,0,"[""N(0,0)"", ""B(0,0,S)"", ""N(1,0)"", ""E(4,0)"", ""N(5,0)"", ""B(5,0,S)"", ""B(6,0,S)"", ""B(6,0,E)"", ""B(0,1,W)"", ""E(3,1)"", ""N(4,1)"", ""B(6,1,E)"", ""N(0,2)"", ""E(0,2)"", ""B(0,2,W)"", ""E(3,2)"", ""N(5,2)"", ""E(5,2)"", ""B(6,2,E)"", ""B(0,3,W)"", ""E(1,3)"", ""N(2,3)"", ""E(2,3)"", ""E(3,3)"", ""E(4,3)"", ""B(6,3,E)"", ""N(0,4)"", ""E(0,4)"", ""B(0,4,W)"", ""N(1,4)"", ""E(1,4)"", ""N(3,4)"", ""E(3,4)"", ""E(4,4)"", ""E(5,4)"", ""B(6,4,E)"", ""B(0,5,W)"", ""N(1,5)"", ""E(2,5)"", ""E(4,5)"", ""N(5,5)"", ""E(5,5)"", ""N(6,5)"", ""B(6,5,E)"", ""B(0,6,N)"", ""B(0,6,W)"", ""B(1,6,N)"", ""E(1,6)"", ""B(2,6,N)"", ""E(2,6)"", ""B(3,6,N)"", ""E(3,6)"", ""B(4,6,N)"", ""B(5,6,N)"", ""B(6,6,N)"", ""B(6,6,E)""]",[],[]
core,0.08,4,,,,0.25,,,1,,2,62,0.03225806451612903,0,0,0,"[""N(0,0)"", ""B(0,0,S)"", ""N(1,0)"", ""B(1,0,S)"", ""B(2,0,S)"", ""B(4,0,S)"", ""E(4,0)"", ""N(5,0)"", ""B(5,0,S)"", ""B(6,0,S)"", ""B(6,0,E)"", ""B(0,1,W)"", ""N(1,1)"", ""N(3,1)"", ""N(4,1)"", ""B(6,1,E)"", ""N(0,2)"", ""E(0,2)"", ""B(0,2,W)"", ""E(3,2)"", ""N(5,2)"", ""E(5,2)"", ""B(6,2,E)"", ""B(0,3,W)"", ""E(1,3)"", ""N(2,3)"", ""E(2,3)"", ""E(3,3)"", ""E(4,3)"", ""B(6,3,E)"", ""N(0,4)"", ""E(0,4)"", ""B(0,4,W)"", ""N(1,4)"", ""E(1,4)"", ""N(3,4)"", ""E(3,4)"", ""E(4,4)"", ""E(5,4)"", ""B(6,4,E)"", ""B(0,5,W)"", ""N(1,5)"", ""E(2,5)"", ""E(4,5)"", ""N(5,5)"", ""E(5,5)"", ""N(6,5)"", ""B(6,5,E)"", ""B(0,6,N)"", ""B(0,6,W)"", ""B(1,6,N)"", ""E(1,6)"", ""B(2,6,N)"", ""E(2,6)"", ""B(3,6,N)"", ""E(3,6)"", ""B(4,6,N)"", ""B(5,6,N)"", ""B(6,6,N)"", ""B(6,6,E)""]",[],[]
core,0.08,4,,,,0.25,10,,1,,1,62,0.016129032258064516,0,0,0,"[""N(0,0)"", ""B(0,0,S)"", ""N(1,0)"", ""B(1,0,S)"", ""B(2,0,S)"", ""B(4,0,S)"", ""E(4,0)"", ""N(5,0)"", ""B(5,0,S)"", ""B(6,0,S)"", ""B(6,0,E)"", ""B(0,1,W)"", ""N(1,1)"", ""N(3,1)"", ""E(3,1)"", ""N(4,1)"", ""B(6,1,E)"", ""N(0,2)"", ""E(0,2)"", ""B(0,2,W)"", ""E(3,2)"", ""N(5,2)"", ""E(5,2)"", ""B(6,2,E)"", ""B(0,3,W)"", ""E(1,3)"", ""N(2,3)"", ""E(2,3)"", ""E(3,3)"", ""E(4,3)"", ""B(6,3,E)"", ""N(0,4)"", ""E(0,4)"", ""B(0,4,W)"", ""N(1,4)"", ""E(1,4)"", ""N(3,4)"", ""E(3,4)"", ""E(4,4)"", ""E(5,4)"", ""B(6,4,E)"", ""B(0,5,W)"", ""N(1,5)"", ""E(2,5)"", ""E(4,5)"", ""N(5,5)"", ""E(5,5)"", ""N(6,5)"", ""B(6,5,E)"", ""B(0,6,N)"", ""B(0,6,W)"", ""B(1,6,N)"", ""E(1,6)"", ""B(2,6,N)"", ""E(2,6)"", ""B(3,6,N)"", ""E(3,6)"", ""B(4,6,N)"", ""B(5,6,N)"", ""B(6,6,N)"", ""B(6,6,E)""]",[],[]
core,0.08,4,,,,0.25,20,,1,,1,62,0.016129032258064516,0,0,0,"[""N(0,0)"", ""B(0,0,S)"", ""N(1,0)"", ""B(1,0,S)"", ""B(2,0,S)"", ""B(4,0,S)"", ""E(4,0)"", ""N(5,0)"", ""B(5,0,S)"", ""B(6,0,S)"", ""B(6,0,E)"", ""B(0,1,W)"", ""N(1,1)"", ""N(3,1)"", ""E(3,1)"", ""N(4,1)"", ""B(6,1,E)"", ""N(0,2)"", ""E(0,2)"", ""B(0,2,W)"", ""E(3,2)"", ""N(5,2)"", ""E(5,2)"", ""B(6,2,E)"", ""B(0,3,W)"", ""E(1,3)"", ""N(2,3)"", ""E(2,3)"", ""E(3,3)"", ""E(4,3)"", ""B(6,3,E)"", ""N(0,4)"", ""E(0,4)"", ""B(0,4,W)"", ""N(1,4)"", ""E(1,4)"", ""N(3,4)"", ""E(3,4)"", ""E(4,4)"", ""E(5,4)"", ""B(6,4,E)"", ""B(0,5,W)"", ""N(1,5)"", ""E(2,5)"", ""E(4,5)"", ""N(5,5)"", ""E(5,5)"", ""N(6,5)"", ""B(6,5,E)"", ""B(0,6,N)"", ""B(0,6,W)"", ""B(1,6,N)"", ""E(1,6)"", ""B(2,6,N)"", ""E(2,6)"", ""B(3,6,N)"", ""E(3,6)"", ""B(4,6,N)"", ""B(5,6,N)"", ""B(6,6,N)"", ""B(6,6,E)""]",[],[]
core,0.08,4,,,,0.25,35,,1,,1,62,0.016129032258064516,0,0,0,"[""N(0,0)"", ""B(0,0,S)"", ""N(1,0)"", ""B(1,0,S)"", ""B(2,0,S)"", ""B(4,0,S)"", ""E(4,0)"", ""N(5,0)"", ""B(5,0,S)"", ""B(6,0,S)"", ""B(6,0,E)"", ""B(0,1,W)"", ""N(1,1)"", ""N(3,1)"", ""E(3,1)"", ""N(4,1)"", ""B(6,1,E)"", ""N(0,2)"", ""E(0,2)"", ""B(0,2,W)"", ""E(3,2)"", ""N(5,2)"", ""E(5,2)"", ""B(6,2,E)"", ""B(0,3,W)"", ""E(1,3)"", ""N(2,3)"", ""E(2,3)"", ""E(3,3)"", ""E(4,3)"", ""B(6,3,E)"", ""N(0,4)"", ""E(0,4)"", ""B(0,4,W)"", ""N(1,4)"", ""E(1,4)"", ""N(3,4)"", ""E(3,4)"", ""E(4,4)"", ""E(5,4)"", ""B(6,4,E)"", ""B(0,5,W)"", ""N(1,5)"", ""E(2,5)"", ""E(4,5)"", ""N(5,5)"", ""E(5,5)"", ""N(6,5)"", ""B(6,5,E)"", ""B(0,6,N)"", ""B(0,6,W)"", ""B(1,6,N)"", ""E(1,6)"", ""B(2,6,N)"", ""E(2,6)"", ""B(3,6,N)"", ""E(3,6)"", ""B(4,6,N)"", ""B(5,6,N)"", ""B(6,6,N)"", ""B(6,6,E)""]",[],[]
core,0.08,4,,,,0.25,60,,1,,1,62,0.016129032258064516,0,0,0,"[""N(0,0)"", ""B(0,0,S)"", ""N(1,0)"", ""B(1,0,S)"", ""B(2,0,S)"", ""B(4,0,S)"", ""E(4,0)"", ""N(5,0)"", ""B(5,0,S)"", ""B(6,0,S)"", ""B(6,0,E)"", ""B(0,1,W)"", ""N(1,1)"", ""N(3,1)"", ""E(3,1)"", ""N(4,1)"", ""B(6,1,E)"", ""N(0,2)"", ""E(0,2)"", ""B(0,2,W)"", ""E(3,2)"", ""N(5,2)"", ""E(5,2)"", ""B(6,2,E)"", ""B(0,3,W)"", ""E(1,3)"", ""N(2,3)"", ""E(2,3)"", ""E(3,3)"", ""E(4,3)"", ""B(6,3,E)"", ""N(0,4)"", ""E(0,4)"", ""B(0,4,W)"", ""N(1,4)"", ""E(1,4)"", ""N(3,4)"", ""E(3,4)"", ""E(4,4)"", ""E(5,4)"", ""B(6,4,E)"", ""B(0,5,W)"", ""N(1,5)"", ""E(2,5)"", ""E(4,5)"", ""N(5,5)"", ""E(5,5)"", ""N(6,5)"", ""B(6,5,E)"", ""B(0,6,N)"", ""B(0,6,W)"", ""B(1,6,N)"", ""E(1,6)"", ""B(2,6,N)"", ""E(2,6)"", ""B(3,6,N)"", ""E(3,6)"", ""B(4,6,N)"", ""B(5,6,N)"", ""B(6,6,N)"", ""B(6,6,E)""]",[],[]
core,0.08,4,,,,0.25,85,,1,,1,62,0.016129032258064516,0,0,0,"[""N(0,0)"", ""B(0,0,S)"", ""N(1,0)"", ""B(1,0,S)"", ""B(2,0,S)"", ""B(4,0,S)"", ""E(4,0)"", ""N(5,0)"", ""B(5,0,S)"", ""B(6,0,S)"", ""B(6,0,E)"", ""B(0,1,W)"", ""N(1,1)"", ""N(3,1)"", ""E(3,1)"", ""N(4,1)"", ""B(6,1,E)"", ""N(0,2)"", ""E(0,2)"", ""B(0,2,W)"", ""E(3,2)"", ""N(5,2)"", ""E(5,2)"", ""B(6,2,E)"", ""B(0,3,W)"", ""E(1,3)"", ""N(2,3)"", ""E(2,3)"", ""E(3,3)"", ""E(4,3)"", ""B(6,3,E)"", ""N(0,4)"", ""E(0,4)"", ""B(0,4,W)"", ""N(1,4)"", ""E(1,4)"", ""N(3,4)"", ""E(3,4)"", ""E(4,4)"", ""E(5,4)"", ""B(6,4,E)"", ""B(0,5,W)"", ""N(1,5)"", ""E(2,5)"", ""E(4,5)"", ""N(5,5)"", ""E(5,5)"", ""N(6,5)"", ""B(6,5,E)"", ""B(0,6,N)"", ""B(0,6,W)"", ""B(1,6,N)"", ""E(1,6)"", ""B(2,6,N)"", ""E(2,6)"", ""B(3,6,N)"", ""E(3,6)"", ""B(4,6,N)"", ""B(5,6,N)"", ""B(6,6,N)"", ""B(6,6,E)""]",[],[]
core,0.08,4,,,,0.4,,,1,,4,62,0.06451612903225806,0,0,0,"[""N(0,0)"", ""B(0,0,S)"", ""N(1,0)"", ""B(1,0,S)"", ""B(2,0,S)"", ""E(4,0)"", ""N(5,0)"", ""B(5,0,S)"", ""B(6,0,S)"", ""B(6,0,E)"", ""B(0,1,W)"", ""N(3,1)"", ""N(4,1)"", ""B(6,1,E)"", ""N(0,2)"", ""E(0,2)"", ""B(0,2,W)"", ""E(3,2)"", ""N(5,2)"", ""E(5,2)"", ""B(6,2,E)"", ""B(0,3,W)"", ""E(1,3)"", ""N(2,3)"", ""E(2,3)"", ""E(3,3)"", ""E(4,3)"", ""B(6,3,E)"", ""N(0,4)"", ""E(0,4)"", ""B(0,4,W)"", ""N(1,4)"", ""E(1,4)"", ""N(3,4)"", ""E(3,4)"", ""E(4,4)"", ""E(5,4)"", ""B(6,4,E)"", ""B(0,5,W)"", ""N(1,5)"", ""E(2,5)"", ""E(4,5)"", ""N(5,5)"", ""E(5,5)"", ""N(6,5)"", ""B(6,5,E)"", ""B(0,6,N)"", ""B(0,6,W)"", ""B(1,6,N)"", ""E(1,6)"", ""B(2,6,N)"", ""E(2,6)"", ""B(3,6,N)"", ""E(3,6)"", ""B(4,6,N)"", ""B(5,6,N)"", ""B(6,6,N)"", ""B(6,6,E)""]",[],[]
core,0.08,4,,,,0.4,10,,1,,3,62,0.04838709677419355,0,0,0,"[""N(0,0)"", ""B(0,0,S)"", ""N(1,0)"", ""B(1,0,S)"", ""B(2,0,S)"", ""E(4,0)"", ""N(5,0)"", ""B(5,0,S)"", ""B(6,0,S)"", ""B(6,0,E)"", ""B(0,1,W)"", ""N(3,1)"", ""E(3,1)"", ""N(4,1)"", ""B(6,1,E)"", ""N(0,2)"", ""E(0,2)"", ""B(0,2,W)"", ""E(3,2)"", ""N(5,2)"", ""E(5,2)"", ""B(6,2,E)"", ""B(0,3,W)"", ""E(1,3)"", ""N(2,3)"", ""E(2,3)"", ""E(3,3)"", ""E(4,3)"", ""B(6,3,E)"", ""N(0,4)"", ""E(0,4)"", ""B(0,4,W)"", ""N(1,4)"", ""E(1,4)"", ""N(3,4)"", ""E(3,4)"", ""E(4,4)"", ""E(5,4)"", ""B(6,4,E)"", ""B(0,5,W)"", ""N(1,5)"", ""E(2,5)"", ""E(4,5)"", ""N(5,5)"", ""E(5,5)"", ""N(6,5)"", ""B(6,5,E)"", ""B(0,6,N)"", ""B(0,6,W)"", ""B(1,6,N)"", ""E(1,6)"", ""B(2,6,N)"", ""E(2,6)"", ""B(3,6,N)"", ""E(3,6)"", ""B(4,6,N)"", ""B(5,6,N)"", ""B(6,6,N)"", ""B(6,6,E)""]",[],[]
core,0.08,4,,,,0.4,20,,1,,3,62,0.04838709677419355,0,0,0,"[""N(0,0)"", ""B(0,0,S)"", ""N(1,0)"", ""B(1,0,S)"", ""B(2,0,S)"", ""E(4,0)"", ""N(5,0)"", ""B(5,0,S)"", ""B(6,0,S)"", ""B(6,0,E)"", ""B(0,1,W)"", ""N(3,1)"", ""E(3,1)"", ""N(4,1)"", ""B(6,1,E)"", ""N(0,2)"", ""E(0,2)"", ""B(0,2,W)"", ""E(3,2)"", ""N(5,2)"", ""E(5,2)"", ""B(6,2,E)"", ""B(0,3,W)"", ""E(1,3)"", ""N(2,3)"", ""E(2,3)"", ""E(3,3)"", ""E(4,3)"", ""B(6,3,E)"", ""N(0,4)"", ""E(0,4)"", ""B(0,4,W)"", ""N(1,4)"", ""E(1,4)"", ""N(3,4)"", ""E(3,4)"", ""E(4,4)"", ""E(5,4)"", ""B(6,4,E)"", ""B(0,5,W)"", ""N(1,5)"", ""E(2,5)"", ""E(4,5)"", ""N(5,5)"", ""E(5,5)"", ""N(6,5)"", ""B(6,5,E)"", ""B(0,6,N)"", ""B(0,6,W)"", ""B(1,6,N)"", ""E(1,6)"", ""B(2,6,N)"", ""E(2,6)"", ""B(3,6,N)"", ""E(3,6)"", ""B(4,6,N)"", ""B(5,6,N)"", ""B(6,6,N)"", ""B(6,6,E)""]",[],[]
core,0.08,4,,,,0.4,35,,1,,3,62,0.04838709677419355,0,0,0,"[""N(0,0)"", ""B(0,0,S)"", ""N(1,0)"", ""B(1,0,S)"", ""B(2,0,S)"", ""E(4,0)"", ""N(5,0)"", ""B(5,0,S)"", ""B(6,0,S)"", ""B(6,0,E)"", ""B(0,1,W)"", ""N(3,1)"", ""E(3,1)"", ""N(4,1)"", ""B(6,1,E)"", ""N(0,2)"", ""E(0,2)"", ""B(0,2,W)"", ""E(3,2)"", ""N(5,2)"", ""E(5,2)"", ""B(6,2,E)"", ""B(0,3,W)"", ""E(1,3)"", ""N(2,3)"", ""E(2,3)"", ""E(3,3)"", ""E(4,3)"", ""B(6,3,E)"", ""N(0,4)"", ""E(0,4)"", ""B(0,4,W)"", ""N(1,4)"", ""E(1,4)"", ""N(3,4)"", ""E(3,4)"", ""E(4,4)"", ""E(5,4)"", ""B(6,4,E)"", ""B(0,5,W)"", ""N(1,5)"", ""E(2,5)"", ""E(4,5)"", ""N(5,5)"", ""E(5,5)"", ""N(6,5)"", ""B(6,5,E)"", ""B(0,6,N)"", ""B(0,6,W)"", ""B(1,6,N)"", ""E(1,6)"", ""B(2,6,N)"", ""E(2,6)"", ""B(3,6,N)"", ""E(3,6)"", ""B(4,6,N)"", ""B(5,6,N)"", ""B(6,6,N)"", ""B(6,6,E)""]",[],[]
core,0.08,4,,,,0.4,60,,1,,3,62,0.04838709677419355,0,0,0,"[""N(0,0)"", ""B(0,0,S)"", ""N(1,0)"", ""B(1,0,S)"", ""B(2,0,S)"", ""E(4,0)"", ""N(5,0)"", ""B(5,0,S)"", ""B(6,0,S)"", ""B(6,0,E)"", ""B(0,1,W)"", ""N(3,1)"", ""E(3,1)"", ""N(4,1)"", ""B(6,1,E)"", ""N(0,2)"", ""E(0,2)"", ""B(0,2,W)"", ""E(3,2)"", ""N(5,2)"", ""E(5,2)"", ""B(6,2,E)"", ""B(0,3,W)"", ""E(1,3)"", ""N(2,3)"", ""E(2,3)"", ""E(3,3)"", ""E(4,3)"", ""B(6,3,E)"", ""N(0,4)"", ""E(0,4)"", ""B(0,4,W)"", ""N(1,4)"", ""E(1,4)"", ""N(3,4)"", ""E(3,4)"", ""E(4,4)"", ""E(5,4)"", ""B(6,4,E)"", ""B(0,5,W)"", ""N(1,5)"", ""E(2,5)"", ""E(4,5)"", ""N(5,5)"", ""E(5,5)"", ""N(6,5)"", ""B(6,5,E)"", ""B(0,6,N)"", ""B(0,6,W)"", ""B(1,6,N)"", ""E(1,6)"", ""B(2,6,N)"", ""E(2,6)"", ""B(3,6,N)"", ""E(3,6)"", ""B(4,6,N)"", ""B(5,6,N)"", ""B(6,6,N)"", ""B(6,6,E)""]",[],[]
core,0.08,4,,,,0.4,85,,1,,3,62,0.04838709677419355,0,0,0,"[""N(0,0)"", ""B(0,0,S)"", ""N(1,0)"", ""B(1,0,S)"", ""B(2,0,S)"", ""E(4,0)"", ""N(5,0)"", ""B(5,0,S)"", ""B(6,0,S)"", ""B(6,0,E)"", ""B(0,1,W)"", ""N(3,1)"", ""E(3,1)"", ""N(4,1)"", ""B(6,1,E)"", ""N(0,2)"", ""E(0,2)"", ""B(0,2,W)"", ""E(3,2)"", ""N(5,2)"", ""E(5,2)"", ""B(6,2,E)"", ""B(0,3,W)"", ""E(1,3)"", ""N(2,3)"", ""E(2,3)"", ""E(3,3)"", ""E(4,3)"", ""B(6,3,E)"", ""N(0,4)"", ""E(0,4)"", ""B(0,4,W)"", ""N(1,4)"", ""E(1,4)"", ""N(3,4)"", ""E(3,4)"", ""E(4,4)"", ""E(5,4)"", ""B(6,4,E)"", ""B(0,5,W)"", ""N(1,5)"", ""E(2,5)"", ""E(4,5)"", ""N(5,5)"", ""E(5,5)"", ""N(6,5)"", ""B(6,5,E)"", ""B(0,6,N)"", ""B(0,6,W)"", ""B(1,6,N)"", ""E(1,6)"", ""B(2,6,N)"", ""E(2,6)"", ""B(3,6,N)"", ""E(3,6)"", ""B(4,6,N)"", ""B(5,6,N)"", ""B(6,6,N)"", ""B(6,6,E)""]",[],[]
core,0.08,4,,,,0.6,,,1,,8,62,0.12903225806451613,0,0,0,"[""N(0,0)"", ""B(0,0,S)"", ""N(1,0)"", ""N(5,0)"", ""B(5,0,S)"", ""B(6,0,S)"", ""B(6,0,E)"", ""B(0,1,W)"", ""N(4,1)"", ""B(6,1,E)"", ""N(0,2)"", ""E(0,2)"", ""B(0,2,W)"", ""E(3,2)"", ""N(5,2)"", ""E(5,2)"", ""B(6,2,E)"", ""B(0,3,W)"", ""E(1,3)"", ""N(2,3)"", ""E(2,3)"", ""E(3,3)"", ""E(4,3)"", ""B(6,3,E)"", ""N(0,4)"", ""E(0,4)"", ""B(0,4,W)"", ""N(1,4)"", ""E(1,4)"", ""N(3,4)"", ""E(3,4)"", ""E(4,4)"", ""E(5,4)"", ""B(6,4,E)"", ""B(0,5,W)"", ""N(1,5)"", ""E(2,5)"", ""E(4,5)"", ""N(5,5)"", ""E(5,5)"", ""N(6,5)"", ""B(6,5,E)"", ""B(0,6,N)"", ""B(0,6,W)"", ""B(1,6,N)"", ""E(1,6)"", ""B(2,6,N)"", ""E(2,6)"", ""B(3,6,N)"", ""E(3,6)"", ""B(4,6,N)"", ""B(5,6,N)"", ""B(6,6,N)"", ""B(6,6,E)""]",[],[]
core,0.08,4,,,,0.6,10,,1,,6,62,0.0967741935483871,0,0,0,"[""N(0,0)"", ""B(0,0,S)"", ""N(1,0)"", ""E(4,0)"", ""N(5,0)"", ""B(5,0,S)"", ""B(6,0,S)"", ""B(6,0,E)"", ""B(0,1,W)"", ""E(3,1)"", ""N(4,1)"", ""B(6,1,E)"", ""N(0,2)"", ""E(0,2)"", ""B(0,2,W)"", ""E(3,2)"", ""N(5,2)"", ""E(5,2)"", ""B(6,2,E)"", ""B(0,3,W)"", ""E(1,3)"", ""N(2,3)"", ""E(2,3)"", ""E(3,3)"", ""E(4,3)"", ""B(6,3,E)"", ""N(0,4)"", ""E(0,4)"", ""B(0,4,W)"", ""N(1,4)"", ""E(1,4)"", ""N(3,4)"", ""E(3,4)"", ""E(4,4)"", ""E(5,4)"", ""B(6,4,E)"", ""B(0,5,W)"", ""N(1,5)"", ""E(2,5)"", ""E(4,5)"", ""N(5,5)"", ""E(5,5)"", ""N(6,5)"", ""B(6,5,E)"", ""B(0,6,N)"", ""B(0,6,W)"", ""B(1,6,N)"", ""E(1,6)"", ""B(2,6,N)"", ""E(2,6)"", ""B(3,6,N)"", ""E(3,6)"", ""B(4,6,N)"", ""B(5,6,N)"", ""B(6,6,N)"", ""B(6,6,E)""]",[],[]
core,0.08,4,,,,0.6,20,,1,,6,62,0.0967741935483871,0,0,0,"[""N(0,0)"", ""B(0,0,S)"", ""N(1,0)"", ""E(4,0)"", ""N(5,0)"", ""B(5,0,S)"", ""B(6,0,S)"", ""B(6,0,E)"", ""B(0,1,W)"", ""E(3,1)"", ""N(4,1)"", ""B(6,1,E)"", ""N(0,2)"", ""E(0,2)"", ""B(0,2,W)"", ""E(3,2)"", ""N(5,2)"", ""E(5,2)"", ""B(6,2,E)"", ""B(0,3,W)"", ""E(1,3)"", ""N(2,3)"", ""E(2,3)"", ""E(3,3)"", ""E(4,3)"", ""B(6,3,E)"", ""N(0,4)"", ""E(0,4)"", ""B(0,4,W)"", ""N(1,4)"", ""E(1,4)"", ""N(3,4)"", ""E(3,4)"", ""E(4,4)"", ""E(5,4)"", ""B(6,4,E)"", ""B(0,5,W)"", ""N(1,5)"", ""E(2,5)"", ""E(4,5)"", ""N(5,5)"", ""E(5,5)"", ""N(6,5)"", ""B(6,5,E)"", ""B(0,6,N)"", ""B(0,6,W)"", ""B(1,6,N)"", ""E(1,6)"", ""B(2,6,N)"", ""E(2,6)"", ""B(3,6,N)"", ""E(3,6)"", ""B(4,6,N)"", ""B(5,6,N)"", ""B(6,6,N)"", ""B(6,6,E)""]",[],[]
core,0.08,4,,,,0.6,35,,1,,6,62,0.0967741935483871,0,0,0,"[""N(0,0)"", ""B(0,0,S)"", ""N(1,0)"", ""E(4,0)"", ""N(5,0)"", ""B(5,0,S)"", ""B(6,0,S)"", ""B(6,0,E)"", ""B(0,1,W)"", ""E(3,1)"", ""N(4,1)"", ""B(6,1,E)"", ""N(0,2)"", ""E(0,2)"", ""B(0,2,W)"", ""E(3,2)"", ""N(5,2)"", ""E(5,2)"", ""B(6,2,E)"", ""B(0,3,W)"", ""E(1,3)"", ""N(2,3)"", ""E(2,3)"", ""E(3,3)"", ""E(4,3)"", ""B(6,3,E)"", ""N(0,4)"", ""E(0,4)"", ""B(0,4,W)"", ""N(1,4)"", ""E(1,4)"", ""N(3,4)"", ""E(3,4)"", ""E(4,4)"", ""E(5,4)"", ""B(6,4,E)"", ""B(0,5,W)"", ""N(1,5)"", ""E(2,5)"", ""E(4,5)"", ""N(5,5)"", ""E(5,5)"", ""N(6,5)"", ""B(6,5,E)"", ""B(0,6,N)"", ""B(0,6,W)"", ""B(1,6,N)"", ""E(1,6)"", ""B(2,6,N)"", ""E(2,6)"", ""B(3,6,N)"", ""E(3,6)"", ""B(4,6,N)"", ""B(5,6,N)"", ""B(6,6,N)"", ""B(6,6,E)""]",[],[]
core,0.08,4,,,,0.6,60,,1,,6,62,0.0967741935483871,0,0,0,"[""N(0,0)"", ""B(0,0,S)"", ""N(1,0)"", ""E(4,0)"", ""N(5,0)"", ""B(5,0,S)"", ""B(6,0,S)"", ""B(6,0,E)"", ""B(0,1,W)"", ""E(3,1)"", ""N(4,1)"", ""B(6,1,E)"", ""N(0,2)"", ""E(0,2)"", ""B(0,2,W)"", ""E(3,2)"", ""N(5,2)"", ""E(5,2)"", ""B(6,2,E)"", ""B(0,3,W)"", ""E(1,3)"", ""N(2,3)"", ""E(2,3)"", ""E(3,3)"", ""E(4,3)"", ""B(6,3,E)"", ""N(0,4)"", ""E(0,4)"", ""B(0,4,W)"", ""N(1,4)"", ""E(1,4)"", ""N(3,4)"", ""E(3,4)"", ""E(4,4)"", ""E(5,4)"", ""B(6,4,E)"", ""B(0,5,W)"", ""N(1,5)"", ""E(2,5)"", ""E(4,5)"", ""N(5,5)"", ""E(5,5)"", ""N(6,5)"", ""B(6,5,E)"", ""B(0,6,N)"", ""B(0,6,W)"", ""B(1,6,N)"", ""E(1,6)"", ""B(2,6,N)"", ""E(2,6)"", ""B(3,6,N)"", ""E(3,6)"", ""B(4,6,N)"", ""B(5,6,N)"", ""B(6,6,N)"", ""B(6,6,E)""]",[],[]
core,0.08,4,,,,0.6,85,,1,,6,62,0.0967741935483871,0,0,0,"[""N(0,0)"", ""B(0,0,S)"", ""N(1,0)"", ""E(4,0)"", ""N(5,0)"", ""B(5,0,S)"", ""B(6,0,S)"", ""B(6,0,E)"", ""B(0,1,W)"", ""E(3,1)"", ""N(4,1)"", ""B(6,1,E)"", ""N(0,2)"", ""E(0,2)"", ""B(0,2,W)"", ""E(3,2)"", ""N(5,2)"", ""E(5,2)"", ""B(6,2,E)"", ""B(0,3,W)"", ""E(1,3)"", ""N(2,3)"", ""E(2,3)"", ""E(3,3)"", ""E(4,3)"", ""B(6,3,E)"", ""N(0,4)"", ""E(0,4)"", ""B(0,4,W)"", ""N(1,4)"", ""E(1,4)"", ""N(3,4)"", ""E(3,4)"", ""E(4,4)"", ""E(5,4)"", ""B(6,4,E)"", ""B(0,5,W)"", ""N(1,5)"", ""E(2,5)"", ""E(4,5)"", ""N(5,5)"", ""E(5,5)"", ""N(6,5)"", ""B(6,5,E)"", ""B(0,6,N)"", ""B(0,6,W)"", ""B(1,6,N)"", ""E(1,6)"", ""B(2,6,N)"", ""E(2,6)"", ""B(3,6,N)"", ""E(3,6)"", ""B(4,6,N)"", ""B(5,6,N)"", ""B(6,6,N)"", ""B(6,6,E)""]",[],[]
core,0.08,4,,,,1.2,,,1,,9,62,0.14516129032258066,0,0,0,"[""N(0,0)"", ""B(0,0,S)"", ""N(1,0)"", ""N(5,0)"", ""B(5,0,S)"", ""B(6,0,S)"", ""B(6,0,E)"", ""B(0,1,W)"", ""N(4,1)"", ""B(6,1,E)"", ""N(0,2)"", ""E(0,2)"", ""B(0,2,W)"", ""E(3,2)"", ""N(5,2)"", ""E(5,2)"", ""B(6,2,E)"", ""B(0,3,W)"", ""N(2,3)"", ""E(2,3)"", ""E(3,3)"", ""E(4,3)"", ""B(6,3,E)"", ""N(0,4)"", ""E(0,4)"", ""B(0,4,W)"", ""N(1,4)"", ""E(1,4)"", ""N(3,4)"", ""E(3,4)"", ""E(4,4)"", ""E(5,4)"", ""B(6,4,E)"", ""B(0,5,W)"", ""N(1,5)"", ""E(2,5)"", ""E(4,5)"", ""N(5,5)"", ""E(5,5)"", ""N(6,5)"", ""B(6,5,E)"", ""B(0,6,N)"", ""B(0,6,W)"", ""B(1,6,N)"", ""E(1,6)"", ""B(2,6,N)"", ""E(2,6)"", ""B(3,6,N)"", ""E(3,6)"", ""B(4,6,N)"", ""B(5,6,N)"", ""B(6,6,N)"", ""B(6,6,E)""]",[],[]
core,0.08,4,,,,1.2,10,,1,,6,62,0.0967741935483871,0,0,0,"[""N(0,0)"", ""B(0,0,S)"", ""N(1,0)"", ""E(4,0)"", ""N(5,0)"", ""B(5,0,S)"", ""B(6,0,S)"", ""B(6,0,E)"", ""B(0,1,W)"", ""E(3,1)"", ""N(4,1)"", ""B(6,1,E)"", ""N(0,2)"", ""E(0,2)"", ""B(0,2,W)"", ""E(3,2)"", ""N(5,2)"", ""E(5,2)"", ""B(6,2,E)"", ""B(0,3,W)"", ""E(1,3)"", ""N(2,3)"", ""E(2,3)"", ""E(3,3)"", ""E(4,3)"", ""B(6,3,E)"", ""N(0,4)"", ""E(0,4)"", ""B(0,4,W)"", ""N(1,4)"", ""E(1,4)"", ""N(3,4)"", ""E(3,4)"", ""E(4,4)"", ""E(5,4)"", ""B(6,4,E)"", ""B(0,5,W)"", ""N(1,5)"", ""E(2,5)"", ""E(4,5)"", ""N(5,5)"", ""E(5,5)"", ""N(6,5)"", ""B(6,5,E)"", ""B(0,6,N)"", ""B(0,6,W)"", ""B(1,6,N)"", ""E(1,6)"", ""B(2,6,N)"", ""E(2,6)"", ""B(3,6,N)"", ""E(3,6)"", ""B(4,6,N)"", ""B(5,6,N)"", ""B(6,6,N)"", ""B(6,6,E)""]",[],[]
core,0.08,4,,,,1.2,20,,1,,6,62,0.0967741935483871,0,0,0,"[""N(0,0)"", ""B(0,0,S)"", ""N(1,0)"", ""E(4,0)"", ""N(5,0)"", ""B(5,0,S)"", ""B(6,0,S)"", ""B(6,0,E)"", ""B(0,1,W)"", ""E(3,1)"", ""N(4,1)"", ""B(6,1,E)"", ""N(0,2)"", ""E(0,2)"", ""B(0,2,W)"", ""E(3,2)"", ""N(5,2)"", ""E(5,2)"", ""B(6,2,E)"", ""B(0,3,W)"", ""E(1,3)"", ""N(2,3)"", ""E(2,3)"", ""E(3,3)"", ""E(4,3)"", ""B(6,3,E)"", ""N(0,4)"", ""E(0,4)"", ""B(0,4,W)"", ""N(1,4)"", ""E(1,4)"", ""N(3,4)"", ""E(3,4)"", ""E(4,4)"", ""E(5,4)"", ""B(6,4,E)"", ""B(0,5,W)"", ""N(1,5)"", ""E(2,5)"", ""E(4,5)"", ""N(5,5)"", ""E(5,5)"", ""N(6,5)"", ""B(6,5,E)"", ""B(0,6,N)"", ""B(0,6,W)"", ""B(1,6,N)"", ""E(1,6)"", ""B(2,6,N)"", ""E(2,6)"", ""B(3,6,N)"", ""E(3,6)"", ""B(4,6,N)"", ""B(5,6,N)"", ""B(6,6,N)"", ""B(6,6,E)""]",[],[]
core,0.08,4,,,,1.2,35,,1,,6,62,0.0967741935483871,0,0,0,"[""N(0,0)"", ""B(0,0,S)"", ""N(1,0)"", ""E(4,0)"", ""N(5,0)"", ""B(5,0,S)"", ""B(6,0,S)"", ""B(6,0,E)"", ""B(0,1,W)"", ""E(3,1)"", ""N(4,1)"", ""B(6,1,E)"", ""N(0,2)"", ""E(0,2)"", ""B(0,2,W)"", ""E(3,2)"", ""N(5,2)"", ""E(5,2)"", ""B(6,2,E)"", ""B(0,3,W)"", ""E(1,3)"", ""N(2,3)"", ""E(2,3)"", ""E(3,3)"", ""E(4,3)"", ""B(6,3,E)"", ""N(0,4)"", ""E(0,4)"", ""B(0,4,W)"", ""N(1,4)"", ""E(1,4)"", ""N(3,4)"", ""E(3,4)"", ""E(4,4)"", ""E(5,4)"", ""B(6,4,E)"", ""B(0,5,W)"", ""N(1,5)"", ""E(2,5)"", ""E(4,5)"", ""N(5,5)"", ""E(5,5)"", ""N(6,5)"", ""B(6,5,E)"", ""B(0,6,N)"", ""B(0,6,W)"", ""B(1,6,N)"", ""E(1,6)"", ""B(2,6,N)"", ""E(2,6)"", ""B(3,6,N)"", ""E(3,6)"", ""B(4,6,N)"", ""B(5,6,N)"", ""B(6,6,N)"", ""B(6,6,E)""]",[],[]
core,0.08,4,,,,1.2,60,,1,,6,62,0.0967741935483871,0,0,0,"[""N(0,0)"", ""B(0,0,S)"", ""N(1,0)"", ""E(4,0)"", ""N(5,0)"", ""B(5,0,S)"", ""B(6,0,S)"", ""B(6,0,E)"", ""B(0,1,W)"", ""E(3,1)"", ""N(4,1)"", ""B(6,1,E)"", ""N(0,2)"", ""E(0,2)"", ""B(0,2,W)"", ""E(3,2)"", ""N(5,2)"", ""E(5,2)"", ""B(6,2,E)"", ""B(0,3,W)"", ""E(1,3)"", ""N(2,3)"", ""E(2,3)"", ""E(3,3)"", ""E(4,3)"", ""B(6,3,E)"", ""N(0,4)"", ""E(0,4)"", ""B(0,4,W)"", ""N(1,4)"", ""E(1,4)"", ""N(3,4)"", ""E(3,4)"", ""E(4,4)"", ""E(5,4)"", ""B(6,4,E)"", ""B(0,5,W)"", ""N(1,5)"", ""E(2,5)"", ""E(4,5)"", ""N(5,5)"", ""E(5,5)"", ""N(6,5)"", ""B(6,5,E)"", ""B(0,6,N)"", ""B(0,6,W)"", ""B(1,6,N)"", ""E(1,6)"", ""B(2,6,N)"", ""E(2,6)"", ""B(3,6,N)"", ""E(3,6)"", ""B(4,6,N)"", ""B(5,6,N)"", ""B(6,6,N)"", ""B(6,6,E)""]",[],[]
core,0.08,4,,,,1.2,85,,1,,6,62,0.0967741935483871,0,0,0,"[""N(0,0)"", ""B(0,0,S)"", ""N(1,0)"", ""E(4,0)"", ""N(5,0)"", ""B(5,0,S)"", ""B(6,0,S)"", ""B(6,0,E)"", ""B(0,1,W)"", ""E(3,1)"", ""N(4,1)"", ""B(6,1,E)"", ""N(0,2)"", ""E(0,2)"", ""B(0,2,W)"", ""E(3,2)"", ""N(5,2)"", ""E(5,2)"", ""B(6,2,E)"", ""B(0,3,W)"", ""E(1,3)"", ""N(2,3)"", ""E(2,3)"", ""E(3,3)"", ""E(4,3)"", ""B(6,3,E)"", ""N(0,4)"", ""E(0,4)"", ""B(0,4,W)"", ""N(1,4)"", ""E(1,4)"", ""N(3,4)"", ""E(3,4)"", ""E(4,4)"", ""E(5,4)"", ""B(6,4,E)"", ""B(0,5,W)"", ""N(1,5)"", ""E(2,5)"", ""E(4,5)"", ""N(5,5)"", ""E(5,5)"", ""N(6,5)"", ""B(6,5,E)"", ""B(0,6,N)"", ""B(0,6,W)"", ""B(1,6,N)"", ""E(1,6)"", ""B(2,6,N)"", ""E(2,6)"", ""B(3,6,N)"", ""E(3,6)"", ""B(4,6,N)"", ""B(5,6,N)"", ""B(6,6,N)"", ""B(6,6,E)""]",[],[]
core,0.08,4,,,,2.0,,,1,,10,62,0.16129032258064516,0,0,0,"[""N(0,0)"", ""B(0,0,S)"", ""N(1,0)"", ""N(5,0)"", ""B(5,0,S)"", ""B(6,0,S)"", ""B(6,0,E)"", ""B(0,1,W)"", ""N(4,1)"", ""B(6,1,E)"", ""N(0,2)"", ""E(0,2)"", ""B(0,2,W)"", ""E(3,2)"", ""N(5,2)"", ""E(5,2)"", ""B(6,2,E)"", ""B(0,3,W)"", ""N(2,3)"", ""E(2,3)"", ""E(3,3)"", ""E(4,3)"", ""B(6,3,E)"", ""N(0,4)"", ""E(0,4)"", ""N(1,4)"", ""E(1,4)"", ""N(3,4)"", ""E(3,4)"", ""E(4,4)"", ""E(5,4)"", ""B(6,4,E)"", ""B(0,5,W)"", ""N(1,5)"", ""E(2,5)"", ""E(4,5)"", ""N(5,5)"", ""E(5,5)"", ""N(6,5)"", ""B(6,5,E)"", ""B(0,6,N)"", ""B(0,6,W)"", ""B(1,6,N)"", ""E(1,6)"", ""B(2,6,N)"", ""E(2,6)"", ""B(3,6,N)"", ""E(3,6)"", ""B(4,6,N)"", ""B(5,6,N)"", ""B(6,6,N)"", ""B(6,6,E)""]",[],[]
core,0.08,4,,,,2.0,10,,1,,6,62,0.0967741935483871,0,0,0,"[""N(0,0)"", ""B(0,0,S)"", ""N(1,0)"", ""E(4,0)"", ""N(5,0)"", ""B(5,0,S)"", ""B(6,0,S)"", ""B(6,0,E)"", ""B(0,1,W)"", ""E(3,1)"", ""N(4,1)"", ""B(6,1,E)"", ""N(0,2)"", ""E(0,2)"", ""B(0,2,W)"", ""E(3,2)"", ""N(5,2)"", ""E(5,2)"", ""B(6,2,E)"", ""B(0,3,W)"", ""E(1,3)"", ""N(2,3)"", ""E(2,3)"", ""E(3,3)"", ""E(4,3)"", ""B(6,3,E)"", ""N(0,4)"", ""E(0,4)"", ""B(0,4,W)"", ""N(1,4)"", ""E(1,4)"", ""N(3,4)"", ""E(3,4)"", ""E(4,4)"", ""E(5,4)"", ""B(6,4,E)"", ""B(0,5,W)"", ""N(1,5)"", ""E(2,5)"", ""E(4,5)"", ""N(5,5)"", ""E(5,5)"", ""N(6,5)"", ""B(6,5,E)"", ""B(0,6,N)"", ""B(0,6,W)"", ""B(1,6,N)"", ""E(1,6)"", ""B(2,6,N)"", ""E(2,6)"", ""B(3,6,N)"", ""E(3,6)"", ""B(4,6,N)"", ""B(5,6,N)"", ""B(6,6,N)"", ""B(6,6,E)""]",[],[]
core,0.08,4,,,,2.0,20,,1,,6,62,0.0967741935483871,0,0,0,"[""N(0,0)"", ""B(0,0,S)"", ""N(1,0)"", ""E(4,0)"", ""N(5,0)"", ""B(5,0,S)"", ""B(6,0,S)"", ""B(6,0,E)"", ""B(0,1,W)"", ""E(3,1)"", ""N(4,1)"", ""B(6,1,E)"", ""N(0,2)"", ""E(0,2)"", ""B(0,2,W)"", ""E(3,2)"", ""N(5,2)"", ""E(5,2)"", ""B(6,2,E)"", ""B(0,3,W)"", ""E(1,3)"", ""N(2,3)"", ""E(2,3)"", ""E(3,3)"", ""E(4,3)"", ""B(6,3,E)"", ""N(0,4)"", ""E(0,4)"", ""B(0,4,W)"", ""N(1,4)"", ""E(1,4)"", ""N(3,4)"", ""E(3,4)"", ""E(4,4)"", ""E(5,4)"", ""B(6,4,E)"", ""B(0,5,W)"", ""N(1,5)"", ""E(2,5)"", ""E(4,5)"", ""N(5,5)"", ""E(5,5)"", ""N(6,5)"", ""B(6,5,E)"", ""B(0,6,N)"", ""B(0,6,W)"", ""B(1,6,N)"", ""E(1,6)"", ""B(2,6,N)"", ""E(2,6)"", ""B(3,6,N)"", ""E(3,6)"", ""B(4,6,N)"", ""B(5,6,N)"", ""B(6,6,N)"", ""B(6,6,E)""]",[],[]
core,0.08,4,,,,2.0,35,,1,,6,62,0.0967741935483871,0,0,0,"[""N(0,0)"", ""B(0,0,S)"", ""N(1,0)"", ""E(4,0)"", ""N(5,0)"", ""B(5,0,S)"", ""B(6,0,S)"", ""B(6,0,E)"", ""B(0,1,W)"", ""E(3,1)"", ""N(4,1)"", ""B(6,1,E)"", ""N(0,2)"", ""E(0,2)"", ""B(0,2,W)"", ""E(3,2)"", ""N(5,2)"", ""E(5,2)"", ""B(6,2,E)"", ""B(0,3,W)"", ""E(1,3)"", ""N(2,3)"", ""E(2,3)"", ""E(3,3)"", ""E(4,3)"", ""B(6,3,E)"", ""N(0,4)"", ""E(0,4)"", ""B(0,4,W)"", ""N(1,4)"", ""E(1,4)"", ""N(3,4)"", ""E(3,4)"", ""E(4,4)"", ""E(5,4)"", ""B(6,4,E)"", ""B(0,5,W)"", ""N(1,5)"", ""E(2,5)"", ""E(4,5)"", ""N(5,5)"", ""E(5,5)"", ""N(6,5)"", ""B(6,5,E)"", ""B(0,6,N)"", ""B(0,6,W)"", ""B(1,6,N)"", ""E(1,6)"", ""B(2,6,N)"", ""E(2,6)"", ""B(3,6,N)"", ""E(3,6)"", ""B(4,6,N)"", ""B(5,6,N)"", ""B(6,6,N)"", ""B(6,6,E)""]",[],[]
core,0.08,4,,,,2.0,60,,1,,6,62,0.0967741935483871,0,0,0,"[""N(0,0)"", ""B(0,0,S)"", ""N(1,0)"", ""E(4,0)"", ""N(5,0)"", ""B(5,0,S)"", ""B(6,0,S)"", ""B(6,0,E)"", ""B(0,1,W)"", ""E(3,1)"", ""N(4,1)"", ""B(6,1,E)"", ""N(0,2)"", ""E(0,2)"", ""B(0,2,W)"", ""E(3,2)"", ""N(5,2)"", ""E(5,2)"", ""B(6,2,E)"", ""B(0,3,W)"", ""E(1,3)"", ""N(2,3)"", ""E(2,3)"", ""E(3,3)"", ""E(4,3)"", ""B(6,3,E)"", ""N(0,4)"", ""E(0,4)"", ""B(0,4,W)"", ""N(1,4)"", ""E(1,4)"", ""N(3,4)"", ""E(3,4)"", ""E(4,4)"", ""E(5,4)"", ""B(6,4,E)"", ""B(0,5,W)"", ""N(1,5)"", ""E(2,5)"", ""E(4,5)"", ""N(5,5)"", ""E(5,5)"", ""N(6,5)"", ""B(6,5,E)"", ""B(0,6,N)"", ""B(0,6,W)"", ""B(1,6,N)"", ""E(1,6)"", ""B(2,6,N)"", ""E(2,6)"", ""B(3,6,N)"", ""E(3,6)"", ""B(4,6,N)"", ""B(5,6,N)"", ""B(6,6,N)"", ""B(6,6,E)""]",[],[]
core,0.08,4,,,,2.0,85,,1,,6,62,0.0967741935483871,0,0,0,"[""N(0,0)"", ""B(0,0,S)"", ""N(1,0)"", ""E(4,0)"", ""N(5,0)"", ""B(5,0,S)"", ""B(6,0,S)"", ""B(6,0,E)"", ""B(0,1,W)"", ""E(3,1)"", ""N(4,1)"", ""B(6,1,E)"", ""N(0,2)"", ""E(0,2)"", ""B(0,2,W)"", ""E(3,2)"", ""N(5,2)"", ""E(5,2)"", ""B(6,2,E)"", ""B(0,3,W)"", ""E(1,3)"", ""N(2,3)"", ""E(2,3)"", ""E(3,3)"", ""E(4,3)"", ""B(6,3,E)"", ""N(0,4)"", ""E(0,4)"", ""B(0,4,W)"", ""N(1,4)"", ""E(1,4)"", ""N(3,4)"", ""E(3,4)"", ""E(4,4)"", ""E(5,4)"", ""B(6,4,E)"", ""B(0,5,W)"", ""N(1,5)"", ""E(2,5)"", ""E(4,5)"", ""N(5,5)"", ""E(5,5)"", ""N(6,5)"", ""B(6,5,E)"", ""B(0,6,N)"", ""B(0,6,W)"", ""B(1,6,N)"", ""E(1,6)"", ""B(2,6,N)"", ""E(2,6)"", ""B(3,6,N)"", ""E(3,6)"", ""B(4,6,N)"", ""B(5,6,N)"", ""B(6,6,N)"", ""B(6,6,E)""]",[],[]
core,0.08,4,,,,,,,1,,10,62,0.16129032258064516,0,0,0,"[""N(0,0)"", ""B(0,0,S)"", ""N(1,0)"", ""N(5,0)"", ""B(5,0,S)"", ""B(6,0,S)"", ""B(6,0,E)"", ""B(0,1,W)"", ""N(4,1)"", ""B(6,1,E)"", ""N(0,2)"", ""E(0,2)"", ""B(0,2,W)"", ""E(3,2)"", ""N(5,2)"", ""E(5,2)"", ""B(6,2,E)"", ""B(0,3,W)"", ""N(2,3)"", ""E(2,3)"", ""E(3,3)"", ""E(4,3)"", ""B(6,3,E)"", ""N(0,4)"", ""E(0,4)"", ""N(1,4)"", ""E(1,4)"", ""N(3,4)"", ""E(3,4)"", ""E(4,4)"", ""E(5,4)"", ""B(6,4,E)"", ""B(0,5,W)"", ""N(1,5)"", ""E(2,5)"", ""E(4,5)"", ""N(5,5)"", ""E(5,5)"", ""N(6,5)"", ""B(6,5,E)"", ""B(0,6,N)"", ""B(0,6,W)"", ""B(1,6,N)"", ""E(1,6)"", ""B(2,6,N)"", ""E(2,6)"", ""B(3,6,N)"", ""E(3,6)"", ""B(4,6,N)"", ""B(5,6,N)"", ""B(6,6,N)"", ""B(6,6,E)""]",[],[]
core,0.08,4,,,,,10,,1,,6,62,0.0967741935483871,0,0,0,"[""N(0,0)"", ""B(0,0,S)"", ""N(1,0)"", ""E(4,0)"", ""N(5,0)"", ""B(5,0,S)"", ""B(6,0,S)"", ""B(6,0,E)"", ""B(0,1,W)"", ""E(3,1)"", ""N(4,1)"", ""B(6,1,E)"", ""N(0,2)"", ""E(0,2)"", ""B(0,2,W)"", ""E(3,2)"", ""N(5,2)"", ""E(5,2)"", ""B(6,2,E)"", ""B(0,3,W)"", ""E(1,3)"", ""N(2,3)"", ""E(2,3)"", ""E(3,3)"", ""E(4,3)"", ""B(6,3,E)"", ""N(0,4)"", ""E(0,4)"", ""B(0,4,W)"", ""N(1,4)"", ""E(1,4)"", ""N(3,4)"", ""E(3,4)"", ""E(4,4)"", ""E(5,4)"", ""B(6,4,E)"", ""B(0,5,W)"", ""N(1,5)"", ""E(2,5)"", ""E(4,5)"", ""N(5,5)"", ""E(5,5)"", ""N(6,5)"", ""B(6,5,E)"", ""B(0,6,N)"", ""B(0,6,W)"", ""B(1,6,N)"", ""E(1,6)"", ""B(2,6,N)"", ""E(2,6)"", ""B(3,6,N)"", ""E(3,6)"", ""B(4,6,N)"", ""B(5,6,N)"", ""B(6,6,N)"", ""B(6,6,E)""]",[],[]
core,0.08,4,,,,,20,,1,,6,62,0.0967741935483871,0,0,0,"[""N(0,0)"", ""B(0,0,S)"", ""N(1,0)"", ""E(4,0)"", ""N(5,0)"", ""B(5,0,S)"", ""B(6,0,S)"", ""B(6,0,E)"", ""B(0,1,W)"", ""E(3,1)"", ""N(4,1)"", ""B(6,1,E)"", ""N(0,2)"", ""E(0,2)"", ""B(0,2,W)"", ""E(3,2)"", ""N(5,2)"", ""E(5,2)"", ""B(6,2,E)"", ""B(0,3,W)"", ""E(1,3)"", ""N(2,3)"", ""E(2,3)"", ""E(3,3)"", ""E(4,3)"", ""B(6,3,E)"", ""N(0,4)"", ""E(0,4)"", ""B(0,4,W)"", ""N(1,4)"", ""E(1,4)"", ""N(3,4)"", ""E(3,4)"", ""E(4,4)"", ""E(5,4)"", ""B(6,4,E)"", ""B(0,5,W)"", ""N(1,5)"", ""E(2,5)"", ""E(4,5)"", ""N(5,5)"", ""E(5,5)"", ""N(6,5)"", ""B(6,5,E)"", ""B(0,6,N)"", ""B(0,6,W)"", ""B(1,6,N)"", ""E(1,6)"", ""B(2,6,N)"", ""E(2,6)"", ""B(3,6,N)"", ""E(3,6)"", ""B(4,6,N)"", ""B(5,6,N)"", ""B(6,6,N)"", ""B(6,6,E)""]",[],[]
core,0.08,4,,,,,35,,1,,6,62,0.0967741935483871,0,0,0,"[""N(0,0)"", ""B(0,0,S)"", ""N(1,0)"", ""E(4,0)"", ""N(5,0)"", ""B(5,0,S)"", ""B(6,0,S)"", ""B(6,0,E)"", ""B(0,1,W)"", ""E(3,1)"", ""N(4,1)"", ""B(6,1,E)"", ""N(0,2)"", ""E(0,2)"", ""B(0,2,W)"", ""E(3,2)"", ""N(5,2)"", ""E(5,2)"", ""B(6,2,E)"", ""B(0,3,W)"", ""E(1,3)"", ""N(2,3)"", ""E(2,3)"", ""E(3,3)"", ""E(4,3)"", ""B(6,3,E)"", ""N(0,4)"", ""E(0,4)"", ""B(0,4,W)"", ""N(1,4)"", ""E(1,4)"", ""N(3,4)"", ""E(3,4)"", ""E(4,4)"", ""E(5,4)"", ""B(6,4,E)"", ""B(0,5,W)"", ""N(1,5)"", ""E(2,5)"", ""E(4,5)"", ""N(5,5)"", ""E(5,5)"", ""N(6,5)"", ""B(6,5,E)"", ""B(0,6,N)"", ""B(0,6,W)"", ""B(1,6,N)"", ""E(1,6)"", ""B(2,6,N)"", ""E(2,6)"", ""B(3,6,N)"", ""E(3,6)"", ""B(4,6,N)"", ""B(5,6,N)"", ""B(6,6,N)"", ""B(6,6,E)""]",[],[]
core,0.08,4,,,,,60,,1,,6,62,0.0967741935483871,0,0,0,"[""N(0,0)"", ""B(0,0,S)"", ""N(1,0)"", ""E(4,0)"", ""N(5,0)"", ""B(5,0,S)"", ""B(6,0,S)"", ""B(6,0,E)"", ""B(0,1,W)"", ""E(3,1)"", ""N(4,1)"", ""B(6,1,E)"", ""N(0,2)"", ""E(0,2)"", ""B(0,2,W)"", ""E(3,2)"", ""N(5,2)"", ""E(5,2)"", ""B(6,2,E)"", ""B(0,3,W)"", ""E(1,3)"", ""N(2,3)"", ""E(2,3)"", ""E(3,3)"", ""E(4,3)"", ""B(6,3,E)"", ""N(0,4)"", ""E(0,4)"", ""B(0,4,W)"", ""N(1,4)"", ""E(1,4)"", ""N(3,4)"", ""E(3,4)"", ""E(4,4)"", ""E(5,4)"", ""B(6,4,E)"", ""B(0,5,W)"", ""N(1,5)"", ""E(2,5)"", ""E(4,5)"", ""N(5,5)"", ""E(5,5)"", ""N(6,5)"", ""B(6,5,E)"", ""B(0,6,N)"", ""B(0,6,W)"", ""B(1,6,N)"", ""E(1,6)"", ""B(2,6,N)"", ""E(2,6)"", ""B(3,6,N)"", ""E(3,6)"", ""B(4,6,N)"", ""B(5,6,N)"", ""B(6,6,N)"", ""B(6,6,E)""]",[],[]
core,0.08,4,,,,,85,,1,,6,62,0.0967741935483871,0,0,0,"[""N(0,0)"", ""B(0,0,S)"", ""N(1,0)"", ""E(4,0)"", ""N(5,0)"", ""B(5,0,S)"", ""B(6,0,S)"", ""B(6,0,E)"", ""B(0,1,W)"", ""E(3,1)"", ""N(4,1)"", ""B(6,1,E)"", ""N(0,2)"", ""E(0,2)"", ""B(0,2,W)"", ""E(3,2)"", ""N(5,2)"", ""E(5,2)"", ""B(6,2,E)"", ""B(0,3,W)"", ""E(1,3)"", ""N(2,3)"", ""E(2,3)"", ""E(3,3)"", ""E(4,3)"", ""B(6,3,E)"", ""N(0,4)"", ""E(0,4)"", ""B(0,4,W)"", ""N(1,4)"", ""E(1,4)"", ""N(3,4)"", ""E(3,4)"", ""E(4,4)"", ""E(5,4)"", ""B(6,4,E)"", ""B(0,5,W)"", ""N(1,5)"", ""E(2,5)"", ""E(4,5)"", ""N(5,5)"", ""E(5,5)"", ""N(6,5)"", ""B(6,5,E)"", ""B(0,6,N)"", ""B(0,6,W)"", ""B(1,6,N)"", ""E(1,6)"", ""B(2,6,N)"", ""E(2,6)"", ""B(3,6,N)"", ""E(3,6)"", ""B(4,6,N)"", ""B(5,6,N)"", ""B(6,6,N)"", ""B(6,6,E)""]",[],[]
core,0.08,5,,,,0.25,,,1,,2,62,0.03225806451612903,0,0,0,"[""N(0,0)"", ""B(0,0,S)"", ""N(1,0)"", ""B(1,0,S)"", ""B(2,0,S)"", ""B(4,0,S)"", ""E(4,0)"", ""N(5,0)"", ""B(5,0,S)"", ""B(6,0,S)"", ""B(6,0,E)"", ""B(0,1,W)"", ""N(1,1)"", ""N(3,1)"", ""N(4,1)"", ""B(6,1,E)"", ""N(0,2)"", ""E(0,2)"", ""B(0,2,W)"", ""E(3,2)"", ""N(5,2)"", ""E(5,2)"", ""B(6,2,E)"", ""B(0,3,W)"", ""E(1,3)"", ""N(2,3)"", ""E(2,3)"", ""E(3,3)"", ""E(4,3)"", ""B(6,3,E)"", ""N(0,4)"", ""E(0,4)"", ""B(0,4,W)"", ""N(1,4)"", ""E(1,4)"", ""N(3,4)"", ""E(3,4)"", ""E(4,4)"", ""E(5,4)"", ""B(6,4,E)"", ""B(0,5,W)"", ""N(1,5)"", ""E(2,5)"", ""E(4,5)"", ""N(5,5)"", ""E(5,5)"", ""N(6,5)"", ""B(6,5,E)"", ""B(0,6,N)"", ""B(0,6,W)"", ""B(1,6,N)"", ""E(1,6)"", ""B(2,6,N)"", ""E(2,6)"", ""B(3,6,N)"", ""E(3,6)"", ""B(4,6,N)"", ""B(5,6,N)"", ""B(6,6,N)"", ""B(6,6,E)""]",[],[]
core,0.08,5,,,,0.25,10,,1,,1,62,0.016129032258064516,0,0,0,"[""N(0,0)"", ""B(0,0,S)"", ""N(1,0)"", ""B(1,0,S)"", ""B(2,0,S)"", ""B(4,0,S)"", ""E(4,0)"", ""N(5,0)"", ""B(5,0,S)"", ""B(6,0,S)"", ""B(6,0,E)"", ""B(0,1,W)"", ""N(1,1)"", ""N(3,1)"", ""E(3,1)"", ""N(4,1)"", ""B(6,1,E)"", ""N(0,2)"", ""E(0,2)"", ""B(0,2,W)"", ""E(3,2)"", ""N(5,2)"", ""E(5,2)"", ""B(6,2,E)"", ""B(0,3,W)"", ""E(1,3)"", ""N(2,3)"", ""E(2,3)"", ""E(3,3)"", ""E(4,3)"", ""B(6,3,E)"", ""N(0,4)"", ""E(0,4)"", ""B(0,4,W)"", ""N(1,4)"", ""E(1,4)"", ""N(3,4)"", ""E(3,4)"", ""E(4,4)"", ""E(5,4)"", ""B(6,4,E)"", ""B(0,5,W)"", ""N(1,5)"", ""E(2,5)"", ""E(4,5)"", ""N(5,5)"", ""E(5,5)"", ""N(6,5)"", ""B(6,5,E)"", ""B(0,6,N)"", ""B(0,6,W)"", ""B(1,6,N)"", ""E(1,6)"", ""B(2,6,N)"", ""E(2,6)"", ""B(3,6,N)"", ""E(3,6)"", ""B(4,6,N)"", ""B(5,6,N)"", ""B(6,6,N)"", ""B(6,6,E)""]",[],[]
core,0.08,5,,,,0.25,20,,1,,1,62,0.016129032258064516,0,0,0,"[""N(0,0)"", ""B(0,0,S)"", ""N(1,0)"", ""B(1,0,S)"", ""B(2,0,S)"", ""B(4,0,S)"", ""E(4,0)"", ""N(5,0)"", ""B(5,0,S)"", ""B(6,0,S)"", ""B(6,0,E)"", ""B(0,1,W)"", ""N(1,1)"", ""N(3,1)"", ""E(3,1)"", ""N(4,1)"", ""B(6,1,E)"", ""N(0,2)"", ""E(0,2)"", ""B(0,2,W)"", ""E(3,2)"", ""N(5,2)"", ""E(5,2)"", ""B(6,2,E)"", ""B(0,3,W)"", ""E(1,3)"", ""N(2,3)"", ""E(2,3)"", ""E(3,3)"", ""E(4,3)"", ""B(6,3,E)"", ""N(0,4)"", ""E(0,4)"", ""B(0,4,W)"", ""N(1,4)"", ""E(1,4)"", ""N(3,4)"", ""E(3,4)"", ""E(4,4)"", ""E(5,4)"", ""B(6,4,E)"", ""B(0,5,W)"", ""N(1,5)"", ""E(2,5)"", ""E(4,5)"", ""N(5,5)"", ""E(5,5)"", ""N(6,5)"", ""B(6,5,E)"", ""B(0,6,N)"", ""B(0,6,W)"", ""B(1,6,N)"", ""E(1,6)"", ""B(2,6,N)"", ""E(2,6)"", ""B(3,6,N)"", ""E(3,6)"", ""B(4,6,N)"", ""B(5,6,N)"", ""B(6,6,N)"", ""B(6,6,E)""]",[],[]
core,0.08,5,,,,0.25,35,,1,,1,62,0.016129032258064516,0,0,0,"[""N(0,0)"", ""B(0,0,S)"", ""N(1,0)"", ""B(1,0,S)"", ""B(2,0,S)"", ""B(4,0,S)"", ""E(4,0)"", ""N(5,0)"", ""B(5,0,S)"", ""B(6,0,S)"", ""B(6,0,E)"", ""B(0,1,W)"", ""N(1,1)"", ""N(3,1)"", ""E(3,1)"", ""N(4,1)"", ""B(6,1,E)"", ""N(0,2)"", ""E(0,2)"", ""B(0,2,W)"", ""E(3,2)"", ""N(5,2)"", ""E(5,2)"", ""B(6,2,E)"", ""B(0,3,W)"", ""E(1,3)"", ""N(2,3)"", ""E(2,3)"", ""E(3,3)"", ""E(4,3)"", ""B(6,3,E)"", ""N(0,4)"", ""E(0,4)"", ""B(0,4,W)"", ""N(1,4)"", ""E(1,4)"", ""N(3,4)"", ""E(3,4)"", ""E(4,4)"", ""E(5,4)"", ""B(6,4,E)"", ""B(0,5,W)"", ""N(1,5)"", ""E(2,5)"", ""E(4,5)"", ""N(5,5)"", ""E(5,5)"", ""N(6,5)"", ""B(6,5,E)"", ""B(0,6,N)"", ""B(0,6,W)"", ""B(1,6,N)"", ""E(1,6)"", ""B(2,6,N)"", ""E(2,6)"", ""B(3,6,N)"", ""E(3,6)"", ""B(4,6,N)"", ""B(5,6,N)"", ""B(6,6,N)"", ""B(6,6,E)""]",[],[]
core,0.08,5,,,,0.25,60,,1,,1,62,0.016129032258064516,0,0,0,"[""N(0,0)"", ""B(0,0,S)"", ""N(1,0)"", ""B(1,0,S)"", ""B(2,0,S)"", ""B(4,0,S)"", ""E(4,0)"", ""N(5,0)"", ""B(5,0,S)"", ""B(6,0,S)"", ""B(6,0,E)"", ""B(0,1,W)"", ""N(1,1)"", ""N(3,1)"", ""E(3,1)"", ""N(4,1)"", ""B(6,1,E)"", ""N(0,2)"", ""E(0,2)"", ""B(0,2,W)"", ""E(3,2)"", ""N(5,2)"", ""E(5,2)"", ""B(6,2,E)"", ""B(0,3,W)"", ""E(1,3)"", ""N(2,3)"", ""E(2,3)"", ""E(3,3)"", ""E(4,3)"", ""B(6,3,E)"", ""N(0,4)"", ""E(0,4)"", ""B(0,4,W)"", ""N(1,4)"", ""E(1,4)"", ""N(3,4)"", ""E(3,4)"", ""E(4,4)"", ""E(5,4)"", ""B(6,4,E)"", ""B(0,5,W)"", ""N(1,5)"", ""E(2,5)"", ""E(4,5)"", ""N(5,5)"", ""E(5,5)"", ""N(6,5)"", ""B(6,5,E)"", ""B(0,6,N)"", ""B(0,6,W)"", ""B(1,6,N)"", ""E(1,6)"", ""B(2,6,N)"", ""E(2,6)"", ""B(3,6,N)"", ""E(3,6)"", ""B(4,6,N)"", ""B(5,6,N)"", ""B(6,6,N)"", ""B(6,6,E)""]",[],[]
core,0.08,5,,,,0.25,85,,1,,1,62,0.016129032258064516,0,0,0,"[""N(0,0)"", ""B(0,0,S)"", ""N(1,0)"", ""B(1,0,S)"", ""B(2,0,S)"", ""B(4,0,S)"", ""E(4,0)"", ""N(5,0)"", ""B(5,0,S)"", ""B(6,0,S)"", ""B(6,0,E)"", ""B(0,1,W)"", ""N(1,1)"", ""N(3,1)"", ""E(3,1)"", ""N(4,1)"", ""B(6,1,E)"", ""N(0,2)"", ""E(0,2)"", ""B(0,2,W)"", ""E(3,2)"", ""N(5,2)"", ""E(5,2)"", ""B(6,2,E)"", ""B(0,3,W)"", ""E(1,3)"", ""N(2,3)"", ""E(2,3)"", ""E(3,3)"", ""E(4,3)"", ""B(6,3,E)"", ""N(0,4)"", ""E(0,4)"", ""B(0,4,W)"", ""N(1,4)"", ""E(1,4)"", ""N(3,4)"", ""E(3,4)"", ""E(4,4)"", ""E(5,4)"", ""B(6,4,E)"", ""B(0,5,W)"", ""N(1,5)"", ""E(2,5)"", ""E(4,5)"", ""N(5,5)"", ""E(5,5)"", ""N(6,5)"", ""B(6,5,E)"", ""B(0,6,N)"", ""B(0,6,W)"", ""B(1,6,N)"", ""E(1,6)"", ""B(2,6,N)"", ""E(2,6)"", ""B(3,6,N)"", ""E(3,6)"", ""B(4,6,N)"", ""B(5,6,N)"", ""B(6,6,N)"", ""B(6,6,E)""]",[],[]
core,0.08,5,,,,0.4,,,1,,4,62,0.06451612903225806,0,0,0,"[""N(0,0)"", ""B(0,0,S)"", ""N(1,0)"", ""B(1,0,S)"", ""B(2,0,S)"", ""E(4,0)"", ""N(5,0)"", ""B(5,0,S)"", ""B(6,0,S)"", ""B(6,0,E)"", ""B(0,1,W)"", ""N(3,1)"", ""N(4,1)"", ""B(6,1,E)"", ""N(0,2)"", ""E(0,2)"", ""B(0,2,W)"", ""E(3,2)"", ""N(5,2)"", ""E(5,2)"", ""B(6,2,E)"", ""B(0,3,W)"", ""E(1,3)"", ""N(2,3)"", ""E(2,3)"", ""E(3,3)"", ""E(4,3)"", ""B(6,3,E)"", ""N(0,4)"", ""E(0,4)"", ""B(0,4,W)"", ""N(1,4)"", ""E(1,4)"", ""N(3,4)"", ""E(3,4)"", ""E(4,4)"", ""E(5,4)"", ""B(6,4,E)"", ""B(0,5,W)"", ""N(1,5)"", ""E(2,5)"", ""E(4,5)"", ""N(5,5)"", ""E(5,5)"", ""N(6,5)"", ""B(6,5,E)"", ""B(0,6,N)"", ""B(0,6,W)"", ""B(1,6,N)"", ""E(1,6)"", ""B(2,6,N)"", ""E(2,6)"", ""B(3,6,N)"", ""E(3,6)"", ""B(4,6,N)"", ""B(5,6,N)"", ""B(6,6,N)"", ""B(6,6,E)""]",[],[]
core,0.08,5,,,,0.4,10,,1,,3,62,0.04838709677419355,0,0,0,"[""N(0,0)"", ""B(0,0,S)"", ""N(1,0)"", ""B(1,0,S)"", ""B(2,0,S)"", ""E(4,0)"", ""N(5,0)"", ""B(5,0,S)"", ""B(6,0,S)"", ""B(6,0,E)"", ""B(0,1,W)"", ""N(3,1)"", ""E(3,1)"", ""N(4,1)"", ""B(6,1,E)"", ""N(0,2)"", ""E(0,2)"", ""B(0,2,W)"", ""E(3,2)"", ""N(5,2)"", ""E(5,2)"", ""B(6,2,E)"", ""B(0,3,W)"", ""E(1,3)"", ""N(2,3)"", ""E(2,3)"", ""E(3,3)"", ""E(4,3)"", ""B(6,3,E)"", ""N(0,4)"", ""E(0,4)"", ""B(0,4,W)"", ""N(1,4)"", ""E(1,4)"", ""N(3,4)"", ""E(3,4)"", ""E(4,4)"", ""E(5,4)"", ""B(6,4,E)"", ""B(0,5,W)"", ""N(1,5)"", ""E(2,5)"", ""E(4,5)"", ""N(5,5)"", ""E(5,5)"", ""N(6,5)"", ""B(6,5,E)"", ""B(0,6,N)"", ""B(0,6,W)"", ""B(1,6,N)"", ""E(1,6)"", ""B(2,6,N)"", ""E(2,6)"", ""B(3,6,N)"", ""E(3,6)"", ""B(4,6,N)"", ""B(5,6,N)"", ""B(6,6,N)"", ""B(6,6,E)""]",[],[]
core,0.08,5,,,,0.4,20,,1,,3,62,0.04838709677419355,0,0,0,"[""N(0,0)"", ""B(0,0,S)"", ""N(1,0)"", ""B(1,0,S)"", ""B(2,0,S)"", ""E(4,0)"", ""N(5,0)"", ""B(5,0,S)"", ""B(6,0,S)"", ""B(6,0,E)"", ""B(0,1,W)"", ""N(3,1)"", ""E(3,1)"", ""N(4,1)"", ""B(6,1,E)"", ""N(0,2)"", ""E(0,2)"", ""B(0,2,W)"", ""E(3,2)"", ""N(5,2)"", ""E(5,2)"", ""B(6,2,E)"", ""B(0,3,W)"", ""E(1,3)"", ""N(2,3)"", ""E(2,3)"", ""E(3,3)"", ""E(4,3)"", ""B(6,3,E)"", ""N(0,4)"", ""E(0,4)"", ""B(0,4,W)"", ""N(1,4)"", ""E(1,4)"", ""N(3,4)"", ""E(3,4)"", ""E(4,4)"", ""E(5,4)"", ""B(6,4,E)"", ""B(0,5,W)"", ""N(1,5)"", ""E(2,5)"", ""E(4,5)"", ""N(5,5)"", ""E(5,5)"", ""N(6,5)"", ""B(6,5,E)"", ""B(0,6,N)"", ""B(0,6,W)"", ""B(1,6,N)"", ""E(1,6)"", ""B(2,6,N)"", ""E(2,6)"", ""B(3,6,N)"", ""E(3,6)"", ""B(4,6,N)"", ""B(5,6,N)"", ""B(6,6,N)"", ""B(6,6,E)""]",[],[]
core,0.08,5,,,,0.4,35,,1,,3,62,0.04838709677419355,0,0,0,"[""N(0,0)"", ""B(0,0,S)"", ""N(1,0)"", ""B(1,0,S)"", ""B(2,0,S)"", ""E(4,0)"", ""N(5,0)"", ""B(5,0,S)"", ""B(6,0,S)"", ""B(6,0,E)"", ""B(0,1,W)"", ""N(3,1)"", ""E(3,1)"", ""N(4,1)"", ""B(6,1,E)"", ""N(0,2)"", ""E(0,2)"", ""B(0,2,W)"", ""E(3,2)"", ""N(5,2)"", ""E(5,2)"", ""B(6,2,E)"", ""B(0,3,W)"", ""E(1,3)"", ""N(2,3)"", ""E(2,3)"", ""E(3,3)"", ""E(4,3)"", ""B(6,3,E)"", ""N(0,4)"", ""E(0,4)"", ""B(0,4,W)"", ""N(1,4)"", ""E(1,4)"", ""N(3,4)"", ""E(3,4)"", ""E(4,4)"", ""E(5,4)"", ""B(6,4,E)"", ""B(0,5,W)"", ""N(1,5)"", ""E(2,5)"", ""E(4,5)"", ""N(5,5)"", ""E(5,5)"", ""N(6,5)"", ""B(6,5,E)"", ""B(0,6,N)"", ""B(0,6,W)"", ""B(1,6,N)"", ""E(1,6)"", ""B(2,6,N)"", ""E(2,6)"", ""B(3,6,N)"", ""E(3,6)"", ""B(4,6,N)"", ""B(5,6,N)"", ""B(6,6,N)"", ""B(6,6,E)""]",[],[]
core,0.08,5,,,,0.4,60,,1,,3,62,0.04838709677419355,0,0,0,"[""N(0,0)"", ""B(0,0,S)"", ""N(1,0)"", ""B(1,0,S)"", ""B(2,0,S)"", ""E(4,0)"", ""N(5,0)"", ""B(5,0,S)"", ""B(6,0,S)"", ""B(6,0,E)"", ""B(0,1,W)"", ""N(3,1)"", ""E(3,1)"", ""N(4,1)"", ""B(6,1,E)"", ""N(0,2)"", ""E(0,2)"", ""B(0,2,W)"", ""E(3,2)"", ""N(5,2)"", ""E(5,2)"", ""B(6,2,E)"", ""B(0,3,W)"", ""E(1,3)"", ""N(2,3)"", ""E(2,3)"", ""E(3,3)"", ""E(4,3)"", ""B(6,3,E)"", ""N(0,4)"", ""E(0,4)"", ""B(0,4,W)"", ""N(1,4)"", ""E(1,4)"", ""N(3,4)"", ""E(3,4)"", ""E(4,4)"", ""E(5,4)"", ""B(6,4,E)"", ""B(0,5,W)"", ""N(1,5)"", ""E(2,5)"", ""E(4,5)"", ""N(5,5)"", ""E(5,5)"", ""N(6,5)"", ""B(6,5,E)"", ""B(0,6,N)"", ""B(0,6,W)"", ""B(1,6,N)"", ""E(1,6)"", ""B(2,6,N)"", ""E(2,6)"", ""B(3,6,N)"", ""E(3,6)"", ""B(4,6,N)"", ""B(5,6,N)"", ""B(6,6,N)"", ""B(6,6,E)""]",[],[]
core,0.08,5,,,,0.4,85,,1,,3,62,0.04838709677419355,0,0,0,"[""N(0,0)"", ""B(0,0,S)"", ""N(1,0)"", ""B(1,0,S)"", ""B(2,0,S)"", ""E(4,0)"", ""N(5,0)"", ""B(5,0,S)"", ""B(6,0,S)"", ""B(6,0,E)"", ""B(0,1,W)"", ""N(3,1)"", ""E(3,1)"", ""N(4,1)"", ""B(6,1,E)"", ""N(0,2)"", ""E(0,2)"", ""B(0,2,W)"", ""E(3,2)"", ""N(5,2)"", ""E(5,2)"", ""B(6,2,E)"", ""B(0,3,W)"", ""E(1,3)"", ""N(2,3)"", ""E(2,3)"", ""E(3,3)"", ""E(4,3)"", ""B(6,3,E)"", ""N(0,4)"", ""E(0,4)"", ""B(0,4,W)"", ""N(1,4)"", ""E(1,4)"", ""N(3,4)"", ""E(3,4)"", ""E(4,4)"", ""E(5,4)"", ""B(6,4,E)"", ""B(0,5,W)"", ""N(1,5)"", ""E(2,5)"", ""E(4,5)"", ""N(5,5)"", ""E(5,5)"", ""N(6,5)"", ""B(6,5,E)"", ""B(0,6,N)"", ""B(0,6,W)"", ""B(1,6,N)"", ""E(1,6)"", ""B(2,6,N)"", ""E(2,6)"", ""B(3,6,N)"", ""E(3,6)"", ""B(4,6,N)"", ""B(5,6,N)"", ""B(6,6,N)"", ""B(6,6,E)""]",[],[]
core,0.08,5,,,,0.6,,,1,,8,62,0.12903225806451613,0,0,0,"[""N(0,0)"", ""B(0,0,S)"", ""N(1,0)"", ""N(5,0)"", ""B(5,0,S)"", ""B(6,0,S)"", ""B(6,0,E)"", ""B(0,1,W)"", ""N(4,1)"", ""B(6,1,E)"", ""N(0,2)"", ""E(0,2)"", ""B(0,2,W)"", ""E(3,2)"", ""N(5,2)"", ""E(5,2)"", ""B(6,2,E)"", ""B(0,3,W)"", ""E(1,3)"", ""N(2,3)"", ""E(2,3)"", ""E(3,3)"", ""E(4,3)"", ""B(6,3,E)"", ""N(0,4)"", ""E(0,4)"", ""B(0,4,W)"", ""N(1,4)"", ""E(1,4)"", ""N(3,4)"", ""E(3,4)"", ""E(4,4)"", ""E(5,4)"", ""B(6,4,E)"", ""B(0,5,W)"", ""N(1,5)"", ""E(2,5)"", ""E(4,5)"", ""N(5,5)"", ""E(5,5)"", ""N(6,5)"", ""B(6,5,E)"", ""B(0,6,N)"", ""B(0,6,W)"", ""B(1,6,N)"", ""E(1,6)"", ""B(2,6,N)"", ""E(2,6)"", ""B(3,6,N)"", ""E(3,6)"", ""B(4,6,N)"", ""B(5,6,N)"", ""B(6,6,N)"", ""B(6,6,E)""]",[],[]
core,0.08,5,,,,0.6,10,,1,,6,62,0.0967741935483871,0,0,0,"[""N(0,0)"", ""B(0,0,S)"", ""N(1,0)"", ""E(4,0)"", ""N(5,0)"", ""B(5,0,S)"", ""B(6,0,S)"", ""B(6,0,E)"", ""B(0,1,W)"", ""E(3,1)"", ""N(4,1)"", ""B(6,1,E)"", ""N(0,2)"", ""E(0,2)"", ""B(0,2,W)"", ""E(3,2)"", ""N(5,2)"", ""E(5,2)"", ""B(6,2,E)"", ""B(0,3,W)"", ""E(1,3)"", ""N(2,3)"", ""E(2,3)"", ""E(3,3)"", ""E(4,3)"", ""B(6,3,E)"", ""N(0,4)"", ""E(0,4)"", ""B(0,4,W)"", ""N(1,4)"", ""E(1,4)"", ""N(3,4)"", ""E(3,4)"", ""E(4,4)"", ""E(5,4)"", ""B(6,4,E)"", ""B(0,5,W)"", ""N(1,5)"", ""E(2,5)"", ""E(4,5)"", ""N(5,5)"", ""E(5,5)"", ""N(6,5)"", ""B(6,5,E)"", ""B(0,6,N)"", ""B(0,6,W)"", ""B(1,6,N)"", ""E(1,6)"", ""B(2,6,N)"", ""E(2,6)"", ""B(3,6,N)"", ""E(3,6)"", ""B(4,6,N)"", ""B(5,6,N)"", ""B(6,6,N)"", ""B(6,6,E)""]",[],[]
core,0.08,5,,,,0.6,20,,1,,6,62,0.0967741935483871,0,0,0,"[""N(0,0)"", ""B(0,0,S)"", ""N(1,0)"", ""E(4,0)"", ""N(5,0)"", ""B(5,0,S)"", ""B(6,0,S)"", ""B(6,0,E)"", ""B(0,1,W)"", ""E(3,1)"", ""N(4,1)"", ""B(6,1,E)"", ""N(0,2)"", ""E(0,2)"", ""B(0,2,W)"", ""E(3,2)"", ""N(5,2)"", ""E(5,2)"", ""B(6,2,E)"", ""B(0,3,W)"", ""E(1,3)"", ""N(2,3)"", ""E(2,3)"", ""E(3,3)"", ""E(4,3)"", ""B(6,3,E)"", ""N(0,4)"", ""E(0,4)"", ""B(0,4,W)"", ""N(1,4)"", ""E(1,4)"", ""N(3,4)"", ""E(3,4)"", ""E(4,4)"", ""E(5,4)"", ""B(6,4,E)"", ""B(0,5,W)"", ""N(1,5)"", ""E(2,5)"", ""E(4,5)"", ""N(5,5)"", ""E(5,5)"", ""N(6,5)"", ""B(6,5,E)"", ""B(0,6,N)"", ""B(0,6,W)"", ""B(1,6,N)"", ""E(1,6)"", ""B(2,6,N)"", ""E(2,6)"", ""B(3,6,N)"", ""E(3,6)"", ""B(4,6,N)"", ""B(5,6,N)"", ""B(6,6,N)"", ""B(6,6,E)""]",[],[]
core,0.08,5,,,,0.6,35,,1,,6,62,0.0967741935483871,0,0,0,"[""N(0,0)"", ""B(0,0,S)"", ""N(1,0)"", ""E(4,0)"", ""N(5,0)"", ""B(5,0,S)"", ""B(6,0,S)"", ""B(6,0,E)"", ""B(0,1,W)"", ""E(3,1)"", ""N(4,1)"", ""B(6,1,E)"", ""N(0,2)"", ""E(0,2)"", ""B(0,2,W)"", ""E(3,2)"", ""N(5,2)"", ""E(5,2)"", ""B(6,2,E)"", ""B(0,3,W)"", ""E(1,3)"", ""N(2,3)"", ""E(2,3)"", ""E(3,3)"", ""E(4,3)"", ""B(6,3,E)"", ""N(0,4)"", ""E(0,4)"", ""B(0,4,W)"", ""N(1,4)"", ""E(1,4)"", ""N(3,4)"", ""E(3,4)"", ""E(4,4)"", ""E(5,4)"", ""B(6,4,E)"", ""B(0,5,W)"", ""N(1,5)"", ""E(2,5)"", ""E(4,5)"", ""N(5,5)"", ""E(5,5)"", ""N(6,5)"", ""B(6,5,E)"", ""B(0,6,N)"", ""B(0,6,W)"", ""B(1,6,N)"", ""E(1,6)"", ""B(2,6,N)"", ""E(2,6)"", ""B(3,6,N)"", ""E(3,6)"", ""B(4,6,N)"", ""B(5,6,N)"", ""B(6,6,N)"", ""B(6,6,E)""]",[],[]
core,0.08,5,,,,0.6,60,,1,,6,62,0.0967741935483871,0,0,0,"[""N(0,0)"", ""B(0,0,S)"", ""N(1,0)"", ""E(4,0)"", ""N(5,0)"", ""B(5,0,S)"", ""B(6,0,S)"", ""B(6,0,E)"", ""B(0,1,W)"", ""E(3,1)"", ""N(4,1)"", ""B(6,1,E)"", ""N(0,2)"", ""E(0,2)"", ""B(0,2,W)"", ""E(3,2)"", ""N(5,2)"", ""E(5,2)"", ""B(6,2,E)"", ""B(0,3,W)"", ""E(1,3)"", ""N(2,3)"", ""E(2,3)"", ""E(3,3)"", ""E(4,3)"", ""B(6,3,E)"", ""N(0,4)"", ""E(0,4)"", ""B(0,4,W)"", ""N(1,4)"", ""E(1,4)"", ""N(3,4)"", ""E(3,4)"", ""E(4,4)"", ""E(5,4)"", ""B(6,4,E)"", ""B(0,5,W)"", ""N(1,5)"", ""E(2,5)"", ""E(4,5)"", ""N(5,5)"", ""E(5,5)"", ""N(6,5)"", ""B(6,5,E)"", ""B(0,6,N)"", ""B(0,6,W)"", ""B(1,6,N)"", ""E(1,6)"", ""B(2,6,N)"", ""E(2,6)"", ""B(3,6,N)"", ""E(3,6)"", ""B(4,6,N)"", ""B(5,6,N)"", ""B(6,6,N)"", ""B(6,6,E)""]",[],[]
core,0.08,5,,,,0.6,85,,1,,6,62,0.0967741935483871,0,0,0,"[""N(0,0)"", ""B(0,0,S)"", ""N(1,0)"", ""E(4,0)"", ""N(5,0)"", ""B(5,0,S)"", ""B(6,0,S)"", ""B(6,0,E)"", ""B(0,1,W)"", ""E(3,1)"", ""N(4,1)"", ""B(6,1,E)"", ""N(0,2)"", ""E(0,2)"", ""B(0,2,W)"", ""E(3,2)"", ""N(5,2)"", ""E(5,2)"", ""B(6,2,E)"", ""B(0,3,W)"", ""E(1,3)"", ""N(2,3)"", ""E(2,3)"", ""E(3,3)"", ""E(4,3)"", ""B(6,3,E)"", ""N(0,4)"", ""E(0,4)"", ""B(0,4,W)"", ""N(1,4)"", ""E(1,4)"", ""N(3,4)"", ""E(3,4)"", ""E(4,4)"", ""E(5,4)"", ""B(6,4,E)"", ""B(0,5,W)"", ""N(1,5)"", ""E(2,5)"", ""E(4,5)"", ""N(5,5)"", ""E(5,5)"", ""N(6,5)"", ""B(6,5,E)"", ""B(0,6,N)"", ""B(0,6,W)"", ""B(1,6,N)"", ""E(1,6)"", ""B(2,6,N)"", ""E(2,6)"", ""B(3,6,N)"", ""E(3,6)"", ""B(4,6,N)"", ""B(5,6,N)"", ""B(6,6,N)"", ""B(6,6,E)""]",[],[]
core,0.08,5,,,,1.2,,,1,,9,62,0.14516129032258066,0,0,0,"[""N(0,0)"", ""B(0,0,S)"", ""N(1,0)"", ""N(5,0)"", ""B(5,0,S)"", ""B(6,0,S)"", ""B(6,0,E)"", ""B(0,1,W)"", ""N(4,1)"", ""B(6,1,E)"", ""N(0,2)"", ""E(0,2)"", ""B(0,2,W)"", ""E(3,2)"", ""N(5,2)"", ""E(5,2)"", ""B(6,2,E)"", ""B(0,3,W)"", ""N(2,3)"", ""E(2,3)"", ""E(3,3)"", ""E(4,3)"", ""B(6,3,E)"", ""N(0,4)"", ""E(0,4)"", ""B(0,4,W)"", ""N(1,4)"", ""E(1,4)"", ""N(3,4)"", ""E(3,4)"", ""E(4,4)"", ""E(5,4)"", ""B(6,4,E)"", ""B(0,5,W)"", ""N(1,5)"", ""E(2,5)"", ""E(4,5)"", ""N(5,5)"", ""E(5,5)"", ""N(6,5)"", ""B(6,5,E)"", ""B(0,6,N)"", ""B(0,6,W)"", ""B(1,6,N)"", ""E(1,6)"", ""B(2,6,N)"", ""E(2,6)"", ""B(3,6,N)"", ""E(3,6)"", ""B(4,6,N)"", ""B(5,6,N)"", ""B(6,6,N)"", ""B(6,6,E)""]",[],[]
core,0.08,5,,,,1.2,10,,1,,6,62,0.0967741935483871,0,0,0,"[""N(0,0)"", ""B(0,0,S)"", ""N(1,0)"", ""E(4,0)"", ""N(5,0)"", ""B(5,0,S)"", ""B(6,0,S)"", ""B(6,0,E)"", ""B(0,1,W)"", ""E(3,1)"", ""N(4,1)"", ""B(6,1,E)"", ""N(0,2)"", ""E(0,2)"", ""B(0,2,W)"", ""E(3,2)"", ""N(5,2)"", ""E(5,2)"", ""B(6,2,E)"", ""B(0,3,W)"", ""E(1,3)"", ""N(2,3)"", ""E(2,3)"", ""E(3,3)"", ""E(4,3)"", ""B(6,3,E)"", ""N(0,4)"", ""E(0,4)"", ""B(0,4,W)"", ""N(1,4)"", ""E(1,4)"", ""N(3,4)"", ""E(3,4)"", ""E(4,4)"", ""E(5,4)"", ""B(6,4,E)"", ""B(0,5,W)"", ""N(1,5)"", ""E(2,5)"", ""E(4,5)"", ""N(5,5)"", ""E(5,5)"", ""N(6,5)"", ""B(6,5,E)"", ""B(0,6,N)"", ""B(0,6,W)"", ""B(1,6,N)"", ""E(1,6)"", ""B(2,6,N)"", ""E(2,6)"", ""B(3,6,N)"", ""E(3,6)"", ""B(4,6,N)"", ""B(5,6,N)"", ""B(6,6,N)"", ""B(6,6,E)""]",[],[]
core,0.08,5,,,,1.2,20,,1,,6,62,0.0967741935483871,0,0,0,"[""N(0,0)"", ""B(0,0,S)"", ""N(1,0)"", ""E(4,0)"", ""N(5,0)"", ""B(5,0,S)"", ""B(6,0,S)"", ""B(6,0,E)"", ""B(0,1,W)"", ""E(3,1)"", ""N(4,1)"", ""B(6,1,E)"", ""N(0,2)"", ""E(0,2)"", ""B(0,2,W)"", ""E(3,2)"", ""N(5,2)"", ""E(5,2)"", ""B(6,2,E)"", ""B(0,3,W)"", ""E(1,3)"", ""N(2,3)"", ""E(2,3)"", ""E(3,3)"", ""E(4,3)"", ""B(6,3,E)"", ""N(0,4)"", ""E(0,4)"", ""B(0,4,W)"", ""N(1,4)"", ""E(1,4)"", ""N(3,4)"", ""E(3,4)"", ""E(4,4)"", ""E(5,4)"", ""B(6,4,E)"", ""B(0,5,W)"", ""N(1,5)"", ""E(2,5)"", ""E(4,5)"", ""N(5,5)"", ""E(5,5)"", ""N(6,5)"", ""B(6,5,E)"", ""B(0,6,N)"", ""B(0,6,W)"", ""B(1,6,N)"", ""E(1,6)"", ""B(2,6,N)"", ""E(2,6)"", ""B(3,6,N)"", ""E(3,6)"", ""B(4,6,N)"", ""B(5,6,N)"", ""B(6,6,N)"", ""B(6,6,E)""]",[],[]
core,0.08,5,,,,1.2,35,,1,,6,62,0.0967741935483871,0,0,0,"[""N(0,0)"", ""B(0,0,S)"", ""N(1,0)"", ""E(4,0)"", ""N(5,0)"", ""B(5,0,S)"", ""B(6,0,S)"", ""B(6,0,E)"", ""B(0,1,W)"", ""E(3,1)"", ""N(4,1)"", ""B(6,1,E)"", ""N(0,2)"", ""E(0,2)"", ""B(0,2,W)"", ""E(3,2)"", ""N(5,2)"", ""E(5,2)"", ""B(6,2,E)"", ""B(0,3,W)"", ""E(1,3)"", ""N(2,3)"", ""E(2,3)"", ""E(3,3)"", ""E(4,3)"", ""B(6,3,E)"", ""N(0,4)"", ""E(0,4)"", ""B(0,4,W)"", ""N(1,4)"", ""E(1,4)"", ""N(3,4)"", ""E(3,4)"", ""E(4,4)"", ""E(5,4)"", ""B(6,4,E)"", ""B(0,5,W)"", ""N(1,5)"", ""E(2,5)"", ""E(4,5)"", ""N(5,5)"", ""E(5,5)"", ""N(6,5)"", ""B(6,5,E)"", ""B(0,6,N)"", ""B(0,6,W)"", ""B(1,6,N)"", ""E(1,6)"", ""B(2,6,N)"", ""E(2,6)"", ""B(3,6,N)"", ""E(3,6)"", ""B(4,6,N)"", ""B(5,6,N)"", ""B(6,6,N)"", ""B(6,6,E)""]",[],[]
core,0.08,5,,,,1.2,60,,1,,6,62,0.0967741935483871,0,0,0,"[""N(0,0)"", ""B(0,0,S)"", ""N(1,0)"", ""E(4,0)"", ""N(5,0)"", ""B(5,0,S)"", ""B(6,0,S)"", ""B(6,0,E)"", ""B(0,1,W)"", ""E(3,1)"", ""N(4,1)"", ""B(6,1,E)"", ""N(0,2)"", ""E(0,2)"", ""B(0,2,W)"", ""E(3,2)"", ""N(5,2)"", ""E(5,2)"", ""B(6,2,E)"", ""B(0,3,W)"", ""E(1,3)"", ""N(2,3)"", ""E(2,3)"", ""E(3,3)"", ""E(4,3)"", ""B(6,3,E)"", ""N(0,4)"", ""E(0,4)"", ""B(0,4,W)"", ""N(1,4)"", ""E(1,4)"", ""N(3,4)"", ""E(3,4)"", ""E(4,4)"", ""E(5,4)"", ""B(6,4,E)"", ""B(0,5,W)"", ""N(1,5)"", ""E(2,5)"", ""E(4,5)"", ""N(5,5)"", ""E(5,5)"", ""N(6,5)"", ""B(6,5,E)"", ""B(0,6,N)"", ""B(0,6,W)"", ""B(1,6,N)"", ""E(1,6)"", ""B(2,6,N)"", ""E(2,6)"", ""B(3,6,N)"", ""E(3,6)"", ""B(4,6,N)"", ""B(5,6,N)"", ""B(6,6,N)"", ""B(6,6,E)""]",[],[]
core,0.08,5,,,,1.2,85,,1,,6,62,0.0967741935483871,0,0,0,"[""N(0,0)"", ""B(0,0,S)"", ""N(1,0)"", ""E(4,0)"", ""N(5,0)"", ""B(5,0,S)"", ""B(6,0,S)"", ""B(6,0,E)"", ""B(0,1,W)"", ""E(3,1)"", ""N(4,1)"", ""B(6,1,E)"", ""N(0,2)"", ""E(0,2)"", ""B(0,2,W)"", ""E(3,2)"", ""N(5,2)"", ""E(5,2)"", ""B(6,2,E)"", ""B(0,3,W)"", ""E(1,3)"", ""N(2,3)"", ""E(2,3)"", ""E(3,3)"", ""E(4,3)"", ""B(6,3,E)"", ""N(0,4)"", ""E(0,4)"", ""B(0,4,W)"", ""N(1,4)"", ""E(1,4)"", ""N(3,4)"", ""E(3,4)"", ""E(4,4)"", ""E(5,4)"", ""B(6,4,E)"", ""B(0,5,W)"", ""N(1,5)"", ""E(2,5)"", ""E(4,5)"", ""N(5,5)"", ""E(5,5)"", ""N(6,5)"", ""B(6,5,E)"", ""B(0,6,N)"", ""B(0,6,W)"", ""B(1,6,N)"", ""E(1,6)"", ""B(2,6,N)"", ""E(2,6)"", ""B(3,6,N)"", ""E(3,6)"", ""B(4,6,N)"", ""B(5,6,N)"", ""B(6,6,N)"", ""B(6,6,E)""]",[],[]
core,0.08,5,,,,2.0,,,1,,10,62,0.16129032258064516,0,0,0,"[""N(0,0)"", ""B(0,0,S)"", ""N(1,0)"", ""N(5,0)"", ""B(5,0,S)"", ""B(6,0,S)"", ""B(6,0,E)"", ""B(0,1,W)"", ""N(4,1)"", ""B(6,1,E)"", ""N(0,2)"", ""E(0,2)"", ""B(0,2,W)"", ""E(3,2)"", ""N(5,2)"", ""E(5,2)"", ""B(6,2,E)"", ""B(0,3,W)"", ""N(2,3)"", ""E(2,3)"", ""E(3,3)"", ""E(4,3)"", ""B(6,3,E)"", ""N(0,4)"", ""E(0,4)"", ""N(1,4)"", ""E(1,4)"", ""N(3,4)"", ""E(3,4)"", ""E(4,4)"", ""E(5,4)"", ""B(6,4,E)"", ""B(0,5,W)"", ""N(1,5)"", ""E(2,5)"", ""E(4,5)"", ""N(5,5)"", ""E(5,5)"", ""N(6,5)"", ""B(6,5,E)"", ""B(0,6,N)"", ""B(0,6,W)"", ""B(1,6,N)"", ""E(1,6)"", ""B(2,6,N)"", ""E(2,6)"", ""B(3,6,N)"", ""E(3,6)"", ""B(4,6,N)"", ""B(5,6,N)"", ""B(6,6,N)"", ""B(6,6,E)""]",[],[]
core,0.08,5,,,,2.0,10,,1,,6,62,0.0967741935483871,0,0,0,"[""N(0,0)"", ""B(0,0,S)"", ""N(1,0)"", ""E(4,0)"", ""N(5,0)"", ""B(5,0,S)"", ""B(6,0,S)"", ""B(6,0,E)"", ""B(0,1,W)"", ""E(3,1)"", ""N(4,1)"", ""B(6,1,E)"", ""N(0,2)"", ""E(0,2)"", ""B(0,2,W)"", ""E(3,2)"", ""N(5,2)"", ""E(5,2)"", ""B(6,2,E)"", ""B(0,3,W)"", ""E(1,3)"", ""N(2,3)"", ""E(2,3)"", ""E(3,3)"", ""E(4,3)"", ""B(6,3,E)"", ""N(0,4)"", ""E(0,4)"", ""B(0,4,W)"", ""N(1,4)"", ""E(1,4)"", ""N(3,4)"", ""E(3,4)"", ""E(4,4)"", ""E(5,4)"", ""B(6,4,E)"", ""B(0,5,W)"", ""N(1,5)"", ""E(2,5)"", ""E(4,5)"", ""N(5,5)"", ""E(5,5)"", ""N(6,5)"", ""B(6,5,E)"", ""B(0,6,N)"", ""B(0,6,W)"", ""B(1,6,N)"", ""E(1,6)"", ""B(2,6,N)"", ""E(2,6)"", ""B(3,6,N)"", ""E(3,6)"", ""B(4,6,N)"", ""B(5,6,N)"", ""B(6,6,N)"", ""B(6,6,E)""]",[],[]
core,0.08,5,,,,2.0,20,,1,,6,62,0.0967741935483871,0,0,0,"[""N(0,0)"", ""B(0,0,S)"", ""N(1,0)"", ""E(4,0)"", ""N(5,0)"", ""B(5,0,S)"", ""B(6,0,S)"", ""B(6,0,E)"", ""B(0,1,W)"", ""E(3,1)"", ""N(4,1)"", ""B(6,1,E)"", ""N(0,2)"", ""E(0,2)"", ""B(0,2,W)"", ""E(3,2)"", ""N(5,2)"", ""E(5,2)"", ""B(6,2,E)"", ""B(0,3,W)"", ""E(1,3)"", ""N(2,3)"", ""E(2,3)"", ""E(3,3)"", ""E(4,3)"", ""B(6,3,E)"", ""N(0,4)"", ""E(0,4)"", ""B(0,4,W)"", ""N(1,4)"", ""E(1,4)"", ""N(3,4)"", ""E(3,4)"", ""E(4,4)"", ""E(5,4)"", ""B(6,4,E)"", ""B(0,5,W)"", ""N(1,5)"", ""E(2,5)"", ""E(4,5)"", ""N(5,5)"", ""E(5,5)"", ""N(6,5)"", ""B(6,5,E)"", ""B(0,6,N)"", ""B(0,6,W)"", ""B(1,6,N)"", ""E(1,6)"", ""B(2,6,N)"", ""E(2,6)"", ""B(3,6,N)"", ""E(3,6)"", ""B(4,6,N)"", ""B(5,6,N)"", ""B(6,6,N)"", ""B(6,6,E)""]",[],[]
core,0.08,5,,,,2.0,35,,1,,6,62,0.0967741935483871,0,0,0,"[""N(0,0)"", ""B(0,0,S)"", ""N(1,0)"", ""E(4,0)"", ""N(5,0)"", ""B(5,0,S)"", ""B(6,0,S)"", ""B(6,0,E)"", ""B(0,1,W)"", ""E(3,1)"", ""N(4,1)"", ""B(6,1,E)"", ""N(0,2)"", ""E(0,2)"", ""B(0,2,W)"", ""E(3,2)"", ""N(5,2)"", ""E(5,2)"", ""B(6,2,E)"", ""B(0,3,W)"", ""E(1,3)"", ""N(2,3)"", ""E(2,3)"", ""E(3,3)"", ""E(4,3)"", ""B(6,3,E)"", ""N(0,4)"", ""E(0,4)"", ""B(0,4,W)"", ""N(1,4)"", ""E(1,4)"", ""N(3,4)"", ""E(3,4)"", ""E(4,4)"", ""E(5,4)"", ""B(6,4,E)"", ""B(0,5,W)"", ""N(1,5)"", ""E(2,5)"", ""E(4,5)"", ""N(5,5)"", ""E(5,5)"", ""N(6,5)"", ""B(6,5,E)"", ""B(0,6,N)"", ""B(0,6,W)"", ""B(1,6,N)"", ""E(1,6)"", ""B(2,6,N)"", ""E(2,6)"", ""B(3,6,N)"", ""E(3,6)"", ""B(4,6,N)"", ""B(5,6,N)"", ""B(6,6,N)"", ""B(6,6,E)""]",[],[]
core,0.08,5,,,,2.0,60,,1,,6,62,0.0967741935483871,0,0,0,"[""N(0,0)"", ""B(0,0,S)"", ""N(1,0)"", ""E(4,0)"", ""N(5,0)"", ""B(5,0,S)"", ""B(6,0,S)"", ""B(6,0,E)"", ""B(0,1,W)"", ""E(3,1)"", ""N(4,1)"", ""B(6,1,E)"", ""N(0,2)"", ""E(0,2)"", ""B(0,2,W)"", ""E(3,2)"", ""N(5,2)"", ""E(5,2)"", ""B(6,2,E)"", ""B(0,3,W)"", ""E(1,3)"", ""N(2,3)"", ""E(2,3)"", ""E(3,3)"", ""E(4,3)"", ""B(6,3,E)"", ""N(0,4)"", ""E(0,4)"", ""B(0,4,W)"", ""N(1,4)"", ""E(1,4)"", ""N(3,4)"", ""E(3,4)"", ""E(4,4)"", ""E(5,4)"", ""B(6,4,E)"", ""B(0,5,W)"", ""N(1,5)"", ""E(2,5)"", ""E(4,5)"", ""N(5,5)"", ""E(5,5)"", ""N(6,5)"", ""B(6,5,E)"", ""B(0,6,N)"", ""B(0,6,W)"", ""B(1,6,N)"", ""E(1,6)"", ""B(2,6,N)"", ""E(2,6)"", ""B(3,6,N)"", ""E(3,6)"", ""B(4,6,N)"", ""B(5,6,N)"", ""B(6,6,N)"", ""B(6,6,E)""]",[],[]
core,0.08,5,,,,2.0,85,,1,,6,62,0.0967741935483871,0,0,0,"[""N(0,0)"", ""B(0,0,S)"", ""N(1,0)"", ""E(4,0)"", ""N(5,0)"", ""B(5,0,S)"", ""B(6,0,S)"", ""B(6,0,E)"", ""B(0,1,W)"", ""E(3,1)"", ""N(4,1)"", ""B(6,1,E)"", ""N(0,2)"", ""E(0,2)"", ""B(0,2,W)"", ""E(3,2)"", ""N(5,2)"", ""E(5,2)"", ""B(6,2,E)"", ""B(0,3,W)"", ""E(1,3)"", ""N(2,3)"", ""E(2,3)"", ""E(3,3)"", ""E(4,3)"", ""B(6,3,E)"", ""N(0,4)"", ""E(0,4)"", ""B(0,4,W)"", ""N(1,4)"", ""E(1,4)"", ""N(3,4)"", ""E(3,4)"", ""E(4,4)"", ""E(5,4)"", ""B(6,4,E)"", ""B(0,5,W)"", ""N(1,5)"", ""E(2,5)"", ""E(4,5)"", ""N(5,5)"", ""E(5,5)"", ""N(6,5)"", ""B(6,5,E)"", ""B(0,6,N)"", ""B(0,6,W)"", ""B(1,6,N)"", ""E(1,6)"", ""B(2,6,N)"", ""E(2,6)"", ""B(3,6,N)"", ""E(3,6)"", ""B(4,6,N)"", ""B(5,6,N)"", ""B(6,6,N)"", ""B(6,6,E)""]",[],[]
core,0.08,5,,,,,,,1,,10,62,0.16129032258064516,0,0,0,"[""N(0,0)"", ""B(0,0,S)"", ""N(1,0)"", ""N(5,0)"", ""B(5,0,S)"", ""B(6,0,S)"", ""B(6,0,E)"", ""B(0,1,W)"", ""N(4,1)"", ""B(6,1,E)"", ""N(0,2)"", ""E(0,2)"", ""B(0,2,W)"", ""E(3,2)"", ""N(5,2)"", ""E(5,2)"", ""B(6,2,E)"", ""B(0,3,W)"", ""N(2,3)"", ""E(2,3)"", ""E(3,3)"", ""E(4,3)"", ""B(6,3,E)"", ""N(0,4)"", ""E(0,4)"", ""N(1,4)"", ""E(1,4)"", ""N(3,4)"", ""E(3,4)"", ""E(4,4)"", ""E(5,4)"", ""B(6,4,E)"", ""B(0,5,W)"", ""N(1,5)"", ""E(2,5)"", ""E(4,5)"", ""N(5,5)"", ""E(5,5)"", ""N(6,5)"", ""B(6,5,E)"", ""B(0,6,N)"", ""B(0,6,W)"", ""B(1,6,N)"", ""E(1,6)"", ""B(2,6,N)"", ""E(2,6)"", ""B(3,6,N)"", ""E(3,6)"", ""B(4,6,N)"", ""B(5,6,N)"", ""B(6,6,N)"", ""B(6,6,E)""]",[],[]
core,0.08,5,,,,,10,,1,,6,62,0.0967741935483871,0,0,0,"[""N(0,0)"", ""B(0,0,S)"", ""N(1,0)"", ""E(4,0)"", ""N(5,0)"", ""B(5,0,S)"", ""B(6,0,S)"", ""B(6,0,E)"", ""B(0,1,W)"", ""E(3,1)"", ""N(4,1)"", ""B(6,1,E)"", ""N(0,2)"", ""E(0,2)"", ""B(0,2,W)"", ""E(3,2)"", ""N(5,2)"", ""E(5,2)"", ""B(6,2,E)"", ""B(0,3,W)"", ""E(1,3)"", ""N(2,3)"", ""E(2,3)"", ""E(3,3)"", ""E(4,3)"", ""B(6,3,E)"", ""N(0,4)"", ""E(0,4)"", ""B(0,4,W)"", ""N(1,4)"", ""E(1,4)"", ""N(3,4)"", ""E(3,4)"", ""E(4,4)"", ""E(5,4)"", ""B(6,4,E)"", ""B(0,5,W)"", ""N(1,5)"", ""E(2,5)"", ""E(4,5)"", ""N(5,5)"", ""E(5,5)"", ""N(6,5)"", ""B(6,5,E)"", ""B(0,6,N)"", ""B(0,6,W)"", ""B(1,6,N)"", ""E(1,6)"", ""B(2,6,N)"", ""E(2,6)"", ""B(3,6,N)"", ""E(3,6)"", ""B(4,6,N)"", ""B(5,6,N)"", ""B(6,6,N)"", ""B(6,6,E)""]",[],[]
core,0.08,5,,,,,20,,1,,6,62,0.0967741935483871,0,0,0,"[""N(0,0)"", ""B(0,0,S)"", ""N(1,0)"", ""E(4,0)"", ""N(5,0)"", ""B(5,0,S)"", ""B(6,0,S)"", ""B(6,0,E)"", ""B(0,1,W)"", ""E(3,1)"", ""N(4,1)"", ""B(6,1,E)"", ""N(0,2)"", ""E(0,2)"", ""B(0,2,W)"", ""E(3,2)"", ""N(5,2)"", ""E(5,2)"", ""B(6,2,E)"", ""B(0,3,W)"", ""E(1,3)"", ""N(2,3)"", ""E(2,3)"", ""E(3,3)"", ""E(4,3)"", ""B(6,3,E)"", ""N(0,4)"", ""E(0,4)"", ""B(0,4,W)"", ""N(1,4)"", ""E(1,4)"", ""N(3,4)"", ""E(3,4)"", ""E(4,4)"", ""E(5,4)"", ""B(6,4,E)"", ""B(0,5,W)"", ""N(1,5)"", ""E(2,5)"", ""E(4,5)"", ""N(5,5)"", ""E(5,5)"", ""N(6,5)"", ""B(6,5,E)"", ""B(0,6,N)"", ""B(0,6,W)"", ""B(1,6,N)"", ""E(1,6)"", ""B(2,6,N)"", ""E(2,6)"", ""B(3,6,N)"", ""E(3,6)"", ""B(4,6,N)"", ""B(5,6,N)"", ""B(6,6,N)"", ""B(6,6,E)""]",[],[]
core,0.08,5,,,,,35,,1,,6,62,0.0967741935483871,0,0,0,"[""N(0,0)"", ""B(0,0,S)"", ""N(1,0)"", ""E(4,0)"", ""N(5,0)"", ""B(5,0,S)"", ""B(6,0,S)"", ""B(6,0,E)"", ""B(0,1,W)"", ""E(3,1)"", ""N(4,1)"", ""B(6,1,E)"", ""N(0,2)"", ""E(0,2)"", ""B(0,2,W)"", ""E(3,2)"", ""N(5,2)"", ""E(5,2)"", ""B(6,2,E)"", ""B(0,3,W)"", ""E(1,3)"", ""N(2,3)"", ""E(2,3)"", ""E(3,3)"", ""E(4,3)"", ""B(6,3,E)"", ""N(0,4)"", ""E(0,4)"", ""B(0,4,W)"", ""N(1,4)"", ""E(1,4)"", ""N(3,4)"", ""E(3,4)"", ""E(4,4)"", ""E(5,4)"", ""B(6,4,E)"", ""B(0,5,W)"", ""N(1,5)"", ""E(2,5)"", ""E(4,5)"", ""N(5,5)"", ""E(5,5)"", ""N(6,5)"", ""B(6,5,E)"", ""B(0,6,N)"", ""B(0,6,W)"", ""B(1,6,N)"", ""E(1,6)"", ""B(2,6,N)"", ""E(2,6)"", ""B(3,6,N)"", ""E(3,6)"", ""B(4,6,N)"", ""B(5,6,N)"", ""B(6,6,N)"", ""B(6,6,E)""]",[],[]
core,0.08,5,,,,,60,,1,,6,62,0.0967741935483871,0,0,0,"[""N(0,0)"", ""B(0,0,S)"", ""N(1,0)"", ""E(4,0)"", ""N(5,0)"", ""B(5,0,S)"", ""B(6,0,S)"", ""B(6,0,E)"", ""B(0,1,W)"", ""E(3,1)"", ""N(4,1)"", ""B(6,1,E)"", ""N(0,2)"", ""E(0,2)"", ""B(0,2,W)"", ""E(3,2)"", ""N(5,2)"", ""E(5,2)"", ""B(6,2,E)"", ""B(0,3,W)"", ""E(1,3)"", ""N(2,3)"", ""E(2,3)"", ""E(3,3)"", ""E(4,3)"", ""B(6,3,E)"", ""N(0,4)"", ""E(0,4)"", ""B(0,4,W)"", ""N(1,4)"", ""E(1,4)"", ""N(3,4)"", ""E(3,4)"", ""E(4,4)"", ""E(5,4)"", ""B(6,4,E)"", ""B(0,5,W)"", ""N(1,5)"", ""E(2,5)"", ""E(4,5)"", ""N(5,5)"", ""E(5,5)"", ""N(6,5)"", ""B(6,5,E)"", ""B(0,6,N)"", ""B(0,6,W)"", ""B(1,6,N)"", ""E(1,6)"", ""B(2,6,N)"", ""E(2,6)"", ""B(3,6,N)"", ""E(3,6)"", ""B(4,6,N)"", ""B(5,6,N)"", ""B(6,6,N)"", ""B(6,6,E)""]",[],[]
core,0.08,5,,,,,85,,1,,6,62,0.0967741935483871,0,0,0,"[""N(0,0)"", ""B(0,0,S)"", ""N(1,0)"", ""E(4,0)"", ""N(5,0)"", ""B(5,0,S)"", ""B(6,0,S)"", ""B(6,0,E)"", ""B(0,1,W)"", ""E(3,1)"", ""N(4,1)"", ""B(6,1,E)"", ""N(0,2)"", ""E(0,2)"", ""B(0,2,W)"", ""E(3,2)"", ""N(5,2)"", ""E(5,2)"", ""B(6,2,E)"", ""B(0,3,W)"", ""E(1,3)"", ""N(2,3)"", ""E(2,3)"", ""E(3,3)"", ""E(4,3)"", ""B(6,3,E)"", ""N(0,4)"", ""E(0,4)"", ""B(0,4,W)"", ""N(1,4)"", ""E(1,4)"", ""N(3,4)"", ""E(3,4)"", ""E(4,4)"", ""E(5,4)"", ""B(6,4,E)"", ""B(0,5,W)"", ""N(1,5)"", ""E(2,5)"", ""E(4,5)"", ""N(5,5)"", ""E(5,5)"", ""N(6,5)"", ""B(6,5,E)"", ""B(0,6,N)"", ""B(0,6,W)"", ""B(1,6,N)"", ""E(1,6)"", ""B(2,6,N)"", ""E(2,6)"", ""B(3,6,N)"", ""E(3,6)"", ""B(4,6,N)"", ""B(5,6,N)"", ""B(6,6,N)"", ""B(6,6,E)""]",[],[]
core,0.08,8,,,,0.25,,,1,,2,62,0.03225806451612903,0,0,0,"[""N(0,0)"", ""B(0,0,S)"", ""N(1,0)"", ""B(1,0,S)"", ""B(2,0,S)"", ""B(4,0,S)"", ""E(4,0)"", ""N(5,0)"", ""B(5,0,S)"", ""B(6,0,S)"", ""B(6,0,E)"", ""B(0,1,W)"", ""N(1,1)"", ""N(3,1)"", ""N(4,1)"", ""B(6,1,E)"", ""N(0,2)"", ""E(0,2)"", ""B(0,2,W)"", ""E(3,2)"", ""N(5,2)"", ""E(5,2)"", ""B(6,2,E)"", ""B(0,3,W)"", ""E(1,3)"", ""N(2,3)"", ""E(2,3)"", ""E(3,3)"", ""E(4,3)"", ""B(6,3,E)"", ""N(0,4)"", ""E(0,4)"", ""B(0,4,W)"", ""N(1,4)"", ""E(1,4)"", ""N(3,4)"", ""E(3,4)"", ""E(4,4)"", ""E(5,4)"", ""B(6,4,E)"", ""B(0,5,W)"", ""N(1,5)"", ""E(2,5)"", ""E(4,5)"", ""N(5,5)"", ""E(5,5)"", ""N(6,5)"", ""B(6,5,E)"", ""B(0,6,N)"", ""B(0,6,W)"", ""B(1,6,N)"", ""E(1,6)"", ""B(2,6,N)"", ""E(2,6)"", ""B(3,6,N)"", ""E(3,6)"", ""B(4,6,N)"", ""B(5,6,N)"", ""B(6,6,N)"", ""B(6,6,E)""]",[],[]
core,0.08,8,,,,0.25,10,,1,,1,62,0.016129032258064516,0,0,0,"[""N(0,0)"", ""B(0,0,S)"", ""N(1,0)"", ""B(1,0,S)"", ""B(2,0,S)"", ""B(4,0,S)"", ""E(4,0)"", ""N(5,0)"", ""B(5,0,S)"", ""B(6,0,S)"", ""B(6,0,E)"", ""B(0,1,W)"", ""N(1,1)"", ""N(3,1)"", ""E(3,1)"", ""N(4,1)"", ""B(6,1,E)"", ""N(0,2)"", ""E(0,2)"", ""B(0,2,W)"", ""E(3,2)"", ""N(5,2)"", ""E(5,2)"", ""B(6,2,E)"", ""B(0,3,W)"", ""E(1,3)"", ""N(2,3)"", ""E(2,3)"", ""E(3,3)"", ""E(4,3)"", ""B(6,3,E)"", ""N(0,4)"", ""E(0,4)"", ""B(0,4,W)"", ""N(1,4)"", ""E(1,4)"", ""N(3,4)"", ""E(3,4)"", ""E(4,4)"", ""E(5,4)"", ""B(6,4,E)"", ""B(0,5,W)"", ""N(1,5)"", ""E(2,5)"", ""E(4,5)"", ""N(5,5)"", ""E(5,5)"", ""N(6,5)"", ""B(6,5,E)"", ""B(0,6,N)"", ""B(0,6,W)"", ""B(1,6,N)"", ""E(1,6)"", ""B(2,6,N)"", ""E(2,6)"", ""B(3,6,N)"", ""E(3,6)"", ""B(4,6,N)"", ""B(5,6,N)"", ""B(6,6,N)"", ""B(6,6,E)""]",[],[]
core,0.08,8,,,,0.25,20,,1,,1,62,0.016129032258064516,0,0,0,"[""N(0,0)"", ""B(0,0,S)"", ""N(1,0)"", ""B(1,0,S)"", ""B(2,0,S)"", ""B(4,0,S)"", ""E(4,0)"", ""N(5,0)"", ""B(5,0,S)"", ""B(6,0,S)"", ""B(6,0,E)"", ""B(0,1,W)"", ""N(1,1)"", ""N(3,1)"", ""E(3,1)"", ""N(4,1)"", ""B(6,1,E)"", ""N(0,2)"", ""E(0,2)"", ""B(0,2,W)"", ""E(3,2)"", ""N(5,2)"", ""E(5,2)"", ""B(6,2,E)"", ""B(0,3,W)"", ""E(1,3)"", ""N(2,3)"", ""E(2,3)"", ""E(3,3)"", ""E(4,3)"", ""B(6,3,E)"", ""N(0,4)"", ""E(0,4)"", ""B(0,4,W)"", ""N(1,4)"", ""E(1,4)"", ""N(3,4)"", ""E(3,4)"", ""E(4,4)"", ""E(5,4)"", ""B(6,4,E)"", ""B(0,5,W)"", ""N(1,5)"", ""E(2,5)"", ""E(4,5)"", ""N(5,5)"", ""E(5,5)"", ""N(6,5)"", ""B(6,5,E)"", ""B(0,6,N)"", ""B(0,6,W)"", ""B(1,6,N)"", ""E(1,6)"", ""B(2,6,N)"", ""E(2,6)"", ""B(3,6,N)"", ""E(3,6)"", ""B(4,6,N)"", ""B(5,6,N)"", ""B(6,6,N)"", ""B(6,6,E)""]",[],[]
core,0.08,8,,,,0.25,35,,1,,1,62,0.016129032258064516,0,0,0,"[""N(0,0)"", ""B(0,0,S)"", ""N(1,0)"", ""B(1,0,S)"", ""B(2,0,S)"", ""B(4,0,S)"", ""E(4,0)"", ""N(5,0)"", ""B(5,0,S)"", ""B(6,0,S)"", ""B(6,0,E)"", ""B(0,1,W)"", ""N(1,1)"", ""N(3,1)"", ""E(3,1)"", ""N(4,1)"", ""B(6,1,E)"", ""N(0,2)"", ""E(0,2)"", ""B(0,2,W)"", ""E(3,2)"", ""N(5,2)"", ""E(5,2)"", ""B(6,2,E)"", ""B(0,3,W)"", ""E(1,3)"", ""N(2,3)"", ""E(2,3)"", ""E(3,3)"", ""E(4,3)"", ""B(6,3,E)"", ""N(0,4)"", ""E(0,4)"", ""B(0,4,W)"", ""N(1,4)"", ""E(1,4)"", ""N(3,4)"", ""E(3,4)"", ""E(4,4)"", ""E(5,4)"", ""B(6,4,E)"", ""B(0,5,W)"", ""N(1,5)"", ""E(2,5)"", ""E(4,5)"", ""N(5,5)"", ""E(5,5)"", ""N(6,5)"", ""B(6,5,E)"", ""B(0,6,N)"", ""B(0,6,W)"", ""B(1,6,N)"", ""E(1,6)"", ""B(2,6,N)"", ""E(2,6)"", ""B(3,6,N)"", ""E(3,6)"", ""B(4,6,N)"", ""B(5,6,N)"", ""B(6,6,N)"", ""B(6,6,E)""]",[],[]
core,0.08,8,,,,0.25,60,,1,,1,62,0.016129032258064516,0,0,0,"[""N(0,0)"", ""B(0,0,S)"", ""N(1,0)"", ""B(1,0,S)"", ""B(2,0,S)"", ""B(4,0,S)"", ""E(4,0)"", ""N(5,0)"", ""B(5,0,S)"", ""B(6,0,S)"", ""B(6,0,E)"", ""B(0,1,W)"", ""N(1,1)"", ""N(3,1)"", ""E(3,1)"", ""N(4,1)"", ""B(6,1,E)"", ""N(0,2)"", ""E(0,2)"", ""B(0,2,W)"", ""E(3,2)"", ""N(5,2)"", ""E(5,2)"", ""B(6,2,E)"", ""B(0,3,W)"", ""E(1,3)"", ""N(2,3)"", ""E(2,3)"", ""E(3,3)"", ""E(4,3)"", ""B(6,3,E)"", ""N(0,4)"", ""E(0,4)"", ""B(0,4,W)"", ""N(1,4)"", ""E(1,4)"", ""N(3,4)"", ""E(3,4)"", ""E(4,4)"", ""E(5,4)"", ""B(6,4,E)"", ""B(0,5,W)"", ""N(1,5)"", ""E(2,5)"", ""E(4,5)"", ""N(5,5)"", ""E(5,5)"", ""N(6,5)"", ""B(6,5,E)"", ""B(0,6,N)"", ""B(0,6,W)"", ""B(1,6,N)"", ""E(1,6)"", ""B(2,6,N)"", ""E(2,6)"", ""B(3,6,N)"", ""E(3,6)"", ""B(4,6,N)"", ""B(5,6,N)"", ""B(6,6,N)"", ""B(6,6,E)""]",[],[]
core,0.08,8,,,,0.25,85,,1,,1,62,0.016129032258064516,0,0,0,"[""N(0,0)"", ""B(0,0,S)"", ""N(1,0)"", ""B(1,0,S)"", ""B(2,0,S)"", ""B(4,0,S)"", ""E(4,0)"", ""N(5,0)"", ""B(5,0,S)"", ""B(6,0,S)"", ""B(6,0,E)"", ""B(0,1,W)"", ""N(1,1)"", ""N(3,1)"", ""E(3,1)"", ""N(4,1)"", ""B(6,1,E)"", ""N(0,2)"", ""E(0,2)"", ""B(0,2,W)"", ""E(3,2)"", ""N(5,2)"", ""E(5,2)"", ""B(6,2,E)"", ""B(0,3,W)"", ""E(1,3)"", ""N(2,3)"", ""E(2,3)"", ""E(3,3)"", ""E(4,3)"", ""B(6,3,E)"", ""N(0,4)"", ""E(0,4)"", ""B(0,4,W)"", ""N(1,4)"", ""E(1,4)"", ""N(3,4)"", ""E(3,4)"", ""E(4,4)"", ""E(5,4)"", ""B(6,4,E)"", ""B(0,5,W)"", ""N(1,5)"", ""E(2,5)"", ""E(4,5)"", ""N(5,5)"", ""E(5,5)"", ""N(6,5)"", ""B(6,5,E)"", ""B(0,6,N)"", ""B(0,6,W)"", ""B(1,6,N)"", ""E(1,6)"", ""B(2,6,N)"", ""E(2,6)"", ""B(3,6,N)"", ""E(3,6)"", ""B(4,6,N)"", ""B(5,6,N)"", ""B(6,6,N)"", ""B(6,6,E)""]",[],[]
core,0.08,8,,,,0.4,,,1,,6,62,0.0967741935483871,0,0,0,"[""N(0,0)"", ""B(0,0,S)"", ""N(1,0)"", ""B(1,0,S)"", ""E(4,0)"", ""N(5,0)"", ""B(5,0,S)"", ""B(6,0,S)"", ""B(6,0,E)"", ""B(0,1,W)"", ""N(4,1)"", ""B(6,1,E)"", ""N(0,2)"", ""E(0,2)"", ""B(0,2,W)"", ""E(3,2)"", ""N(5,2)"", ""E(5,2)"", ""B(6,2,E)"", ""B(0,3,W)"", ""E(1,3)"", ""N(2,3)"", ""E(2,3)"", ""E(3,3)"", ""E(4,3)"", ""B(6,3,E)"", ""N(0,4)"", ""E(0,4)"", ""B(0,4,W)"", ""N(1,4)"", ""E(1,4)"", ""N(3,4)"", ""E(3,4)"", ""E(4,4)"", ""E(5,4)"", ""B(6,4,E)"", ""B(0,5,W)"", ""N(1,5)"", ""E(2,5)"", ""E(4,5)"", ""N(5,5)"", ""E(5,5)"", ""N(6,5)"", ""B(6,5,E)"", ""B(0,6,N)"", ""B(0,6,W)"", ""B(1,6,N)"", ""E(1,6)"", ""B(2,6,N)"", ""E(2,6)"", ""B(3,6,N)"", ""E(3,6)"", ""B(4,6,N)"", ""B(5,6,N)"", ""B(6,6,N)"", ""B(6,6,E)""]",[],[]
core,0.08,8,,,,0.4,10,,1,,5,62,0.08064516129032258,0,0,0,"[""N(0,0)"", ""B(0,0,S)"", ""N(1,0)"", ""B(1,0,S)"", ""E(4,0)"", ""N(5,0)"", ""B(5,0,S)"", ""B(6,0,S)"", ""B(6,0,E)"", ""B(0,1,W)"", ""E(3,1)"", ""N(4,1)"", ""B(6,1,E)"", ""N(0,2)"", ""E(0,2)"", ""B(0,2,W)"", ""E(3,2)"", ""N(5,2)"", ""E(5,2)"", ""B(6,2,E)"", ""B(0,3,W)"", ""E(1,3)"", ""N(2,3)"", ""E(2,3)"", ""E(3,3)"", ""E(4,3)"", ""B(6,3,E)"", ""N(0,4)"", ""E(0,4)"", ""B(0,4,W)"", ""N(1,4)"", ""E(1,4)"", ""N(3,4)"", ""E(3,4)"", ""E(4,4)"", ""E(5,4)"", ""B(6,4,E)"", ""B(0,5,W)"", ""N(1,5)"", ""E(2,5)"", ""E(4,5)"", ""N(5,5)"", ""E(5,5)"", ""N(6,5)"", ""B(6,5,E)"", ""B(0,6,N)"", ""B(0,6,W)"", ""B(1,6,N)"", ""E(1,6)"", ""B(2,6,N)"", ""E(2,6)"", ""B(3,6,N)"", ""E(3,6)"", ""B(4,6,N)"", ""B(5,6,N)"", ""B(6,6,N)"", ""B(6,6,E)""]",[],[]
core,0.08,8,,,,0.4,20,,1,,5,62,0.08064516129032258,0,0,0,"[""N(0,0)"", ""B(0,0,S)"", ""N(1,0)"", ""B(1,0,S)"", ""E(4,0)"", ""N(5,0)"", ""B(5,0,S)"", ""B(6,0,S)"", ""B(6,0,E)"", ""B(0,1,W)"", ""E(3,1)"", ""N(4,1)"", ""B(6,1,E)"", ""N(0,2)"", ""E(0,2)"", ""B(0,2,W)"", ""E(3,2)"", ""N(5,2)"", ""E(5,2)"", ""B(6,2,E)"", ""B(0,3,W)"", ""E(1,3)"", ""N(2,3)"", ""E(2,3)"", ""E(3,3)"", ""E(4,3)"", ""B(6,3,E)"", ""N(0,4)"", ""E(0,4)"", ""B(0,4,W)"", ""N(1,4)"", ""E(1,4)"", ""N(3,4)"", ""E(3,4)"", ""E(4,4)"", ""E(5,4)"", ""B(6,4,E)"", ""B(0,5,W)"", ""N(1,5)"", ""E(2,5)"", ""E(4,5)"", ""N(5,5)"", ""E(5,5)"", ""N(6,5)"", ""B(6,5,E)"", ""B(0,6,N)"", ""B(0,6,W)"", ""B(1,6,N)"", ""E(1,6)"", ""B(2,6,N)"", ""E(2,6)"", ""B(3,6,N)"", ""E(3,6)"", ""B(4,6,N)"", ""B(5,6,N)"", ""B(6,6,N)"", ""B(6,6,E)""]",[],[]
core,0.08,8,,,,0.4,35,,1,,5,62,0.08064516129032258,0,0,0,"[""N(0,0)"", ""B(0,0,S)"", ""N(1,0)"", ""B(1,0,S)"", ""E(4,0)"", ""N(5,0)"", ""B(5,0,S)"", ""B(6,0,S)"", ""B(6,0,E)"", ""B(0,1,W)"", ""E(3,1)"", ""N(4,1)"", ""B(6,1,E)"", ""N(0,2)"", ""E(0,2)"", ""B(0,2,W)"", ""E(3,2)"", ""N(5,2)"", ""E(5,2)"", ""B(6,2,E)"", ""B(0,3,W)"", ""E(1,3)"", ""N(2,3)"", ""E(2,3)"", ""E(3,3)"", ""E(4,3)"", ""B(6,3,E)"", ""N(0,4)"", ""E(0,4)"", ""B(0,4,W)"", ""N(1,4)"", ""E(1,4)"", ""N(3,4)"", ""E(3,4)"", ""E(4,4)"", ""E(5,4)"", ""B(6,4,E)"", ""B(0,5,W)"", ""N(1,5)"", ""E(2,5)"", ""E(4,5)"", ""N(5,5)"", ""E(5,5)"", ""N(6,5)"", ""B(6,5,E)"", ""B(0,6,N)"", ""B(0,6,W)"", ""B(1,6,N)"", ""E(1,6)"", ""B(2,6,N)"", ""E(2,6)"", ""B(3,6,N)"", ""E(3,6)"", ""B(4,6,N)"", ""B(5,6,N)"", ""B(6,6,N)"", ""B(6,6,E)""]",[],[]
core,0.08,8,,,,0.4,60,,1,,5,62,0.08064516129032258,0,0,0,"[""N(0,0)"", ""B(0,0,S)"", ""N(1,0)"", ""B(1,0,S)"", ""E(4,0)"", ""N(5,0)"", ""B(5,0,S)"", ""B(6,0,S)"", ""B(6,0,E)"", ""B(0,1,W)"", ""E(3,1)"", ""N(4,1)"", ""B(6,1,E)"", ""N(0,2)"", ""E(0,2)"", ""B(0,2,W)"", ""E(3,2)"", ""N(5,2)"", ""E(5,2)"", ""B(6,2,E)"", ""B(0,3,W)"", ""E(1,3)"", ""N(2,3)"", ""E(2,3)"", ""E(3,3)"", ""E(4,3)"", ""B(6,3,E)"", ""N(0,4)"", ""E(0,4)"", ""B(0,4,W)"", ""N(1,4)"", ""E(1,4)"", ""N(3,4)"", ""E(3,4)"", ""E(4,4)"", ""E(5,4)"", ""B(6,4,E)"", ""B(0,5,W)"", ""N(1,5)"", ""E(2,5)"", ""E(4,5)"", ""N(5,5)"", ""E(5,5)"", ""N(6,5)"", ""B(6,5,E)"", ""B(0,6,N)"", ""B(0,6,W)"", ""B(1,6,N)"", ""E(1,6)"", ""B(2,6,N)"", ""E(2,6)"", ""B(3,6,N)"", ""E(3,6)"", ""B(4,6,N)"", ""B(5,6,N)"", ""B(6,6,N)"", ""B(6,6,E)""]",[],[]
core,0.08,8,,,,0.4,85,,1,,5,62,0.08064516129032258,0,0,0,"[""N(0,0)"", ""B(0,0,S)"", ""N(1,0)"", ""B(1,0,S)"", ""E(4,0)"", ""N(5,0)"", ""B(5,0,S)"", ""B(6,0,S)"", ""B(6,0,E)"", ""B(0,1,W)"", ""E(3,1)"", ""N(4,1)"", ""B(6,1,E)"", ""N(0,2)"", ""E(0,2)"", ""B(0,2,W)"", ""E(3,2)"", ""N(5,2)"", ""E(5,2)"", ""B(6,2,E)"", ""B(0,3,W)"", ""E(1,3)"", ""N(2,3)"", ""E(2,3)"", ""E(3,3)"", ""E(4,3)"", ""B(6,3,E)"", ""N(0,4)"", ""E(0,4)"", ""B(0,4,W)"", ""N(1,4)"", ""E(1,4)"", ""N(3,4)"", ""E(3,4)"", ""E(4,4)"", ""E(5,4)"", ""B(6,4,E)"", ""B(0,5,W)"", ""N(1,5)"", ""E(2,5)"", ""E(4,5)"", ""N(5,5)"", ""E(5,5)"", ""N(6,5)"", ""B(6,5,E)"", ""B(0,6,N)"", ""B(0,6,W)"", ""B(1,6,N)"", ""E(1,6)"", ""B(2,6,N)"", ""E(2,6)"", ""B(3,6,N)"", ""E(3,6)"", ""B(4,6,N)"", ""B(5,6,N)"", ""B(6,6,N)"", ""B(6,6,E)""]",[],[]
core,0.08,8,,,,0.6,,,1,,8,62,0.12903225806451613,0,0,0,"[""N(0,0)"", ""B(0,0,S)"", ""N(1,0)"", ""N(5,0)"", ""B(5,0,S)"", ""B(6,0,S)"", ""B(6,0,E)"", ""B(0,1,W)"", ""N(4,1)"", ""B(6,1,E)"", ""N(0,2)"", ""E(0,2)"", ""B(0,2,W)"", ""E(3,2)"", ""N(5,2)"", ""E(5,2)"", ""B(6,2,E)"", ""B(0,3,W)"", ""E(1,3)"", ""N(2,3)"", ""E(2,3)"", ""E(3,3)"", ""E(4,3)"", ""B(6,3,E)"", ""N(0,4)"", ""E(0,4)"", ""B(0,4,W)"", ""N(1,4)"", ""E(1,4)"", ""N(3,4)"", ""E(3,4)"", ""E(4,4)"", ""E(5,4)"", ""B(6,4,E)"", ""B(0,5,W)"", ""N(1,5)"", ""E(2,5)"", ""E(4,5)"", ""N(5,5)"", ""E(5,5)"", ""N(6,5)"", ""B(6,5,E)"", ""B(0,6,N)"", ""B(0,6,W)"", ""B(1,6,N)"", ""E(1,6)"", ""B(2,6,N)"", ""E(2,6)"", ""B(3,6,N)"", ""E(3,6)"", ""B(4,6,N)"", ""B(5,6,N)"", ""B(6,6,N)"", ""B(6,6,E)""]",[],[]
core,0.08,8,,,,0.6,10,,1,,6,62,0.0967741935483871,0,0,0,"[""N(0,0)"", ""B(0,0,S)"", ""N(1,0)"", ""E(4,0)"", ""N(5,0)"", ""B(5,0,S)"", ""B(6,0,S)"", ""B(6,0,E)"", ""B(0,1,W)"", ""E(3,1)"", ""N(4,1)"", ""B(6,1,E)"", ""N(0,2)"", ""E(0,2)"", ""B(0,2,W)"", ""E(3,2)"", ""N(5,2)"", ""E(5,2)"", ""B(6,2,E)"", ""B(0,3,W)"", ""E(1,3)"", ""N(2,3)"", ""E(2,3)"", ""E(3,3)"", ""E(4,3)"", ""B(6,3,E)"", ""N(0,4)"", ""E(0,4)"", ""B(0,4,W)"", ""N(1,4)"", ""E(1,4)"", ""N(3,4)"", ""E(3,4)"", ""E(4,4)"", ""E(5,4)"", ""B(6,4,E)"", ""B(0,5,W)"", ""N(1,5)"", ""E(2,5)"", ""E(4,5)"", ""N(5,5)"", ""E(5,5)"", ""N(6,5)"", ""B(6,5,E)"", ""B(0,6,N)"", ""B(0,6,W)"", ""B(1,6,N)"", ""E(1,6)"", ""B(2,6,N)"", ""E(2,6)"", ""B(3,6,N)"", ""E(3,6)"", ""B(4,6,N)"", ""B(5,6,N)"", ""B(6,6,N)"", ""B(6,6,E)""]",[],[]
core,0.08,8,,,,0.6,20,,1,,6,62,0.0967741935483871,0,0,0,"[""N(0,0)"", ""B(0,0,S)"", ""N(1,0)"", ""E(4,0)"", ""N(5,0)"", ""B(5,0,S)"", ""B(6,0,S)"", ""B(6,0,E)"", ""B(0,1,W)"", ""E(3,1)"", ""N(4,1)"", ""B(6,1,E)"", ""N(0,2)"", ""E(0,2)"", ""B(0,2,W)"", ""E(3,2)"", ""N(5,2)"", ""E(5,2)"", ""B(6,2,E)"", ""B(0,3,W)"", ""E(1,3)"", ""N(2,3)"", ""E(2,3)"", ""E(3,3)"", ""E(4,3)"", ""B(6,3,E)"", ""N(0,4)"", ""E(0,4)"", ""B(0,4,W)"", ""N(1,4)"", ""E(1,4)"", ""N(3,4)"", ""E(3,4)"", ""E(4,4)"", ""E(5,4)"", ""B(6,4,E)"", ""B(0,5,W)"", ""N(1,5)"", ""E(2,5)"", ""E(4,5)"", ""N(5,5)"", ""E(5,5)"", ""N(6,5)"", ""B(6,5,E)"", ""B(0,6,N)"", ""B(0,6,W)"", ""B(1,6,N)"", ""E(1,6)"", ""B(2,6,N)"", ""E(2,6)"", ""B(3,6,N)"", ""E(3,6)"", ""B(4,6,N)"", ""B(5,6,N)"", ""B(6,6,N)"", ""B(6,6,E)""]",[],[]
core,0.08,8,,,,0.6,35,,1,,6,62,0.0967741935483871,0,0,0,"[""N(0,0)"", ""B(0,0,S)"", ""N(1,0)"", ""E(4,0)"", ""N(5,0)"", ""B(5,0,S)"", ""B(6,0,S)"", ""B(6,0,E)"", ""B(0,1,W)"", ""E(3,1)"", ""N(4,1)"", ""B(6,1,E)"", ""N(0,2)"", ""E(0,2)"", ""B(0,2,W)"", ""E(3,2)"", ""N(5,2)"", ""E(5,2)"", ""B(6,2,E)"", ""B(0,3,W)"", ""E(1,3)"", ""N(2,3)"", ""E(2,3)"", ""E(3,3)"", ""E(4,3)"", ""B(6,3,E)"", ""N(0,4)"", ""E(0,4)"", ""B(0,4,W)"", ""N(1,4)"", ""E(1,4)"", ""N(3,4)"", ""E(3,4)"", ""E(4,4)"", ""E(5,4)"", ""B(6,4,E)"", ""B(0,5,W)"", ""N(1,5)"", ""E(2,5)"", ""E(4,5)"", ""N(5,5)"", ""E(5,5)"", ""N(6,5)"", ""B(6,5,E)"", ""B(0,6,N)"", ""B(0,6,W)"", ""B(1,6,N)"", ""E(1,6)"", ""B(2,6,N)"", ""E(2,6)"", ""B(3,6,N)"", ""E(3,6)"", ""B(4,6,N)"", ""B(5,6,N)"", ""B(6,6,N)"", ""B(6,6,E)""]",[],[]
core,0.08,8,,,,0.6,60,,1,,6,62,0.0967741935483871,0,0,0,"[""N(0,0)"", ""B(0,0,S)"", ""N(1,0)"", ""E(4,0)"", ""N(5,0)"", ""B(5,0,S)"", ""B(6,0,S)"", ""B(6,0,E)"", ""B(0,1,W)"", ""E(3,1)"", ""N(4,1)"", ""B(6,1,E)"", ""N(0,2)"", ""E(0,2)"", ""B(0,2,W)"", ""E(3,2)"", ""N(5,2)"", ""E(5,2)"", ""B(6,2,E)"", ""B(0,3,W)"", ""E(1,3)"", ""N(2,3)"", ""E(2,3)"", ""E(3,3)"", ""E(4,3)"", ""B(6,3,E)"", ""N(0,4)"", ""E(0,4)"", ""B(0,4,W)"", ""N(1,4)"", ""E(1,4)"", ""N(3,4)"", ""E(3,4)"", ""E(4,4)"", ""E(5,4)"", ""B(6,4,E)"", ""B(0,5,W)"", ""N(1,5)"", ""E(2,5)"", ""E(4,5)"", ""N(5,5)"", ""E(5,5)"", ""N(6,5)"", ""B(6,5,E)"", ""B(0,6,N)"", ""B(0,6,W)"", ""B(1,6,N)"", ""E(1,6)"", ""B(2,6,N)"", ""E(2,6)"", ""B(3,6,N)"", ""E(3,6)"", ""B(4,6,N)"", ""B(5,6,N)"", ""B(6,6,N)"", ""B(6,6,E)""]",[],[]
core,0.08,8,,,,0.6,85,,1,,6,62,0.0967741935483871,0,0,0,"[""N(0,0)"", ""B(0,0,S)"", ""N(1,0)"", ""E(4,0)"", ""N(5,0)"", ""B(5,0,S)"", ""B(6,0,S)"", ""B(6,0,E)"", ""B(0,1,W)"", ""E(3,1)"", ""N(4,1)"", ""B(6,1,E)"", ""N(0,2)"", ""E(0,2)"", ""B(0,2,W)"", ""E(3,2)"", ""N(5,2)"", ""E(5,2)"", ""B(6,2,E)"", ""B(0,3,W)"", ""E(1,3)"", ""N(2,3)"", ""E(2,3)"", ""E(3,3)"", ""E(4,3)"", ""B(6,3,E)"", ""N(0,4)"", ""E(0,4)"", ""B(0,4,W)"", ""N(1,4)"", ""E(1,4)"", ""N(3,4)"", ""E(3,4)"", ""E(4,4)"", ""E(5,4)"", ""B(6,4,E)"", ""B(0,5,W)"", ""N(1,5)"", ""E(2,5)"", ""E(4,5)"", ""N(5,5)"", ""E(5,5)"", ""N(6,5)"", ""B(6,5,E)"", ""B(0,6,N)"", ""B(0,6,W)"", ""B(1,6,N)"", ""E(1,6)"", ""B(2,6,N)"", ""E(2,6)"", ""B(3,6,N)"", ""E(3,6)"", ""B(4,6,N)"", ""B(5,6,N)"", ""B(6,6,N)"", ""B(6,6,E)""]",[],[]
core,0.08,8,,,,1.2,,,1,,9,62,0.14516129032258066,0,0,0,"[""N(0,0)"", ""B(0,0,S)"", ""N(1,0)"", ""N(5,0)"", ""B(5,0,S)"", ""B(6,0,S)"", ""B(6,0,E)"", ""B(0,1,W)"", ""N(4,1)"", ""B(6,1,E)"", ""N(0,2)"", ""E(0,2)"", ""B(0,2,W)"", ""E(3,2)"", ""N(5,2)"", ""E(5,2)"", ""B(6,2,E)"", ""B(0,3,W)"", ""N(2,3)"", ""E(2,3)"", ""E(3,3)"", ""E(4,3)"", ""B(6,3,E)"", ""N(0,4)"", ""E(0,4)"", ""B(0,4,W)"", ""N(1,4)"", ""E(1,4)"", ""N(3,4)"", ""E(3,4)"", ""E(4,4)"", ""E(5,4)"", ""B(6,4,E)"", ""B(0,5,W)"", ""N(1,5)"", ""E(2,5)"", ""E(4,5)"", ""N(5,5)"", ""E(5,5)"", ""N(6,5)"", ""B(6,5,E)"", ""B(0,6,N)"", ""B(0,6,W)"", ""B(1,6,N)"", ""E(1,6)"", ""B(2,6,N)"", ""E(2,6)"", ""B(3,6,N)"", ""E(3,6)"", ""B(4,6,N)"", ""B(5,6,N)"", ""B(6,6,N)"", ""B(6,6,E)""]",[],[]
core,0.08,8,,,,1.2,10,,1,,6,62,0.0967741935483871,0,0,0,"[""N(0,0)"", ""B(0,0,S)"", ""N(1,0)"", ""E(4,0)"", ""N(5,0)"", ""B(5,0,S)"", ""B(6,0,S)"", ""B(6,0,E)"", ""B(0,1,W)"", ""E(3,1)"", ""N(4,1)"", ""B(6,1,E)"", ""N(0,2)"", ""E(0,2)"", ""B(0,2,W)"", ""E(3,2)"", ""N(5,2)"", ""E(5,2)"", ""B(6,2,E)"", ""B(0,3,W)"", ""E(1,3)"", ""N(2,3)"", ""E(2,3)"", ""E(3,3)"", ""E(4,3)"", ""B(6,3,E)"", ""N(0,4)"", ""E(0,4)"", ""B(0,4,W)"", ""N(1,4)"", ""E(1,4)"", ""N(3,4)"", ""E(3,4)"", ""E(4,4)"", ""E(5,4)"", ""B(6,4,E)"", ""B(0,5,W)"", ""N(1,5)"", ""E(2,5)"", ""E(4,5)"", ""N(5,5)"", ""E(5,5)"", ""N(6,5)"", ""B(6,5,E)"", ""B(0,6,N)"", ""B(0,6,W)"", ""B(1,6,N)"", ""E(1,6)"", ""B(2,6,N)"", ""E(2,6)"", ""B(3,6,N)"", ""E(3,6)"", ""B(4,6,N)"", ""B(5,6,N)"", ""B(6,6,N)"", ""B(6,6,E)""]",[],[]
core,0.08,8,,,,1.2,20,,1,,6,62,0.0967741935483871,0,0,0,"[""N(0,0)"", ""B(0,0,S)"", ""N(1,0)"", ""E(4,0)"", ""N(5,0)"", ""B(5,0,S)"", ""B(6,0,S)"", ""B(6,0,E)"", ""B(0,1,W)"", ""E(3,1)"", ""N(4,1)"", ""B(6,1,E)"", ""N(0,2)"", ""E(0,2)"", ""B(0,2,W)"", ""E(3,2)"", ""N(5,2)"", ""E(5,2)"", ""B(6,2,E)"", ""B(0,3,W)"", ""E(1,3)"", ""N(2,3)"", ""E(2,3)"", ""E(3,3)"", ""E(4,3)"", ""B(6,3,E)"", ""N(0,4)"", ""E(0,4)"", ""B(0,4,W)"", ""N(1,4)"", ""E(1,4)"", ""N(3,4)"", ""E(3,4)"", ""E(4,4)"", ""E(5,4)"", ""B(6,4,E)"", ""B(0,5,W)"", ""N(1,5)"", ""E(2,5)"", ""E(4,5)"", ""N(5,5)"", ""E(5,5)"", ""N(6,5)"", ""B(6,5,E)"", ""B(0,6,N)"", ""B(0,6,W)"", ""B(1,6,N)"", ""E(1,6)"", ""B(2,6,N)"", ""E(2,6)"", ""B(3,6,N)"", ""E(3,6)"", ""B(4,6,N)"", ""B(5,6,N)"", ""B(6,6,N)"", ""B(6,6,E)""]",[],[]
core,0.08,8,,,,1.2,35,,1,,6,62,0.0967741935483871,0,0,0,"[""N(0,0)"", ""B(0,0,S)"", ""N(1,0)"", ""E(4,0)"", ""N(5,0)"", ""B(5,0,S)"", ""B(6,0,S)"", ""B(6,0,E)"", ""B(0,1,W)"", ""E(3,1)"", ""N(4,1)"", ""B(6,1,E)"", ""N(0,2)"", ""E(0,2)"", ""B(0,2,W)"", ""E(3,2)"", ""N(5,2)"", ""E(5,2)"", ""B(6,2,E)"", ""B(0,3,W)"", ""E(1,3)"", ""N(2,3)"", ""E(2,3)"", ""E(3,3)"", ""E(4,3)"", ""B(6,3,E)"", ""N(0,4)"", ""E(0,4)"", ""B(0,4,W)"", ""N(1,4)"", ""E(1,4)"", ""N(3,4)"", ""E(3,4)"", ""E(4,4)"", ""E(5,4)"", ""B(6,4,E)"", ""B(0,5,W)"", ""N(1,5)"", ""E(2,5)"", ""E(4,5)"", ""N(5,5)"", ""E(5,5)"", ""N(6,5)"", ""B(6,5,E)"", ""B(0,6,N)"", ""B(0,6,W)"", ""B(1,6,N)"", ""E(1,6)"", ""B(2,6,N)"", ""E(2,6)"", ""B(3,6,N)"", ""E(3,6)"", ""B(4,6,N)"", ""B(5,6,N)"", ""B(6,6,N)"", ""B(6,6,E)""]",[],[]
core,0.08,8,,,,1.2,60,,1,,6,62,0.0967741935483871,0,0,0,"[""N(0,0)"", ""B(0,0,S)"", ""N(1,0)"", ""E(4,0)"", ""N(5,0)"", ""B(5,0,S)"", ""B(6,0,S)"", ""B(6,0,E)"", ""B(0,1,W)"", ""E(3,1)"", ""N(4,1)"", ""B(6,1,E)"", ""N(0,2)"", ""E(0,2)"", ""B(0,2,W)"", ""E(3,2)"", ""N(5,2)"", ""E(5,2)"", ""B(6,2,E)"", ""B(0,3,W)"", ""E(1,3)"", ""N(2,3)"", ""E(2,3)"", ""E(3,3)"", ""E(4,3)"", ""B(6,3,E)"", ""N(0,4)"", ""E(0,4)"", ""B(0,4,W)"", ""N(1,4)"", ""E(1,4)"", ""N(3,4)"", ""E(3,4)"", ""E(4,4)"", ""E(5,4)"", ""B(6,4,E)"", ""B(0,5,W)"", ""N(1,5)"", ""E(2,5)"", ""E(4,5)"", ""N(5,5)"", ""E(5,5)"", ""N(6,5)"", ""B(6,5,E)"", ""B(0,6,N)"", ""B(0,6,W)"", ""B(1,6,N)"", ""E(1,6)"", ""B(2,6,N)"", ""E(2,6)"", ""B(3,6,N)"", ""E(3,6)"", ""B(4,6,N)"", ""B(5,6,N)"", ""B(6,6,N)"", ""B(6,6,E)""]",[],[]
core,0.08,8,,,,1.2,85,,1,,6,62,0.0967741935483871,0,0,0,"[""N(0,0)"", ""B(0,0,S)"", ""N(1,0)"", ""E(4,0)"", ""N(5,0)"", ""B(5,0,S)"", ""B(6,0,S)"", ""B(6,0,E)"", ""B(0,1,W)"", ""E(3,1)"", ""N(4,1)"", ""B(6,1,E)"", ""N(0,2)"", ""E(0,2)"", ""B(0,2,W)"", ""E(3,2)"", ""N(5,2)"", ""E(5,2)"", ""B(6,2,E)"", ""B(0,3,W)"", ""E(1,3)"", ""N(2,3)"", ""E(2,3)"", ""E(3,3)"", ""E(4,3)"", ""B(6,3,E)"", ""N(0,4)"", ""E(0,4)"", ""B(0,4,W)"", ""N(1,4)"", ""E(1,4)"", ""N(3,4)"", ""E(3,4)"", ""E(4,4)"", ""E(5,4)"", ""B(6,4,E)"", ""B(0,5,W)"", ""N(1,5)"", ""E(2,5)"", ""E(4,5)"", ""N(5,5)"", ""E(5,5)"", ""N(6,5)"", ""B(6,5,E)"", ""B(0,6,N)"", ""B(0,6,W)"", ""B(1,6,N)"", ""E(1,6)"", ""B(2,6,N)"", ""E(2,6)"", ""B(3,6,N)"", ""E(3,6)"", ""B(4,6,N)"", ""B(5,6,N)"", ""B(6,6,N)"", ""B(6,6,E)""]",[],[]
core,0.08,8,,,,2.0,,,1,,10,62,0.16129032258064516,0,0,0,"[""N(0,0)"", ""B(0,0,S)"", ""N(1,0)"", ""N(5,0)"", ""B(5,0,S)"", ""B(6,0,S)"", ""B(6,0,E)"", ""B(0,1,W)"", ""N(4,1)"", ""B(6,1,E)"", ""N(0,2)"", ""E(0,2)"", ""B(0,2,W)"", ""E(3,2)"", ""N(5,2)"", ""E(5,2)"", ""B(6,2,E)"", ""B(0,3,W)"", ""N(2,3)"", ""E(2,3)"", ""E(3,3)"", ""E(4,3)"", ""B(6,3,E)"", ""N(0,4)"", ""E(0,4)"", ""N(1,4)"", ""E(1,4)"", ""N(3,4)"", ""E(3,4)"", ""E(4,4)"", ""E(5,4)"", ""B(6,4,E)"", ""B(0,5,W)"", ""N(1,5)"", ""E(2,5)"", ""E(4,5)"", ""N(5,5)"", ""E(5,5)"", ""N(6,5)"", ""B(6,5,E)"", ""B(0,6,N)"", ""B(0,6,W)"", ""B(1,6,N)"", ""E(1,6)"", ""B(2,6,N)"", ""E(2,6)"", ""B(3,6,N)"", ""E(3,6)"", ""B(4,6,N)"", ""B(5,6,N)"", ""B(6,6,N)"", ""B(6,6,E)""]",[],[]
core,0.08,8,,,,2.0,10,,1,,6,62,0.0967741935483871,0,0,0,"[""N(0,0)"", ""B(0,0,S)"", ""N(1,0)"", ""E(4,0)"", ""N(5,0)"", ""B(5,0,S)"", ""B(6,0,S)"", ""B(6,0,E)"", ""B(0,1,W)"", ""E(3,1)"", ""N(4,1)"", ""B(6,1,E)"", ""N(0,2)"", ""E(0,2)"", ""B(0,2,W)"", ""E(3,2)"", ""N(5,2)"", ""E(5,2)"", ""B(6,2,E)"", ""B(0,3,W)"", ""E(1,3)"", ""N(2,3)"", ""E(2,3)"", ""E(3,3)"", ""E(4,3)"", ""B(6,3,E)"", ""N(0,4)"", ""E(0,4)"", ""B(0,4,W)"", ""N(1,4)"", ""E(1,4)"", ""N(3,4)"", ""E(3,4)"", ""E(4,4)"", ""E(5,4)"", ""B(6,4,E)"", ""B(0,5,W)"", ""N(1,5)"", ""E(2,5)"", ""E(4,5)"", ""N(5,5)"", ""E(5,5)"", ""N(6,5)"", ""B(6,5,E)"", ""B(0,6,N)"", ""B(0,6,W)"", ""B(1,6,N)"", ""E(1,6)"", ""B(2,6,N)"", ""E(2,6)"", ""B(3,6,N)"", ""E(3,6)"", ""B(4,6,N)"", ""B(5,6,N)"", ""B(6,6,N)"", ""B(6,6,E)""]",[],[]
core,0.08,8,,,,2.0,20,,1,,6,62,0.0967741935483871,0,0,0,"[""N(0,0)"", ""B(0,0,S)"", ""N(1,0)"", ""E(4,0)"", ""N(5,0)"", ""B(5,0,S)"", ""B(6,0,S)"", ""B(6,0,E)"", ""B(0,1,W)"", ""E(3,1)"", ""N(4,1)"", ""B(6,1,E)"", ""N(0,2)"", ""E(0,2)"", ""B(0,2,W)"", ""E(3,2)"", ""N(5,2)"", ""E(5,2)"", ""B(6,2,E)"", ""B(0,3,W)"", ""E(1,3)"", ""N(2,3)"", ""E(2,3)"", ""E(3,3)"", ""E(4,3)"", ""B(6,3,E)"", ""N(0,4)"", ""E(0,4)"", ""B(0,4,W)"", ""N(1,4)"", ""E(1,4)"", ""N(3,4)"", ""E(3,4)"", ""E(4,4)"", ""E(5,4)"", ""B(6,4,E)"", ""B(0,5,W)"", ""N(1,5)"", ""E(2,5)"", ""E(4,5)"", ""N(5,5)"", ""E(5,5)"", ""N(6,5)"", ""B(6,5,E)"", ""B(0,6,N)"", ""B(0,6,W)"", ""B(1,6,N)"", ""E(1,6)"", ""B(2,6,N)"", ""E(2,6)"", ""B(3,6,N)"", ""E(3,6)"", ""B(4,6,N)"", ""B(5,6,N)"", ""B(6,6,N)"", ""B(6,6,E)""]",[],[]
core,0.08,8,,,,2.0,35,,1,,6,62,0.0967741935483871,0,0,0,"[""N(0,0)"", ""B(0,0,S)"", ""N(1,0)"", ""E(4,0)"", ""N(5,0)"", ""B(5,0,S)"", ""B(6,0,S)"", ""B(6,0,E)"", ""B(0,1,W)"", ""E(3,1)"", ""N(4,1)"", ""B(6,1,E)"", ""N(0,2)"", ""E(0,2)"", ""B(0,2,W)"", ""E(3,2)"", ""N(5,2)"", ""E(5,2)"", ""B(6,2,E)"", ""B(0,3,W)"", ""E(1,3)"", ""N(2,3)"", ""E(2,3)"", ""E(3,3)"", ""E(4,3)"", ""B(6,3,E)"", ""N(0,4)"", ""E(0,4)"", ""B(0,4,W)"", ""N(1,4)"", ""E(1,4)"", ""N(3,4)"", ""E(3,4)"", ""E(4,4)"", ""E(5,4)"", ""B(6,4,E)"", ""B(0,5,W)"", ""N(1,5)"", ""E(2,5)"", ""E(4,5)"", ""N(5,5)"", ""E(5,5)"", ""N(6,5)"", ""B(6,5,E)"", ""B(0,6,N)"", ""B(0,6,W)"", ""B(1,6,N)"", ""E(1,6)"", ""B(2,6,N)"", ""E(2,6)"", ""B(3,6,N)"", ""E(3,6)"", ""B(4,6,N)"", ""B(5,6,N)"", ""B(6,6,N)"", ""B(6,6,E)""]",[],[]
core,0.08,8,,,,2.0,60,,1,,6,62,0.0967741935483871,0,0,0,"[""N(0,0)"", ""B(0,0,S)"", ""N(1,0)"", ""E(4,0)"", ""N(5,0)"", ""B(5,0,S)"", ""B(6,0,S)"", ""B(6,0,E)"", ""B(0,1,W)"", ""E(3,1)"", ""N(4,1)"", ""B(6,1,E)"", ""N(0,2)"", ""E(0,2)"", ""B(0,2,W)"", ""E(3,2)"", ""N(5,2)"", ""E(5,2)"", ""B(6,2,E)"", ""B(0,3,W)"", ""E(1,3)"", ""N(2,3)"", ""E(2,3)"", ""E(3,3)"", ""E(4,3)"", ""B(6,3,E)"", ""N(0,4)"", ""E(0,4)"", ""B(0,4,W)"", ""N(1,4)"", ""E(1,4)"", ""N(3,4)"", ""E(3,4)"", ""E(4,4)"", ""E(5,4)"", ""B(6,4,E)"", ""B(0,5,W)"", ""N(1,5)"", ""E(2,5)"", ""E(4,5)"", ""N(5,5)"", ""E(5,5)"", ""N(6,5)"", ""B(6,5,E)"", ""B(0,6,N)"", ""B(0,6,W)"", ""B(1,6,N)"", ""E(1,6)"", ""B(2,6,N)"", ""E(2,6)"", ""B(3,6,N)"", ""E(3,6)"", ""B(4,6,N)"", ""B(5,6,N)"", ""B(6,6,N)"", ""B(6,6,E)""]",[],[]
core,0.08,8,,,,2.0,85,,1,,6,62,0.0967741935483871,0,0,0,"[""N(0,0)"", ""B(0,0,S)"", ""N(1,0)"", ""E(4,0)"", ""N(5,0)"", ""B(5,0,S)"", ""B(6,0,S)"", ""B(6,0,E)"", ""B(0,1,W)"", ""E(3,1)"", ""N(4,1)"", ""B(6,1,E)"", ""N(0,2)"", ""E(0,2)"", ""B(0,2,W)"", ""E(3,2)"", ""N(5,2)"", ""E(5,2)"", ""B(6,2,E)"", ""B(0,3,W)"", ""E(1,3)"", ""N(2,3)"", ""E(2,3)"", ""E(3,3)"", ""E(4,3)"", ""B(6,3,E)"", ""N(0,4)"", ""E(0,4)"", ""B(0,4,W)"", ""N(1,4)"", ""E(1,4)"", ""N(3,4)"", ""E(3,4)"", ""E(4,4)"", ""E(5,4)"", ""B(6,4,E)"", ""B(0,5,W)"", ""N(1,5)"", ""E(2,5)"", ""E(4,5)"", ""N(5,5)"", ""E(5,5)"", ""N(6,5)"", ""B(6,5,E)"", ""B(0,6,N)"", ""B(0,6,W)"", ""B(1,6,N)"", ""E(1,6)"", ""B(2,6,N)"", ""E(2,6)"", ""B(3,6,N)"", ""E(3,6)"", ""B(4,6,N)"", ""B(5,6,N)"", ""B(6,6,N)"", ""B(6,6,E)""]",[],[]
core,0.08,8,,,,,,,1,,10,62,0.16129032258064516,0,0,0,"[""N(0,0)"", ""B(0,0,S)"", ""N(1,0)"", ""N(5,0)"", ""B(5,0,S)"", ""B(6,0,S)"", ""B(6,0,E)"", ""B(0,1,W)"", ""N(4,1)"", ""B(6,1,E)"", ""N(0,2)"", ""E(0,2)"", ""B(0,2,W)"", ""E(3,2)"", ""N(5,2)"", ""E(5,2)"", ""B(6,2,E)"", ""B(0,3,W)"", ""N(2,3)"", ""E(2,3)"", ""E(3,3)"", ""E(4,3)"", ""B(6,3,E)"", ""N(0,4)"", ""E(0,4)"", ""N(1,4)"", ""E(1,4)"", ""N(3,4)"", ""E(3,4)"", ""E(4,4)"", ""E(5,4)"", ""B(6,4,E)"", ""B(0,5,W)"", ""N(1,5)"", ""E(2,5)"", ""E(4,5)"", ""N(5,5)"", ""E(5,5)"", ""N(6,5)"", ""B(6,5,E)"", ""B(0,6,N)"", ""B(0,6,W)"", ""B(1,6,N)"", ""E(1,6)"", ""B(2,6,N)"", ""E(2,6)"", ""B(3,6,N)"", ""E(3,6)"", ""B(4,6,N)"", ""B(5,6,N)"", ""B(6,6,N)"", ""B(6,6,E)""]",[],[]
core,0.08,8,,,,,10,,1,,6,62,0.0967741935483871,0,0,0,"[""N(0,0)"", ""B(0,0,S)"", ""N(1,0)"", ""E(4,0)"", ""N(5,0)"", ""B(5,0,S)"", ""B(6,0,S)"", ""B(6,0,E)"", ""B(0,1,W)"", ""E(3,1)"", ""N(4,1)"", ""B(6,1,E)"", ""N(0,2)"", ""E(0,2)"", ""B(0,2,W)"", ""E(3,2)"", ""N(5,2)"", ""E(5,2)"", ""B(6,2,E)"", ""B(0,3,W)"", ""E(1,3)"", ""N(2,3)"", ""E(2,3)"", ""E(3,3)"", ""E(4,3)"", ""B(6,3,E)"", ""N(0,4)"", ""E(0,4)"", ""B(0,4,W)"", ""N(1,4)"", ""E(1,4)"", ""N(3,4)"", ""E(3,4)"", ""E(4,4)"", ""E(5,4)"", ""B(6,4,E)"", ""B(0,5,W)"", ""N(1,5)"", ""E(2,5)"", ""E(4,5)"", ""N(5,5)"", ""E(5,5)"", ""N(6,5)"", ""B(6,5,E)"", ""B(0,6,N)"", ""B(0,6,W)"", ""B(1,6,N)"", ""E(1,6)"", ""B(2,6,N)"", ""E(2,6)"", ""B(3,6,N)"", ""E(3,6)"", ""B(4,6,N)"", ""B(5,6,N)"", ""B(6,6,N)"", ""B(6,6,E)""]",[],[]
core,0.08,8,,,,,20,,1,,6,62,0.0967741935483871,0,0,0,"[""N(0,0)"", ""B(0,0,S)"", ""N(1,0)"", ""E(4,0)"", ""N(5,0)"", ""B(5,0,S)"", ""B(6,0,S)"", ""B(6,0,E)"", ""B(0,1,W)"", ""E(3,1)"", ""N(4,1)"", ""B(6,1,E)"", ""N(0,2)"", ""E(0,2)"", ""B(0,2,W)"", ""E(3,2)"", ""N(5,2)"", ""E(5,2)"", ""B(6,2,E)"", ""B(0,3,W)"", ""E(1,3)"", ""N(2,3)"", ""E(2,3)"", ""E(3,3)"", ""E(4,3)"", ""B(6,3,E)"", ""N(0,4)"", ""E(0,4)"", ""B(0,4,W)"", ""N(1,4)"", ""E(1,4)"", ""N(3,4)"", ""E(3,4)"", ""E(4,4)"", ""E(5,4)"", ""B(6,4,E)"", ""B(0,5,W)"", ""N(1,5)"", ""E(2,5)"", ""E(4,5)"", ""N(5,5)"", ""E(5,5)"", ""N(6,5)"", ""B(6,5,E)"", ""B(0,6,N)"", ""B(0,6,W)"", ""B(1,6,N)"", ""E(1,6)"", ""B(2,6,N)"", ""E(2,6)"", ""B(3,6,N)"", ""E(3,6)"", ""B(4,6,N)"", ""B(5,6,N)"", ""B(6,6,N)"", ""B(6,6,E)""]",[],[]
core,0.08,8,,,,,35,,1,,6,62,0.0967741935483871,0,0,0,"[""N(0,0)"", ""B(0,0,S)"", ""N(1,0)"", ""E(4,0)"", ""N(5,0)"", ""B(5,0,S)"", ""B(6,0,S)"", ""B(6,0,E)"", ""B(0,1,W)"", ""E(3,1)"", ""N(4,1)"", ""B(6,1,E)"", ""N(0,2)"", ""E(0,2)"", ""B(0,2,W)"", ""E(3,2)"", ""N(5,2)"", ""E(5,2)"", ""B(6,2,E)"", ""B(0,3,W)"", ""E(1,3)"", ""N(2,3)"", ""E(2,3)"", ""E(3,3)"", ""E(4,3)"", ""B(6,3,E)"", ""N(0,4)"", ""E(0,4)"", ""B(0,4,W)"", ""N(1,4)"", ""E(1,4)"", ""N(3,4)"", ""E(3,4)"", ""E(4,4)"", ""E(5,4)"", ""B(6,4,E)"", ""B(0,5,W)"", ""N(1,5)"", ""E(2,5)"", ""E(4,5)"", ""N(5,5)"", ""E(5,5)"", ""N(6,5)"", ""B(6,5,E)"", ""B(0,6,N)"", ""B(0,6,W)"", ""B(1,6,N)"", ""E(1,6)"", ""B(2,6,N)"", ""E(2,6)"", ""B(3,6,N)"", ""E(3,6)"", ""B(4,6,N)"", ""B(5,6,N)"", ""B(6,6,N)"", ""B(6,6,E)""]",[],[]
core,0.08,8,,,,,60,,1,,6,62,0.0967741935483871,0,0,0,"[""N(0,0)"", ""B(0,0,S)"", ""N(1,0)"", ""E(4,0)"", ""N(5,0)"", ""B(5,0,S)"", ""B(6,0,S)"", ""B(6,0,E)"", ""B(0,1,W)"", ""E(3,1)"", ""N(4,1)"", ""B(6,1,E)"", ""N(0,2)"", ""E(0,2)"", ""B(0,2,W)"", ""E(3,2)"", ""N(5,2)"", ""E(5,2)"", ""B(6,2,E)"", ""B(0,3,W)"", ""E(1,3)"", ""N(2,3)"", ""E(2,3)"", ""E(3,3)"", ""E(4,3)"", ""B(6,3,E)"", ""N(0,4)"", ""E(0,4)"", ""B(0,4,W)"", ""N(1,4)"", ""E(1,4)"", ""N(3,4)"", ""E(3,4)"", ""E(4,4)"", ""E(5,4)"", ""B(6,4,E)"", ""B(0,5,W)"", ""N(1,5)"", ""E(2,5)"", ""E(4,5)"", ""N(5,5)"", ""E(5,5)"", ""N(6,5)"", ""B(6,5,E)"", ""B(0,6,N)"", ""B(0,6,W)"", ""B(1,6,N)"", ""E(1,6)"", ""B(2,6,N)"", ""E(2,6)"", ""B(3,6,N)"", ""E(3,6)"", ""B(4,6,N)"", ""B(5,6,N)"", ""B(6,6,N)"", ""B(6,6,E)""]",[],[]
core,0.08,8,,,,,85,,1,,6,62,0.0967741935483871,0,0,0,"[""N(0,0)"", ""B(0,0,S)"", ""N(1,0)"", ""E(4,0)"", ""N(5,0)"", ""B(5,0,S)"", ""B(6,0,S)"", ""B(6,0,E)"", ""B(0,1,W)"", ""E(3,1)"", ""N(4,1)"", ""B(6,1,E)"", ""N(0,2)"", ""E(0,2)"", ""B(0,2,W)"", ""E(3,2)"", ""N(5,2)"", ""E(5,2)"", ""B(6,2,E)"", ""B(0,3,W)"", ""E(1,3)"", ""N(2,3)"", ""E(2,3)"", ""E(3,3)"", ""E(4,3)"", ""B(6,3,E)"", ""N(0,4)"", ""E(0,4)"", ""B(0,4,W)"", ""N(1,4)"", ""E(1,4)"", ""N(3,4)"", ""E(3,4)"", ""E(4,4)"", ""E(5,4)"", ""B(6,4,E)"", ""B(0,5,W)"", ""N(1,5)"", ""E(2,5)"", ""E(4,5)"", ""N(5,5)"", ""E(5,5)"", ""N(6,5)"", ""B(6,5,E)"", ""B(0,6,N)"", ""B(0,6,W)"", ""B(1,6,N)"", ""E(1,6)"", ""B(2,6,N)"", ""E(2,6)"", ""B(3,6,N)"", ""E(3,6)"", ""B(4,6,N)"", ""B(5,6,N)"", ""B(6,6,N)"", ""B(6,6,E)""]",[],[]
core,0.08,10,,,,0.25,,,1,,2,62,0.03225806451612903,0,0,0,"[""N(0,0)"", ""B(0,0,S)"", ""N(1,0)"", ""B(1,0,S)"", ""B(2,0,S)"", ""B(4,0,S)"", ""E(4,0)"", ""N(5,0)"", ""B(5,0,S)"", ""B(6,0,S)"", ""B(6,0,E)"", ""B(0,1,W)"", ""N(1,1)"", ""N(3,1)"", ""N(4,1)"", ""B(6,1,E)"", ""N(0,2)"", ""E(0,2)"", ""B(0,2,W)"", ""E(3,2)"", ""N(5,2)"", ""E(5,2)"", ""B(6,2,E)"", ""B(0,3,W)"", ""E(1,3)"", ""N(2,3)"", ""E(2,3)"", ""E(3,3)"", ""E(4,3)"", ""B(6,3,E)"", ""N(0,4)"", ""E(0,4)"", ""B(0,4,W)"", ""N(1,4)"", ""E(1,4)"", ""N(3,4)"", ""E(3,4)"", ""E(4,4)"", ""E(5,4)"", ""B(6,4,E)"", ""B(0,5,W)"", ""N(1,5)"", ""E(2,5)"", ""E(4,5)"", ""N(5,5)"", ""E(5,5)"", ""N(6,5)"", ""B(6,5,E)"", ""B(0,6,N)"", ""B(0,6,W)"", ""B(1,6,N)"", ""E(1,6)"", ""B(2,6,N)"", ""E(2,6)"", ""B(3,6,N)"", ""E(3,6)"", ""B(4,6,N)"", ""B(5,6,N)"", ""B(6,6,N)"", ""B(6,6,E)""]",[],[]
core,0.08,10,,,,0.25,10,,1,,1,62,0.016129032258064516,0,0,0,"[""N(0,0)"", ""B(0,0,S)"", ""N(1,0)"", ""B(1,0,S)"", ""B(2,0,S)"", ""B(4,0,S)"", ""E(4,0)"", ""N(5,0)"", ""B(5,0,S)"", ""B(6,0,S)"", ""B(6,0,E)"", ""B(0,1,W)"", ""N(1,1)"", ""N(3,1)"", ""E(3,1)"", ""N(4,1)"", ""B(6,1,E)"", ""N(0,2)"", ""E(0,2)"", ""B(0,2,W)"", ""E(3,2)"", ""N(5,2)"", ""E(5,2)"", ""B(6,2,E)"", ""B(0,3,W)"", ""E(1,3)"", ""N(2,3)"", ""E(2,3)"", ""E(3,3)"", ""E(4,3)"", ""B(6,3,E)"", ""N(0,4)"", ""E(0,4)"", ""B(0,4,W)"", ""N(1,4)"", ""E(1,4)"", ""N(3,4)"", ""E(3,4)"", ""E(4,4)"", ""E(5,4)"", ""B(6,4,E)"", ""B(0,5,W)"", ""N(1,5)"", ""E(2,5)"", ""E(4,5)"", ""N(5,5)"", ""E(5,5)"", ""N(6,5)"", ""B(6,5,E)"", ""B(0,6,N)"", ""B(0,6,W)"", ""B(1,6,N)"", ""E(1,6)"", ""B(2,6,N)"", ""E(2,6)"", ""B(3,6,N)"", ""E(3,6)"", ""B(4,6,N)"", ""B(5,6,N)"", ""B(6,6,N)"", ""B(6,6,E)""]",[],[]
core,0.08,10,,,,0.25,20,,1,,1,62,0.016129032258064516,0,0,0,"[""N(0,0)"", ""B(0,0,S)"", ""N(1,0)"", ""B(1,0,S)"", ""B(2,0,S)"", ""B(4,0,S)"", ""E(4,0)"", ""N(5,0)"", ""B(5,0,S)"", ""B(6,0,S)"", ""B(6,0,E)"", ""B(0,1,W)"", ""N(1,1)"", ""N(3,1)"", ""E(3,1)"", ""N(4,1)"", ""B(6,1,E)"", ""N(0,2)"", ""E(0,2)"", ""B(0,2,W)"", ""E(3,2)"", ""N(5,2)"", ""E(5,2)"", ""B(6,2,E)"", ""B(0,3,W)"", ""E(1,3)"", ""N(2,3)"", ""E(2,3)"", ""E(3,3)"", ""E(4,3)"", ""B(6,3,E)"", ""N(0,4)"", ""E(0,4)"", ""B(0,4,W)"", ""N(1,4)"", ""E(1,4)"", ""N(3,4)"", ""E(3,4)"", ""E(4,4)"", ""E(5,4)"", ""B(6,4,E)"", ""B(0,5,W)"", ""N(1,5)"", ""E(2,5)"", ""E(4,5)"", ""N(5,5)"", ""E(5,5)"", ""N(6,5)"", ""B(6,5,E)"", ""B(0,6,N)"", ""B(0,6,W)"", ""B(1,6,N)"", ""E(1,6)"", ""B(2,6,N)"", ""E(2,6)"", ""B(3,6,N)"", ""E(3,6)"", ""B(4,6,N)"", ""B(5,6,N)"", ""B(6,6,N)"", ""B(6,6,E)""]",[],[]
core,0.08,10,,,,0.25,35,,1,,1,62,0.016129032258064516,0,0,0,"[""N(0,0)"", ""B(0,0,S)"", ""N(1,0)"", ""B(1,0,S)"", ""B(2,0,S)"", ""B(4,0,S)"", ""E(4,0)"", ""N(5,0)"", ""B(5,0,S)"", ""B(6,0,S)"", ""B(6,0,E)"", ""B(0,1,W)"", ""N(1,1)"", ""N(3,1)"", ""E(3,1)"", ""N(4,1)"", ""B(6,1,E)"", ""N(0,2)"", ""E(0,2)"", ""B(0,2,W)"", ""E(3,2)"", ""N(5,2)"", ""E(5,2)"", ""B(6,2,E)"", ""B(0,3,W)"", ""E(1,3)"", ""N(2,3)"", ""E(2,3)"", ""E(3,3)"", ""E(4,3)"", ""B(6,3,E)"", ""N(0,4)"", ""E(0,4)"", ""B(0,4,W)"", ""N(1,4)"", ""E(1,4)"", ""N(3,4)"", ""E(3,4)"", ""E(4,4)"", ""E(5,4)"", ""B(6,4,E)"", ""B(0,5,W)"", ""N(1,5)"", ""E(2,5)"", ""E(4,5)"", ""N(5,5)"", ""E(5,5)"", ""N(6,5)"", ""B(6,5,E)"", ""B(0,6,N)"", ""B(0,6,W)"", ""B(1,6,N)"", ""E(1,6)"", ""B(2,6,N)"", ""E(2,6)"", ""B(3,6,N)"", ""E(3,6)"", ""B(4,6,N)"", ""B(5,6,N)"", ""B(6,6,N)"", ""B(6,6,E)""]",[],[]
core,0.08,10,,,,0.25,60,,1,,1,62,0.016129032258064516,0,0,0,"[""N(0,0)"", ""B(0,0,S)"", ""N(1,0)"", ""B(1,0,S)"", ""B(2,0,S)"", ""B(4,0,S)"", ""E(4,0)"", ""N(5,0)"", ""B(5,0,S)"", ""B(6,0,S)"", ""B(6,0,E)"", ""B(0,1,W)"", ""N(1,1)"", ""N(3,1)"", ""E(3,1)"", ""N(4,1)"", ""B(6,1,E)"", ""N(0,2)"", ""E(0,2)"", ""B(0,2,W)"", ""E(3,2)"", ""N(5,2)"", ""E(5,2)"", ""B(6,2,E)"", ""B(0,3,W)"", ""E(1,3)"", ""N(2,3)"", ""E(2,3)"", ""E(3,3)"", ""E(4,3)"", ""B(6,3,E)"", ""N(0,4)"", ""E(0,4)"", ""B(0,4,W)"", ""N(1,4)"", ""E(1,4)"", ""N(3,4)"", ""E(3,4)"", ""E(4,4)"", ""E(5,4)"", ""B(6,4,E)"", ""B(0,5,W)"", ""N(1,5)"", ""E(2,5)"", ""E(4,5)"", ""N(5,5)"", ""E(5,5)"", ""N(6,5)"", ""B(6,5,E)"", ""B(0,6,N)"", ""B(0,6,W)"", ""B(1,6,N)"", ""E(1,6)"", ""B(2,6,N)"", ""E(2,6)"", ""B(3,6,N)"", ""E(3,6)"", ""B(4,6,N)"", ""B(5,6,N)"", ""B(6,6,N)"", ""B(6,6,E)""]",[],[]
core,0.08,10,,,,0.25,85,,1,,1,62,0.016129032258064516,0,0,0,"[""N(0,0)"", ""B(0,0,S)"", ""N(1,0)"", ""B(1,0,S)"", ""B(2,0,S)"", ""B(4,0,S)"", ""E(4,0)"", ""N(5,0)"", ""B(5,0,S)"", ""B(6,0,S)"", ""B(6,0,E)"", ""B(0,1,W)"", ""N(1,1)"", ""N(3,1)"", ""E(3,1)"", ""N(4,1)"", ""B(6,1,E)"", ""N(0,2)"", ""E(0,2)"", ""B(0,2,W)"", ""E(3,2)"", ""N(5,2)"", ""E(5,2)"", ""B(6,2,E)"", ""B(0,3,W)"", ""E(1,3)"", ""N(2,3)"", ""E(2,3)"", ""E(3,3)"", ""E(4,3)"", ""B(6,3,E)"", ""N(0,4)"", ""E(0,4)"", ""B(0,4,W)"", ""N(1,4)"", ""E(1,4)"", ""N(3,4)"", ""E(3,4)"", ""E(4,4)"", ""E(5,4)"", ""B(6,4,E)"", ""B(0,5,W)"", ""N(1,5)"", ""E(2,5)"", ""E(4,5)"", ""N(5,5)"", ""E(5,5)"", ""N(6,5)"", ""B(6,5,E)"", ""B(0,6,N)"", ""B(0,6,W)"", ""B(1,6,N)"", ""E(1,6)"", ""B(2,6,N)"", ""E(2,6)"", ""B(3,6,N)"", ""E(3,6)"", ""B(4,6,N)"", ""B(5,6,N)"", ""B(6,6,N)"", ""B(6,6,E)""]",[],[]
core,0.08,10,,,,0.4,,,1,,6,62,0.0967741935483871,0,0,0,"[""N(0,0)"", ""B(0,0,S)"", ""N(1,0)"", ""B(1,0,S)"", ""E(4,0)"", ""N(5,0)"", ""B(5,0,S)"", ""B(6,0,S)"", ""B(6,0,E)"", ""B(0,1,W)"", ""N(4,1)"", ""B(6,1,E)"", ""N(0,2)"", ""E(0,2)"", ""B(0,2,W)"", ""E(3,2)"", ""N(5,2)"", ""E(5,2)"", ""B(6,2,E)"", ""B(0,3,W)"", ""E(1,3)"", ""N(2,3)"", ""E(2,3)"", ""E(3,3)"", ""E(4,3)"", ""B(6,3,E)"", ""N(0,4)"", ""E(0,4)"", ""B(0,4,W)"", ""N(1,4)"", ""E(1,4)"", ""N(3,4)"", ""E(3,4)"", ""E(4,4)"", ""E(5,4)"", ""B(6,4,E)"", ""B(0,5,W)"", ""N(1,5)"", ""E(2,5)"", ""E(4,5)"", ""N(5,5)"", ""E(5,5)"", ""N(6,5)"", ""B(6,5,E)"", ""B(0,6,N)"", ""B(0,6,W)"", ""B(1,6,N)"", ""E(1,6)"", ""B(2,6,N)"", ""E(2,6)"", ""B(3,6,N)"", ""E(3,6)"", ""B(4,6,N)"", ""B(5,6,N)"", ""B(6,6,N)"", ""B(6,6,E)""]",[],[]
core,0.08,10,,,,0.4,10,,1,,5,62,0.08064516129032258,0,0,0,"[""N(0,0)"", ""B(0,0,S)"", ""N(1,0)"", ""B(1,0,S)"", ""E(4,0)"", ""N(5,0)"", ""B(5,0,S)"", ""B(6,0,S)"", ""B(6,0,E)"", ""B(0,1,W)"", ""E(3,1)"", ""N(4,1)"", ""B(6,1,E)"", ""N(0,2)"", ""E(0,2)"", ""B(0,2,W)"", ""E(3,2)"", ""N(5,2)"", ""E(5,2)"", ""B(6,2,E)"", ""B(0,3,W)"", ""E(1,3)"", ""N(2,3)"", ""E(2,3)"", ""E(3,3)"", ""E(4,3)"", ""B(6,3,E)"", ""N(0,4)"", ""E(0,4)"", ""B(0,4,W)"", ""N(1,4)"", ""E(1,4)"", ""N(3,4)"", ""E(3,4)"", ""E(4,4)"", ""E(5,4)"", ""B(6,4,E)"", ""B(0,5,W)"", ""N(1,5)"", ""E(2,5)"", ""E(4,5)"", ""N(5,5)"", ""E(5,5)"", ""N(6,5)"", ""B(6,5,E)"", ""B(0,6,N)"", ""B(0,6,W)"", ""B(1,6,N)"", ""E(1,6)"", ""B(2,6,N)"", ""E(2,6)"", ""B(3,6,N)"", ""E(3,6)"", ""B(4,6,N)"", ""B(5,6,N)"", ""B(6,6,N)"", ""B(6,6,E)""]",[],[]
core,0.08,10,,,,0.4,20,,1,,5,62,0.08064516129032258,0,0,0,"[""N(0,0)"", ""B(0,0,S)"", ""N(1,0)"", ""B(1,0,S)"", ""E(4,0)"", ""N(5,0)"", ""B(5,0,S)"", ""B(6,0,S)"", ""B(6,0,E)"", ""B(0,1,W)"", ""E(3,1)"", ""N(4,1)"", ""B(6,1,E)"", ""N(0,2)"", ""E(0,2)"", ""B(0,2,W)"", ""E(3,2)"", ""N(5,2)"", ""E(5,2)"", ""B(6,2,E)"", ""B(0,3,W)"", ""E(1,3)"", ""N(2,3)"", ""E(2,3)"", ""E(3,3)"", ""E(4,3)"", ""B(6,3,E)"", ""N(0,4)"", ""E(0,4)"", ""B(0,4,W)"", ""N(1,4)"", ""E(1,4)"", ""N(3,4)"", ""E(3,4)"", ""E(4,4)"", ""E(5,4)"", ""B(6,4,E)"", ""B(0,5,W)"", ""N(1,5)"", ""E(2,5)"", ""E(4,5)"", ""N(5,5)"", ""E(5,5)"", ""N(6,5)"", ""B(6,5,E)"", ""B(0,6,N)"", ""B(0,6,W)"", ""B(1,6,N)"", ""E(1,6)"", ""B(2,6,N)"", ""E(2,6)"", ""B(3,6,N)"", ""E(3,6)"", ""B(4,6,N)"", ""B(5,6,N)"", ""B(6,6,N)"", ""B(6,6,E)""]",[],[]
core,0.08,10,,,,0.4,35,,1,,5,62,0.08064516129032258,0,0,0,"[""N(0,0)"", ""B(0,0,S)"", ""N(1,0)"", ""B(1,0,S)"", ""E(4,0)"", ""N(5,0)"", ""B(5,0,S)"", ""B(6,0,S)"", ""B(6,0,E)"", ""B(0,1,W)"", ""E(3,1)"", ""N(4,1)"", ""B(6,1,E)"", ""N(0,2)"", ""E(0,2)"", ""B(0,2,W)"", ""E(3,2)"", ""N(5,2)"", ""E(5,2)"", ""B(6,2,E)"", ""B(0,3,W)"", ""E(1,3)"", ""N(2,3)"", ""E(2,3)"", ""E(3,3)"", ""E(4,3)"", ""B(6,3,E)"", ""N(0,4)"", ""E(0,4)"", ""B(0,4,W)"", ""N(1,4)"", ""E(1,4)"", ""N(3,4)"", ""E(3,4)"", ""E(4,4)"", ""E(5,4)"", ""B(6,4,E)"", ""B(0,5,W)"", ""N(1,5)"", ""E(2,5)"", ""E(4,5)"", ""N(5,5)"", ""E(5,5)"", ""N(6,5)"", ""B(6,5,E)"", ""B(0,6,N)"", ""B(0,6,W)"", ""B(1,6,N)"", ""E(1,6)"", ""B(2,6,N)"", ""E(2,6)"", ""B(3,6,N)"", ""E(3,6)"", ""B(4,6,N)"", ""B(5,6,N)"", ""B(6,6,N)"", ""B(6,6,E)""]",[],[]
core,0.08,10,,,,0.4,60,,1,,5,62,0.08064516129032258,0,0,0,"[""N(0,0)"", ""B(0,0,S)"", ""N(1,0)"", ""B(1,0,S)"", ""E(4,0)"", ""N(5,0)"", ""B(5,0,S)"", ""B(6,0,S)"", ""B(6,0,E)"", ""B(0,1,W)"", ""E(3,1)"", ""N(4,1)"", ""B(6,1,E)"", ""N(0,2)"", ""E(0,2)"", ""B(0,2,W)"", ""E(3,2)"", ""N(5,2)"", ""E(5,2)"", ""B(6,2,E)"", ""B(0,3,W)"", ""E(1,3)"", ""N(2,3)"", ""E(2,3)"", ""E(3,3)"", ""E(4,3)"", ""B(6,3,E)"", ""N(0,4)"", ""E(0,4)"", ""B(0,4,W)"", ""N(1,4)"", ""E(1,4)"", ""N(3,4)"", ""E(3,4)"", ""E(4,4)"", ""E(5,4)"", ""B(6,4,E)"", ""B(0,5,W)"", ""N(1,5)"", ""E(2,5)"", ""E(4,5)"", ""N(5,5)"", ""E(5,5)"", ""N(6,5)"", ""B(6,5,E)"", ""B(0,6,N)"", ""B(0,6,W)"", ""B(1,6,N)"", ""E(1,6)"", ""B(2,6,N)"", ""E(2,6)"", ""B(3,6,N)"", ""E(3,6)"", ""B(4,6,N)"", ""B(5,6,N)"", ""B(6,6,N)"", ""B(6,6,E)""]",[],[]
core,0.08,10,,,,0.4,85,,1,,5,62,0.08064516129032258,0,0,0,"[""N(0,0)"", ""B(0,0,S)"", ""N(1,0)"", ""B(1,0,S)"", ""E(4,0)"", ""N(5,0)"", ""B(5,0,S)"", ""B(6,0,S)"", ""B(6,0,E)"", ""B(0,1,W)"", ""E(3,1)"", ""N(4,1)"", ""B(6,1,E)"", ""N(0,2)"", ""E(0,2)"", ""B(0,2,W)"", ""E(3,2)"", ""N(5,2)"", ""E(5,2)"", ""B(6,2,E)"", ""B(0,3,W)"", ""E(1,3)"", ""N(2,3)"", ""E(2,3)"", ""E(3,3)"", ""E(4,3)"", ""B(6,3,E)"", ""N(0,4)"", ""E(0,4)"", ""B(0,4,W)"", ""N(1,4)"", ""E(1,4)"", ""N(3,4)"", ""E(3,4)"", ""E(4,4)"", ""E(5,4)"", ""B(6,4,E)"", ""B(0,5,W)"", ""N(1,5)"", ""E(2,5)"", ""E(4,5)"", ""N(5,5)"", ""E(5,5)"", ""N(6,5)"", ""B(6,5,E)"", ""B(0,6,N)"", ""B(0,6,W)"", ""B(1,6,N)"", ""E(1,6)"", ""B(2,6,N)"", ""E(2,6)"", ""B(3,6,N)"", ""E(3,6)"", ""B(4,6,N)"", ""B(5,6,N)"", ""B(6,6,N)"", ""B(6,6,E)""]",[],[]
core,0.08,10,,,,0.6,,,1,,8,62,0.12903225806451613,0,0,0,"[""N(0,0)"", ""B(0,0,S)"", ""N(1,0)"", ""N(5,0)"", ""B(5,0,S)"", ""B(6,0,S)"", ""B(6,0,E)"", ""B(0,1,W)"", ""N(4,1)"", ""B(6,1,E)"", ""N(0,2)"", ""E(0,2)"", ""B(0,2,W)"", ""E(3,2)"", ""N(5,2)"", ""E(5,2)"", ""B(6,2,E)"", ""B(0,3,W)"", ""E(1,3)"", ""N(2,3)"", ""E(2,3)"", ""E(3,3)"", ""E(4,3)"", ""B(6,3,E)"", ""N(0,4)"", ""E(0,4)"", ""B(0,4,W)"", ""N(1,4)"", ""E(1,4)"", ""N(3,4)"", ""E(3,4)"", ""E(4,4)"", ""E(5,4)"", ""B(6,4,E)"", ""B(0,5,W)"", ""N(1,5)"", ""E(2,5)"", ""E(4,5)"", ""N(5,5)"", ""E(5,5)"", ""N(6,5)"", ""B(6,5,E)"", ""B(0,6,N)"", ""B(0,6,W)"", ""B(1,6,N)"", ""E(1,6)"", ""B(2,6,N)"", ""E(2,6)"", ""B(3,6,N)"", ""E(3,6)"", ""B(4,6,N)"", ""B(5,6,N)"", ""B(6,6,N)"", ""B(6,6,E)""]",[],[]
core,0.08,10,,,,0.6,10,,1,,6,62,0.0967741935483871,0,0,0,"[""N(0,0)"", ""B(0,0,S)"", ""N(1,0)"", ""E(4,0)"", ""N(5,0)"", ""B(5,0,S)"", ""B(6,0,S)"", ""B(6,0,E)"", ""B(0,1,W)"", ""E(3,1)"", ""N(4,1)"", ""B(6,1,E)"", ""N(0,2)"", ""E(0,2)"", ""B(0,2,W)"", ""E(3,2)"", ""N(5,2)"", ""E(5,2)"", ""B(6,2,E)"", ""B(0,3,W)"", ""E(1,3)"", ""N(2,3)"", ""E(2,3)"", ""E(3,3)"", ""E(4,3)"", ""B(6,3,E)"", ""N(0,4)"", ""E(0,4)"", ""B(0,4,W)"", ""N(1,4)"", ""E(1,4)"", ""N(3,4)"", ""E(3,4)"", ""E(4,4)"", ""E(5,4)"", ""B(6,4,E)"", ""B(0,5,W)"", ""N(1,5)"", ""E(2,5)"", ""E(4,5)"", ""N(5,5)"", ""E(5,5)"", ""N(6,5)"", ""B(6,5,E)"", ""B(0,6,N)"", ""B(0,6,W)"", ""B(1,6,N)"", ""E(1,6)"", ""B(2,6,N)"", ""E(2,6)"", ""B(3,6,N)"", ""E(3,6)"", ""B(4,6,N)"", ""B(5,6,N)"", ""B(6,6,N)"", ""B(6,6,E)""]",[],[]
core,0.08,10,,,,0.6,20,,1,,6,62,0.0967741935483871,0,0,0,"[""N(0,0)"", ""B(0,0,S)"", ""N(1,0)"", ""E(4,0)"", ""N(5,0)"", ""B(5,0,S)"", ""B(6,0,S)"", ""B(6,0,E)"", ""B(0,1,W)"", ""E(3,1)"", ""N(4,1)"", ""B(6,1,E)"", ""N(0,2)"", ""E(0,2)"", ""B(0,2,W)"", ""E(3,2)"", ""N(5,2)"", ""E(5,2)"", ""B(6,2,E)"", ""B(0,3,W)"", ""E(1,3)"", ""N(2,3)"", ""E(2,3)"", ""E(3,3)"", ""E(4,3)"", ""B(6,3,E)"", ""N(0,4)"", ""E(0,4)"", ""B(0,4,W)"", ""N(1,4)"", ""E(1,4)"", ""N(3,4)"", ""E(3,4)"", ""E(4,4)"", ""E(5,4)"", ""B(6,4,E)"", ""B(0,5,W)"", ""N(1,5)"", ""E(2,5)"", ""E(4,5)"", ""N(5,5)"", ""E(5,5)"", ""N(6,5)"", ""B(6,5,E)"", ""B(0,6,N)"", ""B(0,6,W)"", ""B(1,6,N)"", ""E(1,6)"", ""B(2,6,N)"", ""E(2,6)"", ""B(3,6,N)"", ""E(3,6)"", ""B(4,6,N)"", ""B(5,6,N)"", ""B(6,6,N)"", ""B(6,6,E)""]",[],[]
core,0.08,10,,,,0.6,35,,1,,6,62,0.0967741935483871,0,0,0,"[""N(0,0)"", ""B(0,0,S)"", ""N(1,0)"", ""E(4,0)"", ""N(5,0)"", ""B(5,0,S)"", ""B(6,0,S)"", ""B(6,0,E)"", ""B(0,1,W)"", ""E(3,1)"", ""N(4,1)"", ""B(6,1,E)"", ""N(0,2)"", ""E(0,2)"", ""B(0,2,W)"", ""E(3,2)"", ""N(5,2)"", ""E(5,2)"", ""B(6,2,E)"", ""B(0,3,W)"", ""E(1,3)"", ""N(2,3)"", ""E(2,3)"", ""E(3,3)"", ""E(4,3)"", ""B(6,3,E)"", ""N(0,4)"", ""E(0,4)"", ""B(0,4,W)"", ""N(1,4)"", ""E(1,4)"", ""N(3,4)"", ""E(3,4)"", ""E(4,4)"", ""E(5,4)"", ""B(6,4,E)"", ""B(0,5,W)"", ""N(1,5)"", ""E(2,5)"", ""E(4,5)"", ""N(5,5)"", ""E(5,5)"", ""N(6,5)"", ""B(6,5,E)"", ""B(0,6,N)"", ""B(0,6,W)"", ""B(1,6,N)"", ""E(1,6)"", ""B(2,6,N)"", ""E(2,6)"", ""B(3,6,N)"", ""E(3,6)"", ""B(4,6,N)"", ""B(5,6,N)"", ""B(6,6,N)"", ""B(6,6,E)""]",[],[]
core,0.08,10,,,,0.6,60,,1,,6,62,0.0967741935483871,0,0,0,"[""N(0,0)"", ""B(0,0,S)"", ""N(1,0)"", ""E(4,0)"", ""N(5,0)"", ""B(5,0,S)"", ""B(6,0,S)"", ""B(6,0,E)"", ""B(0,1,W)"", ""E(3,1)"", ""N(4,1)"", ""B(6,1,E)"", ""N(0,2)"", ""E(0,2)"", ""B(0,2,W)"", ""E(3,2)"", ""N(5,2)"", ""E(5,2)"", ""B(6,2,E)"", ""B(0,3,W)"", ""E(1,3)"", ""N(2,3)"", ""E(2,3)"", ""E(3,3)"", ""E(4,3)"", ""B(6,3,E)"", ""N(0,4)"", ""E(0,4)"", ""B(0,4,W)"", ""N(1,4)"", ""E(1,4)"", ""N(3,4)"", ""E(3,4)"", ""E(4,4)"", ""E(5,4)"", ""B(6,4,E)"", ""B(0,5,W)"", ""N(1,5)"", ""E(2,5)"", ""E(4,5)"", ""N(5,5)"", ""E(5,5)"", ""N(6,5)"", ""B(6,5,E)"", ""B(0,6,N)"", ""B(0,6,W)"", ""B(1,6,N)"", ""E(1,6)"", ""B(2,6,N)"", ""E(2,6)"", ""B(3,6,N)"", ""E(3,6)"", ""B(4,6,N)"", ""B(5,6,N)"", ""B(6,6,N)"", ""B(6,6,E)""]",[],[]
core,0.08,10,,,,0.6,85,,1,,6,62,0.0967741935483871,0,0,0,"[""N(0,0)"", ""B(0,0,S)"", ""N(1,0)"", ""E(4,0)"", ""N(5,0)"", ""B(5,0,S)"", ""B(6,0,S)"", ""B(6,0,E)"", ""B(0,1,W)"", ""E(3,1)"", ""N(4,1)"", ""B(6,1,E)"", ""N(0,2)"", ""E(0,2)"", ""B(0,2,W)"", ""E(3,2)"", ""N(5,2)"", ""E(5,2)"", ""B(6,2,E)"", ""B(0,3,W)"", ""E(1,3)"", ""N(2,3)"", ""E(2,3)"", ""E(3,3)"", ""E(4,3)"", ""B(6,3,E)"", ""N(0,4)"", ""E(0,4)"", ""B(0,4,W)"", ""N(1,4)"", ""E(1,4)"", ""N(3,4)"", ""E(3,4)"", ""E(4,4)"", ""E(5,4)"", ""B(6,4,E)"", ""B(0,5,W)"", ""N(1,5)"", ""E(2,5)"", ""E(4,5)"", ""N(5,5)"", ""E(5,5)"", ""N(6,5)"", ""B(6,5,E)"", ""B(0,6,N)"", ""B(0,6,W)"", ""B(1,6,N)"", ""E(1,6)"", ""B(2,6,N)"", ""E(2,6)"", ""B(3,6,N)"", ""E(3,6)"", ""B(4,6,N)"", ""B(5,6,N)"", ""B(6,6,N)"", ""B(6,6,E)""]",[],[]
core,0.08,10,,,,1.2,,,1,,9,62,0.14516129032258066,0,0,0,"[""N(0,0)"", ""B(0,0,S)"", ""N(1,0)"", ""N(5,0)"", ""B(5,0,S)"", ""B(6,0,S)"", ""B(6,0,E)"", ""B(0,1,W)"", ""N(4,1)"", ""B(6,1,E)"", ""N(0,2)"", ""E(0,2)"", ""B(0,2,W)"", ""E(3,2)"", ""N(5,2)"", ""E(5,2)"", ""B(6,2,E)"", ""B(0,3,W)"", ""N(2,3)"", ""E(2,3)"", ""E(3,3)"", ""E(4,3)"", ""B(6,3,E)"", ""N(0,4)"", ""E(0,4)"", ""B(0,4,W)"", ""N(1,4)"", ""E(1,4)"", ""N(3,4)"", ""E(3,4)"", ""E(4,4)"", ""E(5,4)"", ""B(6,4,E)"", ""B(0,5,W)"", ""N(1,5)"", ""E(2,5)"", ""E(4,5)"", ""N(5,5)"", ""E(5,5)"", ""N(6,5)"", ""B(6,5,E)"", ""B(0,6,N)"", ""B(0,6,W)"", ""B(1,6,N)"", ""E(1,6)"", ""B(2,6,N)"", ""E(2,6)"", ""B(3,6,N)"", ""E(3,6)"", ""B(4,6,N)"", ""B(5,6,N)"", ""B(6,6,N)"", ""B(6,6,E)""]",[],[]
core,0.08,10,,,,1.2,10,,1,,6,62,0.0967741935483871,0,0,0,"[""N(0,0)"", ""B(0,0,S)"", ""N(1,0)"", ""E(4,0)"", ""N(5,0)"", ""B(5,0,S)"", ""B(6,0,S)"", ""B(6,0,E)"", ""B(0,1,W)"", ""E(3,1)"", ""N(4,1)"", ""B(6,1,E)"", ""N(0,2)"", ""E(0,2)"", ""B(0,2,W)"", ""E(3,2)"", ""N(5,2)"", ""E(5,2)"", ""B(6,2,E)"", ""B(0,3,W)"", ""E(1,3)"", ""N(2,3)"", ""E(2,3)"", ""E(3,3)"", ""E(4,3)"", ""B(6,3,E)"", ""N(0,4)"", ""E(0,4)"", ""B(0,4,W)"", ""N(1,4)"", ""E(1,4)"", ""N(3,4)"", ""E(3,4)"", ""E(4,4)"", ""E(5,4)"", ""B(6,4,E)"", ""B(0,5,W)"", ""N(1,5)"", ""E(2,5)"", ""E(4,5)"", ""N(5,5)"", ""E(5,5)"", ""N(6,5)"", ""B(6,5,E)"", ""B(0,6,N)"", ""B(0,6,W)"", ""B(1,6,N)"", ""E(1,6)"", ""B(2,6,N)"", ""E(2,6)"", ""B(3,6,N)"", ""E(3,6)"", ""B(4,6,N)"", ""B(5,6,N)"", ""B(6,6,N)"", ""B(6,6,E)""]",[],[]
core,0.08,10,,,,1.2,20,,1,,6,62,0.0967741935483871,0,0,0,"[""N(0,0)"", ""B(0,0,S)"", ""N(1,0)"", ""E(4,0)"", ""N(5,0)"", ""B(5,0,S)"", ""B(6,0,S)"", ""B(6,0,E)"", ""B(0,1,W)"", ""E(3,1)"", ""N(4,1)"", ""B(6,1,E)"", ""N(0,2)"", ""E(0,2)"", ""B(0,2,W)"", ""E(3,2)"", ""N(5,2)"", ""E(5,2)"", ""B(6,2,E)"", ""B(0,3,W)"", ""E(1,3)"", ""N(2,3)"", ""E(2,3)"", ""E(3,3)"", ""E(4,3)"", ""B(6,3,E)"", ""N(0,4)"", ""E(0,4)"", ""B(0,4,W)"", ""N(1,4)"", ""E(1,4)"", ""N(3,4)"", ""E(3,4)"", ""E(4,4)"", ""E(5,4)"", ""B(6,4,E)"", ""B(0,5,W)"", ""N(1,5)"", ""E(2,5)"", ""E(4,5)"", ""N(5,5)"", ""E(5,5)"", ""N(6,5)"", ""B(6,5,E)"", ""B(0,6,N)"", ""B(0,6,W)"", ""B(1,6,N)"", ""E(1,6)"", ""B(2,6,N)"", ""E(2,6)"", ""B(3,6,N)"", ""E(3,6)"", ""B(4,6,N)"", ""B(5,6,N)"", ""B(6,6,N)"", ""B(6,6,E)""]",[],[]
core,0.08,10,,,,1.2,35,,1,,6,62,0.0967741935483871,0,0,0,"[""N(0,0)"", ""B(0,0,S)"", ""N(1,0)"", ""E(4,0)"", ""N(5,0)"", ""B(5,0,S)"", ""B(6,0,S)"", ""B(6,0,E)"", ""B(0,1,W)"", ""E(3,1)"", ""N(4,1)"", ""B(6,1,E)"", ""N(0,2)"", ""E(0,2)"", ""B(0,2,W)"", ""E(3,2)"", ""N(5,2)"", ""E(5,2)"", ""B(6,2,E)"", ""B(0,3,W)"", ""E(1,3)"", ""N(2,3)"", ""E(2,3)"", ""E(3,3)"", ""E(4,3)"", ""B(6,3,E)"", ""N(0,4)"", ""E(0,4)"", ""B(0,4,W)"", ""N(1,4)"", ""E(1,4)"", ""N(3,4)"", ""E(3,4)"", ""E(4,4)"", ""E(5,4)"", ""B(6,4,E)"", ""B(0,5,W)"", ""N(1,5)"", ""E(2,5)"", ""E(4,5)"", ""N(5,5)"", ""E(5,5)"", ""N(6,5)"", ""B(6,5,E)"", ""B(0,6,N)"", ""B(0,6,W)"", ""B(1,6,N)"", ""E(1,6)"", ""B(2,6,N)"", ""E(2,6)"", ""B(3,6,N)"", ""E(3,6)"", ""B(4,6,N)"", ""B(5,6,N)"", ""B(6,6,N)"", ""B(6,6,E)""]",[],[]
core,0.08,10,,,,1.2,60,,1,,6,62,0.0967741935483871,0,0,0,"[""N(0,0)"", ""B(0,0,S)"", ""N(1,0)"", ""E(4,0)"", ""N(5,0)"", ""B(5,0,S)"", ""B(6,0,S)"", ""B(6,0,E)"", ""B(0,1,W)"", ""E(3,1)"", ""N(4,1)"", ""B(6,1,E)"", ""N(0,2)"", ""E(0,2)"", ""B(0,2,W)"", ""E(3,2)"", ""N(5,2)"", ""E(5,2)"", ""B(6,2,E)"", ""B(0,3,W)"", ""E(1,3)"", ""N(2,3)"", ""E(2,3)"", ""E(3,3)"", ""E(4,3)"", ""B(6,3,E)"", ""N(0,4)"", ""E(0,4)"", ""B(0,4,W)"", ""N(1,4)"", ""E(1,4)"", ""N(3,4)"", ""E(3,4)"", ""E(4,4)"", ""E(5,4)"", ""B(6,4,E)"", ""B(0,5,W)"", ""N(1,5)"", ""E(2,5)"", ""E(4,5)"", ""N(5,5)"", ""E(5,5)"", ""N(6,5)"", ""B(6,5,E)"", ""B(0,6,N)"", ""B(0,6,W)"", ""B(1,6,N)"", ""E(1,6)"", ""B(2,6,N)"", ""E(2,6)"", ""B(3,6,N)"", ""E(3,6)"", ""B(4,6,N)"", ""B(5,6,N)"", ""B(6,6,N)"", ""B(6,6,E)""]",[],[]
core,0.08,10,,,,1.2,85,,1,,6,62,0.0967741935483871,0,0,0,"[""N(0,0)"", ""B(0,0,S)"", ""N(1,0)"", ""E(4,0)"", ""N(5,0)"", ""B(5,0,S)"", ""B(6,0,S)"", ""B(6,0,E)"", ""B(0,1,W)"", ""E(3,1)"", ""N(4,1)"", ""B(6,1,E)"", ""N(0,2)"", ""E(0,2)"", ""B(0,2,W)"", ""E(3,2)"", ""N(5,2)"", ""E(5,2)"", ""B(6,2,E)"", ""B(0,3,W)"", ""E(1,3)"", ""N(2,3)"", ""E(2,3)"", ""E(3,3)"", ""E(4,3)"", ""B(6,3,E)"", ""N(0,4)"", ""E(0,4)"", ""B(0,4,W)"", ""N(1,4)"", ""E(1,4)"", ""N(3,4)"", ""E(3,4)"", ""E(4,4)"", ""E(5,4)"", ""B(6,4,E)"", ""B(0,5,W)"", ""N(1,5)"", ""E(2,5)"", ""E(4,5)"", ""N(5,5)"", ""E(5,5)"", ""N(6,5)"", ""B(6,5,E)"", ""B(0,6,N)"", ""B(0,6,W)"", ""B(1,6,N)"", ""E(1,6)"", ""B(2,6,N)"", ""E(2,6)"", ""B(3,6,N)"", ""E(3,6)"", ""B(4,6,N)"", ""B(5,6,N)"", ""B(6,6,N)"", ""B(6,6,E)""]",[],[]
core,0.08,10,,,,2.0,,,1,,10,62,0.16129032258064516,0,0,0,"[""N(0,0)"", ""B(0,0,S)"", ""N(1,0)"", ""N(5,0)"", ""B(5,0,S)"", ""B(6,0,S)"", ""B(6,0,E)"", ""B(0,1,W)"", ""N(4,1)"", ""B(6,1,E)"", ""N(0,2)"", ""E(0,2)"", ""B(0,2,W)"", ""E(3,2)"", ""N(5,2)"", ""E(5,2)"", ""B(6,2,E)"", ""B(0,3,W)"", ""N(2,3)"", ""E(2,3)"", ""E(3,3)"", ""E(4,3)"", ""B(6,3,E)"", ""N(0,4)"", ""E(0,4)"", ""N(1,4)"", ""E(1,4)"", ""N(3,4)"", ""E(3,4)"", ""E(4,4)"", ""E(5,4)"", ""B(6,4,E)"", ""B(0,5,W)"", ""N(1,5)"", ""E(2,5)"", ""E(4,5)"", ""N(5,5)"", ""E(5,5)"", ""N(6,5)"", ""B(6,5,E)"", ""B(0,6,N)"", ""B(0,6,W)"", ""B(1,6,N)"", ""E(1,6)"", ""B(2,6,N)"", ""E(2,6)"", ""B(3,6,N)"", ""E(3,6)"", ""B(4,6,N)"", ""B(5,6,N)"", ""B(6,6,N)"", ""B(6,6,E)""]",[],[]
core,0.08,10,,,,2.0,10,,1,,6,62,0.0967741935483871,0,0,0,"[""N(0,0)"", ""B(0,0,S)"", ""N(1,0)"", ""E(4,0)"", ""N(5,0)"", ""B(5,0,S)"", ""B(6,0,S)"", ""B(6,0,E)"", ""B(0,1,W)"", ""E(3,1)"", ""N(4,1)"", ""B(6,1,E)"", ""N(0,2)"", ""E(0,2)"", ""B(0,2,W)"", ""E(3,2)"", ""N(5,2)"", ""E(5,2)"", ""B(6,2,E)"", ""B(0,3,W)"", ""E(1,3)"", ""N(2,3)"", ""E(2,3)"", ""E(3,3)"", ""E(4,3)"", ""B(6,3,E)"", ""N(0,4)"", ""E(0,4)"", ""B(0,4,W)"", ""N(1,4)"", ""E(1,4)"", ""N(3,4)"", ""E(3,4)"", ""E(4,4)"", ""E(5,4)"", ""B(6,4,E)"", ""B(0,5,W)"", ""N(1,5)"", ""E(2,5)"", ""E(4,5)"", ""N(5,5)"", ""E(5,5)"", ""N(6,5)"", ""B(6,5,E)"", ""B(0,6,N)"", ""B(0,6,W)"", ""B(1,6,N)"", ""E(1,6)"", ""B(2,6,N)"", ""E(2,6)"", ""B(3,6,N)"", ""E(3,6)"", ""B(4,6,N)"", ""B(5,6,N)"", ""B(6,6,N)"", ""B(6,6,E)""]",[],[]
core,0.08,10,,,,2.0,20,,1,,6,62,0.0967741935483871,0,0,0,"[""N(0,0)"", ""B(0,0,S)"", ""N(1,0)"", ""E(4,0)"", ""N(5,0)"", ""B(5,0,S)"", ""B(6,0,S)"", ""B(6,0,E)"", ""B(0,1,W)"", ""E(3,1)"", ""N(4,1)"", ""B(6,1,E)"", ""N(0,2)"", ""E(0,2)"", ""B(0,2,W)"", ""E(3,2)"", ""N(5,2)"", ""E(5,2)"", ""B(6,2,E)"", ""B(0,3,W)"", ""E(1,3)"", ""N(2,3)"", ""E(2,3)"", ""E(3,3)"", ""E(4,3)"", ""B(6,3,E)"", ""N(0,4)"", ""E(0,4)"", ""B(0,4,W)"", ""N(1,4)"", ""E(1,4)"", ""N(3,4)"", ""E(3,4)"", ""E(4,4)"", ""E(5,4)"", ""B(6,4,E)"", ""B(0,5,W)"", ""N(1,5)"", ""E(2,5)"", ""E(4,5)"", ""N(5,5)"", ""E(5,5)"", ""N(6,5)"", ""B(6,5,E)"", ""B(0,6,N)"", ""B(0,6,W)"", ""B(1,6,N)"", ""E(1,6)"", ""B(2,6,N)"", ""E(2,6)"", ""B(3,6,N)"", ""E(3,6)"", ""B(4,6,N)"", ""B(5,6,N)"", ""B(6,6,N)"", ""B(6,6,E)""]",[],[]
core,0.08,10,,,,2.0,35,,1,,6,62,0.0967741935483871,0,0,0,"[""N(0,0)"", ""B(0,0,S)"", ""N(1,0)"", ""E(4,0)"", ""N(5,0)"", ""B(5,0,S)"", ""B(6,0,S)"", ""B(6,0,E)"", ""B(0,1,W)"", ""E(3,1)"", ""N(4,1)"", ""B(6,1,E)"", ""N(0,2)"", ""E(0,2)"", ""B(0,2,W)"", ""E(3,2)"", ""N(5,2)"", ""E(5,2)"", ""B(6,2,E)"", ""B(0,3,W)"", ""E(1,3)"", ""N(2,3)"", ""E(2,3)"", ""E(3,3)"", ""E(4,3)"", ""B(6,3,E)"", ""N(0,4)"", ""E(0,4)"", ""B(0,4,W)"", ""N(1,4)"", ""E(1,4)"", ""N(3,4)"", ""E(3,4)"", ""E(4,4)"", ""E(5,4)"", ""B(6,4,E)"", ""B(0,5,W)"", ""N(1,5)"", ""E(2,5)"", ""E(4,5)"", ""N(5,5)"", ""E(5,5)"", ""N(6,5)"", ""B(6,5,E)"", ""B(0,6,N)"", ""B(0,6,W)"", ""B(1,6,N)"", ""E(1,6)"", ""B(2,6,N)"", ""E(2,6)"", ""B(3,6,N)"", ""E(3,6)"", ""B(4,6,N)"", ""B(5,6,N)"", ""B(6,6,N)"", ""B(6,6,E)""]",[],[]
core,0.08,10,,,,2.0,60,,1,,6,62,0.0967741935483871,0,0,0,"[""N(0,0)"", ""B(0,0,S)"", ""N(1,0)"", ""E(4,0)"", ""N(5,0)"", ""B(5,0,S)"", ""B(6,0,S)"", ""B(6,0,E)"", ""B(0,1,W)"", ""E(3,1)"", ""N(4,1)"", ""B(6,1,E)"", ""N(0,2)"", ""E(0,2)"", ""B(0,2,W)"", ""E(3,2)"", ""N(5,2)"", ""E(5,2)"", ""B(6,2,E)"", ""B(0,3,W)"", ""E(1,3)"", ""N(2,3)"", ""E(2,3)"", ""E(3,3)"", ""E(4,3)"", ""B(6,3,E)"", ""N(0,4)"", ""E(0,4)"", ""B(0,4,W)"", ""N(1,4)"", ""E(1,4)"", ""N(3,4)"", ""E(3,4)"", ""E(4,4)"", ""E(5,4)"", ""B(6,4,E)"", ""B(0,5,W)"", ""N(1,5)"", ""E(2,5)"", ""E(4,5)"", ""N(5,5)"", ""E(5,5)"", ""N(6,5)"", ""B(6,5,E)"", ""B(0,6,N)"", ""B(0,6,W)"", ""B(1,6,N)"", ""E(1,6)"", ""B(2,6,N)"", ""E(2,6)"", ""B(3,6,N)"", ""E(3,6)"", ""B(4,6,N)"", ""B(5,6,N)"", ""B(6,6,N)"", ""B(6,6,E)""]",[],[]
core,0.08,10,,,,2.0,85,,1,,6,62,0.0967741935483871,0,0,0,"[""N(0,0)"", ""B(0,0,S)"", ""N(1,0)"", ""E(4,0)"", ""N(5,0)"", ""B(5,0,S)"", ""B(6,0,S)"", ""B(6,0,E)"", ""B(0,1,W)"", ""E(3,1)"", ""N(4,1)"", ""B(6,1,E)"", ""N(0,2)"", ""E(0,2)"", ""B(0,2,W)"", ""E(3,2)"", ""N(5,2)"", ""E(5,2)"", ""B(6,2,E)"", ""B(0,3,W)"", ""E(1,3)"", ""N(2,3)"", ""E(2,3)"", ""E(3,3)"", ""E(4,3)"", ""B(6,3,E)"", ""N(0,4)"", ""E(0,4)"", ""B(0,4,W)"", ""N(1,4)"", ""E(1,4)"", ""N(3,4)"", ""E(3,4)"", ""E(4,4)"", ""E(5,4)"", ""B(6,4,E)"", ""B(0,5,W)"", ""N(1,5)"", ""E(2,5)"", ""E(4,5)"", ""N(5,5)"", ""E(5,5)"", ""N(6,5)"", ""B(6,5,E)"", ""B(0,6,N)"", ""B(0,6,W)"", ""B(1,6,N)"", ""E(1,6)"", ""B(2,6,N)"", ""E(2,6)"", ""B(3,6,N)"", ""E(3,6)"", ""B(4,6,N)"", ""B(5,6,N)"", ""B(6,6,N)"", ""B(6,6,E)""]",[],[]
core,0.08,10,,,,,,,1,,10,62,0.16129032258064516,0,0,0,"[""N(0,0)"", ""B(0,0,S)"", ""N(1,0)"", ""N(5,0)"", ""B(5,0,S)"", ""B(6,0,S)"", ""B(6,0,E)"", ""B(0,1,W)"", ""N(4,1)"", ""B(6,1,E)"", ""N(0,2)"", ""E(0,2)"", ""B(0,2,W)"", ""E(3,2)"", ""N(5,2)"", ""E(5,2)"", ""B(6,2,E)"", ""B(0,3,W)"", ""N(2,3)"", ""E(2,3)"", ""E(3,3)"", ""E(4,3)"", ""B(6,3,E)"", ""N(0,4)"", ""E(0,4)"", ""N(1,4)"", ""E(1,4)"", ""N(3,4)"", ""E(3,4)"", ""E(4,4)"", ""E(5,4)"", ""B(6,4,E)"", ""B(0,5,W)"", ""N(1,5)"", ""E(2,5)"", ""E(4,5)"", ""N(5,5)"", ""E(5,5)"", ""N(6,5)"", ""B(6,5,E)"", ""B(0,6,N)"", ""B(0,6,W)"", ""B(1,6,N)"", ""E(1,6)"", ""B(2,6,N)"", ""E(2,6)"", ""B(3,6,N)"", ""E(3,6)"", ""B(4,6,N)"", ""B(5,6,N)"", ""B(6,6,N)"", ""B(6,6,E)""]",[],[]
core,0.08,10,,,,,10,,1,,6,62,0.0967741935483871,0,0,0,"[""N(0,0)"", ""B(0,0,S)"", ""N(1,0)"", ""E(4,0)"", ""N(5,0)"", ""B(5,0,S)"", ""B(6,0,S)"", ""B(6,0,E)"", ""B(0,1,W)"", ""E(3,1)"", ""N(4,1)"", ""B(6,1,E)"", ""N(0,2)"", ""E(0,2)"", ""B(0,2,W)"", ""E(3,2)"", ""N(5,2)"", ""E(5,2)"", ""B(6,2,E)"", ""B(0,3,W)"", ""E(1,3)"", ""N(2,3)"", ""E(2,3)"", ""E(3,3)"", ""E(4,3)"", ""B(6,3,E)"", ""N(0,4)"", ""E(0,4)"", ""B(0,4,W)"", ""N(1,4)"", ""E(1,4)"", ""N(3,4)"", ""E(3,4)"", ""E(4,4)"", ""E(5,4)"", ""B(6,4,E)"", ""B(0,5,W)"", ""N(1,5)"", ""E(2,5)"", ""E(4,5)"", ""N(5,5)"", ""E(5,5)"", ""N(6,5)"", ""B(6,5,E)"", ""B(0,6,N)"", ""B(0,6,W)"", ""B(1,6,N)"", ""E(1,6)"", ""B(2,6,N)"", ""E(2,6)"", ""B(3,6,N)"", ""E(3,6)"", ""B(4,6,N)"", ""B(5,6,N)"", ""B(6,6,N)"", ""B(6,6,E)""]",[],[]
core,0.08,10,,,,,20,,1,,6,62,0.0967741935483871,0,0,0,"[""N(0,0)"", ""B(0,0,S)"", ""N(1,0)"", ""E(4,0)"", ""N(5,0)"", ""B(5,0,S)"", ""B(6,0,S)"", ""B(6,0,E)"", ""B(0,1,W)"", ""E(3,1)"", ""N(4,1)"", ""B(6,1,E)"", ""N(0,2)"", ""E(0,2)"", ""B(0,2,W)"", ""E(3,2)"", ""N(5,2)"", ""E(5,2)"", ""B(6,2,E)"", ""B(0,3,W)"", ""E(1,3)"", ""N(2,3)"", ""E(2,3)"", ""E(3,3)"", ""E(4,3)"", ""B(6,3,E)"", ""N(0,4)"", ""E(0,4)"", ""B(0,4,W)"", ""N(1,4)"", ""E(1,4)"", ""N(3,4)"", ""E(3,4)"", ""E(4,4)"", ""E(5,4)"", ""B(6,4,E)"", ""B(0,5,W)"", ""N(1,5)"", ""E(2,5)"", ""E(4,5)"", ""N(5,5)"", ""E(5,5)"", ""N(6,5)"", ""B(6,5,E)"", ""B(0,6,N)"", ""B(0,6,W)"", ""B(1,6,N)"", ""E(1,6)"", ""B(2,6,N)"", ""E(2,6)"", ""B(3,6,N)"", ""E(3,6)"", ""B(4,6,N)"", ""B(5,6,N)"", ""B(6,6,N)"", ""B(6,6,E)""]",[],[]
core,0.08,10,,,,,35,,1,,6,62,0.0967741935483871,0,0,0,"[""N(0,0)"", ""B(0,0,S)"", ""N(1,0)"", ""E(4,0)"", ""N(5,0)"", ""B(5,0,S)"", ""B(6,0,S)"", ""B(6,0,E)"", ""B(0,1,W)"", ""E(3,1)"", ""N(4,1)"", ""B(6,1,E)"", ""N(0,2)"", ""E(0,2)"", ""B(0,2,W)"", ""E(3,2)"", ""N(5,2)"", ""E(5,2)"", ""B(6,2,E)"", ""B(0,3,W)"", ""E(1,3)"", ""N(2,3)"", ""E(2,3)"", ""E(3,3)"", ""E(4,3)"", ""B(6,3,E)"", ""N(0,4)"", ""E(0,4)"", ""B(0,4,W)"", ""N(1,4)"", ""E(1,4)"", ""N(3,4)"", ""E(3,4)"", ""E(4,4)"", ""E(5,4)"", ""B(6,4,E)"", ""B(0,5,W)"", ""N(1,5)"", ""E(2,5)"", ""E(4,5)"", ""N(5,5)"", ""E(5,5)"", ""N(6,5)"", ""B(6,5,E)"", ""B(0,6,N)"", ""B(0,6,W)"", ""B(1,6,N)"", ""E(1,6)"", ""B(2,6,N)"", ""E(2,6)"", ""B(3,6,N)"", ""E(3,6)"", ""B(4,6,N)"", ""B(5,6,N)"", ""B(6,6,N)"", ""B(6,6,E)""]",[],[]
core,0.08,10,,,,,60,,1,,6,62,0.0967741935483871,0,0,0,"[""N(0,0)"", ""B(0,0,S)"", ""N(1,0)"", ""E(4,0)"", ""N(5,0)"", ""B(5,0,S)"", ""B(6,0,S)"", ""B(6,0,E)"", ""B(0,1,W)"", ""E(3,1)"", ""N(4,1)"", ""B(6,1,E)"", ""N(0,2)"", ""E(0,2)"", ""B(0,2,W)"", ""E(3,2)"", ""N(5,2)"", ""E(5,2)"", ""B(6,2,E)"", ""B(0,3,W)"", ""E(1,3)"", ""N(2,3)"", ""E(2,3)"", ""E(3,3)"", ""E(4,3)"", ""B(6,3,E)"", ""N(0,4)"", ""E(0,4)"", ""B(0,4,W)"", ""N(1,4)"", ""E(1,4)"", ""N(3,4)"", ""E(3,4)"", ""E(4,4)"", ""E(5,4)"", ""B(6,4,E)"", ""B(0,5,W)"", ""N(1,5)"", ""E(2,5)"", ""E(4,5)"", ""N(5,5)"", ""E(5,5)"", ""N(6,5)"", ""B(6,5,E)"", ""B(0,6,N)"", ""B(0,6,W)"", ""B(1,6,N)"", ""E(1,6)"", ""B(2,6,N)"", ""E(2,6)"", ""B(3,6,N)"", ""E(3,6)"", ""B(4,6,N)"", ""B(5,6,N)"", ""B(6,6,N)"", ""B(6,6,E)""]",[],[]
core,0.08,10,,,,,85,,1,,6,62,0.0967741935483871,0,0,0,"[""N(0,0)"", ""B(0,0,S)"", ""N(1,0)"", ""E(4,0)"", ""N(5,0)"", ""B(5,0,S)"", ""B(6,0,S)"", ""B(6,0,E)"", ""B(0,1,W)"", ""E(3,1)"", ""N(4,1)"", ""B(6,1,E)"", ""N(0,2)"", ""E(0,2)"", ""B(0,2,W)"", ""E(3,2)"", ""N(5,2)"", ""E(5,2)"", ""B(6,2,E)"", ""B(0,3,W)"", ""E(1,3)"", ""N(2,3)"", ""E(2,3)"", ""E(3,3)"", ""E(4,3)"", ""B(6,3,E)"", ""N(0,4)"", ""E(0,4)"", ""B(0,4,W)"", ""N(1,4)"", ""E(1,4)"", ""N(3,4)"", ""E(3,4)"", ""E(4,4)"", ""E(5,4)"", ""B(6,4,E)"", ""B(0,5,W)"", ""N(1,5)"", ""E(2,5)"", ""E(4,5)"", ""N(5,5)"", ""E(5,5)"", ""N(6,5)"", ""B(6,5,E)"", ""B(0,6,N)"", ""B(0,6,W)"", ""B(1,6,N)"", ""E(1,6)"", ""B(2,6,N)"", ""E(2,6)"", ""B(3,6,N)"", ""E(3,6)"", ""B(4,6,N)"", ""B(5,6,N)"", ""B(6,6,N)"", ""B(6,6,E)""]",[],[]
core,0.08,12,,,,0.25,,,1,,2,62,0.03225806451612903,0,0,0,"[""N(0,0)"", ""B(0,0,S)"", ""N(1,0)"", ""B(1,0,S)"", ""B(2,0,S)"", ""B(4,0,S)"", ""E(4,0)"", ""N(5,0)"", ""B(5,0,S)"", ""B(6,0,S)"", ""B(6,0,E)"", ""B(0,1,W)"", ""N(1,1)"", ""N(3,1)"", ""N(4,1)"", ""B(6,1,E)"", ""N(0,2)"", ""E(0,2)"", ""B(0,2,W)"", ""E(3,2)"", ""N(5,2)"", ""E(5,2)"", ""B(6,2,E)"", ""B(0,3,W)"", ""E(1,3)"", ""N(2,3)"", ""E(2,3)"", ""E(3,3)"", ""E(4,3)"", ""B(6,3,E)"", ""N(0,4)"", ""E(0,4)"", ""B(0,4,W)"", ""N(1,4)"", ""E(1,4)"", ""N(3,4)"", ""E(3,4)"", ""E(4,4)"", ""E(5,4)"", ""B(6,4,E)"", ""B(0,5,W)"", ""N(1,5)"", ""E(2,5)"", ""E(4,5)"", ""N(5,5)"", ""E(5,5)"", ""N(6,5)"", ""B(6,5,E)"", ""B(0,6,N)"", ""B(0,6,W)"", ""B(1,6,N)"", ""E(1,6)"", ""B(2,6,N)"", ""E(2,6)"", ""B(3,6,N)"", ""E(3,6)"", ""B(4,6,N)"", ""B(5,6,N)"", ""B(6,6,N)"", ""B(6,6,E)""]",[],[]
core,0.08,12,,,,0.25,10,,1,,1,62,0.016129032258064516,0,0,0,"[""N(0,0)"", ""B(0,0,S)"", ""N(1,0)"", ""B(1,0,S)"", ""B(2,0,S)"", ""B(4,0,S)"", ""E(4,0)"", ""N(5,0)"", ""B(5,0,S)"", ""B(6,0,S)"", ""B(6,0,E)"", ""B(0,1,W)"", ""N(1,1)"", ""N(3,1)"", ""E(3,1)"", ""N(4,1)"", ""B(6,1,E)"", ""N(0,2)"", ""E(0,2)"", ""B(0,2,W)"", ""E(3,2)"", ""N(5,2)"", ""E(5,2)"", ""B(6,2,E)"", ""B(0,3,W)"", ""E(1,3)"", ""N(2,3)"", ""E(2,3)"", ""E(3,3)"", ""E(4,3)"", ""B(6,3,E)"", ""N(0,4)"", ""E(0,4)"", ""B(0,4,W)"", ""N(1,4)"", ""E(1,4)"", ""N(3,4)"", ""E(3,4)"", ""E(4,4)"", ""E(5,4)"", ""B(6,4,E)"", ""B(0,5,W)"", ""N(1,5)"", ""E(2,5)"", ""E(4,5)"", ""N(5,5)"", ""E(5,5)"", ""N(6,5)"", ""B(6,5,E)"", ""B(0,6,N)"", ""B(0,6,W)"", ""B(1,6,N)"", ""E(1,6)"", ""B(2,6,N)"", ""E(2,6)"", ""B(3,6,N)"", ""E(3,6)"", ""B(4,6,N)"", ""B(5,6,N)"", ""B(6,6,N)"", ""B(6,6,E)""]",[],[]
core,0.08,12,,,,0.25,20,,1,,1,62,0.016129032258064516,0,0,0,"[""N(0,0)"", ""B(0,0,S)"", ""N(1,0)"", ""B(1,0,S)"", ""B(2,0,S)"", ""B(4,0,S)"", ""E(4,0)"", ""N(5,0)"", ""B(5,0,S)"", ""B(6,0,S)"", ""B(6,0,E)"", ""B(0,1,W)"", ""N(1,1)"", ""N(3,1)"", ""E(3,1)"", ""N(4,1)"", ""B(6,1,E)"", ""N(0,2)"", ""E(0,2)"", ""B(0,2,W)"", ""E(3,2)"", ""N(5,2)"", ""E(5,2)"", ""B(6,2,E)"", ""B(0,3,W)"", ""E(1,3)"", ""N(2,3)"", ""E(2,3)"", ""E(3,3)"", ""E(4,3)"", ""B(6,3,E)"", ""N(0,4)"", ""E(0,4)"", ""B(0,4,W)"", ""N(1,4)"", ""E(1,4)"", ""N(3,4)"", ""E(3,4)"", ""E(4,4)"", ""E(5,4)"", ""B(6,4,E)"", ""B(0,5,W)"", ""N(1,5)"", ""E(2,5)"", ""E(4,5)"", ""N(5,5)"", ""E(5,5)"", ""N(6,5)"", ""B(6,5,E)"", ""B(0,6,N)"", ""B(0,6,W)"", ""B(1,6,N)"", ""E(1,6)"", ""B(2,6,N)"", ""E(2,6)"", ""B(3,6,N)"", ""E(3,6)"", ""B(4,6,N)"", ""B(5,6,N)"", ""B(6,6,N)"", ""B(6,6,E)""]",[],[]
core,0.08,12,,,,0.25,35,,1,,1,62,0.016129032258064516,0,0,0,"[""N(0,0)"", ""B(0,0,S)"", ""N(1,0)"", ""B(1,0,S)"", ""B(2,0,S)"", ""B(4,0,S)"", ""E(4,0)"", ""N(5,0)"", ""B(5,0,S)"", ""B(6,0,S)"", ""B(6,0,E)"", ""B(0,1,W)"", ""N(1,1)"", ""N(3,1)"", ""E(3,1)"", ""N(4,1)"", ""B(6,1,E)"", ""N(0,2)"", ""E(0,2)"", ""B(0,2,W)"", ""E(3,2)"", ""N(5,2)"", ""E(5,2)"", ""B(6,2,E)"", ""B(0,3,W)"", ""E(1,3)"", ""N(2,3)"", ""E(2,3)"", ""E(3,3)"", ""E(4,3)"", ""B(6,3,E)"", ""N(0,4)"", ""E(0,4)"", ""B(0,4,W)"", ""N(1,4)"", ""E(1,4)"", ""N(3,4)"", ""E(3,4)"", ""E(4,4)"", ""E(5,4)"", ""B(6,4,E)"", ""B(0,5,W)"", ""N(1,5)"", ""E(2,5)"", ""E(4,5)"", ""N(5,5)"", ""E(5,5)"", ""N(6,5)"", ""B(6,5,E)"", ""B(0,6,N)"", ""B(0,6,W)"", ""B(1,6,N)"", ""E(1,6)"", ""B(2,6,N)"", ""E(2,6)"", ""B(3,6,N)"", ""E(3,6)"", ""B(4,6,N)"", ""B(5,6,N)"", ""B(6,6,N)"", ""B(6,6,E)""]",[],[]
core,0.08,12,,,,0.25,60,,1,,1,62,0.016129032258064516,0,0,0,"[""N(0,0)"", ""B(0,0,S)"", ""N(1,0)"", ""B(1,0,S)"", ""B(2,0,S)"", ""B(4,0,S)"", ""E(4,0)"", ""N(5,0)"", ""B(5,0,S)"", ""B(6,0,S)"", ""B(6,0,E)"", ""B(0,1,W)"", ""N(1,1)"", ""N(3,1)"", ""E(3,1)"", ""N(4,1)"", ""B(6,1,E)"", ""N(0,2)"", ""E(0,2)"", ""B(0,2,W)"", ""E(3,2)"", ""N(5,2)"", ""E(5,2)"", ""B(6,2,E)"", ""B(0,3,W)"", ""E(1,3)"", ""N(2,3)"", ""E(2,3)"", ""E(3,3)"", ""E(4,3)"", ""B(6,3,E)"", ""N(0,4)"", ""E(0,4)"", ""B(0,4,W)"", ""N(1,4)"", ""E(1,4)"", ""N(3,4)"", ""E(3,4)"", ""E(4,4)"", ""E(5,4)"", ""B(6,4,E)"", ""B(0,5,W)"", ""N(1,5)"", ""E(2,5)"", ""E(4,5)"", ""N(5,5)"", ""E(5,5)"", ""N(6,5)"", ""B(6,5,E)"", ""B(0,6,N)"", ""B(0,6,W)"", ""B(1,6,N)"", ""E(1,6)"", ""B(2,6,N)"", ""E(2,6)"", ""B(3,6,N)"", ""E(3,6)"", ""B(4,6,N)"", ""B(5,6,N)"", ""B(6,6,N)"", ""B(6,6,E)""]",[],[]
core,0.08,12,,,,0.25,85,,1,,1,62,0.016129032258064516,0,0,0,"[""N(0,0)"", ""B(0,0,S)"", ""N(1,0)"", ""B(1,0,S)"", ""B(2,0,S)"", ""B(4,0,S)"", ""E(4,0)"", ""N(5,0)"", ""B(5,0,S)"", ""B(6,0,S)"", ""B(6,0,E)"", ""B(0,1,W)"", ""N(1,1)"", ""N(3,1)"", ""E(3,1)"", ""N(4,1)"", ""B(6,1,E)"", ""N(0,2)"", ""E(0,2)"", ""B(0,2,W)"", ""E(3,2)"", ""N(5,2)"", ""E(5,2)"", ""B(6,2,E)"", ""B(0,3,W)"", ""E(1,3)"", ""N(2,3)"", ""E(2,3)"", ""E(3,3)"", ""E(4,3)"", ""B(6,3,E)"", ""N(0,4)"", ""E(0,4)"", ""B(0,4,W)"", ""N(1,4)"", ""E(1,4)"", ""N(3,4)"", ""E(3,4)"", ""E(4,4)"", ""E(5,4)"", ""B(6,4,E)"", ""B(0,5,W)"", ""N(1,5)"", ""E(2,5)"", ""E(4,5)"", ""N(5,5)"", ""E(5,5)"", ""N(6,5)"", ""B(6,5,E)"", ""B(0,6,N)"", ""B(0,6,W)"", ""B(1,6,N)"", ""E(1,6)"", ""B(2,6,N)"", ""E(2,6)"", ""B(3,6,N)"", ""E(3,6)"", ""B(4,6,N)"", ""B(5,6,N)"", ""B(6,6,N)"", ""B(6,6,E)""]",[],[]
core,0.08,12,,,,0.4,,,1,,6,62,0.0967741935483871,0,0,0,"[""N(0,0)"", ""B(0,0,S)"", ""N(1,0)"", ""B(1,0,S)"", ""E(4,0)"", ""N(5,0)"", ""B(5,0,S)"", ""B(6,0,S)"", ""B(6,0,E)"", ""B(0,1,W)"", ""N(4,1)"", ""B(6,1,E)"", ""N(0,2)"", ""E(0,2)"", ""B(0,2,W)"", ""E(3,2)"", ""N(5,2)"", ""E(5,2)"", ""B(6,2,E)"", ""B(0,3,W)"", ""E(1,3)"", ""N(2,3)"", ""E(2,3)"", ""E(3,3)"", ""E(4,3)"", ""B(6,3,E)"", ""N(0,4)"", ""E(0,4)"", ""B(0,4,W)"", ""N(1,4)"", ""E(1,4)"", ""N(3,4)"", ""E(3,4)"", ""E(4,4)"", ""E(5,4)"", ""B(6,4,E)"", ""B(0,5,W)"", ""N(1,5)"", ""E(2,5)"", ""E(4,5)"", ""N(5,5)"", ""E(5,5)"", ""N(6,5)"", ""B(6,5,E)"", ""B(0,6,N)"", ""B(0,6,W)"", ""B(1,6,N)"", ""E(1,6)"", ""B(2,6,N)"", ""E(2,6)"", ""B(3,6,N)"", ""E(3,6)"", ""B(4,6,N)"", ""B(5,6,N)"", ""B(6,6,N)"", ""B(6,6,E)""]",[],[]
core,0.08,12,,,,0.4,10,,1,,5,62,0.08064516129032258,0,0,0,"[""N(0,0)"", ""B(0,0,S)"", ""N(1,0)"", ""B(1,0,S)"", ""E(4,0)"", ""N(5,0)"", ""B(5,0,S)"", ""B(6,0,S)"", ""B(6,0,E)"", ""B(0,1,W)"", ""E(3,1)"", ""N(4,1)"", ""B(6,1,E)"", ""N(0,2)"", ""E(0,2)"", ""B(0,2,W)"", ""E(3,2)"", ""N(5,2)"", ""E(5,2)"", ""B(6,2,E)"", ""B(0,3,W)"", ""E(1,3)"", ""N(2,3)"", ""E(2,3)"", ""E(3,3)"", ""E(4,3)"", ""B(6,3,E)"", ""N(0,4)"", ""E(0,4)"", ""B(0,4,W)"", ""N(1,4)"", ""E(1,4)"", ""N(3,4)"", ""E(3,4)"", ""E(4,4)"", ""E(5,4)"", ""B(6,4,E)"", ""B(0,5,W)"", ""N(1,5)"", ""E(2,5)"", ""E(4,5)"", ""N(5,5)"", ""E(5,5)"", ""N(6,5)"", ""B(6,5,E)"", ""B(0,6,N)"", ""B(0,6,W)"", ""B(1,6,N)"", ""E(1,6)"", ""B(2,6,N)"", ""E(2,6)"", ""B(3,6,N)"", ""E(3,6)"", ""B(4,6,N)"", ""B(5,6,N)"", ""B(6,6,N)"", ""B(6,6,E)""]",[],[]
core,0.08,12,,,,0.4,20,,1,,5,62,0.08064516129032258,0,0,0,"[""N(0,0)"", ""B(0,0,S)"", ""N(1,0)"", ""B(1,0,S)"", ""E(4,0)"", ""N(5,0)"", ""B(5,0,S)"", ""B(6,0,S)"", ""B(6,0,E)"", ""B(0,1,W)"", ""E(3,1)"", ""N(4,1)"", ""B(6,1,E)"", ""N(0,2)"", ""E(0,2)"", ""B(0,2,W)"", ""E(3,2)"", ""N(5,2)"", ""E(5,2)"", ""B(6,2,E)"", ""B(0,3,W)"", ""E(1,3)"", ""N(2,3)"", ""E(2,3)"", ""E(3,3)"", ""E(4,3)"", ""B(6,3,E)"", ""N(0,4)"", ""E(0,4)"", ""B(0,4,W)"", ""N(1,4)"", ""E(1,4)"", ""N(3,4)"", ""E(3,4)"", ""E(4,4)"", ""E(5,4)"", ""B(6,4,E)"", ""B(0,5,W)"", ""N(1,5)"", ""E(2,5)"", ""E(4,5)"", ""N(5,5)"", ""E(5,5)"", ""N(6,5)"", ""B(6,5,E)"", ""B(0,6,N)"", ""B(0,6,W)"", ""B(1,6,N)"", ""E(1,6)"", ""B(2,6,N)"", ""E(2,6)"", ""B(3,6,N)"", ""E(3,6)"", ""B(4,6,N)"", ""B(5,6,N)"", ""B(6,6,N)"", ""B(6,6,E)""]",[],[]
core,0.08,12,,,,0.4,35,,1,,5,62,0.08064516129032258,0,0,0,"[""N(0,0)"", ""B(0,0,S)"", ""N(1,0)"", ""B(1,0,S)"", ""E(4,0)"", ""N(5,0)"", ""B(5,0,S)"", ""B(6,0,S)"", ""B(6,0,E)"", ""B(0,1,W)"", ""E(3,1)"", ""N(4,1)"", ""B(6,1,E)"", ""N(0,2)"", ""E(0,2)"", ""B(0,2,W)"", ""E(3,2)"", ""N(5,2)"", ""E(5,2)"", ""B(6,2,E)"", ""B(0,3,W)"", ""E(1,3)"", ""N(2,3)"", ""E(2,3)"", ""E(3,3)"", ""E(4,3)"", ""B(6,3,E)"", ""N(0,4)"", ""E(0,4)"", ""B(0,4,W)"", ""N(1,4)"", ""E(1,4)"", ""N(3,4)"", ""E(3,4)"", ""E(4,4)"", ""E(5,4)"", ""B(6,4,E)"", ""B(0,5,W)"", ""N(1,5)"", ""E(2,5)"", ""E(4,5)"", ""N(5,5)"", ""E(5,5)"", ""N(6,5)"", ""B(6,5,E)"", ""B(0,6,N)"", ""B(0,6,W)"", ""B(1,6,N)"", ""E(1,6)"", ""B(2,6,N)"", ""E(2,6)"", ""B(3,6,N)"", ""E(3,6)"", ""B(4,6,N)"", ""B(5,6,N)"", ""B(6,6,N)"", ""B(6,6,E)""]",[],[]
core,0.08,12,,,,0.4,60,,1,,5,62,0.08064516129032258,0,0,0,"[""N(0,0)"", ""B(0,0,S)"", ""N(1,0)"", ""B(1,0,S)"", ""E(4,0)"", ""N(5,0)"", ""B(5,0,S)"", ""B(6,0,S)"", ""B(6,0,E)"", ""B(0,1,W)"", ""E(3,1)"", ""N(4,1)"", ""B(6,1,E)"", ""N(0,2)"", ""E(0,2)"", ""B(0,2,W)"", ""E(3,2)"", ""N(5,2)"", ""E(5,2)"", ""B(6,2,E)"", ""B(0,3,W)"", ""E(1,3)"", ""N(2,3)"", ""E(2,3)"", ""E(3,3)"", ""E(4,3)"", ""B(6,3,E)"", ""N(0,4)"", ""E(0,4)"", ""B(0,4,W)"", ""N(1,4)"", ""E(1,4)"", ""N(3,4)"", ""E(3,4)"", ""E(4,4)"", ""E(5,4)"", ""B(6,4,E)"", ""B(0,5,W)"", ""N(1,5)"", ""E(2,5)"", ""E(4,5)"", ""N(5,5)"", ""E(5,5)"", ""N(6,5)"", ""B(6,5,E)"", ""B(0,6,N)"", ""B(0,6,W)"", ""B(1,6,N)"", ""E(1,6)"", ""B(2,6,N)"", ""E(2,6)"", ""B(3,6,N)"", ""E(3,6)"", ""B(4,6,N)"", ""B(5,6,N)"", ""B(6,6,N)"", ""B(6,6,E)""]",[],[]
core,0.08,12,,,,0.4,85,,1,,5,62,0.08064516129032258,0,0,0,"[""N(0,0)"", ""B(0,0,S)"", ""N(1,0)"", ""B(1,0,S)"", ""E(4,0)"", ""N(5,0)"", ""B(5,0,S)"", ""B(6,0,S)"", ""B(6,0,E)"", ""B(0,1,W)"", ""E(3,1)"", ""N(4,1)"", ""B(6,1,E)"", ""N(0,2)"", ""E(0,2)"", ""B(0,2,W)"", ""E(3,2)"", ""N(5,2)"", ""E(5,2)"", ""B(6,2,E)"", ""B(0,3,W)"", ""E(1,3)"", ""N(2,3)"", ""E(2,3)"", ""E(3,3)"", ""E(4,3)"", ""B(6,3,E)"", ""N(0,4)"", ""E(0,4)"", ""B(0,4,W)"", ""N(1,4)"", ""E(1,4)"", ""N(3,4)"", ""E(3,4)"", ""E(4,4)"", ""E(5,4)"", ""B(6,4,E)"", ""B(0,5,W)"", ""N(1,5)"", ""E(2,5)"", ""E(4,5)"", ""N(5,5)"", ""E(5,5)"", ""N(6,5)"", ""B(6,5,E)"", ""B(0,6,N)"", ""B(0,6,W)"", ""B(1,6,N)"", ""E(1,6)"", ""B(2,6,N)"", ""E(2,6)"", ""B(3,6,N)"", ""E(3,6)"", ""B(4,6,N)"", ""B(5,6,N)"", ""B(6,6,N)"", ""B(6,6,E)""]",[],[]
core,0.08,12,,,,0.6,,,1,,8,62,0.12903225806451613,0,0,0,"[""N(0,0)"", ""B(0,0,S)"", ""N(1,0)"", ""N(5,0)"", ""B(5,0,S)"", ""B(6,0,S)"", ""B(6,0,E)"", ""B(0,1,W)"", ""N(4,1)"", ""B(6,1,E)"", ""N(0,2)"", ""E(0,2)"", ""B(0,2,W)"", ""E(3,2)"", ""N(5,2)"", ""E(5,2)"", ""B(6,2,E)"", ""B(0,3,W)"", ""E(1,3)"", ""N(2,3)"", ""E(2,3)"", ""E(3,3)"", ""E(4,3)"", ""B(6,3,E)"", ""N(0,4)"", ""E(0,4)"", ""B(0,4,W)"", ""N(1,4)"", ""E(1,4)"", ""N(3,4)"", ""E(3,4)"", ""E(4,4)"", ""E(5,4)"", ""B(6,4,E)"", ""B(0,5,W)"", ""N(1,5)"", ""E(2,5)"", ""E(4,5)"", ""N(5,5)"", ""E(5,5)"", ""N(6,5)"", ""B(6,5,E)"", ""B(0,6,N)"", ""B(0,6,W)"", ""B(1,6,N)"", ""E(1,6)"", ""B(2,6,N)"", ""E(2,6)"", ""B(3,6,N)"", ""E(3,6)"", ""B(4,6,N)"", ""B(5,6,N)"", ""B(6,6,N)"", ""B(6,6,E)""]",[],[]
core,0.08,12,,,,0.6,10,,1,,6,62,0.0967741935483871,0,0,0,"[""N(0,0)"", ""B(0,0,S)"", ""N(1,0)"", ""E(4,0)"", ""N(5,0)"", ""B(5,0,S)"", ""B(6,0,S)"", ""B(6,0,E)"", ""B(0,1,W)"", ""E(3,1)"", ""N(4,1)"", ""B(6,1,E)"", ""N(0,2)"", ""E(0,2)"", ""B(0,2,W)"", ""E(3,2)"", ""N(5,2)"", ""E(5,2)"", ""B(6,2,E)"", ""B(0,3,W)"", ""E(1,3)"", ""N(2,3)"", ""E(2,3)"", ""E(3,3)"", ""E(4,3)"", ""B(6,3,E)"", ""N(0,4)"", ""E(0,4)"", ""B(0,4,W)"", ""N(1,4)"", ""E(1,4)"", ""N(3,4)"", ""E(3,4)"", ""E(4,4)"", ""E(5,4)"", ""B(6,4,E)"", ""B(0,5,W)"", ""N(1,5)"", ""E(2,5)"", ""E(4,5)"", ""N(5,5)"", ""E(5,5)"", ""N(6,5)"", ""B(6,5,E)"", ""B(0,6,N)"", ""B(0,6,W)"", ""B(1,6,N)"", ""E(1,6)"", ""B(2,6,N)"", ""E(2,6)"", ""B(3,6,N)"", ""E(3,6)"", ""B(4,6,N)"", ""B(5,6,N)"", ""B(6,6,N)"", ""B(6,6,E)""]",[],[]
core,0.08,12,,,,0.6,20,,1,,6,62,0.0967741935483871,0,0,0,"[""N(0,0)"", ""B(0,0,S)"", ""N(1,0)"", ""E(4,0)"", ""N(5,0)"", ""B(5,0,S)"", ""B(6,0,S)"", ""B(6,0,E)"", ""B(0,1,W)"", ""E(3,1)"", ""N(4,1)"", ""B(6,1,E)"", ""N(0,2)"", ""E(0,2)"", ""B(0,2,W)"", ""E(3,2)"", ""N(5,2)"", ""E(5,2)"", ""B(6,2,E)"", ""B(0,3,W)"", ""E(1,3)"", ""N(2,3)"", ""E(2,3)"", ""E(3,3)"", ""E(4,3)"", ""B(6,3,E)"", ""N(0,4)"", ""E(0,4)"", ""B(0,4,W)"", ""N(1,4)"", ""E(1,4)"", ""N(3,4)"", ""E(3,4)"", ""E(4,4)"", ""E(5,4)"", ""B(6,4,E)"", ""B(0,5,W)"", ""N(1,5)"", ""E(2,5)"", ""E(4,5)"", ""N(5,5)"", ""E(5,5)"", ""N(6,5)"", ""B(6,5,E)"", ""B(0,6,N)"", ""B(0,6,W)"", ""B(1,6,N)"", ""E(1,6)"", ""B(2,6,N)"", ""E(2,6)"", ""B(3,6,N)"", ""E(3,6)"", ""B(4,6,N)"", ""B(5,6,N)"", ""B(6,6,N)"", ""B(6,6,E)""]",[],[]
core,0.08,12,,,,0.6,35,,1,,6,62,0.0967741935483871,0,0,0,"[""N(0,0)"", ""B(0,0,S)"", ""N(1,0)"", ""E(4,0)"", ""N(5,0)"", ""B(5,0,S)"", ""B(6,0,S)"", ""B(6,0,E)"", ""B(0,1,W)"", ""E(3,1)"", ""N(4,1)"", ""B(6,1,E)"", ""N(0,2)"", ""E(0,2)"", ""B(0,2,W)"", ""E(3,2)"", ""N(5,2)"", ""E(5,2)"", ""B(6,2,E)"", ""B(0,3,W)"", ""E(1,3)"", ""N(2,3)"", ""E(2,3)"", ""E(3,3)"", ""E(4,3)"", ""B(6,3,E)"", ""N(0,4)"", ""E(0,4)"", ""B(0,4,W)"", ""N(1,4)"", ""E(1,4)"", ""N(3,4)"", ""E(3,4)"", ""E(4,4)"", ""E(5,4)"", ""B(6,4,E)"", ""B(0,5,W)"", ""N(1,5)"", ""E(2,5)"", ""E(4,5)"", ""N(5,5)"", ""E(5,5)"", ""N(6,5)"", ""B(6,5,E)"", ""B(0,6,N)"", ""B(0,6,W)"", ""B(1,6,N)"", ""E(1,6)"", ""B(2,6,N)"", ""E(2,6)"", ""B(3,6,N)"", ""E(3,6)"", ""B(4,6,N)"", ""B(5,6,N)"", ""B(6,6,N)"", ""B(6,6,E)""]",[],[]
core,0.08,12,,,,0.6,60,,1,,6,62,0.0967741935483871,0,0,0,"[""N(0,0)"", ""B(0,0,S)"", ""N(1,0)"", ""E(4,0)"", ""N(5,0)"", ""B(5,0,S)"", ""B(6,0,S)"", ""B(6,0,E)"", ""B(0,1,W)"", ""E(3,1)"", ""N(4,1)"", ""B(6,1,E)"", ""N(0,2)"", ""E(0,2)"", ""B(0,2,W)"", ""E(3,2)"", ""N(5,2)"", ""E(5,2)"", ""B(6,2,E)"", ""B(0,3,W)"", ""E(1,3)"", ""N(2,3)"", ""E(2,3)"", ""E(3,3)"", ""E(4,3)"", ""B(6,3,E)"", ""N(0,4)"", ""E(0,4)"", ""B(0,4,W)"", ""N(1,4)"", ""E(1,4)"", ""N(3,4)"", ""E(3,4)"", ""E(4,4)"", ""E(5,4)"", ""B(6,4,E)"", ""B(0,5,W)"", ""N(1,5)"", ""E(2,5)"", ""E(4,5)"", ""N(5,5)"", ""E(5,5)"", ""N(6,5)"", ""B(6,5,E)"", ""B(0,6,N)"", ""B(0,6,W)"", ""B(1,6,N)"", ""E(1,6)"", ""B(2,6,N)"", ""E(2,6)"", ""B(3,6,N)"", ""E(3,6)"", ""B(4,6,N)"", ""B(5,6,N)"", ""B(6,6,N)"", ""B(6,6,E)""]",[],[]
core,0.08,12,,,,0.6,85,,1,,6,62,0.0967741935483871,0,0,0,"[""N(0,0)"", ""B(0,0,S)"", ""N(1,0)"", ""E(4,0)"", ""N(5,0)"", ""B(5,0,S)"", ""B(6,0,S)"", ""B(6,0,E)"", ""B(0,1,W)"", ""E(3,1)"", ""N(4,1)"", ""B(6,1,E)"", ""N(0,2)"", ""E(0,2)"", ""B(0,2,W)"", ""E(3,2)"", ""N(5,2)"", ""E(5,2)"", ""B(6,2,E)"", ""B(0,3,W)"", ""E(1,3)"", ""N(2,3)"", ""E(2,3)"", ""E(3,3)"", ""E(4,3)"", ""B(6,3,E)"", ""N(0,4)"", ""E(0,4)"", ""B(0,4,W)"", ""N(1,4)"", ""E(1,4)"", ""N(3,4)"", ""E(3,4)"", ""E(4,4)"", ""E(5,4)"", ""B(6,4,E)"", ""B(0,5,W)"", ""N(1,5)"", ""E(2,5)"", ""E(4,5)"", ""N(5,5)"", ""E(5,5)"", ""N(6,5)"", ""B(6,5,E)"", ""B(0,6,N)"", ""B(0,6,W)"", ""B(1,6,N)"", ""E(1,6)"", ""B(2,6,N)"", ""E(2,6)"", ""B(3,6,N)"", ""E(3,6)"", ""B(4,6,N)"", ""B(5,6,N)"", ""B(6,6,N)"", ""B(6,6,E)""]",[],[]
core,0.08,12,,,,1.2,,,1,,9,62,0.14516129032258066,0,0,0,"[""N(0,0)"", ""B(0,0,S)"", ""N(1,0)"", ""N(5,0)"", ""B(5,0,S)"", ""B(6,0,S)"", ""B(6,0,E)"", ""B(0,1,W)"", ""N(4,1)"", ""B(6,1,E)"", ""N(0,2)"", ""E(0,2)"", ""B(0,2,W)"", ""E(3,2)"", ""N(5,2)"", ""E(5,2)"", ""B(6,2,E)"", ""B(0,3,W)"", ""N(2,3)"", ""E(2,3)"", ""E(3,3)"", ""E(4,3)"", ""B(6,3,E)"", ""N(0,4)"", ""E(0,4)"", ""B(0,4,W)"", ""N(1,4)"", ""E(1,4)"", ""N(3,4)"", ""E(3,4)"", ""E(4,4)"", ""E(5,4)"", ""B(6,4,E)"", ""B(0,5,W)"", ""N(1,5)"", ""E(2,5)"", ""E(4,5)"", ""N(5,5)"", ""E(5,5)"", ""N(6,5)"", ""B(6,5,E)"", ""B(0,6,N)"", ""B(0,6,W)"", ""B(1,6,N)"", ""E(1,6)"", ""B(2,6,N)"", ""E(2,6)"", ""B(3,6,N)"", ""E(3,6)"", ""B(4,6,N)"", ""B(5,6,N)"", ""B(6,6,N)"", ""B(6,6,E)""]",[],[]
core,0.08,12,,,,1.2,10,,1,,6,62,0.0967741935483871,0,0,0,"[""N(0,0)"", ""B(0,0,S)"", ""N(1,0)"", ""E(4,0)"", ""N(5,0)"", ""B(5,0,S)"", ""B(6,0,S)"", ""B(6,0,E)"", ""B(0,1,W)"", ""E(3,1)"", ""N(4,1)"", ""B(6,1,E)"", ""N(0,2)"", ""E(0,2)"", ""B(0,2,W)"", ""E(3,2)"", ""N(5,2)"", ""E(5,2)"", ""B(6,2,E)"", ""B(0,3,W)"", ""E(1,3)"", ""N(2,3)"", ""E(2,3)"", ""E(3,3)"", ""E(4,3)"", ""B(6,3,E)"", ""N(0,4)"", ""E(0,4)"", ""B(0,4,W)"", ""N(1,4)"", ""E(1,4)"", ""N(3,4)"", ""E(3,4)"", ""E(4,4)"", ""E(5,4)"", ""B(6,4,E)"", ""B(0,5,W)"", ""N(1,5)"", ""E(2,5)"", ""E(4,5)"", ""N(5,5)"", ""E(5,5)"", ""N(6,5)"", ""B(6,5,E)"", ""B(0,6,N)"", ""B(0,6,W)"", ""B(1,6,N)"", ""E(1,6)"", ""B(2,6,N)"", ""E(2,6)"", ""B(3,6,N)"", ""E(3,6)"", ""B(4,6,N)"", ""B(5,6,N)"", ""B(6,6,N)"", ""B(6,6,E)""]",[],[]
core,0.08,12,,,,1.2,20,,1,,6,62,0.0967741935483871,0,0,0,"[""N(0,0)"", ""B(0,0,S)"", ""N(1,0)"", ""E(4,0)"", ""N(5,0)"", ""B(5,0,S)"", ""B(6,0,S)"", ""B(6,0,E)"", ""B(0,1,W)"", ""E(3,1)"", ""N(4,1)"", ""B(6,1,E)"", ""N(0,2)"", ""E(0,2)"", ""B(0,2,W)"", ""E(3,2)"", ""N(5,2)"", ""E(5,2)"", ""B(6,2,E)"", ""B(0,3,W)"", ""E(1,3)"", ""N(2,3)"", ""E(2,3)"", ""E(3,3)"", ""E(4,3)"", ""B(6,3,E)"", ""N(0,4)"", ""E(0,4)"", ""B(0,4,W)"", ""N(1,4)"", ""E(1,4)"", ""N(3,4)"", ""E(3,4)"", ""E(4,4)"", ""E(5,4)"", ""B(6,4,E)"", ""B(0,5,W)"", ""N(1,5)"", ""E(2,5)"", ""E(4,5)"", ""N(5,5)"", ""E(5,5)"", ""N(6,5)"", ""B(6,5,E)"", ""B(0,6,N)"", ""B(0,6,W)"", ""B(1,6,N)"", ""E(1,6)"", ""B(2,6,N)"", ""E(2,6)"", ""B(3,6,N)"", ""E(3,6)"", ""B(4,6,N)"", ""B(5,6,N)"", ""B(6,6,N)"", ""B(6,6,E)""]",[],[]
core,0.08,12,,,,1.2,35,,1,,6,62,0.0967741935483871,0,0,0,"[""N(0,0)"", ""B(0,0,S)"", ""N(1,0)"", ""E(4,0)"", ""N(5,0)"", ""B(5,0,S)"", ""B(6,0,S)"", ""B(6,0,E)"", ""B(0,1,W)"", ""E(3,1)"", ""N(4,1)"", ""B(6,1,E)"", ""N(0,2)"", ""E(0,2)"", ""B(0,2,W)"", ""E(3,2)"", ""N(5,2)"", ""E(5,2)"", ""B(6,2,E)"", ""B(0,3,W)"", ""E(1,3)"", ""N(2,3)"", ""E(2,3)"", ""E(3,3)"", ""E(4,3)"", ""B(6,3,E)"", ""N(0,4)"", ""E(0,4)"", ""B(0,4,W)"", ""N(1,4)"", ""E(1,4)"", ""N(3,4)"", ""E(3,4)"", ""E(4,4)"", ""E(5,4)"", ""B(6,4,E)"", ""B(0,5,W)"", ""N(1,5)"", ""E(2,5)"", ""E(4,5)"", ""N(5,5)"", ""E(5,5)"", ""N(6,5)"", ""B(6,5,E)"", ""B(0,6,N)"", ""B(0,6,W)"", ""B(1,6,N)"", ""E(1,6)"", ""B(2,6,N)"", ""E(2,6)"", ""B(3,6,N)"", ""E(3,6)"", ""B(4,6,N)"", ""B(5,6,N)"", ""B(6,6,N)"", ""B(6,6,E)""]",[],[]
core,0.08,12,,,,1.2,60,,1,,6,62,0.0967741935483871,0,0,0,"[""N(0,0)"", ""B(0,0,S)"", ""N(1,0)"", ""E(4,0)"", ""N(5,0)"", ""B(5,0,S)"", ""B(6,0,S)"", ""B(6,0,E)"", ""B(0,1,W)"", ""E(3,1)"", ""N(4,1)"", ""B(6,1,E)"", ""N(0,2)"", ""E(0,2)"", ""B(0,2,W)"", ""E(3,2)"", ""N(5,2)"", ""E(5,2)"", ""B(6,2,E)"", ""B(0,3,W)"", ""E(1,3)"", ""N(2,3)"", ""E(2,3)"", ""E(3,3)"", ""E(4,3)"", ""B(6,3,E)"", ""N(0,4)"", ""E(0,4)"", ""B(0,4,W)"", ""N(1,4)"", ""E(1,4)"", ""N(3,4)"", ""E(3,4)"", ""E(4,4)"", ""E(5,4)"", ""B(6,4,E)"", ""B(0,5,W)"", ""N(1,5)"", ""E(2,5)"", ""E(4,5)"", ""N(5,5)"", ""E(5,5)"", ""N(6,5)"", ""B(6,5,E)"", ""B(0,6,N)"", ""B(0,6,W)"", ""B(1,6,N)"", ""E(1,6)"", ""B(2,6,N)"", ""E(2,6)"", ""B(3,6,N)"", ""E(3,6)"", ""B(4,6,N)"", ""B(5,6,N)"", ""B(6,6,N)"", ""B(6,6,E)""]",[],[]
core,0.08,12,,,,1.2,85,,1,,6,62,0.0967741935483871,0,0,0,"[""N(0,0)"", ""B(0,0,S)"", ""N(1,0)"", ""E(4,0)"", ""N(5,0)"", ""B(5,0,S)"", ""B(6,0,S)"", ""B(6,0,E)"", ""B(0,1,W)"", ""E(3,1)"", ""N(4,1)"", ""B(6,1,E)"", ""N(0,2)"", ""E(0,2)"", ""B(0,2,W)"", ""E(3,2)"", ""N(5,2)"", ""E(5,2)"", ""B(6,2,E)"", ""B(0,3,W)"", ""E(1,3)"", ""N(2,3)"", ""E(2,3)"", ""E(3,3)"", ""E(4,3)"", ""B(6,3,E)"", ""N(0,4)"", ""E(0,4)"", ""B(0,4,W)"", ""N(1,4)"", ""E(1,4)"", ""N(3,4)"", ""E(3,4)"", ""E(4,4)"", ""E(5,4)"", ""B(6,4,E)"", ""B(0,5,W)"", ""N(1,5)"", ""E(2,5)"", ""E(4,5)"", ""N(5,5)"", ""E(5,5)"", ""N(6,5)"", ""B(6,5,E)"", ""B(0,6,N)"", ""B(0,6,W)"", ""B(1,6,N)"", ""E(1,6)"", ""B(2,6,N)"", ""E(2,6)"", ""B(3,6,N)"", ""E(3,6)"", ""B(4,6,N)"", ""B(5,6,N)"", ""B(6,6,N)"", ""B(6,6,E)""]",[],[]
core,0.08,12,,,,2.0,,,1,,10,62,0.16129032258064516,0,0,0,"[""N(0,0)"", ""B(0,0,S)"", ""N(1,0)"", ""N(5,0)"", ""B(5,0,S)"", ""B(6,0,S)"", ""B(6,0,E)"", ""B(0,1,W)"", ""N(4,1)"", ""B(6,1,E)"", ""N(0,2)"", ""E(0,2)"", ""B(0,2,W)"", ""E(3,2)"", ""N(5,2)"", ""E(5,2)"", ""B(6,2,E)"", ""B(0,3,W)"", ""N(2,3)"", ""E(2,3)"", ""E(3,3)"", ""E(4,3)"", ""B(6,3,E)"", ""N(0,4)"", ""E(0,4)"", ""N(1,4)"", ""E(1,4)"", ""N(3,4)"", ""E(3,4)"", ""E(4,4)"", ""E(5,4)"", ""B(6,4,E)"", ""B(0,5,W)"", ""N(1,5)"", ""E(2,5)"", ""E(4,5)"", ""N(5,5)"", ""E(5,5)"", ""N(6,5)"", ""B(6,5,E)"", ""B(0,6,N)"", ""B(0,6,W)"", ""B(1,6,N)"", ""E(1,6)"", ""B(2,6,N)"", ""E(2,6)"", ""B(3,6,N)"", ""E(3,6)"", ""B(4,6,N)"", ""B(5,6,N)"", ""B(6,6,N)"", ""B(6,6,E)""]",[],[]
core,0.08,12,,,,2.0,10,,1,,6,62,0.0967741935483871,0,0,0,"[""N(0,0)"", ""B(0,0,S)"", ""N(1,0)"", ""E(4,0)"", ""N(5,0)"", ""B(5,0,S)"", ""B(6,0,S)"", ""B(6,0,E)"", ""B(0,1,W)"", ""E(3,1)"", ""N(4,1)"", ""B(6,1,E)"", ""N(0,2)"", ""E(0,2)"", ""B(0,2,W)"", ""E(3,2)"", ""N(5,2)"", ""E(5,2)"", ""B(6,2,E)"", ""B(0,3,W)"", ""E(1,3)"", ""N(2,3)"", ""E(2,3)"", ""E(3,3)"", ""E(4,3)"", ""B(6,3,E)"", ""N(0,4)"", ""E(0,4)"", ""B(0,4,W)"", ""N(1,4)"", ""E(1,4)"", ""N(3,4)"", ""E(3,4)"", ""E(4,4)"", ""E(5,4)"", ""B(6,4,E)"", ""B(0,5,W)"", ""N(1,5)"", ""E(2,5)"", ""E(4,5)"", ""N(5,5)"", ""E(5,5)"", ""N(6,5)"", ""B(6,5,E)"", ""B(0,6,N)"", ""B(0,6,W)"", ""B(1,6,N)"", ""E(1,6)"", ""B(2,6,N)"", ""E(2,6)"", ""B(3,6,N)"", ""E(3,6)"", ""B(4,6,N)"", ""B(5,6,N)"", ""B(6,6,N)"", ""B(6,6,E)""]",[],[]
core,0.08,12,,,,2.0,20,,1,,6,62,0.0967741935483871,0,0,0,"[""N(0,0)"", ""B(0,0,S)"", ""N(1,0)"", ""E(4,0)"", ""N(5,0)"", ""B(5,0,S)"", ""B(6,0,S)"", ""B(6,0,E)"", ""B(0,1,W)"", ""E(3,1)"", ""N(4,1)"", ""B(6,1,E)"", ""N(0,2)"", ""E(0,2)"", ""B(0,2,W)"", ""E(3,2)"", ""N(5,2)"", ""E(5,2)"", ""B(6,2,E)"", ""B(0,3,W)"", ""E(1,3)"", ""N(2,3)"", ""E(2,3)"", ""E(3,3)"", ""E(4,3)"", ""B(6,3,E)"", ""N(0,4)"", ""E(0,4)"", ""B(0,4,W)"", ""N(1,4)"", ""E(1,4)"", ""N(3,4)"", ""E(3,4)"", ""E(4,4)"", ""E(5,4)"", ""B(6,4,E)"", ""B(0,5,W)"", ""N(1,5)"", ""E(2,5)"", ""E(4,5)"", ""N(5,5)"", ""E(5,5)"", ""N(6,5)"", ""B(6,5,E)"", ""B(0,6,N)"", ""B(0,6,W)"", ""B(1,6,N)"", ""E(1,6)"", ""B(2,6,N)"", ""E(2,6)"", ""B(3,6,N)"", ""E(3,6)"", ""B(4,6,N)"", ""B(5,6,N)"", ""B(6,6,N)"", ""B(6,6,E)""]",[],[]
core,0.08,12,,,,2.0,35,,1,,6,62,0.0967741935483871,0,0,0,"[""N(0,0)"", ""B(0,0,S)"", ""N(1,0)"", ""E(4,0)"", ""N(5,0)"", ""B(5,0,S)"", ""B(6,0,S)"", ""B(6,0,E)"", ""B(0,1,W)"", ""E(3,1)"", ""N(4,1)"", ""B(6,1,E)"", ""N(0,2)"", ""E(0,2)"", ""B(0,2,W)"", ""E(3,2)"", ""N(5,2)"", ""E(5,2)"", ""B(6,2,E)"", ""B(0,3,W)"", ""E(1,3)"", ""N(2,3)"", ""E(2,3)"", ""E(3,3)"", ""E(4,3)"", ""B(6,3,E)"", ""N(0,4)"", ""E(0,4)"", ""B(0,4,W)"", ""N(1,4)"", ""E(1,4)"", ""N(3,4)"", ""E(3,4)"", ""E(4,4)"", ""E(5,4)"", ""B(6,4,E)"", ""B(0,5,W)"", ""N(1,5)"", ""E(2,5)"", ""E(4,5)"", ""N(5,5)"", ""E(5,5)"", ""N(6,5)"", ""B(6,5,E)"", ""B(0,6,N)"", ""B(0,6,W)"", ""B(1,6,N)"", ""E(1,6)"", ""B(2,6,N)"", ""E(2,6)"", ""B(3,6,N)"", ""E(3,6)"", ""B(4,6,N)"", ""B(5,6,N)"", ""B(6,6,N)"", ""B(6,6,E)""]",[],[]
core,0.08,12,,,,2.0,60,,1,,6,62,0.0967741935483871,0,0,0,"[""N(0,0)"", ""B(0,0,S)"", ""N(1,0)"", ""E(4,0)"", ""N(5,0)"", ""B(5,0,S)"", ""B(6,0,S)"", ""B(6,0,E)"", ""B(0,1,W)"", ""E(3,1)"", ""N(4,1)"", ""B(6,1,E)"", ""N(0,2)"", ""E(0,2)"", ""B(0,2,W)"", ""E(3,2)"", ""N(5,2)"", ""E(5,2)"", ""B(6,2,E)"", ""B(0,3,W)"", ""E(1,3)"", ""N(2,3)"", ""E(2,3)"", ""E(3,3)"", ""E(4,3)"", ""B(6,3,E)"", ""N(0,4)"", ""E(0,4)"", ""B(0,4,W)"", ""N(1,4)"", ""E(1,4)"", ""N(3,4)"", ""E(3,4)"", ""E(4,4)"", ""E(5,4)"", ""B(6,4,E)"", ""B(0,5,W)"", ""N(1,5)"", ""E(2,5)"", ""E(4,5)"", ""N(5,5)"", ""E(5,5)"", ""N(6,5)"", ""B(6,5,E)"", ""B(0,6,N)"", ""B(0,6,W)"", ""B(1,6,N)"", ""E(1,6)"", ""B(2,6,N)"", ""E(2,6)"", ""B(3,6,N)"", ""E(3,6)"", ""B(4,6,N)"", ""B(5,6,N)"", ""B(6,6,N)"", ""B(6,6,E)""]",[],[]
core,0.08,12,,,,2.0,85,,1,,6,62,0.0967741935483871,0,0,0,"[""N(0,0)"", ""B(0,0,S)"", ""N(1,0)"", ""E(4,0)"", ""N(5,0)"", ""B(5,0,S)"", ""B(6,0,S)"", ""B(6,0,E)"", ""B(0,1,W)"", ""E(3,1)"", ""N(4,1)"", ""B(6,1,E)"", ""N(0,2)"", ""E(0,2)"", ""B(0,2,W)"", ""E(3,2)"", ""N(5,2)"", ""E(5,2)"", ""B(6,2,E)"", ""B(0,3,W)"", ""E(1,3)"", ""N(2,3)"", ""E(2,3)"", ""E(3,3)"", ""E(4,3)"", ""B(6,3,E)"", ""N(0,4)"", ""E(0,4)"", ""B(0,4,W)"", ""N(1,4)"", ""E(1,4)"", ""N(3,4)"", ""E(3,4)"", ""E(4,4)"", ""E(5,4)"", ""B(6,4,E)"", ""B(0,5,W)"", ""N(1,5)"", ""E(2,5)"", ""E(4,5)"", ""N(5,5)"", ""E(5,5)"", ""N(6,5)"", ""B(6,5,E)"", ""B(0,6,N)"", ""B(0,6,W)"", ""B(1,6,N)"", ""E(1,6)"", ""B(2,6,N)"", ""E(2,6)"", ""B(3,6,N)"", ""E(3,6)"", ""B(4,6,N)"", ""B(5,6,N)"", ""B(6,6,N)"", ""B(6,6,E)""]",[],[]
core,0.08,12,,,,,,,1,,10,62,0.16129032258064516,0,0,0,"[""N(0,0)"", ""B(0,0,S)"", ""N(1,0)"", ""N(5,0)"", ""B(5,0,S)"", ""B(6,0,S)"", ""B(6,0,E)"", ""B(0,1,W)"", ""N(4,1)"", ""B(6,1,E)"", ""N(0,2)"", ""E(0,2)"", ""B(0,2,W)"", ""E(3,2)"", ""N(5,2)"", ""E(5,2)"", ""B(6,2,E)"", ""B(0,3,W)"", ""N(2,3)"", ""E(2,3)"", ""E(3,3)"", ""E(4,3)"", ""B(6,3,E)"", ""N(0,4)"", ""E(0,4)"", ""N(1,4)"", ""E(1,4)"", ""N(3,4)"", ""E(3,4)"", ""E(4,4)"", ""E(5,4)"", ""B(6,4,E)"", ""B(0,5,W)"", ""N(1,5)"", ""E(2,5)"", ""E(4,5)"", ""N(5,5)"", ""E(5,5)"", ""N(6,5)"", ""B(6,5,E)"", ""B(0,6,N)"", ""B(0,6,W)"", ""B(1,6,N)"", ""E(1,6)"", ""B(2,6,N)"", ""E(2,6)"", ""B(3,6,N)"", ""E(3,6)"", ""B(4,6,N)"", ""B(5,6,N)"", ""B(6,6,N)"", ""B(6,6,E)""]",[],[]
core,0.08,12,,,,,10,,1,,6,62,0.0967741935483871,0,0,0,"[""N(0,0)"", ""B(0,0,S)"", ""N(1,0)"", ""E(4,0)"", ""N(5,0)"", ""B(5,0,S)"", ""B(6,0,S)"", ""B(6,0,E)"", ""B(0,1,W)"", ""E(3,1)"", ""N(4,1)"", ""B(6,1,E)"", ""N(0,2)"", ""E(0,2)"", ""B(0,2,W)"", ""E(3,2)"", ""N(5,2)"", ""E(5,2)"", ""B(6,2,E)"", ""B(0,3,W)"", ""E(1,3)"", ""N(2,3)"", ""E(2,3)"", ""E(3,3)"", ""E(4,3)"", ""B(6,3,E)"", ""N(0,4)"", ""E(0,4)"", ""B(0,4,W)"", ""N(1,4)"", ""E(1,4)"", ""N(3,4)"", ""E(3,4)"", ""E(4,4)"", ""E(5,4)"", ""B(6,4,E)"", ""B(0,5,W)"", ""N(1,5)"", ""E(2,5)"", ""E(4,5)"", ""N(5,5)"", ""E(5,5)"", ""N(6,5)"", ""B(6,5,E)"", ""B(0,6,N)"", ""B(0,6,W)"", ""B(1,6,N)"", ""E(1,6)"", ""B(2,6,N)"", ""E(2,6)"", ""B(3,6,N)"", ""E(3,6)"", ""B(4,6,N)"", ""B(5,6,N)"", ""B(6,6,N)"", ""B(6,6,E)""]",[],[]
core,0.08,12,,,,,20,,1,,6,62,0.0967741935483871,0,0,0,"[""N(0,0)"", ""B(0,0,S)"", ""N(1,0)"", ""E(4,0)"", ""N(5,0)"", ""B(5,0,S)"", ""B(6,0,S)"", ""B(6,0,E)"", ""B(0,1,W)"", ""E(3,1)"", ""N(4,1)"", ""B(6,1,E)"", ""N(0,2)"", ""E(0,2)"", ""B(0,2,W)"", ""E(3,2)"", ""N(5,2)"", ""E(5,2)"", ""B(6,2,E)"", ""B(0,3,W)"", ""E(1,3)"", ""N(2,3)"", ""E(2,3)"", ""E(3,3)"", ""E(4,3)"", ""B(6,3,E)"", ""N(0,4)"", ""E(0,4)"", ""B(0,4,W)"", ""N(1,4)"", ""E(1,4)"", ""N(3,4)"", ""E(3,4)"", ""E(4,4)"", ""E(5,4)"", ""B(6,4,E)"", ""B(0,5,W)"", ""N(1,5)"", ""E(2,5)"", ""E(4,5)"", ""N(5,5)"", ""E(5,5)"", ""N(6,5)"", ""B(6,5,E)"", ""B(0,6,N)"", ""B(0,6,W)"", ""B(1,6,N)"", ""E(1,6)"", ""B(2,6,N)"", ""E(2,6)"", ""B(3,6,N)"", ""E(3,6)"", ""B(4,6,N)"", ""B(5,6,N)"", ""B(6,6,N)"", ""B(6,6,E)""]",[],[]
core,0.08,12,,,,,35,,1,,6,62,0.0967741935483871,0,0,0,"[""N(0,0)"", ""B(0,0,S)"", ""N(1,0)"", ""E(4,0)"", ""N(5,0)"", ""B(5,0,S)"", ""B(6,0,S)"", ""B(6,0,E)"", ""B(0,1,W)"", ""E(3,1)"", ""N(4,1)"", ""B(6,1,E)"", ""N(0,2)"", ""E(0,2)"", ""B(0,2,W)"", ""E(3,2)"", ""N(5,2)"", ""E(5,2)"", ""B(6,2,E)"", ""B(0,3,W)"", ""E(1,3)"", ""N(2,3)"", ""E(2,3)"", ""E(3,3)"", ""E(4,3)"", ""B(6,3,E)"", ""N(0,4)"", ""E(0,4)"", ""B(0,4,W)"", ""N(1,4)"", ""E(1,4)"", ""N(3,4)"", ""E(3,4)"", ""E(4,4)"", ""E(5,4)"", ""B(6,4,E)"", ""B(0,5,W)"", ""N(1,5)"", ""E(2,5)"", ""E(4,5)"", ""N(5,5)"", ""E(5,5)"", ""N(6,5)"", ""B(6,5,E)"", ""B(0,6,N)"", ""B(0,6,W)"", ""B(1,6,N)"", ""E(1,6)"", ""B(2,6,N)"", ""E(2,6)"", ""B(3,6,N)"", ""E(3,6)"", ""B(4,6,N)"", ""B(5,6,N)"", ""B(6,6,N)"", ""B(6,6,E)""]",[],[]
core,0.08,12,,,,,60,,1,,6,62,0.0967741935483871,0,0,0,"[""N(0,0)"", ""B(0,0,S)"", ""N(1,0)"", ""E(4,0)"", ""N(5,0)"", ""B(5,0,S)"", ""B(6,0,S)"", ""B(6,0,E)"", ""B(0,1,W)"", ""E(3,1)"", ""N(4,1)"", ""B(6,1,E)"", ""N(0,2)"", ""E(0,2)"", ""B(0,2,W)"", ""E(3,2)"", ""N(5,2)"", ""E(5,2)"", ""B(6,2,E)"", ""B(0,3,W)"", ""E(1,3)"", ""N(2,3)"", ""E(2,3)"", ""E(3,3)"", ""E(4,3)"", ""B(6,3,E)"", ""N(0,4)"", ""E(0,4)"", ""B(0,4,W)"", ""N(1,4)"", ""E(1,4)"", ""N(3,4)"", ""E(3,4)"", ""E(4,4)"", ""E(5,4)"", ""B(6,4,E)"", ""B(0,5,W)"", ""N(1,5)"", ""E(2,5)"", ""E(4,5)"", ""N(5,5)"", ""E(5,5)"", ""N(6,5)"", ""B(6,5,E)"", ""B(0,6,N)"", ""B(0,6,W)"", ""B(1,6,N)"", ""E(1,6)"", ""B(2,6,N)"", ""E(2,6)"", ""B(3,6,N)"", ""E(3,6)"", ""B(4,6,N)"", ""B(5,6,N)"", ""B(6,6,N)"", ""B(6,6,E)""]",[],[]
core,0.08,12,,,,,85,,1,,6,62,0.0967741935483871,0,0,0,"[""N(0,0)"", ""B(0,0,S)"", ""N(1,0)"", ""E(4,0)"", ""N(5,0)"", ""B(5,0,S)"", ""B(6,0,S)"", ""B(6,0,E)"", ""B(0,1,W)"", ""E(3,1)"", ""N(4,1)"", ""B(6,1,E)"", ""N(0,2)"", ""E(0,2)"", ""B(0,2,W)"", ""E(3,2)"", ""N(5,2)"", ""E(5,2)"", ""B(6,2,E)"", ""B(0,3,W)"", ""E(1,3)"", ""N(2,3)"", ""E(2,3)"", ""E(3,3)"", ""E(4,3)"", ""B(6,3,E)"", ""N(0,4)"", ""E(0,4)"", ""B(0,4,W)"", ""N(1,4)"", ""E(1,4)"", ""N(3,4)"", ""E(3,4)"", ""E(4,4)"", ""E(5,4)"", ""B(6,4,E)"", ""B(0,5,W)"", ""N(1,5)"", ""E(2,5)"", ""E(4,5)"", ""N(5,5)"", ""E(5,5)"", ""N(6,5)"", ""B(6,5,E)"", ""B(0,6,N)"", ""B(0,6,W)"", ""B(1,6,N)"", ""E(1,6)"", ""B(2,6,N)"", ""E(2,6)"", ""B(3,6,N)"", ""E(3,6)"", ""B(4,6,N)"", ""B(5,6,N)"", ""B(6,6,N)"", ""B(6,6,E)""]",[],[]
core,0.08,12,,,,,,0.03,1,,10,62,0.16129032258064516,0,0,0,"[""N(0,0)"", ""B(0,0,S)"", ""N(1,0)"", ""N(5,0)"", ""B(5,0,S)"", ""B(6,0,S)"", ""B(6,0,E)"", ""B(0,1,W)"", ""N(4,1)"", ""B(6,1,E)"", ""N(0,2)"", ""E(0,2)"", ""B(0,2,W)"", ""E(3,2)"", ""N(5,2)"", ""E(5,2)"", ""B(6,2,E)"", ""B(0,3,W)"", ""N(2,3)"", ""E(2,3)"", ""E(3,3)"", ""E(4,3)"", ""B(6,3,E)"", ""N(0,4)"", ""E(0,4)"", ""N(1,4)"", ""E(1,4)"", ""N(3,4)"", ""E(3,4)"", ""E(4,4)"", ""E(5,4)"", ""B(6,4,E)"", ""B(0,5,W)"", ""N(1,5)"", ""E(2,5)"", ""E(4,5)"", ""N(5,5)"", ""E(5,5)"", ""N(6,5)"", ""B(6,5,E)"", ""B(0,6,N)"", ""B(0,6,W)"", ""B(1,6,N)"", ""E(1,6)"", ""B(2,6,N)"", ""E(2,6)"", ""B(3,6,N)"", ""E(3,6)"", ""B(4,6,N)"", ""B(5,6,N)"", ""B(6,6,N)"", ""B(6,6,E)""]",[],[]
core,0.08,12,,,,,,0.03,1,0.01,10,62,0.16129032258064516,0,0,0,"[""N(0,0)"", ""B(0,0,S)"", ""N(1,0)"", ""N(5,0)"", ""B(5,0,S)"", ""B(6,0,S)"", ""B(6,0,E)"", ""B(0,1,W)"", ""N(4,1)"", ""B(6,1,E)"", ""N(0,2)"", ""E(0,2)"", ""B(0,2,W)"", ""E(3,2)"", ""N(5,2)"", ""E(5,2)"", ""B(6,2,E)"", ""B(0,3,W)"", ""N(2,3)"", ""E(2,3)"", ""E(3,3)"", ""E(4,3)"", ""B(6,3,E)"", ""N(0,4)"", ""E(0,4)"", ""N(1,4)"", ""E(1,4)"", ""N(3,4)"", ""E(3,4)"", ""E(4,4)"", ""E(5,4)"", ""B(6,4,E)"", ""B(0,5,W)"", ""N(1,5)"", ""E(2,5)"", ""E(4,5)"", ""N(5,5)"", ""E(5,5)"", ""N(6,5)"", ""B(6,5,E)"", ""B(0,6,N)"", ""B(0,6,W)"", ""B(1,6,N)"", ""E(1,6)"", ""B(2,6,N)"", ""E(2,6)"", ""B(3,6,N)"", ""E(3,6)"", ""B(4,6,N)"", ""B(5,6,N)"", ""B(6,6,N)"", ""B(6,6,E)""]",[],[]
core,0.08,12,,,,,,0.03,1,0.02,10,62,0.16129032258064516,0,0,0,"[""N(0,0)"", ""B(0,0,S)"", ""N(1,0)"", ""N(5,0)"", ""B(5,0,S)"", ""B(6,0,S)"", ""B(6,0,E)"", ""B(0,1,W)"", ""N(4,1)"", ""B(6,1,E)"", ""N(0,2)"", ""E(0,2)"", ""B(0,2,W)"", ""E(3,2)"", ""N(5,2)"", ""E(5,2)"", ""B(6,2,E)"", ""B(0,3,W)"", ""N(2,3)"", ""E(2,3)"", ""E(3,3)"", ""E(4,3)"", ""B(6,3,E)"", ""N(0,4)"", ""E(0,4)"", ""N(1,4)"", ""E(1,4)"", ""N(3,4)"", ""E(3,4)"", ""E(4,4)"", ""E(5,4)"", ""B(6,4,E)"", ""B(0,5,W)"", ""N(1,5)"", ""E(2,5)"", ""E(4,5)"", ""N(5,5)"", ""E(5,5)"", ""N(6,5)"", ""B(6,5,E)"", ""B(0,6,N)"", ""B(0,6,W)"", ""B(1,6,N)"", ""E(1,6)"", ""B(2,6,N)"", ""E(2,6)"", ""B(3,6,N)"", ""E(3,6)"", ""B(4,6,N)"", ""B(5,6,N)"", ""B(6,6,N)"", ""B(6,6,E)""]",[],[]
core,0.08,12,,,,,,0.03,1,0.04,10,62,0.16129032258064516,0,0,0,"[""N(0,0)"", ""B(0,0,S)"", ""N(1,0)"", ""N(5,0)"", ""B(5,0,S)"", ""B(6,0,S)"", ""B(6,0,E)"", ""B(0,1,W)"", ""N(4,1)"", ""B(6,1,E)"", ""N(0,2)"", ""E(0,2)"", ""B(0,2,W)"", ""E(3,2)"", ""N(5,2)"", ""E(5,2)"", ""B(6,2,E)"", ""B(0,3,W)"", ""N(2,3)"", ""E(2,3)"", ""E(3,3)"", ""E(4,3)"", ""B(6,3,E)"", ""N(0,4)"", ""E(0,4)"", ""N(1,4)"", ""E(1,4)"", ""N(3,4)"", ""E(3,4)"", ""E(4,4)"", ""E(5,4)"", ""B(6,4,E)"", ""B(0,5,W)"", ""N(1,5)"", ""E(2,5)"", ""E(4,5)"", ""N(5,5)"", ""E(5,5)"", ""N(6,5)"", ""B(6,5,E)"", ""B(0,6,N)"", ""B(0,6,W)"", ""B(1,6,N)"", ""E(1,6)"", ""B(2,6,N)"", ""E(2,6)"", ""B(3,6,N)"", ""E(3,6)"", ""B(4,6,N)"", ""B(5,6,N)"", ""B(6,6,N)"", ""B(6,6,E)""]",[],[]
core,0.08,12,,,,,,0.03,2,,10,62,0.16129032258064516,0,0,0,"[""N(0,0)"", ""B(0,0,S)"", ""N(1,0)"", ""N(5,0)"", ""B(5,0,S)"", ""B(6,0,S)"", ""B(6,0,E)"", ""B(0,1,W)"", ""N(4,1)"", ""B(6,1,E)"", ""N(0,2)"", ""E(0,2)"", ""B(0,2,W)"", ""E(3,2)"", ""N(5,2)"", ""E(5,2)"", ""B(6,2,E)"", ""B(0,3,W)"", ""N(2,3)"", ""E(2,3)"", ""E(3,3)"", ""E(4,3)"", ""B(6,3,E)"", ""N(0,4)"", ""E(0,4)"", ""N(1,4)"", ""E(1,4)"", ""N(3,4)"", ""E(3,4)"", ""E(4,4)"", ""E(5,4)"", ""B(6,4,E)"", ""B(0,5,W)"", ""N(1,5)"", ""E(2,5)"", ""E(4,5)"", ""N(5,5)"", ""E(5,5)"", ""N(6,5)"", ""B(6,5,E)"", ""B(0,6,N)"", ""B(0,6,W)"", ""B(1,6,N)"", ""E(1,6)"", ""B(2,6,N)"", ""E(2,6)"", ""B(3,6,N)"", ""E(3,6)"", ""B(4,6,N)"", ""B(5,6,N)"", ""B(6,6,N)"", ""B(6,6,E)""]",[],[]
core,0.08,12,,,,,,0.03,2,0.01,10,62,0.16129032258064516,0,0,0,"[""N(0,0)"", ""B(0,0,S)"", ""N(1,0)"", ""N(5,0)"", ""B(5,0,S)"", ""B(6,0,S)"", ""B(6,0,E)"", ""B(0,1,W)"", ""N(4,1)"", ""B(6,1,E)"", ""N(0,2)"", ""E(0,2)"", ""B(0,2,W)"", ""E(3,2)"", ""N(5,2)"", ""E(5,2)"", ""B(6,2,E)"", ""B(0,3,W)"", ""N(2,3)"", ""E(2,3)"", ""E(3,3)"", ""E(4,3)"", ""B(6,3,E)"", ""N(0,4)"", ""E(0,4)"", ""N(1,4)"", ""E(1,4)"", ""N(3,4)"", ""E(3,4)"", ""E(4,4)"", ""E(5,4)"", ""B(6,4,E)"", ""B(0,5,W)"", ""N(1,5)"", ""E(2,5)"", ""E(4,5)"", ""N(5,5)"", ""E(5,5)"", ""N(6,5)"", ""B(6,5,E)"", ""B(0,6,N)"", ""B(0,6,W)"", ""B(1,6,N)"", ""E(1,6)"", ""B(2,6,N)"", ""E(2,6)"", ""B(3,6,N)"", ""E(3,6)"", ""B(4,6,N)"", ""B(5,6,N)"", ""B(6,6,N)"", ""B(6,6,E)""]",[],[]
core,0.08,12,,,,,,0.03,2,0.02,10,62,0.16129032258064516,0,0,0,"[""N(0,0)"", ""B(0,0,S)"", ""N(1,0)"", ""N(5,0)"", ""B(5,0,S)"", ""B(6,0,S)"", ""B(6,0,E)"", ""B(0,1,W)"", ""N(4,1)"", ""B(6,1,E)"", ""N(0,2)"", ""E(0,2)"", ""B(0,2,W)"", ""E(3,2)"", ""N(5,2)"", ""E(5,2)"", ""B(6,2,E)"", ""B(0,3,W)"", ""N(2,3)"", ""E(2,3)"", ""E(3,3)"", ""E(4,3)"", ""B(6,3,E)"", ""N(0,4)"", ""E(0,4)"", ""N(1,4)"", ""E(1,4)"", ""N(3,4)"", ""E(3,4)"", ""E(4,4)"", ""E(5,4)"", ""B(6,4,E)"", ""B(0,5,W)"", ""N(1,5)"", ""E(2,5)"", ""E(4,5)"", ""N(5,5)"", ""E(5,5)"", ""N(6,5)"", ""B(6,5,E)"", ""B(0,6,N)"", ""B(0,6,W)"", ""B(1,6,N)"", ""E(1,6)"", ""B(2,6,N)"", ""E(2,6)"", ""B(3,6,N)"", ""E(3,6)"", ""B(4,6,N)"", ""B(5,6,N)"", ""B(6,6,N)"", ""B(6,6,E)""]",[],[]
core,0.08,12,,,,,,0.03,2,0.04,10,62,0.16129032258064516,0,0,0,"[""N(0,0)"", ""B(0,0,S)"", ""N(1,0)"", ""N(5,0)"", ""B(5,0,S)"", ""B(6,0,S)"", ""B(6,0,E)"", ""B(0,1,W)"", ""N(4,1)"", ""B(6,1,E)"", ""N(0,2)"", ""E(0,2)"", ""B(0,2,W)"", ""E(3,2)"", ""N(5,2)"", ""E(5,2)"", ""B(6,2,E)"", ""B(0,3,W)"", ""N(2,3)"", ""E(2,3)"", ""E(3,3)"", ""E(4,3)"", ""B(6,3,E)"", ""N(0,4)"", ""E(0,4)"", ""N(1,4)"", ""E(1,4)"", ""N(3,4)"", ""E(3,4)"", ""E(4,4)"", ""E(5,4)"", ""B(6,4,E)"", ""B(0,5,W)"", ""N(1,5)"", ""E(2,5)"", ""E(4,5)"", ""N(5,5)"", ""E(5,5)"", ""N(6,5)"", ""B(6,5,E)"", ""B(0,6,N)"", ""B(0,6,W)"", ""B(1,6,N)"", ""E(1,6)"", ""B(2,6,N)"", ""E(2,6)"", ""B(3,6,N)"", ""E(3,6)"", ""B(4,6,N)"", ""B(5,6,N)"", ""B(6,6,N)"", ""B(6,6,E)""]",[],[]
core,0.08,12,,,,,,0.03,3,,6,62,0.0967741935483871,0,0,0,"[""N(0,0)"", ""B(0,0,S)"", ""N(1,0)"", ""B(1,0,S)"", ""E(4,0)"", ""N(5,0)"", ""B(5,0,S)"", ""B(6,0,S)"", ""B(6,0,E)"", ""B(0,1,W)"", ""N(1,1)"", ""N(4,1)"", ""B(6,1,E)"", ""N(0,2)"", ""E(0,2)"", ""B(0,2,W)"", ""E(3,2)"", ""N(5,2)"", ""E(5,2)"", ""B(6,2,E)"", ""B(0,3,W)"", ""E(1,3)"", ""N(2,3)"", ""E(2,3)"", ""E(3,3)"", ""E(4,3)"", ""B(6,3,E)"", ""N(0,4)"", ""E(0,4)"", ""N(1,4)"", ""E(1,4)"", ""N(3,4)"", ""E(3,4)"", ""E(4,4)"", ""E(5,4)"", ""B(6,4,E)"", ""B(0,5,W)"", ""N(1,5)"", ""E(2,5)"", ""E(4,5)"", ""N(5,5)"", ""E(5,5)"", ""N(6,5)"", ""B(6,5,E)"", ""B(0,6,N)"", ""B(0,6,W)"", ""B(1,6,N)"", ""E(1,6)"", ""B(2,6,N)"", ""E(2,6)"", ""B(3,6,N)"", ""E(3,6)"", ""B(4,6,N)"", ""B(5,6,N)"", ""B(6,6,N)"", ""B(6,6,E)""]",[],[]
core,0.08,12,,,,,,0.03,3,0.01,6,62,0.0967741935483871,0,0,0,"[""N(0,0)"", ""B(0,0,S)"", ""N(1,0)"", ""B(1,0,S)"", ""E(4,0)"", ""N(5,0)"", ""B(5,0,S)"", ""B(6,0,S)"", ""B(6,0,E)"", ""B(0,1,W)"", ""N(1,1)"", ""N(4,1)"", ""B(6,1,E)"", ""N(0,2)"", ""E(0,2)"", ""B(0,2,W)"", ""E(3,2)"", ""N(5,2)"", ""E(5,2)"", ""B(6,2,E)"", ""B(0,3,W)"", ""E(1,3)"", ""N(2,3)"", ""E(2,3)"", ""E(3,3)"", ""E(4,3)"", ""B(6,3,E)"", ""N(0,4)"", ""E(0,4)"", ""N(1,4)"", ""E(1,4)"", ""N(3,4)"", ""E(3,4)"", ""E(4,4)"", ""E(5,4)"", ""B(6,4,E)"", ""B(0,5,W)"", ""N(1,5)"", ""E(2,5)"", ""E(4,5)"", ""N(5,5)"", ""E(5,5)"", ""N(6,5)"", ""B(6,5,E)"", ""B(0,6,N)"", ""B(0,6,W)"", ""B(1,6,N)"", ""E(1,6)"", ""B(2,6,N)"", ""E(2,6)"", ""B(3,6,N)"", ""E(3,6)"", ""B(4,6,N)"", ""B(5,6,N)"", ""B(6,6,N)"", ""B(6,6,E)""]",[],[]
core,0.08,12,,,,,,0.03,3,0.02,6,62,0.0967741935483871,0,0,0,"[""N(0,0)"", ""B(0,0,S)"", ""N(1,0)"", ""B(1,0,S)"", ""E(4,0)"", ""N(5,0)"", ""B(5,0,S)"", ""B(6,0,S)"", ""B(6,0,E)"", ""B(0,1,W)"", ""N(1,1)"", ""N(4,1)"", ""B(6,1,E)"", ""N(0,2)"", ""E(0,2)"", ""B(0,2,W)"", ""E(3,2)"", ""N(5,2)"", ""E(5,2)"", ""B(6,2,E)"", ""B(0,3,W)"", ""E(1,3)"", ""N(2,3)"", ""E(2,3)"", ""E(3,3)"", ""E(4,3)"", ""B(6,3,E)"", ""N(0,4)"", ""E(0,4)"", ""N(1,4)"", ""E(1,4)"", ""N(3,4)"", ""E(3,4)"", ""E(4,4)"", ""E(5,4)"", ""B(6,4,E)"", ""B(0,5,W)"", ""N(1,5)"", ""E(2,5)"", ""E(4,5)"", ""N(5,5)"", ""E(5,5)"", ""N(6,5)"", ""B(6,5,E)"", ""B(0,6,N)"", ""B(0,6,W)"", ""B(1,6,N)"", ""E(1,6)"", ""B(2,6,N)"", ""E(2,6)"", ""B(3,6,N)"", ""E(3,6)"", ""B(4,6,N)"", ""B(5,6,N)"", ""B(6,6,N)"", ""B(6,6,E)""]",[],[]
core,0.08,12,,,,,,0.03,3,0.04,6,62,0.0967741935483871,0,0,0,"[""N(0,0)"", ""B(0,0,S)"", ""N(1,0)"", ""B(1,0,S)"", ""E(4,0)"", ""N(5,0)"", ""B(5,0,S)"", ""B(6,0,S)"", ""B(6,0,E)"", ""B(0,1,W)"", ""N(1,1)"", ""N(4,1)"", ""B(6,1,E)"", ""N(0,2)"", ""E(0,2)"", ""B(0,2,W)"", ""E(3,2)"", ""N(5,2)"", ""E(5,2)"", ""B(6,2,E)"", ""B(0,3,W)"", ""E(1,3)"", ""N(2,3)"", ""E(2,3)"", ""E(3,3)"", ""E(4,3)"", ""B(6,3,E)"", ""N(0,4)"", ""E(0,4)"", ""N(1,4)"", ""E(1,4)"", ""N(3,4)"", ""E(3,4)"", ""E(4,4)"", ""E(5,4)"", ""B(6,4,E)"", ""B(0,5,W)"", ""N(1,5)"", ""E(2,5)"", ""E(4,5)"", ""N(5,5)"", ""E(5,5)"", ""N(6,5)"", ""B(6,5,E)"", ""B(0,6,N)"", ""B(0,6,W)"", ""B(1,6,N)"", ""E(1,6)"", ""B(2,6,N)"", ""E(2,6)"", ""B(3,6,N)"", ""E(3,6)"", ""B(4,6,N)"", ""B(5,6,N)"", ""B(6,6,N)"", ""B(6,6,E)""]",[],[]
core,0.08,12,,,,,,0.08,1,,10,62,0.16129032258064516,0,0,0,"[""N(0,0)"", ""B(0,0,S)"", ""N(1,0)"", ""N(5,0)"", ""B(5,0,S)"", ""B(6,0,S)"", ""B(6,0,E)"", ""B(0,1,W)"", ""N(4,1)"", ""B(6,1,E)"", ""N(0,2)"", ""E(0,2)"", ""B(0,2,W)"", ""E(3,2)"", ""N(5,2)"", ""E(5,2)"", ""B(6,2,E)"", ""B(0,3,W)"", ""N(2,3)"", ""E(2,3)"", ""E(3,3)"", ""E(4,3)"", ""B(6,3,E)"", ""N(0,4)"", ""E(0,4)"", ""N(1,4)"", ""E(1,4)"", ""N(3,4)"", ""E(3,4)"", ""E(4,4)"", ""E(5,4)"", ""B(6,4,E)"", ""B(0,5,W)"", ""N(1,5)"", ""E(2,5)"", ""E(4,5)"", ""N(5,5)"", ""E(5,5)"", ""N(6,5)"", ""B(6,5,E)"", ""B(0,6,N)"", ""B(0,6,W)"", ""B(1,6,N)"", ""E(1,6)"", ""B(2,6,N)"", ""E(2,6)"", ""B(3,6,N)"", ""E(3,6)"", ""B(4,6,N)"", ""B(5,6,N)"", ""B(6,6,N)"", ""B(6,6,E)""]",[],[]
core,0.08,12,,,,,,0.08,1,0.01,10,62,0.16129032258064516,0,0,0,"[""N(0,0)"", ""B(0,0,S)"", ""N(1,0)"", ""N(5,0)"", ""B(5,0,S)"", ""B(6,0,S)"", ""B(6,0,E)"", ""B(0,1,W)"", ""N(4,1)"", ""B(6,1,E)"", ""N(0,2)"", ""E(0,2)"", ""B(0,2,W)"", ""E(3,2)"", ""N(5,2)"", ""E(5,2)"", ""B(6,2,E)"", ""B(0,3,W)"", ""N(2,3)"", ""E(2,3)"", ""E(3,3)"", ""E(4,3)"", ""B(6,3,E)"", ""N(0,4)"", ""E(0,4)"", ""N(1,4)"", ""E(1,4)"", ""N(3,4)"", ""E(3,4)"", ""E(4,4)"", ""E(5,4)"", ""B(6,4,E)"", ""B(0,5,W)"", ""N(1,5)"", ""E(2,5)"", ""E(4,5)"", ""N(5,5)"", ""E(5,5)"", ""N(6,5)"", ""B(6,5,E)"", ""B(0,6,N)"", ""B(0,6,W)"", ""B(1,6,N)"", ""E(1,6)"", ""B(2,6,N)"", ""E(2,6)"", ""B(3,6,N)"", ""E(3,6)"", ""B(4,6,N)"", ""B(5,6,N)"", ""B(6,6,N)"", ""B(6,6,E)""]",[],[]
core,0.08,12,,,,,,0.08,1,0.02,10,62,0.16129032258064516,0,0,0,"[""N(0,0)"", ""B(0,0,S)"", ""N(1,0)"", ""N(5,0)"", ""B(5,0,S)"", ""B(6,0,S)"", ""B(6,0,E)"", ""B(0,1,W)"", ""N(4,1)"", ""B(6,1,E)"", ""N(0,2)"", ""E(0,2)"", ""B(0,2,W)"", ""E(3,2)"", ""N(5,2)"", ""E(5,2)"", ""B(6,2,E)"", ""B(0,3,W)"", ""N(2,3)"", ""E(2,3)"", ""E(3,3)"", ""E(4,3)"", ""B(6,3,E)"", ""N(0,4)"", ""E(0,4)"", ""N(1,4)"", ""E(1,4)"", ""N(3,4)"", ""E(3,4)"", ""E(4,4)"", ""E(5,4)"", ""B(6,4,E)"", ""B(0,5,W)"", ""N(1,5)"", ""E(2,5)"", ""E(4,5)"", ""N(5,5)"", ""E(5,5)"", ""N(6,5)"", ""B(6,5,E)"", ""B(0,6,N)"", ""B(0,6,W)"", ""B(1,6,N)"", ""E(1,6)"", ""B(2,6,N)"", ""E(2,6)"", ""B(3,6,N)"", ""E(3,6)"", ""B(4,6,N)"", ""B(5,6,N)"", ""B(6,6,N)"", ""B(6,6,E)""]",[],[]
core,0.08,12,,,,,,0.08,1,0.04,10,62,0.16129032258064516,0,0,0,"[""N(0,0)"", ""B(0,0,S)"", ""N(1,0)"", ""N(5,0)"", ""B(5,0,S)"", ""B(6,0,S)"", ""B(6,0,E)"", ""B(0,1,W)"", ""N(4,1)"", ""B(6,1,E)"", ""N(0,2)"", ""E(0,2)"", ""B(0,2,W)"", ""E(3,2)"", ""N(5,2)"", ""E(5,2)"", ""B(6,2,E)"", ""B(0,3,W)"", ""N(2,3)"", ""E(2,3)"", ""E(3,3)"", ""E(4,3)"", ""B(6,3,E)"", ""N(0,4)"", ""E(0,4)"", ""N(1,4)"", ""E(1,4)"", ""N(3,4)"", ""E(3,4)"", ""E(4,4)"", ""E(5,4)"", ""B(6,4,E)"", ""B(0,5,W)"", ""N(1,5)"", ""E(2,5)"", ""E(4,5)"", ""N(5,5)"", ""E(5,5)"", ""N(6,5)"", ""B(6,5,E)"", ""B(0,6,N)"", ""B(0,6,W)"", ""B(1,6,N)"", ""E(1,6)"", ""B(2,6,N)"", ""E(2,6)"", ""B(3,6,N)"", ""E(3,6)"", ""B(4,6,N)"", ""B(5,6,N)"", ""B(6,6,N)"", ""B(6,6,E)""]",[],[]
core,0.08,12,,,,,,0.08,2,,10,62,0.16129032258064516,0,0,0,"[""N(0,0)"", ""B(0,0,S)"", ""N(1,0)"", ""N(5,0)"", ""B(5,0,S)"", ""B(6,0,S)"", ""B(6,0,E)"", ""B(0,1,W)"", ""N(4,1)"", ""B(6,1,E)"", ""N(0,2)"", ""E(0,2)"", ""B(0,2,W)"", ""E(3,2)"", ""N(5,2)"", ""E(5,2)"", ""B(6,2,E)"", ""B(0,3,W)"", ""N(2,3)"", ""E(2,3)"", ""E(3,3)"", ""E(4,3)"", ""B(6,3,E)"", ""N(0,4)"", ""E(0,4)"", ""N(1,4)"", ""E(1,4)"", ""N(3,4)"", ""E(3,4)"", ""E(4,4)"", ""E(5,4)"", ""B(6,4,E)"", ""B(0,5,W)"", ""N(1,5)"", ""E(2,5)"", ""E(4,5)"", ""N(5,5)"", ""E(5,5)"", ""N(6,5)"", ""B(6,5,E)"", ""B(0,6,N)"", ""B(0,6,W)"", ""B(1,6,N)"", ""E(1,6)"", ""B(2,6,N)"", ""E(2,6)"", ""B(3,6,N)"", ""E(3,6)"", ""B(4,6,N)"", ""B(5,6,N)"", ""B(6,6,N)"", ""B(6,6,E)""]",[],[]
core,0.08,12,,,,,,0.08,2,0.01,10,62,0.16129032258064516,0,0,0,"[""N(0,0)"", ""B(0,0,S)"", ""N(1,0)"", ""N(5,0)"", ""B(5,0,S)"", ""B(6,0,S)"", ""B(6,0,E)"", ""B(0,1,W)"", ""N(4,1)"", ""B(6,1,E)"", ""N(0,2)"", ""E(0,2)"", ""B(0,2,W)"", ""E(3,2)"", ""N(5,2)"", ""E(5,2)"", ""B(6,2,E)"", ""B(0,3,W)"", ""N(2,3)"", ""E(2,3)"", ""E(3,3)"", ""E(4,3)"", ""B(6,3,E)"", ""N(0,4)"", ""E(0,4)"", ""N(1,4)"", ""E(1,4)"", ""N(3,4)"", ""E(3,4)"", ""E(4,4)"", ""E(5,4)"", ""B(6,4,E)"", ""B(0,5,W)"", ""N(1,5)"", ""E(2,5)"", ""E(4,5)"", ""N(5,5)"", ""E(5,5)"", ""N(6,5)"", ""B(6,5,E)"", ""B(0,6,N)"", ""B(0,6,W)"", ""B(1,6,N)"", ""E(1,6)"", ""B(2,6,N)"", ""E(2,6)"", ""B(3,6,N)"", ""E(3,6)"", ""B(4,6,N)"", ""B(5,6,N)"", ""B(6,6,N)"", ""B(6,6,E)""]",[],[]
core,0.08,12,,,,,,0.08,2,0.02,10,62,0.16129032258064516,0,0,0,"[""N(0,0)"", ""B(0,0,S)"", ""N(1,0)"", ""N(5,0)"", ""B(5,0,S)"", ""B(6,0,S)"", ""B(6,0,E)"", ""B(0,1,W)"", ""N(4,1)"", ""B(6,1,E)"", ""N(0,2)"", ""E(0,2)"", ""B(0,2,W)"", ""E(3,2)"", ""N(5,2)"", ""E(5,2)"", ""B(6,2,E)"", ""B(0,3,W)"", ""N(2,3)"", ""E(2,3)"", ""E(3,3)"", ""E(4,3)"", ""B(6,3,E)"", ""N(0,4)"", ""E(0,4)"", ""N(1,4)"", ""E(1,4)"", ""N(3,4)"", ""E(3,4)"", ""E(4,4)"", ""E(5,4)"", ""B(6,4,E)"", ""B(0,5,W)"", ""N(1,5)"", ""E(2,5)"", ""E(4,5)"", ""N(5,5)"", ""E(5,5)"", ""N(6,5)"", ""B(6,5,E)"", ""B(0,6,N)"", ""B(0,6,W)"", ""B(1,6,N)"", ""E(1,6)"", ""B(2,6,N)"", ""E(2,6)"", ""B(3,6,N)"", ""E(3,6)"", ""B(4,6,N)"", ""B(5,6,N)"", ""B(6,6,N)"", ""B(6,6,E)""]",[],[]
core,0.08,12,,,,,,0.08,2,0.04,10,62,0.16129032258064516,0,0,0,"[""N(0,0)"", ""B(0,0,S)"", ""N(1,0)"", ""N(5,0)"", ""B(5,0,S)"", ""B(6,0,S)"", ""B(6,0,E)"", ""B(0,1,W)"", ""N(4,1)"", ""B(6,1,E)"", ""N(0,2)"", ""E(0,2)"", ""B(0,2,W)"", ""E(3,2)"", ""N(5,2)"", ""E(5,2)"", ""B(6,2,E)"", ""B(0,3,W)"", ""N(2,3)"", ""E(2,3)"", ""E(3,3)"", ""E(4,3)"", ""B(6,3,E)"", ""N(0,4)"", ""E(0,4)"", ""N(1,4)"", ""E(1,4)"", ""N(3,4)"", ""E(3,4)"", ""E(4,4)"", ""E(5,4)"", ""B(6,4,E)"", ""B(0,5,W)"", ""N(1,5)"", ""E(2,5)"", ""E(4,5)"", ""N(5,5)"", ""E(5,5)"", ""N(6,5)"", ""B(6,5,E)"", ""B(0,6,N)"", ""B(0,6,W)"", ""B(1,6,N)"", ""E(1,6)"", ""B(2,6,N)"", ""E(2,6)"", ""B(3,6,N)"", ""E(3,6)"", ""B(4,6,N)"", ""B(5,6,N)"", ""B(6,6,N)"", ""B(6,6,E)""]",[],[]
core,0.08,12,,,,,,0.08,3,,5,62,0.08064516129032258,0,0,0,"[""N(0,0)"", ""B(0,0,S)"", ""N(1,0)"", ""B(1,0,S)"", ""N(2,0)"", ""E(4,0)"", ""N(5,0)"", ""B(5,0,S)"", ""B(6,0,S)"", ""B(6,0,E)"", ""B(0,1,W)"", ""N(1,1)"", ""N(4,1)"", ""B(6,1,E)"", ""N(0,2)"", ""E(0,2)"", ""B(0,2,W)"", ""E(3,2)"", ""N(5,2)"", ""E(5,2)"", ""B(6,2,E)"", ""B(0,3,W)"", ""E(1,3)"", ""N(2,3)"", ""E(2,3)"", ""E(3,3)"", ""E(4,3)"", ""B(6,3,E)"", ""N(0,4)"", ""E(0,4)"", ""N(1,4)"", ""E(1,4)"", ""N(3,4)"", ""E(3,4)"", ""E(4,4)"", ""E(5,4)"", ""B(6,4,E)"", ""B(0,5,W)"", ""N(1,5)"", ""E(2,5)"", ""E(4,5)"", ""N(5,5)"", ""E(5,5)"", ""N(6,5)"", ""B(6,5,E)"", ""B(0,6,N)"", ""B(0,6,W)"", ""B(1,6,N)"", ""E(1,6)"", ""B(2,6,N)"", ""E(2,6)"", ""B(3,6,N)"", ""E(3,6)"", ""B(4,6,N)"", ""B(5,6,N)"", ""B(6,6,N)"", ""B(6,6,E)""]",[],[]
core,0.08,12,,,,,,0.08,3,0.01,5,62,0.08064516129032258,0,0,0,"[""N(0,0)"", ""B(0,0,S)"", ""N(1,0)"", ""B(1,0,S)"", ""N(2,0)"", ""E(4,0)"", ""N(5,0)"", ""B(5,0,S)"", ""B(6,0,S)"", ""B(6,0,E)"", ""B(0,1,W)"", ""N(1,1)"", ""N(4,1)"", ""B(6,1,E)"", ""N(0,2)"", ""E(0,2)"", ""B(0,2,W)"", ""E(3,2)"", ""N(5,2)"", ""E(5,2)"", ""B(6,2,E)"", ""B(0,3,W)"", ""E(1,3)"", ""N(2,3)"", ""E(2,3)"", ""E(3,3)"", ""E(4,3)"", ""B(6,3,E)"", ""N(0,4)"", ""E(0,4)"", ""N(1,4)"", ""E(1,4)"", ""N(3,4)"", ""E(3,4)"", ""E(4,4)"", ""E(5,4)"", ""B(6,4,E)"", ""B(0,5,W)"", ""N(1,5)"", ""E(2,5)"", ""E(4,5)"", ""N(5,5)"", ""E(5,5)"", ""N(6,5)"", ""B(6,5,E)"", ""B(0,6,N)"", ""B(0,6,W)"", ""B(1,6,N)"", ""E(1,6)"", ""B(2,6,N)"", ""E(2,6)"", ""B(3,6,N)"", ""E(3,6)"", ""B(4,6,N)"", ""B(5,6,N)"", ""B(6,6,N)"", ""B(6,6,E)""]",[],[]
core,0.08,12,,,,,,0.08,3,0.02,5,62,0.08064516129032258,0,0,0,"[""N(0,0)"", ""B(0,0,S)"", ""N(1,0)"", ""B(1,0,S)"", ""N(2,0)"", ""E(4,0)"", ""N(5,0)"", ""B(5,0,S)"", ""B(6,0,S)"", ""B(6,0,E)"", ""B(0,1,W)"", ""N(1,1)"", ""N(4,1)"", ""B(6,1,E)"", ""N(0,2)"", ""E(0,2)"", ""B(0,2,W)"", ""E(3,2)"", ""N(5,2)"", ""E(5,2)"", ""B(6,2,E)"", ""B(0,3,W)"", ""E(1,3)"", ""N(2,3)"", ""E(2,3)"", ""E(3,3)"", ""E(4,3)"", ""B(6,3,E)"", ""N(0,4)"", ""E(0,4)"", ""N(1,4)"", ""E(1,4)"", ""N(3,4)"", ""E(3,4)"", ""E(4,4)"", ""E(5,4)"", ""B(6,4,E)"", ""B(0,5,W)"", ""N(1,5)"", ""E(2,5)"", ""E(4,5)"", ""N(5,5)"", ""E(5,5)"", ""N(6,5)"", ""B(6,5,E)"", ""B(0,6,N)"", ""B(0,6,W)"", ""B(1,6,N)"", ""E(1,6)"", ""B(2,6,N)"", ""E(2,6)"", ""B(3,6,N)"", ""E(3,6)"", ""B(4,6,N)"", ""B(5,6,N)"", ""B(6,6,N)"", ""B(6,6,E)""]",[],[]
core,0.08,12,,,,,,0.08,3,0.04,5,62,0.08064516129032258,0,0,0,"[""N(0,0)"", ""B(0,0,S)"", ""N(1,0)"", ""B(1,0,S)"", ""N(2,0)"", ""E(4,0)"", ""N(5,0)"", ""B(5,0,S)"", ""B(6,0,S)"", ""B(6,0,E)"", ""B(0,1,W)"", ""N(1,1)"", ""N(4,1)"", ""B(6,1,E)"", ""N(0,2)"", ""E(0,2)"", ""B(0,2,W)"", ""E(3,2)"", ""N(5,2)"", ""E(5,2)"", ""B(6,2,E)"", ""B(0,3,W)"", ""E(1,3)"", ""N(2,3)"", ""E(2,3)"", ""E(3,3)"", ""E(4,3)"", ""B(6,3,E)"", ""N(0,4)"", ""E(0,4)"", ""N(1,4)"", ""E(1,4)"", ""N(3,4)"", ""E(3,4)"", ""E(4,4)"", ""E(5,4)"", ""B(6,4,E)"", ""B(0,5,W)"", ""N(1,5)"", ""E(2,5)"", ""E(4,5)"", ""N(5,5)"", ""E(5,5)"", ""N(6,5)"", ""B(6,5,E)"", ""B(0,6,N)"", ""B(0,6,W)"", ""B(1,6,N)"", ""E(1,6)"", ""B(2,6,N)"", ""E(2,6)"", ""B(3,6,N)"", ""E(3,6)"", ""B(4,6,N)"", ""B(5,6,N)"", ""B(6,6,N)"", ""B(6,6,E)""]",[],[]
core,0.08,12,,,,,,,1,0.01,10,62,0.16129032258064516,0,0,0,"[""N(0,0)"", ""B(0,0,S)"", ""N(1,0)"", ""N(5,0)"", ""B(5,0,S)"", ""B(6,0,S)"", ""B(6,0,E)"", ""B(0,1,W)"", ""N(4,1)"", ""B(6,1,E)"", ""N(0,2)"", ""E(0,2)"", ""B(0,2,W)"", ""E(3,2)"", ""N(5,2)"", ""E(5,2)"", ""B(6,2,E)"", ""B(0,3,W)"", ""N(2,3)"", ""E(2,3)"", ""E(3,3)"", ""E(4,3)"", ""B(6,3,E)"", ""N(0,4)"", ""E(0,4)"", ""N(1,4)"", ""E(1,4)"", ""N(3,4)"", ""E(3,4)"", ""E(4,4)"", ""E(5,4)"", ""B(6,4,E)"", ""B(0,5,W)"", ""N(1,5)"", ""E(2,5)"", ""E(4,5)"", ""N(5,5)"", ""E(5,5)"", ""N(6,5)"", ""B(6,5,E)"", ""B(0,6,N)"", ""B(0,6,W)"", ""B(1,6,N)"", ""E(1,6)"", ""B(2,6,N)"", ""E(2,6)"", ""B(3,6,N)"", ""E(3,6)"", ""B(4,6,N)"", ""B(5,6,N)"", ""B(6,6,N)"", ""B(6,6,E)""]",[],[]
core,0.08,12,,,,,,,1,0.02,10,62,0.16129032258064516,0,0,0,"[""N(0,0)"", ""B(0,0,S)"", ""N(1,0)"", ""N(5,0)"", ""B(5,0,S)"", ""B(6,0,S)"", ""B(6,0,E)"", ""B(0,1,W)"", ""N(4,1)"", ""B(6,1,E)"", ""N(0,2)"", ""E(0,2)"", ""B(0,2,W)"", ""E(3,2)"", ""N(5,2)"", ""E(5,2)"", ""B(6,2,E)"", ""B(0,3,W)"", ""N(2,3)"", ""E(2,3)"", ""E(3,3)"", ""E(4,3)"", ""B(6,3,E)"", ""N(0,4)"", ""E(0,4)"", ""N(1,4)"", ""E(1,4)"", ""N(3,4)"", ""E(3,4)"", ""E(4,4)"", ""E(5,4)"", ""B(6,4,E)"", ""B(0,5,W)"", ""N(1,5)"", ""E(2,5)"", ""E(4,5)"", ""N(5,5)"", ""E(5,5)"", ""N(6,5)"", ""B(6,5,E)"", ""B(0,6,N)"", ""B(0,6,W)"", ""B(1,6,N)"", ""E(1,6)"", ""B(2,6,N)"", ""E(2,6)"", ""B(3,6,N)"", ""E(3,6)"", ""B(4,6,N)"", ""B(5,6,N)"", ""B(6,6,N)"", ""B(6,6,E)""]",[],[]
core,0.08,12,,,,,,,1,0.04,10,62,0.16129032258064516,0,0,0,"[""N(0,0)"", ""B(0,0,S)"", ""N(1,0)"", ""N(5,0)"", ""B(5,0,S)"", ""B(6,0,S)"", ""B(6,0,E)"", ""B(0,1,W)"", ""N(4,1)"", ""B(6,1,E)"", ""N(0,2)"", ""E(0,2)"", ""B(0,2,W)"", ""E(3,2)"", ""N(5,2)"", ""E(5,2)"", ""B(6,2,E)"", ""B(0,3,W)"", ""N(2,3)"", ""E(2,3)"", ""E(3,3)"", ""E(4,3)"", ""B(6,3,E)"", ""N(0,4)"", ""E(0,4)"", ""N(1,4)"", ""E(1,4)"", ""N(3,4)"", ""E(3,4)"", ""E(4,4)"", ""E(5,4)"", ""B(6,4,E)"", ""B(0,5,W)"", ""N(1,5)"", ""E(2,5)"", ""E(4,5)"", ""N(5,5)"", ""E(5,5)"", ""N(6,5)"", ""B(6,5,E)"", ""B(0,6,N)"", ""B(0,6,W)"", ""B(1,6,N)"", ""E(1,6)"", ""B(2,6,N)"", ""E(2,6)"", ""B(3,6,N)"", ""E(3,6)"", ""B(4,6,N)"", ""B(5,6,N)"", ""B(6,6,N)"", ""B(6,6,E)""]",[],[]
core,0.08,12,,,,,,,2,,10,62,0.16129032258064516,0,0,0,"[""N(0,0)"", ""B(0,0,S)"", ""N(1,0)"", ""N(5,0)"", ""B(5,0,S)"", ""B(6,0,S)"", ""B(6,0,E)"", ""B(0,1,W)"", ""N(4,1)"", ""B(6,1,E)"", ""N(0,2)"", ""E(0,2)"", ""B(0,2,W)"", ""E(3,2)"", ""N(5,2)"", ""E(5,2)"", ""B(6,2,E)"", ""B(0,3,W)"", ""N(2,3)"", ""E(2,3)"", ""E(3,3)"", ""E(4,3)"", ""B(6,3,E)"", ""N(0,4)"", ""E(0,4)"", ""N(1,4)"", ""E(1,4)"", ""N(3,4)"", ""E(3,4)"", ""E(4,4)"", ""E(5,4)"", ""B(6,4,E)"", ""B(0,5,W)"", ""N(1,5)"", ""E(2,5)"", ""E(4,5)"", ""N(5,5)"", ""E(5,5)"", ""N(6,5)"", ""B(6,5,E)"", ""B(0,6,N)"", ""B(0,6,W)"", ""B(1,6,N)"", ""E(1,6)"", ""B(2,6,N)"", ""E(2,6)"", ""B(3,6,N)"", ""E(3,6)"", ""B(4,6,N)"", ""B(5,6,N)"", ""B(6,6,N)"", ""B(6,6,E)""]",[],[]
core,0.08,12,,,,,,,2,0.01,10,62,0.16129032258064516,0,0,0,"[""N(0,0)"", ""B(0,0,S)"", ""N(1,0)"", ""N(5,0)"", ""B(5,0,S)"", ""B(6,0,S)"", ""B(6,0,E)"", ""B(0,1,W)"", ""N(4,1)"", ""B(6,1,E)"", ""N(0,2)"", ""E(0,2)"", ""B(0,2,W)"", ""E(3,2)"", ""N(5,2)"", ""E(5,2)"", ""B(6,2,E)"", ""B(0,3,W)"", ""N(2,3)"", ""E(2,3)"", ""E(3,3)"", ""E(4,3)"", ""B(6,3,E)"", ""N(0,4)"", ""E(0,4)"", ""N(1,4)"", ""E(1,4)"", ""N(3,4)"", ""E(3,4)"", ""E(4,4)"", ""E(5,4)"", ""B(6,4,E)"", ""B(0,5,W)"", ""N(1,5)"", ""E(2,5)"", ""E(4,5)"", ""N(5,5)"", ""E(5,5)"", ""N(6,5)"", ""B(6,5,E)"", ""B(0,6,N)"", ""B(0,6,W)"", ""B(1,6,N)"", ""E(1,6)"", ""B(2,6,N)"", ""E(2,6)"", ""B(3,6,N)"", ""E(3,6)"", ""B(4,6,N)"", ""B(5,6,N)"", ""B(6,6,N)"", ""B(6,6,E)""]",[],[]
core,0.08,12,,,,,,,2,0.02,10,62,0.16129032258064516,0,0,0,"[""N(0,0)"", ""B(0,0,S)"", ""N(1,0)"", ""N(5,0)"", ""B(5,0,S)"", ""B(6,0,S)"", ""B(6,0,E)"", ""B(0,1,W)"", ""N(4,1)"", ""B(6,1,E)"", ""N(0,2)"", ""E(0,2)"", ""B(0,2,W)"", ""E(3,2)"", ""N(5,2)"", ""E(5,2)"", ""B(6,2,E)"", ""B(0,3,W)"", ""N(2,3)"", ""E(2,3)"", ""E(3,3)"", ""E(4,3)"", ""B(6,3,E)"", ""N(0,4)"", ""E(0,4)"", ""N(1,4)"", ""E(1,4)"", ""N(3,4)"", ""E(3,4)"", ""E(4,4)"", ""E(5,4)"", ""B(6,4,E)"", ""B(0,5,W)"", ""N(1,5)"", ""E(2,5)"", ""E(4,5)"", ""N(5,5)"", ""E(5,5)"", ""N(6,5)"", ""B(6,5,E)"", ""B(0,6,N)"", ""B(0,6,W)"", ""B(1,6,N)"", ""E(1,6)"", ""B(2,6,N)"", ""E(2,6)"", ""B(3,6,N)"", ""E(3,6)"", ""B(4,6,N)"", ""B(5,6,N)"", ""B(6,6,N)"", ""B(6,6,E)""]",[],[]
core,0.08,12,,,,,,,2,0.04,10,62,0.16129032258064516,0,0,0,"[""N(0,0)"", ""B(0,0,S)"", ""N(1,0)"", ""N(5,0)"", ""B(5,0,S)"", ""B(6,0,S)"", ""B(6,0,E)"", ""B(0,1,W)"", ""N(4,1)"", ""B(6,1,E)"", ""N(0,2)"", ""E(0,2)"", ""B(0,2,W)"", ""E(3,2)"", ""N(5,2)"", ""E(5,2)"", ""B(6,2,E)"", ""B(0,3,W)"", ""N(2,3)"", ""E(2,3)"", ""E(3,3)"", ""E(4,3)"", ""B(6,3,E)"", ""N(0,4)"", ""E(0,4)"", ""N(1,4)"", ""E(1,4)"", ""N(3,4)"", ""E(3,4)"", ""E(4,4)"", ""E(5,4)"", ""B(6,4,E)"", ""B(0,5,W)"", ""N(1,5)"", ""E(2,5)"", ""E(4,5)"", ""N(5,5)"", ""E(5,5)"", ""N(6,5)"", ""B(6,5,E)"", ""B(0,6,N)"", ""B(0,6,W)"", ""B(1,6,N)"", ""E(1,6)"", ""B(2,6,N)"", ""E(2,6)"", ""B(3,6,N)"", ""E(3,6)"", ""B(4,6,N)"", ""B(5,6,N)"", ""B(6,6,N)"", ""B(6,6,E)""]",[],[]
core,0.08,12,,,,,,,3,,5,62,0.08064516129032258,0,0,0,"[""N(0,0)"", ""B(0,0,S)"", ""N(1,0)"", ""B(1,0,S)"", ""N(2,0)"", ""E(4,0)"", ""N(5,0)"", ""B(5,0,S)"", ""B(6,0,S)"", ""B(6,0,E)"", ""B(0,1,W)"", ""N(1,1)"", ""N(4,1)"", ""B(6,1,E)"", ""N(0,2)"", ""E(0,2)"", ""B(0,2,W)"", ""E(3,2)"", ""N(5,2)"", ""E(5,2)"", ""B(6,2,E)"", ""B(0,3,W)"", ""E(1,3)"", ""N(2,3)"", ""E(2,3)"", ""E(3,3)"", ""E(4,3)"", ""B(6,3,E)"", ""N(0,4)"", ""E(0,4)"", ""N(1,4)"", ""E(1,4)"", ""N(3,4)"", ""E(3,4)"", ""E(4,4)"", ""E(5,4)"", ""B(6,4,E)"", ""B(0,5,W)"", ""N(1,5)"", ""E(2,5)"", ""E(4,5)"", ""N(5,5)"", ""E(5,5)"", ""N(6,5)"", ""B(6,5,E)"", ""B(0,6,N)"", ""B(0,6,W)"", ""B(1,6,N)"", ""E(1,6)"", ""B(2,6,N)"", ""E(2,6)"", ""B(3,6,N)"", ""E(3,6)"", ""B(4,6,N)"", ""B(5,6,N)"", ""B(6,6,N)"", ""B(6,6,E)""]",[],[]
core,0.08,12,,,,,,,3,0.01,5,62,0.08064516129032258,0,0,0,"[""N(0,0)"", ""B(0,0,S)"", ""N(1,0)"", ""B(1,0,S)"", ""N(2,0)"", ""E(4,0)"", ""N(5,0)"", ""B(5,0,S)"", ""B(6,0,S)"", ""B(6,0,E)"", ""B(0,1,W)"", ""N(1,1)"", ""N(4,1)"", ""B(6,1,E)"", ""N(0,2)"", ""E(0,2)"", ""B(0,2,W)"", ""E(3,2)"", ""N(5,2)"", ""E(5,2)"", ""B(6,2,E)"", ""B(0,3,W)"", ""E(1,3)"", ""N(2,3)"", ""E(2,3)"", ""E(3,3)"", ""E(4,3)"", ""B(6,3,E)"", ""N(0,4)"", ""E(0,4)"", ""N(1,4)"", ""E(1,4)"", ""N(3,4)"", ""E(3,4)"", ""E(4,4)"", ""E(5,4)"", ""B(6,4,E)"", ""B(0,5,W)"", ""N(1,5)"", ""E(2,5)"", ""E(4,5)"", ""N(5,5)"", ""E(5,5)"", ""N(6,5)"", ""B(6,5,E)"", ""B(0,6,N)"", ""B(0,6,W)"", ""B(1,6,N)"", ""E(1,6)"", ""B(2,6,N)"", ""E(2,6)"", ""B(3,6,N)"", ""E(3,6)"", ""B(4,6,N)"", ""B(5,6,N)"", ""B(6,6,N)"", ""B(6,6,E)""]",[],[]
core,0.08,12,,,,,,,3,0.02,5,62,0.08064516129032258,0,0,0,"[""N(0,0)"", ""B(0,0,S)"", ""N(1,0)"", ""B(1,0,S)"", ""N(2,0)"", ""E(4,0)"", ""N(5,0)"", ""B(5,0,S)"", ""B(6,0,S)"", ""B(6,0,E)"", ""B(0,1,W)"", ""N(1,1)"", ""N(4,1)"", ""B(6,1,E)"", ""N(0,2)"", ""E(0,2)"", ""B(0,2,W)"", ""E(3,2)"", ""N(5,2)"", ""E(5,2)"", ""B(6,2,E)"", ""B(0,3,W)"", ""E(1,3)"", ""N(2,3)"", ""E(2,3)"", ""E(3,3)"", ""E(4,3)"", ""B(6,3,E)"", ""N(0,4)"", ""E(0,4)"", ""N(1,4)"", ""E(1,4)"", ""N(3,4)"", ""E(3,4)"", ""E(4,4)"", ""E(5,4)"", ""B(6,4,E)"", ""B(0,5,W)"", ""N(1,5)"", ""E(2,5)"", ""E(4,5)"", ""N(5,5)"", ""E(5,5)"", ""N(6,5)"", ""B(6,5,E)"", ""B(0,6,N)"", ""B(0,6,W)"", ""B(1,6,N)"", ""E(1,6)"", ""B(2,6,N)"", ""E(2,6)"", ""B(3,6,N)"", ""E(3,6)"", ""B(4,6,N)"", ""B(5,6,N)"", ""B(6,6,N)"", ""B(6,6,E)""]",[],[]
core,0.08,12,,,,,,,3,0.04,5,62,0.08064516129032258,0,0,0,"[""N(0,0)"", ""B(0,0,S)"", ""N(1,0)"", ""B(1,0,S)"", ""N(2,0)"", ""E(4,0)"", ""N(5,0)"", ""B(5,0,S)"", ""B(6,0,S)"", ""B(6,0,E)"", ""B(0,1,W)"", ""N(1,1)"", ""N(4,1)"", ""B(6,1,E)"", ""N(0,2)"", ""E(0,2)"", ""B(0,2,W)"", ""E(3,2)"", ""N(5,2)"", ""E(5,2)"", ""B(6,2,E)"", ""B(0,3,W)"", ""E(1,3)"", ""N(2,3)"", ""E(2,3)"", ""E(3,3)"", ""E(4,3)"", ""B(6,3,E)"", ""N(0,4)"", ""E(0,4)"", ""N(1,4)"", ""E(1,4)"", ""N(3,4)"", ""E(3,4)"", ""E(4,4)"", ""E(5,4)"", ""B(6,4,E)"", ""B(0,5,W)"", ""N(1,5)"", ""E(2,5)"", ""E(4,5)"", ""N(5,5)"", ""E(5,5)"", ""N(6,5)"", ""B(6,5,E)"", ""B(0,6,N)"", ""B(0,6,W)"", ""B(1,6,N)"", ""E(1,6)"", ""B(2,6,N)"", ""E(2,6)"", ""B(3,6,N)"", ""E(3,6)"", ""B(4,6,N)"", ""B(5,6,N)"", ""B(6,6,N)"", ""B(6,6,E)""]",[],[]
targeted_span_view,0.08,,,,,,,,0,,18,62,0.2903225806451613,1,1,0,"[""N(0,0)"", ""B(0,0,S)"", ""N(5,0)"", ""B(5,0,S)"", ""B(6,0,S)"", ""B(6,0,E)"", ""N(4,1)"", ""N(0,2)"", ""B(0,2,W)"", ""N(5,2)"", ""B(0,3,W)"", ""E(2,3)"", ""E(3,3)"", ""E(4,3)"", ""B(6,3,E)"", ""N(0,4)"", ""E(0,4)"", ""N(1,4)"", ""E(1,4)"", ""N(3,4)"", ""E(3,4)"", ""E(4,4)"", ""E(5,4)"", ""B(6,4,E)"", ""B(0,5,W)"", ""N(1,5)"", ""E(2,5)"", ""E(4,5)"", ""N(5,5)"", ""E(5,5)"", ""N(6,5)"", ""B(6,5,E)"", ""B(0,6,N)"", ""B(0,6,W)"", ""B(1,6,N)"", ""E(1,6)"", ""B(2,6,N)"", ""E(2,6)"", ""B(3,6,N)"", ""E(3,6)"", ""B(4,6,N)"", ""B(5,6,N)"", ""B(6,6,N)"", ""B(6,6,E)""]","[""B(3,0,S)""]","[""B(3,0,S)""]"
targeted_span_view,0.08,,,,,,,,2,,10,62,0.16129032258064516,0,0,0,"[""N(0,0)"", ""B(0,0,S)"", ""N(1,0)"", ""N(5,0)"", ""B(5,0,S)"", ""B(6,0,S)"", ""B(6,0,E)"", ""B(0,1,W)"", ""N(4,1)"", ""B(6,1,E)"", ""N(0,2)"", ""E(0,2)"", ""B(0,2,W)"", ""E(3,2)"", ""N(5,2)"", ""E(5,2)"", ""B(6,2,E)"", ""B(0,3,W)"", ""N(2,3)"", ""E(2,3)"", ""E(3,3)"", ""E(4,3)"", ""B(6,3,E)"", ""N(0,4)"", ""E(0,4)"", ""N(1,4)"", ""E(1,4)"", ""N(3,4)"", ""E(3,4)"", ""E(4,4)"", ""E(5,4)"", ""B(6,4,E)"", ""B(0,5,W)"", ""N(1,5)"", ""E(2,5)"", ""E(4,5)"", ""N(5,5)"", ""E(5,5)"", ""N(6,5)"", ""B(6,5,E)"", ""B(0,6,N)"", ""B(0,6,W)"", ""B(1,6,N)"", ""E(1,6)"", ""B(2,6,N)"", ""E(2,6)"", ""B(3,6,N)"", ""E(3,6)"", ""B(4,6,N)"", ""B(5,6,N)"", ""B(6,6,N)"", ""B(6,6,E)""]",[],[]
targeted_span_view,0.08,,,,,,,,3,,5,62,0.08064516129032258,0,0,0,"[""N(0,0)"", ""B(0,0,S)"", ""N(1,0)"", ""B(1,0,S)"", ""N(2,0)"", ""E(4,0)"", ""N(5,0)"", ""B(5,0,S)"", ""B(6,0,S)"", ""B(6,0,E)"", ""B(0,1,W)"", ""N(1,1)"", ""N(4,1)"", ""B(6,1,E)"", ""N(0,2)"", ""E(0,2)"", ""B(0,2,W)"", ""E(3,2)"", ""N(5,2)"", ""E(5,2)"", ""B(6,2,E)"", ""B(0,3,W)"", ""E(1,3)"", ""N(2,3)"", ""E(2,3)"", ""E(3,3)"", ""E(4,3)"", ""B(6,3,E)"", ""N(0,4)"", ""E(0,4)"", ""N(1,4)"", ""E(1,4)"", ""N(3,4)"", ""E(3,4)"", ""E(4,4)"", ""E(5,4)"", ""B(6,4,E)"", ""B(0,5,W)"", ""N(1,5)"", ""E(2,5)"", ""E(4,5)"", ""N(5,5)"", ""E(5,5)"", ""N(6,5)"", ""B(6,5,E)"", ""B(0,6,N)"", ""B(0,6,W)"", ""B(1,6,N)"", ""E(1,6)"", ""B(2,6,N)"", ""E(2,6)"", ""B(3,6,N)"", ""E(3,6)"", ""B(4,6,N)"", ""B(5,6,N)"", ""B(6,6,N)"", ""B(6,6,E)""]",[],[]
targeted_span_view,0.08,,,,,,,,4,,0,62,0.0,0,0,0,"[""N(0,0)"", ""B(0,0,S)"", ""N(1,0)"", ""B(1,0,S)"", ""N(2,0)"", ""B(2,0,S)"", ""B(4,0,S)"", ""E(4,0)"", ""N(5,0)"", ""B(5,0,S)"", ""B(6,0,S)"", ""B(6,0,E)"", ""B(0,1,W)"", ""N(1,1)"", ""N(3,1)"", ""E(3,1)"", ""N(4,1)"", ""B(6,1,E)"", ""N(0,2)"", ""E(0,2)"", ""B(0,2,W)"", ""E(3,2)"", ""N(5,2)"", ""E(5,2)"", ""B(6,2,E)"", ""B(0,3,W)"", ""E(1,3)"", ""N(2,3)"", ""E(2,3)"", ""E(3,3)"", ""E(4,3)"", ""B(6,3,E)"", ""N(0,4)"", ""E(0,4)"", ""B(0,4,W)"", ""N(1,4)"", ""E(1,4)"", ""N(3,4)"", ""E(3,4)"", ""E(4,4)"", ""E(5,4)"", ""B(6,4,E)"", ""B(0,5,W)"", ""N(1,5)"", ""E(2,5)"", ""E(4,5)"", ""N(5,5)"", ""E(5,5)"", ""N(6,5)"", ""B(6,5,E)"", ""B(0,6,N)"", ""B(0,6,W)"", ""B(1,6,N)"", ""E(1,6)"", ""B(2,6,N)"", ""E(2,6)"", ""B(3,6,N)"", ""E(3,6)"", ""B(4,6,N)"", ""B(5,6,N)"", ""B(6,6,N)"", ""B(6,6,E)""]",[],[]
targeted_span_view,0.08,,,,,,,,5,,0,62,0.0,0,0,0,"[""N(0,0)"", ""B(0,0,S)"", ""N(1,0)"", ""B(1,0,S)"", ""N(2,0)"", ""B(2,0,S)"", ""B(4,0,S)"", ""E(4,0)"", ""N(5,0)"", ""B(5,0,S)"", ""B(6,0,S)"", ""B(6,0,E)"", ""B(0,1,W)"", ""N(1,1)"", ""N(3,1)"", ""E(3,1)"", ""N(4,1)"", ""B(6,1,E)"", ""N(0,2)"", ""E(0,2)"", ""B(0,2,W)"", ""E(3,2)"", ""N(5,2)"", ""E(5,2)"", ""B(6,2,E)"", ""B(0,3,W)"", ""E(1,3)"", ""N(2,3)"", ""E(2,3)"", ""E(3,3)"", ""E(4,3)"", ""B(6,3,E)"", ""N(0,4)"", ""E(0,4)"", ""B(0,4,W)"", ""N(1,4)"", ""E(1,4)"", ""N(3,4)"", ""E(3,4)"", ""E(4,4)"", ""E(5,4)"", ""B(6,4,E)"", ""B(0,5,W)"", ""N(1,5)"", ""E(2,5)"", ""E(4,5)"", ""N(5,5)"", ""E(5,5)"", ""N(6,5)"", ""B(6,5,E)"", ""B(0,6,N)"", ""B(0,6,W)"", ""B(1,6,N)"", ""E(1,6)"", ""B(2,6,N)"", ""E(2,6)"", ""B(3,6,N)"", ""E(3,6)"", ""B(4,6,N)"", ""B(5,6,N)"", ""B(6,6,N)"", ""B(6,6,E)""]",[],[]
targeted_span_view,0.08,,,,,,,,6,,0,62,0.0,0,0,0,"[""N(0,0)"", ""B(0,0,S)"", ""N(1,0)"", ""B(1,0,S)"", ""N(2,0)"", ""B(2,0,S)"", ""B(4,0,S)"", ""E(4,0)"", ""N(5,0)"", ""B(5,0,S)"", ""B(6,0,S)"", ""B(6,0,E)"", ""B(0,1,W)"", ""N(1,1)"", ""N(3,1)"", ""E(3,1)"", ""N(4,1)"", ""B(6,1,E)"", ""N(0,2)"", ""E(0,2)"", ""B(0,2,W)"", ""E(3,2)"", ""N(5,2)"", ""E(5,2)"", ""B(6,2,E)"", ""B(0,3,W)"", ""E(1,3)"", ""N(2,3)"", ""E(2,3)"", ""E(3,3)"", ""E(4,3)"", ""B(6,3,E)"", ""N(0,4)"", ""E(0,4)"", ""B(0,4,W)"", ""N(1,4)"", ""E(1,4)"", ""N(3,4)"", ""E(3,4)"", ""E(4,4)"", ""E(5,4)"", ""B(6,4,E)"", ""B(0,5,W)"", ""N(1,5)"", ""E(2,5)"", ""E(4,5)"", ""N(5,5)"", ""E(5,5)"", ""N(6,5)"", ""B(6,5,E)"", ""B(0,6,N)"", ""B(0,6,W)"", ""B(1,6,N)"", ""E(1,6)"", ""B(2,6,N)"", ""E(2,6)"", ""B(3,6,N)"", ""E(3,6)"", ""B(4,6,N)"", ""B(5,6,N)"", ""B(6,6,N)"", ""B(6,6,E)""]",[],[]
targeted_span_view,0.1,,,,,,,,0,,17,62,0.27419354838709675,0,0,0,"[""N(0,0)"", ""B(0,0,S)"", ""N(5,0)"", ""B(5,0,S)"", ""B(6,0,S)"", ""B(6,0,E)"", ""N(4,1)"", ""N(0,2)"", ""B(0,2,W)"", ""E(3,2)"", ""N(5,2)"", ""B(0,3,W)"", ""E(2,3)"", ""E(3,3)"", ""E(4,3)"", ""B(6,3,E)"", ""N(0,4)"", ""E(0,4)"", ""N(1,4)"", ""E(1,4)"", ""N(3,4)"", ""E(3,4)"", ""E(4,4)"", ""E(5,4)"", ""B(6,4,E)"", ""B(0,5,W)"", ""N(1,5)"", ""E(2,5)"", ""E(4,5)"", ""N(5,5)"", ""E(5,5)"", ""N(6,5)"", ""B(6,5,E)"", ""B(0,6,N)"", ""B(0,6,W)"", ""B(1,6,N)"", ""E(1,6)"", ""B(2,6,N)"", ""E(2,6)"", ""B(3,6,N)"", ""E(3,6)"", ""B(4,6,N)"", ""B(5,6,N)"", ""B(6,6,N)"", ""B(6,6,E)""]",[],[]
targeted_span_view,0.1,,,,,,,,2,,10,62,0.16129032258064516,0,0,0,"[""N(0,0)"", ""B(0,0,S)"", ""N(1,0)"", ""N(5,0)"", ""B(5,0,S)"", ""B(6,0,S)"", ""B(6,0,E)"", ""B(0,1,W)"", ""N(4,1)"", ""B(6,1,E)"", ""N(0,2)"", ""E(0,2)"", ""B(0,2,W)"", ""E(3,2)"", ""N(5,2)"", ""E(5,2)"", ""B(6,2,E)"", ""B(0,3,W)"", ""N(2,3)"", ""E(2,3)"", ""E(3,3)"", ""E(4,3)"", ""B(6,3,E)"", ""N(0,4)"", ""E(0,4)"", ""N(1,4)"", ""E(1,4)"", ""N(3,4)"", ""E(3,4)"", ""E(4,4)"", ""E(5,4)"", ""B(6,4,E)"", ""B(0,5,W)"", ""N(1,5)"", ""E(2,5)"", ""E(4,5)"", ""N(5,5)"", ""E(5,5)"", ""N(6,5)"", ""B(6,5,E)"", ""B(0,6,N)"", ""B(0,6,W)"", ""B(1,6,N)"", ""E(1,6)"", ""B(2,6,N)"", ""E(2,6)"", ""B(3,6,N)"", ""E(3,6)"", ""B(4,6,N)"", ""B(5,6,N)"", ""B(6,6,N)"", ""B(6,6,E)""]",[],[]
targeted_span_view,0.1,,,,,,,,3,,5,62,0.08064516129032258,0,0,0,"[""N(0,0)"", ""B(0,0,S)"", ""N(1,0)"", ""B(1,0,S)"", ""N(2,0)"", ""E(4,0)"", ""N(5,0)"", ""B(5,0,S)"", ""B(6,0,S)"", ""B(6,0,E)"", ""B(0,1,W)"", ""N(1,1)"", ""N(4,1)"", ""B(6,1,E)"", ""N(0,2)"", ""E(0,2)"", ""B(0,2,W)"", ""E(3,2)"", ""N(5,2)"", ""E(5,2)"", ""B(6,2,E)"", ""B(0,3,W)"", ""E(1,3)"", ""N(2,3)"", ""E(2,3)"", ""E(3,3)"", ""E(4,3)"", ""B(6,3,E)"", ""N(0,4)"", ""E(0,4)"", ""N(1,4)"", ""E(1,4)"", ""N(3,4)"", ""E(3,4)"", ""E(4,4)"", ""E(5,4)"", ""B(6,4,E)"", ""B(0,5,W)"", ""N(1,5)"", ""E(2,5)"", ""E(4,5)"", ""N(5,5)"", ""E(5,5)"", ""N(6,5)"", ""B(6,5,E)"", ""B(0,6,N)"", ""B(0,6,W)"", ""B(1,6,N)"", ""E(1,6)"", ""B(2,6,N)"", ""E(2,6)"", ""B(3,6,N)"", ""E(3,6)"", ""B(4,6,N)"", ""B(5,6,N)"", ""B(6,6,N)"", ""B(6,6,E)""]",[],[]
targeted_span_view,0.1,,,,,,,,4,,0,62,0.0,0,0,0,"[""N(0,0)"", ""B(0,0,S)"", ""N(1,0)"", ""B(1,0,S)"", ""N(2,0)"", ""B(2,0,S)"", ""B(4,0,S)"", ""E(4,0)"", ""N(5,0)"", ""B(5,0,S)"", ""B(6,0,S)"", ""B(6,0,E)"", ""B(0,1,W)"", ""N(1,1)"", ""N(3,1)"", ""E(3,1)"", ""N(4,1)"", ""B(6,1,E)"", ""N(0,2)"", ""E(0,2)"", ""B(0,2,W)"", ""E(3,2)"", ""N(5,2)"", ""E(5,2)"", ""B(6,2,E)"", ""B(0,3,W)"", ""E(1,3)"", ""N(2,3)"", ""E(2,3)"", ""E(3,3)"", ""E(4,3)"", ""B(6,3,E)"", ""N(0,4)"", ""E(0,4)"", ""B(0,4,W)"", ""N(1,4)"", ""E(1,4)"", ""N(3,4)"", ""E(3,4)"", ""E(4,4)"", ""E(5,4)"", ""B(6,4,E)"", ""B(0,5,W)"", ""N(1,5)"", ""E(2,5)"", ""E(4,5)"", ""N(5,5)"", ""E(5,5)"", ""N(6,5)"", ""B(6,5,E)"", ""B(0,6,N)"", ""B(0,6,W)"", ""B(1,6,N)"", ""E(1,6)"", ""B(2,6,N)"", ""E(2,6)"", ""B(3,6,N)"", ""E(3,6)"", ""B(4,6,N)"", ""B(5,6,N)"", ""B(6,6,N)"", ""B(6,6,E)""]",[],[]
targeted_span_view,0.1,,,,,,,,5,,0,62,0.0,0,0,0,"[""N(0,0)"", ""B(0,0,S)"", ""N(1,0)"", ""B(1,0,S)"", ""N(2,0)"", ""B(2,0,S)"", ""B(4,0,S)"", ""E(4,0)"", ""N(5,0)"", ""B(5,0,S)"", ""B(6,0,S)"", ""B(6,0,E)"", ""B(0,1,W)"", ""N(1,1)"", ""N(3,1)"", ""E(3,1)"", ""N(4,1)"", ""B(6,1,E)"", ""N(0,2)"", ""E(0,2)"", ""B(0,2,W)"", ""E(3,2)"", ""N(5,2)"", ""E(5,2)"", ""B(6,2,E)"", ""B(0,3,W)"", ""E(1,3)"", ""N(2,3)"", ""E(2,3)"", ""E(3,3)"", ""E(4,3)"", ""B(6,3,E)"", ""N(0,4)"", ""E(0,4)"", ""B(0,4,W)"", ""N(1,4)"", ""E(1,4)"", ""N(3,4)"", ""E(3,4)"", ""E(4,4)"", ""E(5,4)"", ""B(6,4,E)"", ""B(0,5,W)"", ""N(1,5)"", ""E(2,5)"", ""E(4,5)"", ""N(5,5)"", ""E(5,5)"", ""N(6,5)"", ""B(6,5,E)"", ""B(0,6,N)"", ""B(0,6,W)"", ""B(1,6,N)"", ""E(1,6)"", ""B(2,6,N)"", ""E(2,6)"", ""B(3,6,N)"", ""E(3,6)"", ""B(4,6,N)"", ""B(5,6,N)"", ""B(6,6,N)"", ""B(6,6,E)""]",[],[]
targeted_span_view,0.1,,,,,,,,6,,0,62,0.0,0,0,0,"[""N(0,0)"", ""B(0,0,S)"", ""N(1,0)"", ""B(1,0,S)"", ""N(2,0)"", ""B(2,0,S)"", ""B(4,0,S)"", ""E(4,0)"", ""N(5,0)"", ""B(5,0,S)"", ""B(6,0,S)"", ""B(6,0,E)"", ""B(0,1,W)"", ""N(1,1)"", ""N(3,1)"", ""E(3,1)"", ""N(4,1)"", ""B(6,1,E)"", ""N(0,2)"", ""E(0,2)"", ""B(0,2,W)"", ""E(3,2)"", ""N(5,2)"", ""E(5,2)"", ""B(6,2,E)"", ""B(0,3,W)"", ""E(1,3)"", ""N(2,3)"", ""E(2,3)"", ""E(3,3)"", ""E(4,3)"", ""B(6,3,E)"", ""N(0,4)"", ""E(0,4)"", ""B(0,4,W)"", ""N(1,4)"", ""E(1,4)"", ""N(3,4)"", ""E(3,4)"", ""E(4,4)"", ""E(5,4)"", ""B(6,4,E)"", ""B(0,5,W)"", ""N(1,5)"", ""E(2,5)"", ""E(4,5)"", ""N(5,5)"", ""E(5,5)"", ""N(6,5)"", ""B(6,5,E)"", ""B(0,6,N)"", ""B(0,6,W)"", ""B(1,6,N)"", ""E(1,6)"", ""B(2,6,N)"", ""E(2,6)"", ""B(3,6,N)"", ""E(3,6)"", ""B(4,6,N)"", ""B(5,6,N)"", ""B(6,6,N)"", ""B(6,6,E)""]",[],[]
targeted_span_view,0.12,,,,,,,,0,,17,62,0.27419354838709675,0,0,0,"[""N(0,0)"", ""B(0,0,S)"", ""N(5,0)"", ""B(5,0,S)"", ""B(6,0,S)"", ""B(6,0,E)"", ""N(4,1)"", ""N(0,2)"", ""B(0,2,W)"", ""E(3,2)"", ""N(5,2)"", ""B(0,3,W)"", ""E(2,3)"", ""E(3,3)"", ""E(4,3)"", ""B(6,3,E)"", ""N(0,4)"", ""E(0,4)"", ""N(1,4)"", ""E(1,4)"", ""N(3,4)"", ""E(3,4)"", ""E(4,4)"", ""E(5,4)"", ""B(6,4,E)"", ""B(0,5,W)"", ""N(1,5)"", ""E(2,5)"", ""E(4,5)"", ""N(5,5)"", ""E(5,5)"", ""N(6,5)"", ""B(6,5,E)"", ""B(0,6,N)"", ""B(0,6,W)"", ""B(1,6,N)"", ""E(1,6)"", ""B(2,6,N)"", ""E(2,6)"", ""B(3,6,N)"", ""E(3,6)"", ""B(4,6,N)"", ""B(5,6,N)"", ""B(6,6,N)"", ""B(6,6,E)""]",[],[]
targeted_span_view,0.12,,,,,,,,2,,10,62,0.16129032258064516,0,0,0,"[""N(0,0)"", ""B(0,0,S)"", ""N(1,0)"", ""N(5,0)"", ""B(5,0,S)"", ""B(6,0,S)"", ""B(6,0,E)"", ""B(0,1,W)"", ""N(4,1)"", ""B(6,1,E)"", ""N(0,2)"", ""E(0,2)"", ""B(0,2,W)"", ""E(3,2)"", ""N(5,2)"", ""E(5,2)"", ""B(6,2,E)"", ""B(0,3,W)"", ""N(2,3)"", ""E(2,3)"", ""E(3,3)"", ""E(4,3)"", ""B(6,3,E)"", ""N(0,4)"", ""E(0,4)"", ""N(1,4)"", ""E(1,4)"", ""N(3,4)"", ""E(3,4)"", ""E(4,4)"", ""E(5,4)"", ""B(6,4,E)"", ""B(0,5,W)"", ""N(1,5)"", ""E(2,5)"", ""E(4,5)"", ""N(5,5)"", ""E(5,5)"", ""N(6,5)"", ""B(6,5,E)"", ""B(0,6,N)"", ""B(0,6,W)"", ""B(1,6,N)"", ""E(1,6)"", ""B(2,6,N)"", ""E(2,6)"", ""B(3,6,N)"", ""E(3,6)"", ""B(4,6,N)"", ""B(5,6,N)"", ""B(6,6,N)"", ""B(6,6,E)""]",[],[]
targeted_span_view,0.12,,,,,,,,3,,5,62,0.08064516129032258,0,0,0,"[""N(0,0)"", ""B(0,0,S)"", ""N(1,0)"", ""B(1,0,S)"", ""N(2,0)"", ""E(4,0)"", ""N(5,0)"", ""B(5,0,S)"", ""B(6,0,S)"", ""B(6,0,E)"", ""B(0,1,W)"", ""N(1,1)"", ""N(4,1)"", ""B(6,1,E)"", ""N(0,2)"", ""E(0,2)"", ""B(0,2,W)"", ""E(3,2)"", ""N(5,2)"", ""E(5,2)"", ""B(6,2,E)"", ""B(0,3,W)"", ""E(1,3)"", ""N(2,3)"", ""E(2,3)"", ""E(3,3)"", ""E(4,3)"", ""B(6,3,E)"", ""N(0,4)"", ""E(0,4)"", ""N(1,4)"", ""E(1,4)"", ""N(3,4)"", ""E(3,4)"", ""E(4,4)"", ""E(5,4)"", ""B(6,4,E)"", ""B(0,5,W)"", ""N(1,5)"", ""E(2,5)"", ""E(4,5)"", ""N(5,5)"", ""E(5,5)"", ""N(6,5)"", ""B(6,5,E)"", ""B(0,6,N)"", ""B(0,6,W)"", ""B(1,6,N)"", ""E(1,6)"", ""B(2,6,N)"", ""E(2,6)"", ""B(3,6,N)"", ""E(3,6)"", ""B(4,6,N)"", ""B(5,6,N)"", ""B(6,6,N)"", ""B(6,6,E)""]",[],[]
targeted_span_view,0.12,,,,,,,,4,,0,62,0.0,0,0,0,"[""N(0,0)"", ""B(0,0,S)"", ""N(1,0)"", ""B(1,0,S)"", ""N(2,0)"", ""B(2,0,S)"", ""B(4,0,S)"", ""E(4,0)"", ""N(5,0)"", ""B(5,0,S)"", ""B(6,0,S)"", ""B(6,0,E)"", ""B(0,1,W)"", ""N(1,1)"", ""N(3,1)"", ""E(3,1)"", ""N(4,1)"", ""B(6,1,E)"", ""N(0,2)"", ""E(0,2)"", ""B(0,2,W)"", ""E(3,2)"", ""N(5,2)"", ""E(5,2)"", ""B(6,2,E)"", ""B(0,3,W)"", ""E(1,3)"", ""N(2,3)"", ""E(2,3)"", ""E(3,3)"", ""E(4,3)"", ""B(6,3,E)"", ""N(0,4)"", ""E(0,4)"", ""B(0,4,W)"", ""N(1,4)"", ""E(1,4)"", ""N(3,4)"", ""E(3,4)"", ""E(4,4)"", ""E(5,4)"", ""B(6,4,E)"", ""B(0,5,W)"", ""N(1,5)"", ""E(2,5)"", ""E(4,5)"", ""N(5,5)"", ""E(5,5)"", ""N(6,5)"", ""B(6,5,E)"", ""B(0,6,N)"", ""B(0,6,W)"", ""B(1,6,N)"", ""E(1,6)"", ""B(2,6,N)"", ""E(2,6)"", ""B(3,6,N)"", ""E(3,6)"", ""B(4,6,N)"", ""B(5,6,N)"", ""B(6,6,N)"", ""B(6,6,E)""]",[],[]
targeted_span_view,0.12,,,,,,,,5,,0,62,0.0,0,0,0,"[""N(0,0)"", ""B(0,0,S)"", ""N(1,0)"", ""B(1,0,S)"", ""N(2,0)"", ""B(2,0,S)"", ""B(4,0,S)"", ""E(4,0)"", ""N(5,0)"", ""B(5,0,S)"", ""B(6,0,S)"", ""B(6,0,E)"", ""B(0,1,W)"", ""N(1,1)"", ""N(3,1)"", ""E(3,1)"", ""N(4,1)"", ""B(6,1,E)"", ""N(0,2)"", ""E(0,2)"", ""B(0,2,W)"", ""E(3,2)"", ""N(5,2)"", ""E(5,2)"", ""B(6,2,E)"", ""B(0,3,W)"", ""E(1,3)"", ""N(2,3)"", ""E(2,3)"", ""E(3,3)"", ""E(4,3)"", ""B(6,3,E)"", ""N(0,4)"", ""E(0,4)"", ""B(0,4,W)"", ""N(1,4)"", ""E(1,4)"", ""N(3,4)"", ""E(3,4)"", ""E(4,4)"", ""E(5,4)"", ""B(6,4,E)"", ""B(0,5,W)"", ""N(1,5)"", ""E(2,5)"", ""E(4,5)"", ""N(5,5)"", ""E(5,5)"", ""N(6,5)"", ""B(6,5,E)"", ""B(0,6,N)"", ""B(0,6,W)"", ""B(1,6,N)"", ""E(1,6)"", ""B(2,6,N)"", ""E(2,6)"", ""B(3,6,N)"", ""E(3,6)"", ""B(4,6,N)"", ""B(5,6,N)"", ""B(6,6,N)"", ""B(6,6,E)""]",[],[]
targeted_span_view,0.12,,,,,,,,6,,0,62,0.0,0,0,0,"[""N(0,0)"", ""B(0,0,S)"", ""N(1,0)"", ""B(1,0,S)"", ""N(2,0)"", ""B(2,0,S)"", ""B(4,0,S)"", ""E(4,0)"", ""N(5,0)"", ""B(5,0,S)"", ""B(6,0,S)"", ""B(6,0,E)"", ""B(0,1,W)"", ""N(1,1)"", ""N(3,1)"", ""E(3,1)"", ""N(4,1)"", ""B(6,1,E)"", ""N(0,2)"", ""E(0,2)"", ""B(0,2,W)"", ""E(3,2)"", ""N(5,2)"", ""E(5,2)"", ""B(6,2,E)"", ""B(0,3,W)"", ""E(1,3)"", ""N(2,3)"", ""E(2,3)"", ""E(3,3)"", ""E(4,3)"", ""B(6,3,E)"", ""N(0,4)"", ""E(0,4)"", ""B(0,4,W)"", ""N(1,4)"", ""E(1,4)"", ""N(3,4)"", ""E(3,4)"", ""E(4,4)"", ""E(5,4)"", ""B(6,4,E)"", ""B(0,5,W)"", ""N(1,5)"", ""E(2,5)"", ""E(4,5)"", ""N(5,5)"", ""E(5,5)"", ""N(6,5)"", ""B(6,5,E)"", ""B(0,6,N)"", ""B(0,6,W)"", ""B(1,6,N)"", ""E(1,6)"", ""B(2,6,N)"", ""E(2,6)"", ""B(3,6,N)"", ""E(3,6)"", ""B(4,6,N)"", ""B(5,6,N)"", ""B(6,6,N)"", ""B(6,6,E)""]",[],[]
targeted_span_view,0.15,,,,,,,,0,,17,62,0.27419354838709675,0,0,0,"[""N(0,0)"", ""B(0,0,S)"", ""N(5,0)"", ""B(5,0,S)"", ""B(6,0,S)"", ""B(6,0,E)"", ""N(4,1)"", ""N(0,2)"", ""B(0,2,W)"", ""E(3,2)"", ""N(5,2)"", ""B(0,3,W)"", ""E(2,3)"", ""E(3,3)"", ""E(4,3)"", ""B(6,3,E)"", ""N(0,4)"", ""E(0,4)"", ""N(1,4)"", ""E(1,4)"", ""N(3,4)"", ""E(3,4)"", ""E(4,4)"", ""E(5,4)"", ""B(6,4,E)"", ""B(0,5,W)"", ""N(1,5)"", ""E(2,5)"", ""E(4,5)"", ""N(5,5)"", ""E(5,5)"", ""N(6,5)"", ""B(6,5,E)"", ""B(0,6,N)"", ""B(0,6,W)"", ""B(1,6,N)"", ""E(1,6)"", ""B(2,6,N)"", ""E(2,6)"", ""B(3,6,N)"", ""E(3,6)"", ""B(4,6,N)"", ""B(5,6,N)"", ""B(6,6,N)"", ""B(6,6,E)""]",[],[]
targeted_span_view,0.15,,,,,,,,2,,10,62,0.16129032258064516,0,0,0,"[""N(0,0)"", ""B(0,0,S)"", ""N(1,0)"", ""N(5,0)"", ""B(5,0,S)"", ""B(6,0,S)"", ""B(6,0,E)"", ""B(0,1,W)"", ""N(4,1)"", ""B(6,1,E)"", ""N(0,2)"", ""E(0,2)"", ""B(0,2,W)"", ""E(3,2)"", ""N(5,2)"", ""E(5,2)"", ""B(6,2,E)"", ""B(0,3,W)"", ""N(2,3)"", ""E(2,3)"", ""E(3,3)"", ""E(4,3)"", ""B(6,3,E)"", ""N(0,4)"", ""E(0,4)"", ""N(1,4)"", ""E(1,4)"", ""N(3,4)"", ""E(3,4)"", ""E(4,4)"", ""E(5,4)"", ""B(6,4,E)"", ""B(0,5,W)"", ""N(1,5)"", ""E(2,5)"", ""E(4,5)"", ""N(5,5)"", ""E(5,5)"", ""N(6,5)"", ""B(6,5,E)"", ""B(0,6,N)"", ""B(0,6,W)"", ""B(1,6,N)"", ""E(1,6)"", ""B(2,6,N)"", ""E(2,6)"", ""B(3,6,N)"", ""E(3,6)"", ""B(4,6,N)"", ""B(5,6,N)"", ""B(6,6,N)"", ""B(6,6,E)""]",[],[]
targeted_span_view,0.15,,,,,,,,3,,5,62,0.08064516129032258,0,0,0,"[""N(0,0)"", ""B(0,0,S)"", ""N(1,0)"", ""B(1,0,S)"", ""N(2,0)"", ""E(4,0)"", ""N(5,0)"", ""B(5,0,S)"", ""B(6,0,S)"", ""B(6,0,E)"", ""B(0,1,W)"", ""N(1,1)"", ""N(4,1)"", ""B(6,1,E)"", ""N(0,2)"", ""E(0,2)"", ""B(0,2,W)"", ""E(3,2)"", ""N(5,2)"", ""E(5,2)"", ""B(6,2,E)"", ""B(0,3,W)"", ""E(1,3)"", ""N(2,3)"", ""E(2,3)"", ""E(3,3)"", ""E(4,3)"", ""B(6,3,E)"", ""N(0,4)"", ""E(0,4)"", ""N(1,4)"", ""E(1,4)"", ""N(3,4)"", ""E(3,4)"", ""E(4,4)"", ""E(5,4)"", ""B(6,4,E)"", ""B(0,5,W)"", ""N(1,5)"", ""E(2,5)"", ""E(4,5)"", ""N(5,5)"", ""E(5,5)"", ""N(6,5)"", ""B(6,5,E)"", ""B(0,6,N)"", ""B(0,6,W)"", ""B(1,6,N)"", ""E(1,6)"", ""B(2,6,N)"", ""E(2,6)"", ""B(3,6,N)"", ""E(3,6)"", ""B(4,6,N)"", ""B(5,6,N)"", ""B(6,6,N)"", ""B(6,6,E)""]",[],[]
targeted_span_view,0.15,,,,,,,,4,,0,62,0.0,0,0,0,"[""N(0,0)"", ""B(0,0,S)"", ""N(1,0)"", ""B(1,0,S)"", ""N(2,0)"", ""B(2,0,S)"", ""B(4,0,S)"", ""E(4,0)"", ""N(5,0)"", ""B(5,0,S)"", ""B(6,0,S)"", ""B(6,0,E)"", ""B(0,1,W)"", ""N(1,1)"", ""N(3,1)"", ""E(3,1)"", ""N(4,1)"", ""B(6,1,E)"", ""N(0,2)"", ""E(0,2)"", ""B(0,2,W)"", ""E(3,2)"", ""N(5,2)"", ""E(5,2)"", ""B(6,2,E)"", ""B(0,3,W)"", ""E(1,3)"", ""N(2,3)"", ""E(2,3)"", ""E(3,3)"", ""E(4,3)"", ""B(6,3,E)"", ""N(0,4)"", ""E(0,4)"", ""B(0,4,W)"", ""N(1,4)"", ""E(1,4)"", ""N(3,4)"", ""E(3,4)"", ""E(4,4)"", ""E(5,4)"", ""B(6,4,E)"", ""B(0,5,W)"", ""N(1,5)"", ""E(2,5)"", ""E(4,5)"", ""N(5,5)"", ""E(5,5)"", ""N(6,5)"", ""B(6,5,E)"", ""B(0,6,N)"", ""B(0,6,W)"", ""B(1,6,N)"", ""E(1,6)"", ""B(2,6,N)"", ""E(2,6)"", ""B(3,6,N)"", ""E(3,6)"", ""B(4,6,N)"", ""B(5,6,N)"", ""B(6,6,N)"", ""B(6,6,E)""]",[],[]
targeted_span_view,0.15,,,,,,,,5,,0,62,0.0,0,0,0,"[""N(0,0)"", ""B(0,0,S)"", ""N(1,0)"", ""B(1,0,S)"", ""N(2,0)"", ""B(2,0,S)"", ""B(4,0,S)"", ""E(4,0)"", ""N(5,0)"", ""B(5,0,S)"", ""B(6,0,S)"", ""B(6,0,E)"", ""B(0,1,W)"", ""N(1,1)"", ""N(3,1)"", ""E(3,1)"", ""N(4,1)"", ""B(6,1,E)"", ""N(0,2)"", ""E(0,2)"", ""B(0,2,W)"", ""E(3,2)"", ""N(5,2)"", ""E(5,2)"", ""B(6,2,E)"", ""B(0,3,W)"", ""E(1,3)"", ""N(2,3)"", ""E(2,3)"", ""E(3,3)"", ""E(4,3)"", ""B(6,3,E)"", ""N(0,4)"", ""E(0,4)"", ""B(0,4,W)"", ""N(1,4)"", ""E(1,4)"", ""N(3,4)"", ""E(3,4)"", ""E(4,4)"", ""E(5,4)"", ""B(6,4,E)"", ""B(0,5,W)"", ""N(1,5)"", ""E(2,5)"", ""E(4,5)"", ""N(5,5)"", ""E(5,5)"", ""N(6,5)"", ""B(6,5,E)"", ""B(0,6,N)"", ""B(0,6,W)"", ""B(1,6,N)"", ""E(1,6)"", ""B(2,6,N)"", ""E(2,6)"", ""B(3,6,N)"", ""E(3,6)"", ""B(4,6,N)"", ""B(5,6,N)"", ""B(6,6,N)"", ""B(6,6,E)""]",[],[]
targeted_span_view,0.15,,,,,,,,6,,0,62,0.0,0,0,0,"[""N(0,0)"", ""B(0,0,S)"", ""N(1,0)"", ""B(1,0,S)"", ""N(2,0)"", ""B(2,0,S)"", ""B(4,0,S)"", ""E(4,0)"", ""N(5,0)"", ""B(5,0,S)"", ""B(6,0,S)"", ""B(6,0,E)"", ""B(0,1,W)"", ""N(1,1)"", ""N(3,1)"", ""E(3,1)"", ""N(4,1)"", ""B(6,1,E)"", ""N(0,2)"", ""E(0,2)"", ""B(0,2,W)"", ""E(3,2)"", ""N(5,2)"", ""E(5,2)"", ""B(6,2,E)"", ""B(0,3,W)"", ""E(1,3)"", ""N(2,3)"", ""E(2,3)"", ""E(3,3)"", ""E(4,3)"", ""B(6,3,E)"", ""N(0,4)"", ""E(0,4)"", ""B(0,4,W)"", ""N(1,4)"", ""E(1,4)"", ""N(3,4)"", ""E(3,4)"", ""E(4,4)"", ""E(5,4)"", ""B(6,4,E)"", ""B(0,5,W)"", ""N(1,5)"", ""E(2,5)"", ""E(4,5)"", ""N(5,5)"", ""E(5,5)"", ""N(6,5)"", ""B(6,5,E)"", ""B(0,6,N)"", ""B(0,6,W)"", ""B(1,6,N)"", ""E(1,6)"", ""B(2,6,N)"", ""E(2,6)"", ""B(3,6,N)"", ""E(3,6)"", ""B(4,6,N)"", ""B(5,6,N)"", ""B(6,6,N)"", ""B(6,6,E)""]",[],[]
targeted_span_view,0.18,,,,,,,,0,,16,62,0.25806451612903225,0,0,0,"[""N(0,0)"", ""B(0,0,S)"", ""N(5,0)"", ""B(5,0,S)"", ""B(6,0,S)"", ""B(6,0,E)"", ""N(4,1)"", ""N(0,2)"", ""B(0,2,W)"", ""E(3,2)"", ""N(5,2)"", ""B(0,3,W)"", ""N(2,3)"", ""E(2,3)"", ""E(3,3)"", ""E(4,3)"", ""B(6,3,E)"", ""N(0,4)"", ""E(0,4)"", ""N(1,4)"", ""E(1,4)"", ""N(3,4)"", ""E(3,4)"", ""E(4,4)"", ""E(5,4)"", ""B(6,4,E)"", ""B(0,5,W)"", ""N(1,5)"", ""E(2,5)"", ""E(4,5)"", ""N(5,5)"", ""E(5,5)"", ""N(6,5)"", ""B(6,5,E)"", ""B(0,6,N)"", ""B(0,6,W)"", ""B(1,6,N)"", ""E(1,6)"", ""B(2,6,N)"", ""E(2,6)"", ""B(3,6,N)"", ""E(3,6)"", ""B(4,6,N)"", ""B(5,6,N)"", ""B(6,6,N)"", ""B(6,6,E)""]",[],[]
targeted_span_view,0.18,,,,,,,,2,,10,62,0.16129032258064516,0,0,0,"[""N(0,0)"", ""B(0,0,S)"", ""N(1,0)"", ""N(5,0)"", ""B(5,0,S)"", ""B(6,0,S)"", ""B(6,0,E)"", ""B(0,1,W)"", ""N(4,1)"", ""B(6,1,E)"", ""N(0,2)"", ""E(0,2)"", ""B(0,2,W)"", ""E(3,2)"", ""N(5,2)"", ""E(5,2)"", ""B(6,2,E)"", ""B(0,3,W)"", ""N(2,3)"", ""E(2,3)"", ""E(3,3)"", ""E(4,3)"", ""B(6,3,E)"", ""N(0,4)"", ""E(0,4)"", ""N(1,4)"", ""E(1,4)"", ""N(3,4)"", ""E(3,4)"", ""E(4,4)"", ""E(5,4)"", ""B(6,4,E)"", ""B(0,5,W)"", ""N(1,5)"", ""E(2,5)"", ""E(4,5)"", ""N(5,5)"", ""E(5,5)"", ""N(6,5)"", ""B(6,5,E)"", ""B(0,6,N)"", ""B(0,6,W)"", ""B(1,6,N)"", ""E(1,6)"", ""B(2,6,N)"", ""E(2,6)"", ""B(3,6,N)"", ""E(3,6)"", ""B(4,6,N)"", ""B(5,6,N)"", ""B(6,6,N)"", ""B(6,6,E)""]",[],[]
targeted_span_view,0.18,,,,,,,,3,,5,62,0.08064516129032258,0,0,0,"[""N(0,0)"", ""B(0,0,S)"", ""N(1,0)"", ""B(1,0,S)"", ""N(2,0)"", ""E(4,0)"", ""N(5,0)"", ""B(5,0,S)"", ""B(6,0,S)"", ""B(6,0,E)"", ""B(0,1,W)"", ""N(1,1)"", ""N(4,1)"", ""B(6,1,E)"", ""N(0,2)"", ""E(0,2)"", ""B(0,2,W)"", ""E(3,2)"", ""N(5,2)"", ""E(5,2)"", ""B(6,2,E)"", ""B(0,3,W)"", ""E(1,3)"", ""N(2,3)"", ""E(2,3)"", ""E(3,3)"", ""E(4,3)"", ""B(6,3,E)"", ""N(0,4)"", ""E(0,4)"", ""N(1,4)"", ""E(1,4)"", ""N(3,4)"", ""E(3,4)"", ""E(4,4)"", ""E(5,4)"", ""B(6,4,E)"", ""B(0,5,W)"", ""N(1,5)"", ""E(2,5)"", ""E(4,5)"", ""N(5,5)"", ""E(5,5)"", ""N(6,5)"", ""B(6,5,E)"", ""B(0,6,N)"", ""B(0,6,W)"", ""B(1,6,N)"", ""E(1,6)"", ""B(2,6,N)"", ""E(2,6)"", ""B(3,6,N)"", ""E(3,6)"", ""B(4,6,N)"", ""B(5,6,N)"", ""B(6,6,N)"", ""B(6,6,E)""]",[],[]
targeted_span_view,0.18,,,,,,,,4,,0,62,0.0,0,0,0,"[""N(0,0)"", ""B(0,0,S)"", ""N(1,0)"", ""B(1,0,S)"", ""N(2,0)"", ""B(2,0,S)"", ""B(4,0,S)"", ""E(4,0)"", ""N(5,0)"", ""B(5,0,S)"", ""B(6,0,S)"", ""B(6,0,E)"", ""B(0,1,W)"", ""N(1,1)"", ""N(3,1)"", ""E(3,1)"", ""N(4,1)"", ""B(6,1,E)"", ""N(0,2)"", ""E(0,2)"", ""B(0,2,W)"", ""E(3,2)"", ""N(5,2)"", ""E(5,2)"", ""B(6,2,E)"", ""B(0,3,W)"", ""E(1,3)"", ""N(2,3)"", ""E(2,3)"", ""E(3,3)"", ""E(4,3)"", ""B(6,3,E)"", ""N(0,4)"", ""E(0,4)"", ""B(0,4,W)"", ""N(1,4)"", ""E(1,4)"", ""N(3,4)"", ""E(3,4)"", ""E(4,4)"", ""E(5,4)"", ""B(6,4,E)"", ""B(0,5,W)"", ""N(1,5)"", ""E(2,5)"", ""E(4,5)"", ""N(5,5)"", ""E(5,5)"", ""N(6,5)"", ""B(6,5,E)"", ""B(0,6,N)"", ""B(0,6,W)"", ""B(1,6,N)"", ""E(1,6)"", ""B(2,6,N)"", ""E(2,6)"", ""B(3,6,N)"", ""E(3,6)"", ""B(4,6,N)"", ""B(5,6,N)"", ""B(6,6,N)"", ""B(6,6,E)""]",[],[]
targeted_span_view,0.18,,,,,,,,5,,0,62,0.0,0,0,0,"[""N(0,0)"", ""B(0,0,S)"", ""N(1,0)"", ""B(1,0,S)"", ""N(2,0)"", ""B(2,0,S)"", ""B(4,0,S)"", ""E(4,0)"", ""N(5,0)"", ""B(5,0,S)"", ""B(6,0,S)"", ""B(6,0,E)"", ""B(0,1,W)"", ""N(1,1)"", ""N(3,1)"", ""E(3,1)"", ""N(4,1)"", ""B(6,1,E)"", ""N(0,2)"", ""E(0,2)"", ""B(0,2,W)"", ""E(3,2)"", ""N(5,2)"", ""E(5,2)"", ""B(6,2,E)"", ""B(0,3,W)"", ""E(1,3)"", ""N(2,3)"", ""E(2,3)"", ""E(3,3)"", ""E(4,3)"", ""B(6,3,E)"", ""N(0,4)"", ""E(0,4)"", ""B(0,4,W)"", ""N(1,4)"", ""E(1,4)"", ""N(3,4)"", ""E(3,4)"", ""E(4,4)"", ""E(5,4)"", ""B(6,4,E)"", ""B(0,5,W)"", ""N(1,5)"", ""E(2,5)"", ""E(4,5)"", ""N(5,5)"", ""E(5,5)"", ""N(6,5)"", ""B(6,5,E)"", ""B(0,6,N)"", ""B(0,6,W)"", ""B(1,6,N)"", ""E(1,6)"", ""B(2,6,N)"", ""E(2,6)"", ""B(3,6,N)"", ""E(3,6)"", ""B(4,6,N)"", ""B(5,6,N)"", ""B(6,6,N)"", ""B(6,6,E)""]",[],[]
targeted_span_view,0.18,,,,,,,,6,,0,62,0.0,0,0,0,"[""N(0,0)"", ""B(0,0,S)"", ""N(1,0)"", ""B(1,0,S)"", ""N(2,0)"", ""B(2,0,S)"", ""B(4,0,S)"", ""E(4,0)"", ""N(5,0)"", ""B(5,0,S)"", ""B(6,0,S)"", ""B(6,0,E)"", ""B(0,1,W)"", ""N(1,1)"", ""N(3,1)"", ""E(3,1)"", ""N(4,1)"", ""B(6,1,E)"", ""N(0,2)"", ""E(0,2)"", ""B(0,2,W)"", ""E(3,2)"", ""N(5,2)"", ""E(5,2)"", ""B(6,2,E)"", ""B(0,3,W)"", ""E(1,3)"", ""N(2,3)"", ""E(2,3)"", ""E(3,3)"", ""E(4,3)"", ""B(6,3,E)"", ""N(0,4)"", ""E(0,4)"", ""B(0,4,W)"", ""N(1,4)"", ""E(1,4)"", ""N(3,4)"", ""E(3,4)"", ""E(4,4)"", ""E(5,4)"", ""B(6,4,E)"", ""B(0,5,W)"", ""N(1,5)"", ""E(2,5)"", ""E(4,5)"", ""N(5,5)"", ""E(5,5)"", ""N(6,5)"", ""B(6,5,E)"", ""B(0,6,N)"", ""B(0,6,W)"", ""B(1,6,N)"", ""E(1,6)"", ""B(2,6,N)"", ""E(2,6)"", ""B(3,6,N)"", ""E(3,6)"", ""B(4,6,N)"", ""B(5,6,N)"", ""B(6,6,N)"", ""B(6,6,E)""]",[],[]
targeted_span_view,0.2,,,,,,,,0,,16,62,0.25806451612903225,0,0,0,"[""N(0,0)"", ""B(0,0,S)"", ""N(5,0)"", ""B(5,0,S)"", ""B(6,0,S)"", ""B(6,0,E)"", ""N(4,1)"", ""N(0,2)"", ""B(0,2,W)"", ""E(3,2)"", ""N(5,2)"", ""B(0,3,W)"", ""N(2,3)"", ""E(2,3)"", ""E(3,3)"", ""E(4,3)"", ""B(6,3,E)"", ""N(0,4)"", ""E(0,4)"", ""N(1,4)"", ""E(1,4)"", ""N(3,4)"", ""E(3,4)"", ""E(4,4)"", ""E(5,4)"", ""B(6,4,E)"", ""B(0,5,W)"", ""N(1,5)"", ""E(2,5)"", ""E(4,5)"", ""N(5,5)"", ""E(5,5)"", ""N(6,5)"", ""B(6,5,E)"", ""B(0,6,N)"", ""B(0,6,W)"", ""B(1,6,N)"", ""E(1,6)"", ""B(2,6,N)"", ""E(2,6)"", ""B(3,6,N)"", ""E(3,6)"", ""B(4,6,N)"", ""B(5,6,N)"", ""B(6,6,N)"", ""B(6,6,E)""]",[],[]
targeted_span_view,0.2,,,,,,,,2,,10,62,0.16129032258064516,0,0,0,"[""N(0,0)"", ""B(0,0,S)"", ""N(1,0)"", ""N(5,0)"", ""B(5,0,S)"", ""B(6,0,S)"", ""B(6,0,E)"", ""B(0,1,W)"", ""N(4,1)"", ""B(6,1,E)"", ""N(0,2)"", ""E(0,2)"", ""B(0,2,W)"", ""E(3,2)"", ""N(5,2)"", ""E(5,2)"", ""B(6,2,E)"", ""B(0,3,W)"", ""N(2,3)"", ""E(2,3)"", ""E(3,3)"", ""E(4,3)"", ""B(6,3,E)"", ""N(0,4)"", ""E(0,4)"", ""N(1,4)"", ""E(1,4)"", ""N(3,4)"", ""E(3,4)"", ""E(4,4)"", ""E(5,4)"", ""B(6,4,E)"", ""B(0,5,W)"", ""N(1,5)"", ""E(2,5)"", ""E(4,5)"", ""N(5,5)"", ""E(5,5)"", ""N(6,5)"", ""B(6,5,E)"", ""B(0,6,N)"", ""B(0,6,W)"", ""B(1,6,N)"", ""E(1,6)"", ""B(2,6,N)"", ""E(2,6)"", ""B(3,6,N)"", ""E(3,6)"", ""B(4,6,N)"", ""B(5,6,N)"", ""B(6,6,N)"", ""B(6,6,E)""]",[],[]
targeted_span_view,0.2,,,,,,,,3,,5,62,0.08064516129032258,0,0,0,"[""N(0,0)"", ""B(0,0,S)"", ""N(1,0)"", ""B(1,0,S)"", ""N(2,0)"", ""E(4,0)"", ""N(5,0)"", ""B(5,0,S)"", ""B(6,0,S)"", ""B(6,0,E)"", ""B(0,1,W)"", ""N(1,1)"", ""N(4,1)"", ""B(6,1,E)"", ""N(0,2)"", ""E(0,2)"", ""B(0,2,W)"", ""E(3,2)"", ""N(5,2)"", ""E(5,2)"", ""B(6,2,E)"", ""B(0,3,W)"", ""E(1,3)"", ""N(2,3)"", ""E(2,3)"", ""E(3,3)"", ""E(4,3)"", ""B(6,3,E)"", ""N(0,4)"", ""E(0,4)"", ""N(1,4)"", ""E(1,4)"", ""N(3,4)"", ""E(3,4)"", ""E(4,4)"", ""E(5,4)"", ""B(6,4,E)"", ""B(0,5,W)"", ""N(1,5)"", ""E(2,5)"", ""E(4,5)"", ""N(5,5)"", ""E(5,5)"", ""N(6,5)"", ""B(6,5,E)"", ""B(0,6,N)"", ""B(0,6,W)"", ""B(1,6,N)"", ""E(1,6)"", ""B(2,6,N)"", ""E(2,6)"", ""B(3,6,N)"", ""E(3,6)"", ""B(4,6,N)"", ""B(5,6,N)"", ""B(6,6,N)"", ""B(6,6,E)""]",[],[]
targeted_span_view,0.2,,,,,,,,4,,0,62,0.0,0,0,0,"[""N(0,0)"", ""B(0,0,S)"", ""N(1,0)"", ""B(1,0,S)"", ""N(2,0)"", ""B(2,0,S)"", ""B(4,0,S)"", ""E(4,0)"", ""N(5,0)"", ""B(5,0,S)"", ""B(6,0,S)"", ""B(6,0,E)"", ""B(0,1,W)"", ""N(1,1)"", ""N(3,1)"", ""E(3,1)"", ""N(4,1)"", ""B(6,1,E)"", ""N(0,2)"", ""E(0,2)"", ""B(0,2,W)"", ""E(3,2)"", ""N(5,2)"", ""E(5,2)"", ""B(6,2,E)"", ""B(0,3,W)"", ""E(1,3)"", ""N(2,3)"", ""E(2,3)"", ""E(3,3)"", ""E(4,3)"", ""B(6,3,E)"", ""N(0,4)"", ""E(0,4)"", ""B(0,4,W)"", ""N(1,4)"", ""E(1,4)"", ""N(3,4)"", ""E(3,4)"", ""E(4,4)"", ""E(5,4)"", ""B(6,4,E)"", ""B(0,5,W)"", ""N(1,5)"", ""E(2,5)"", ""E(4,5)"", ""N(5,5)"", ""E(5,5)"", ""N(6,5)"", ""B(6,5,E)"", ""B(0,6,N)"", ""B(0,6,W)"", ""B(1,6,N)"", ""E(1,6)"", ""B(2,6,N)"", ""E(2,6)"", ""B(3,6,N)"", ""E(3,6)"", ""B(4,6,N)"", ""B(5,6,N)"", ""B(6,6,N)"", ""B(6,6,E)""]",[],[]
targeted_span_view,0.2,,,,,,,,5,,0,62,0.0,0,0,0,"[""N(0,0)"", ""B(0,0,S)"", ""N(1,0)"", ""B(1,0,S)"", ""N(2,0)"", ""B(2,0,S)"", ""B(4,0,S)"", ""E(4,0)"", ""N(5,0)"", ""B(5,0,S)"", ""B(6,0,S)"", ""B(6,0,E)"", ""B(0,1,W)"", ""N(1,1)"", ""N(3,1)"", ""E(3,1)"", ""N(4,1)"", ""B(6,1,E)"", ""N(0,2)"", ""E(0,2)"", ""B(0,2,W)"", ""E(3,2)"", ""N(5,2)"", ""E(5,2)"", ""B(6,2,E)"", ""B(0,3,W)"", ""E(1,3)"", ""N(2,3)"", ""E(2,3)"", ""E(3,3)"", ""E(4,3)"", ""B(6,3,E)"", ""N(0,4)"", ""E(0,4)"", ""B(0,4,W)"", ""N(1,4)"", ""E(1,4)"", ""N(3,4)"", ""E(3,4)"", ""E(4,4)"", ""E(5,4)"", ""B(6,4,E)"", ""B(0,5,W)"", ""N(1,5)"", ""E(2,5)"", ""E(4,5)"", ""N(5,5)"", ""E(5,5)"", ""N(6,5)"", ""B(6,5,E)"", ""B(0,6,N)"", ""B(0,6,W)"", ""B(1,6,N)"", ""E(1,6)"", ""B(2,6,N)"", ""E(2,6)"", ""B(3,6,N)"", ""E(3,6)"", ""B(4,6,N)"", ""B(5,6,N)"", ""B(6,6,N)"", ""B(6,6,E)""]",[],[]
targeted_span_view,0.2,,,,,,,,6,,0,62,0.0,0,0,0,"[""N(0,0)"", ""B(0,0,S)"", ""N(1,0)"", ""B(1,0,S)"", ""N(2,0)"", ""B(2,0,S)"", ""B(4,0,S)"", ""E(4,0)"", ""N(5,0)"", ""B(5,0,S)"", ""B(6,0,S)"", ""B(6,0,E)"", ""B(0,1,W)"", ""N(1,1)"", ""N(3,1)"", ""E(3,1)"", ""N(4,1)"", ""B(6,1,E)"", ""N(0,2)"", ""E(0,2)"", ""B(0,2,W)"", ""E(3,2)"", ""N(5,2)"", ""E(5,2)"", ""B(6,2,E)"", ""B(0,3,W)"", ""E(1,3)"", ""N(2,3)"", ""E(2,3)"", ""E(3,3)"", ""E(4,3)"", ""B(6,3,E)"", ""N(0,4)"", ""E(0,4)"", ""B(0,4,W)"", ""N(1,4)"", ""E(1,4)"", ""N(3,4)"", ""E(3,4)"", ""E(4,4)"", ""E(5,4)"", ""B(6,4,E)"", ""B(0,5,W)"", ""N(1,5)"", ""E(2,5)"", ""E(4,5)"", ""N(5,5)"", ""E(5,5)"", ""N(6,5)"", ""B(6,5,E)"", ""B(0,6,N)"", ""B(0,6,W)"", ""B(1,6,N)"", ""E(1,6)"", ""B(2,6,N)"", ""E(2,6)"", ""B(3,6,N)"", ""E(3,6)"", ""B(4,6,N)"", ""B(5,6,N)"", ""B(6,6,N)"", ""B(6,6,E)""]",[],[]
targeted_span_view,0.25,,,,,,,,0,,14,62,0.22580645161290322,0,0,0,"[""N(0,0)"", ""B(0,0,S)"", ""N(5,0)"", ""B(5,0,S)"", ""B(6,0,S)"", ""B(6,0,E)"", ""N(4,1)"", ""N(0,2)"", ""E(0,2)"", ""B(0,2,W)"", ""E(3,2)"", ""N(5,2)"", ""B(6,2,E)"", ""B(0,3,W)"", ""N(2,3)"", ""E(2,3)"", ""E(3,3)"", ""E(4,3)"", ""B(6,3,E)"", ""N(0,4)"", ""E(0,4)"", ""N(1,4)"", ""E(1,4)"", ""N(3,4)"", ""E(3,4)"", ""E(4,4)"", ""E(5,4)"", ""B(6,4,E)"", ""B(0,5,W)"", ""N(1,5)"", ""E(2,5)"", ""E(4,5)"", ""N(5,5)"", ""E(5,5)"", ""N(6,5)"", ""B(6,5,E)"", ""B(0,6,N)"", ""B(0,6,W)"", ""B(1,6,N)"", ""E(1,6)"", ""B(2,6,N)"", ""E(2,6)"", ""B(3,6,N)"", ""E(3,6)"", ""B(4,6,N)"", ""B(5,6,N)"", ""B(6,6,N)"", ""B(6,6,E)""]",[],[]
targeted_span_view,0.25,,,,,,,,2,,10,62,0.16129032258064516,0,0,0,"[""N(0,0)"", ""B(0,0,S)"", ""N(1,0)"", ""N(5,0)"", ""B(5,0,S)"", ""B(6,0,S)"", ""B(6,0,E)"", ""B(0,1,W)"", ""N(4,1)"", ""B(6,1,E)"", ""N(0,2)"", ""E(0,2)"", ""B(0,2,W)"", ""E(3,2)"", ""N(5,2)"", ""E(5,2)"", ""B(6,2,E)"", ""B(0,3,W)"", ""N(2,3)"", ""E(2,3)"", ""E(3,3)"", ""E(4,3)"", ""B(6,3,E)"", ""N(0,4)"", ""E(0,4)"", ""N(1,4)"", ""E(1,4)"", ""N(3,4)"", ""E(3,4)"", ""E(4,4)"", ""E(5,4)"", ""B(6,4,E)"", ""B(0,5,W)"", ""N(1,5)"", ""E(2,5)"", ""E(4,5)"", ""N(5,5)"", ""E(5,5)"", ""N(6,5)"", ""B(6,5,E)"", ""B(0,6,N)"", ""B(0,6,W)"", ""B(1,6,N)"", ""E(1,6)"", ""B(2,6,N)"", ""E(2,6)"", ""B(3,6,N)"", ""E(3,6)"", ""B(4,6,N)"", ""B(5,6,N)"", ""B(6,6,N)"", ""B(6,6,E)""]",[],[]
targeted_span_view,0.25,,,,,,,,3,,5,62,0.08064516129032258,0,0,0,"[""N(0,0)"", ""B(0,0,S)"", ""N(1,0)"", ""B(1,0,S)"", ""N(2,0)"", ""E(4,0)"", ""N(5,0)"", ""B(5,0,S)"", ""B(6,0,S)"", ""B(6,0,E)"", ""B(0,1,W)"", ""N(1,1)"", ""N(4,1)"", ""B(6,1,E)"", ""N(0,2)"", ""E(0,2)"", ""B(0,2,W)"", ""E(3,2)"", ""N(5,2)"", ""E(5,2)"", ""B(6,2,E)"", ""B(0,3,W)"", ""E(1,3)"", ""N(2,3)"", ""E(2,3)"", ""E(3,3)"", ""E(4,3)"", ""B(6,3,E)"", ""N(0,4)"", ""E(0,4)"", ""N(1,4)"", ""E(1,4)"", ""N(3,4)"", ""E(3,4)"", ""E(4,4)"", ""E(5,4)"", ""B(6,4,E)"", ""B(0,5,W)"", ""N(1,5)"", ""E(2,5)"", ""E(4,5)"", ""N(5,5)"", ""E(5,5)"", ""N(6,5)"", ""B(6,5,E)"", ""B(0,6,N)"", ""B(0,6,W)"", ""B(1,6,N)"", ""E(1,6)"", ""B(2,6,N)"", ""E(2,6)"", ""B(3,6,N)"", ""E(3,6)"", ""B(4,6,N)"", ""B(5,6,N)"", ""B(6,6,N)"", ""B(6,6,E)""]",[],[]
targeted_span_view,0.25,,,,,,,,4,,0,62,0.0,0,0,0,"[""N(0,0)"", ""B(0,0,S)"", ""N(1,0)"", ""B(1,0,S)"", ""N(2,0)"", ""B(2,0,S)"", ""B(4,0,S)"", ""E(4,0)"", ""N(5,0)"", ""B(5,0,S)"", ""B(6,0,S)"", ""B(6,0,E)"", ""B(0,1,W)"", ""N(1,1)"", ""N(3,1)"", ""E(3,1)"", ""N(4,1)"", ""B(6,1,E)"", ""N(0,2)"", ""E(0,2)"", ""B(0,2,W)"", ""E(3,2)"", ""N(5,2)"", ""E(5,2)"", ""B(6,2,E)"", ""B(0,3,W)"", ""E(1,3)"", ""N(2,3)"", ""E(2,3)"", ""E(3,3)"", ""E(4,3)"", ""B(6,3,E)"", ""N(0,4)"", ""E(0,4)"", ""B(0,4,W)"", ""N(1,4)"", ""E(1,4)"", ""N(3,4)"", ""E(3,4)"", ""E(4,4)"", ""E(5,4)"", ""B(6,4,E)"", ""B(0,5,W)"", ""N(1,5)"", ""E(2,5)"", ""E(4,5)"", ""N(5,5)"", ""E(5,5)"", ""N(6,5)"", ""B(6,5,E)"", ""B(0,6,N)"", ""B(0,6,W)"", ""B(1,6,N)"", ""E(1,6)"", ""B(2,6,N)"", ""E(2,6)"", ""B(3,6,N)"", ""E(3,6)"", ""B(4,6,N)"", ""B(5,6,N)"", ""B(6,6,N)"", ""B(6,6,E)""]",[],[]
targeted_span_view,0.25,,,,,,,,5,,0,62,0.0,0,0,0,"[""N(0,0)"", ""B(0,0,S)"", ""N(1,0)"", ""B(1,0,S)"", ""N(2,0)"", ""B(2,0,S)"", ""B(4,0,S)"", ""E(4,0)"", ""N(5,0)"", ""B(5,0,S)"", ""B(6,0,S)"", ""B(6,0,E)"", ""B(0,1,W)"", ""N(1,1)"", ""N(3,1)"", ""E(3,1)"", ""N(4,1)"", ""B(6,1,E)"", ""N(0,2)"", ""E(0,2)"", ""B(0,2,W)"", ""E(3,2)"", ""N(5,2)"", ""E(5,2)"", ""B(6,2,E)"", ""B(0,3,W)"", ""E(1,3)"", ""N(2,3)"", ""E(2,3)"", ""E(3,3)"", ""E(4,3)"", ""B(6,3,E)"", ""N(0,4)"", ""E(0,4)"", ""B(0,4,W)"", ""N(1,4)"", ""E(1,4)"", ""N(3,4)"", ""E(3,4)"", ""E(4,4)"", ""E(5,4)"", ""B(6,4,E)"", ""B(0,5,W)"", ""N(1,5)"", ""E(2,5)"", ""E(4,5)"", ""N(5,5)"", ""E(5,5)"", ""N(6,5)"", ""B(6,5,E)"", ""B(0,6,N)"", ""B(0,6,W)"", ""B(1,6,N)"", ""E(1,6)"", ""B(2,6,N)"", ""E(2,6)"", ""B(3,6,N)"", ""E(3,6)"", ""B(4,6,N)"", ""B(5,6,N)"", ""B(6,6,N)"", ""B(6,6,E)""]",[],[]
targeted_span_view,0.25,,,,,,,,6,,0,62,0.0,0,0,0,"[""N(0,0)"", ""B(0,0,S)"", ""N(1,0)"", ""B(1,0,S)"", ""N(2,0)"", ""B(2,0,S)"", ""B(4,0,S)"", ""E(4,0)"", ""N(5,0)"", ""B(5,0,S)"", ""B(6,0,S)"", ""B(6,0,E)"", ""B(0,1,W)"", ""N(1,1)"", ""N(3,1)"", ""E(3,1)"", ""N(4,1)"", ""B(6,1,E)"", ""N(0,2)"", ""E(0,2)"", ""B(0,2,W)"", ""E(3,2)"", ""N(5,2)"", ""E(5,2)"", ""B(6,2,E)"", ""B(0,3,W)"", ""E(1,3)"", ""N(2,3)"", ""E(2,3)"", ""E(3,3)"", ""E(4,3)"", ""B(6,3,E)"", ""N(0,4)"", ""E(0,4)"", ""B(0,4,W)"", ""N(1,4)"", ""E(1,4)"", ""N(3,4)"", ""E(3,4)"", ""E(4,4)"", ""E(5,4)"", ""B(6,4,E)"", ""B(0,5,W)"", ""N(1,5)"", ""E(2,5)"", ""E(4,5)"", ""N(5,5)"", ""E(5,5)"", ""N(6,5)"", ""B(6,5,E)"", ""B(0,6,N)"", ""B(0,6,W)"", ""B(1,6,N)"", ""E(1,6)"", ""B(2,6,N)"", ""E(2,6)"", ""B(3,6,N)"", ""E(3,6)"", ""B(4,6,N)"", ""B(5,6,N)"", ""B(6,6,N)"", ""B(6,6,E)""]",[],[]
targeted_span_view,0.3,,,,,,,,0,,13,62,0.20967741935483872,0,0,0,"[""N(0,0)"", ""B(0,0,S)"", ""N(5,0)"", ""B(5,0,S)"", ""B(6,0,S)"", ""B(6,0,E)"", ""N(4,1)"", ""B(6,1,E)"", ""N(0,2)"", ""E(0,2)"", ""B(0,2,W)"", ""E(3,2)"", ""N(5,2)"", ""B(6,2,E)"", ""B(0,3,W)"", ""N(2,3)"", ""E(2,3)"", ""E(3,3)"", ""E(4,3)"", ""B(6,3,E)"", ""N(0,4)"", ""E(0,4)"", ""N(1,4)"", ""E(1,4)"", ""N(3,4)"", ""E(3,4)"", ""E(4,4)"", ""E(5,4)"", ""B(6,4,E)"", ""B(0,5,W)"", ""N(1,5)"", ""E(2,5)"", ""E(4,5)"", ""N(5,5)"", ""E(5,5)"", ""N(6,5)"", ""B(6,5,E)"", ""B(0,6,N)"", ""B(0,6,W)"", ""B(1,6,N)"", ""E(1,6)"", ""B(2,6,N)"", ""E(2,6)"", ""B(3,6,N)"", ""E(3,6)"", ""B(4,6,N)"", ""B(5,6,N)"", ""B(6,6,N)"", ""B(6,6,E)""]",[],[]
targeted_span_view,0.3,,,,,,,,2,,9,62,0.14516129032258066,0,0,0,"[""N(0,0)"", ""B(0,0,S)"", ""N(1,0)"", ""N(5,0)"", ""B(5,0,S)"", ""B(6,0,S)"", ""B(6,0,E)"", ""B(0,1,W)"", ""N(4,1)"", ""B(6,1,E)"", ""N(0,2)"", ""E(0,2)"", ""B(0,2,W)"", ""E(3,2)"", ""N(5,2)"", ""E(5,2)"", ""B(6,2,E)"", ""B(0,3,W)"", ""E(1,3)"", ""N(2,3)"", ""E(2,3)"", ""E(3,3)"", ""E(4,3)"", ""B(6,3,E)"", ""N(0,4)"", ""E(0,4)"", ""N(1,4)"", ""E(1,4)"", ""N(3,4)"", ""E(3,4)"", ""E(4,4)"", ""E(5,4)"", ""B(6,4,E)"", ""B(0,5,W)"", ""N(1,5)"", ""E(2,5)"", ""E(4,5)"", ""N(5,5)"", ""E(5,5)"", ""N(6,5)"", ""B(6,5,E)"", ""B(0,6,N)"", ""B(0,6,W)"", ""B(1,6,N)"", ""E(1,6)"", ""B(2,6,N)"", ""E(2,6)"", ""B(3,6,N)"", ""E(3,6)"", ""B(4,6,N)"", ""B(5,6,N)"", ""B(6,6,N)"", ""B(6,6,E)""]",[],[]
targeted_span_view,0.3,,,,,,,,3,,4,62,0.06451612903225806,0,0,0,"[""N(0,0)"", ""B(0,0,S)"", ""N(1,0)"", ""B(1,0,S)"", ""N(2,0)"", ""E(4,0)"", ""N(5,0)"", ""B(5,0,S)"", ""B(6,0,S)"", ""B(6,0,E)"", ""B(0,1,W)"", ""N(1,1)"", ""N(4,1)"", ""B(6,1,E)"", ""N(0,2)"", ""E(0,2)"", ""B(0,2,W)"", ""E(3,2)"", ""N(5,2)"", ""E(5,2)"", ""B(6,2,E)"", ""B(0,3,W)"", ""E(1,3)"", ""N(2,3)"", ""E(2,3)"", ""E(3,3)"", ""E(4,3)"", ""B(6,3,E)"", ""N(0,4)"", ""E(0,4)"", ""B(0,4,W)"", ""N(1,4)"", ""E(1,4)"", ""N(3,4)"", ""E(3,4)"", ""E(4,4)"", ""E(5,4)"", ""B(6,4,E)"", ""B(0,5,W)"", ""N(1,5)"", ""E(2,5)"", ""E(4,5)"", ""N(5,5)"", ""E(5,5)"", ""N(6,5)"", ""B(6,5,E)"", ""B(0,6,N)"", ""B(0,6,W)"", ""B(1,6,N)"", ""E(1,6)"", ""B(2,6,N)"", ""E(2,6)"", ""B(3,6,N)"", ""E(3,6)"", ""B(4,6,N)"", ""B(5,6,N)"", ""B(6,6,N)"", ""B(6,6,E)""]",[],[]
targeted_span_view,0.3,,,,,,,,4,,0,62,0.0,0,0,0,"[""N(0,0)"", ""B(0,0,S)"", ""N(1,0)"", ""B(1,0,S)"", ""N(2,0)"", ""B(2,0,S)"", ""B(4,0,S)"", ""E(4,0)"", ""N(5,0)"", ""B(5,0,S)"", ""B(6,0,S)"", ""B(6,0,E)"", ""B(0,1,W)"", ""N(1,1)"", ""N(3,1)"", ""E(3,1)"", ""N(4,1)"", ""B(6,1,E)"", ""N(0,2)"", ""E(0,2)"", ""B(0,2,W)"", ""E(3,2)"", ""N(5,2)"", ""E(5,2)"", ""B(6,2,E)"", ""B(0,3,W)"", ""E(1,3)"", ""N(2,3)"", ""E(2,3)"", ""E(3,3)"", ""E(4,3)"", ""B(6,3,E)"", ""N(0,4)"", ""E(0,4)"", ""B(0,4,W)"", ""N(1,4)"", ""E(1,4)"", ""N(3,4)"", ""E(3,4)"", ""E(4,4)"", ""E(5,4)"", ""B(6,4,E)"", ""B(0,5,W)"", ""N(1,5)"", ""E(2,5)"", ""E(4,5)"", ""N(5,5)"", ""E(5,5)"", ""N(6,5)"", ""B(6,5,E)"", ""B(0,6,N)"", ""B(0,6,W)"", ""B(1,6,N)"", ""E(1,6)"", ""B(2,6,N)"", ""E(2,6)"", ""B(3,6,N)"", ""E(3,6)"", ""B(4,6,N)"", ""B(5,6,N)"", ""B(6,6,N)"", ""B(6,6,E)""]",[],[]
targeted_span_view,0.3,,,,,,,,5,,0,62,0.0,0,0,0,"[""N(0,0)"", ""B(0,0,S)"", ""N(1,0)"", ""B(1,0,S)"", ""N(2,0)"", ""B(2,0,S)"", ""B(4,0,S)"", ""E(4,0)"", ""N(5,0)"", ""B(5,0,S)"", ""B(6,0,S)"", ""B(6,0,E)"", ""B(0,1,W)"", ""N(1,1)"", ""N(3,1)"", ""E(3,1)"", ""N(4,1)"", ""B(6,1,E)"", ""N(0,2)"", ""E(0,2)"", ""B(0,2,W)"", ""E(3,2)"", ""N(5,2)"", ""E(5,2)"", ""B(6,2,E)"", ""B(0,3,W)"", ""E(1,3)"", ""N(2,3)"", ""E(2,3)"", ""E(3,3)"", ""E(4,3)"", ""B(6,3,E)"", ""N(0,4)"", ""E(0,4)"", ""B(0,4,W)"", ""N(1,4)"", ""E(1,4)"", ""N(3,4)"", ""E(3,4)"", ""E(4,4)"", ""E(5,4)"", ""B(6,4,E)"", ""B(0,5,W)"", ""N(1,5)"", ""E(2,5)"", ""E(4,5)"", ""N(5,5)"", ""E(5,5)"", ""N(6,5)"", ""B(6,5,E)"", ""B(0,6,N)"", ""B(0,6,W)"", ""B(1,6,N)"", ""E(1,6)"", ""B(2,6,N)"", ""E(2,6)"", ""B(3,6,N)"", ""E(3,6)"", ""B(4,6,N)"", ""B(5,6,N)"", ""B(6,6,N)"", ""B(6,6,E)""]",[],[]
targeted_span_view,0.3,,,,,,,,6,,0,62,0.0,0,0,0,"[""N(0,0)"", ""B(0,0,S)"", ""N(1,0)"", ""B(1,0,S)"", ""N(2,0)"", ""B(2,0,S)"", ""B(4,0,S)"", ""E(4,0)"", ""N(5,0)"", ""B(5,0,S)"", ""B(6,0,S)"", ""B(6,0,E)"", ""B(0,1,W)"", ""N(1,1)"", ""N(3,1)"", ""E(3,1)"", ""N(4,1)"", ""B(6,1,E)"", ""N(0,2)"", ""E(0,2)"", ""B(0,2,W)"", ""E(3,2)"", ""N(5,2)"", ""E(5,2)"", ""B(6,2,E)"", ""B(0,3,W)"", ""E(1,3)"", ""N(2,3)"", ""E(2,3)"", ""E(3,3)"", ""E(4,3)"", ""B(6,3,E)"", ""N(0,4)"", ""E(0,4)"", ""B(0,4,W)"", ""N(1,4)"", ""E(1,4)"", ""N(3,4)"", ""E(3,4)"", ""E(4,4)"", ""E(5,4)"", ""B(6,4,E)"", ""B(0,5,W)"", ""N(1,5)"", ""E(2,5)"", ""E(4,5)"", ""N(5,5)"", ""E(5,5)"", ""N(6,5)"", ""B(6,5,E)"", ""B(0,6,N)"", ""B(0,6,W)"", ""B(1,6,N)"", ""E(1,6)"", ""B(2,6,N)"", ""E(2,6)"", ""B(3,6,N)"", ""E(3,6)"", ""B(4,6,N)"", ""B(5,6,N)"", ""B(6,6,N)"", ""B(6,6,E)""]",[],[]
contiguous_roi,0.08,,2,6,0.08,,,,0,,17,62,0.27419354838709675,0,0,0,"[""N(0,0)"", ""B(0,0,S)"", ""N(5,0)"", ""B(5,0,S)"", ""B(6,0,S)"", ""B(6,0,E)"", ""N(4,1)"", ""N(0,2)"", ""B(0,2,W)"", ""E(3,2)"", ""N(5,2)"", ""B(0,3,W)"", ""E(2,3)"", ""E(3,3)"", ""E(4,3)"", ""B(6,3,E)"", ""N(0,4)"", ""E(0,4)"", ""N(1,4)"", ""E(1,4)"", ""N(3,4)"", ""E(3,4)"", ""E(4,4)"", ""E(5,4)"", ""B(6,4,E)"", ""B(0,5,W)"", ""N(1,5)"", ""E(2,5)"", ""E(4,5)"", ""N(5,5)"", ""E(5,5)"", ""N(6,5)"", ""B(6,5,E)"", ""B(0,6,N)"", ""B(0,6,W)"", ""B(1,6,N)"", ""E(1,6)"", ""B(2,6,N)"", ""E(2,6)"", ""B(3,6,N)"", ""E(3,6)"", ""B(4,6,N)"", ""B(5,6,N)"", ""B(6,6,N)"", ""B(6,6,E)""]",[],[]
contiguous_roi,0.08,,2,6,0.08,,,,2,,9,62,0.14516129032258066,0,0,0,"[""N(0,0)"", ""B(0,0,S)"", ""N(1,0)"", ""N(5,0)"", ""B(5,0,S)"", ""B(6,0,S)"", ""B(6,0,E)"", ""B(0,1,W)"", ""N(1,1)"", ""N(4,1)"", ""B(6,1,E)"", ""N(0,2)"", ""E(0,2)"", ""B(0,2,W)"", ""E(3,2)"", ""N(5,2)"", ""E(5,2)"", ""B(6,2,E)"", ""B(0,3,W)"", ""N(2,3)"", ""E(2,3)"", ""E(3,3)"", ""E(4,3)"", ""B(6,3,E)"", ""N(0,4)"", ""E(0,4)"", ""N(1,4)"", ""E(1,4)"", ""N(3,4)"", ""E(3,4)"", ""E(4,4)"", ""E(5,4)"", ""B(6,4,E)"", ""B(0,5,W)"", ""N(1,5)"", ""E(2,5)"", ""E(4,5)"", ""N(5,5)"", ""E(5,5)"", ""N(6,5)"", ""B(6,5,E)"", ""B(0,6,N)"", ""B(0,6,W)"", ""B(1,6,N)"", ""E(1,6)"", ""B(2,6,N)"", ""E(2,6)"", ""B(3,6,N)"", ""E(3,6)"", ""B(4,6,N)"", ""B(5,6,N)"", ""B(6,6,N)"", ""B(6,6,E)""]",[],[]
contiguous_roi,0.08,,2,6,0.12,,,,0,,17,62,0.27419354838709675,0,0,0,"[""N(0,0)"", ""B(0,0,S)"", ""N(5,0)"", ""B(5,0,S)"", ""B(6,0,S)"", ""B(6,0,E)"", ""N(4,1)"", ""N(0,2)"", ""B(0,2,W)"", ""E(3,2)"", ""N(5,2)"", ""B(0,3,W)"", ""E(2,3)"", ""E(3,3)"", ""E(4,3)"", ""B(6,3,E)"", ""N(0,4)"", ""E(0,4)"", ""N(1,4)"", ""E(1,4)"", ""N(3,4)"", ""E(3,4)"", ""E(4,4)"", ""E(5,4)"", ""B(6,4,E)"", ""B(0,5,W)"", ""N(1,5)"", ""E(2,5)"", ""E(4,5)"", ""N(5,5)"", ""E(5,5)"", ""N(6,5)"", ""B(6,5,E)"", ""B(0,6,N)"", ""B(0,6,W)"", ""B(1,6,N)"", ""E(1,6)"", ""B(2,6,N)"", ""E(2,6)"", ""B(3,6,N)"", ""E(3,6)"", ""B(4,6,N)"", ""B(5,6,N)"", ""B(6,6,N)"", ""B(6,6,E)""]",[],[]
contiguous_roi,0.08,,2,6,0.12,,,,2,,8,62,0.12903225806451613,0,0,0,"[""N(0,0)"", ""B(0,0,S)"", ""N(1,0)"", ""N(5,0)"", ""B(5,0,S)"", ""B(6,0,S)"", ""B(6,0,E)"", ""B(0,1,W)"", ""N(1,1)"", ""E(3,1)"", ""N(4,1)"", ""B(6,1,E)"", ""N(0,2)"", ""E(0,2)"", ""B(0,2,W)"", ""E(3,2)"", ""N(5,2)"", ""E(5,2)"", ""B(6,2,E)"", ""B(0,3,W)"", ""N(2,3)"", ""E(2,3)"", ""E(3,3)"", ""E(4,3)"", ""B(6,3,E)"", ""N(0,4)"", ""E(0,4)"", ""N(1,4)"", ""E(1,4)"", ""N(3,4)"", ""E(3,4)"", ""E(4,4)"", ""E(5,4)"", ""B(6,4,E)"", ""B(0,5,W)"", ""N(1,5)"", ""E(2,5)"", ""E(4,5)"", ""N(5,5)"", ""E(5,5)"", ""N(6,5)"", ""B(6,5,E)"", ""B(0,6,N)"", ""B(0,6,W)"", ""B(1,6,N)"", ""E(1,6)"", ""B(2,6,N)"", ""E(2,6)"", ""B(3,6,N)"", ""E(3,6)"", ""B(4,6,N)"", ""B(5,6,N)"", ""B(6,6,N)"", ""B(6,6,E)""]",[],[]
contiguous_roi,0.08,,2,6,0.15,,,,0,,17,62,0.27419354838709675,0,0,0,"[""N(0,0)"", ""B(0,0,S)"", ""N(5,0)"", ""B(5,0,S)"", ""B(6,0,S)"", ""B(6,0,E)"", ""N(4,1)"", ""N(0,2)"", ""B(0,2,W)"", ""E(3,2)"", ""N(5,2)"", ""B(0,3,W)"", ""E(2,3)"", ""E(3,3)"", ""E(4,3)"", ""B(6,3,E)"", ""N(0,4)"", ""E(0,4)"", ""N(1,4)"", ""E(1,4)"", ""N(3,4)"", ""E(3,4)"", ""E(4,4)"", ""E(5,4)"", ""B(6,4,E)"", ""B(0,5,W)"", ""N(1,5)"", ""E(2,5)"", ""E(4,5)"", ""N(5,5)"", ""E(5,5)"", ""N(6,5)"", ""B(6,5,E)"", ""B(0,6,N)"", ""B(0,6,W)"", ""B(1,6,N)"", ""E(1,6)"", ""B(2,6,N)"", ""E(2,6)"", ""B(3,6,N)"", ""E(3,6)"", ""B(4,6,N)"", ""B(5,6,N)"", ""B(6,6,N)"", ""B(6,6,E)""]",[],[]
contiguous_roi,0.08,,2,6,0.15,,,,2,,8,62,0.12903225806451613,0,0,0,"[""N(0,0)"", ""B(0,0,S)"", ""N(1,0)"", ""N(5,0)"", ""B(5,0,S)"", ""B(6,0,S)"", ""B(6,0,E)"", ""B(0,1,W)"", ""N(1,1)"", ""E(3,1)"", ""N(4,1)"", ""B(6,1,E)"", ""N(0,2)"", ""E(0,2)"", ""B(0,2,W)"", ""E(3,2)"", ""N(5,2)"", ""E(5,2)"", ""B(6,2,E)"", ""B(0,3,W)"", ""N(2,3)"", ""E(2,3)"", ""E(3,3)"", ""E(4,3)"", ""B(6,3,E)"", ""N(0,4)"", ""E(0,4)"", ""N(1,4)"", ""E(1,4)"", ""N(3,4)"", ""E(3,4)"", ""E(4,4)"", ""E(5,4)"", ""B(6,4,E)"", ""B(0,5,W)"", ""N(1,5)"", ""E(2,5)"", ""E(4,5)"", ""N(5,5)"", ""E(5,5)"", ""N(6,5)"", ""B(6,5,E)"", ""B(0,6,N)"", ""B(0,6,W)"", ""B(1,6,N)"", ""E(1,6)"", ""B(2,6,N)"", ""E(2,6)"", ""B(3,6,N)"", ""E(3,6)"", ""B(4,6,N)"", ""B(5,6,N)"", ""B(6,6,N)"", ""B(6,6,E)""]",[],[]
contiguous_roi,0.08,,2,6,0.18,,,,0,,17,62,0.27419354838709675,0,0,0,"[""N(0,0)"", ""B(0,0,S)"", ""N(5,0)"", ""B(5,0,S)"", ""B(6,0,S)"", ""B(6,0,E)"", ""N(4,1)"", ""N(0,2)"", ""B(0,2,W)"", ""E(3,2)"", ""N(5,2)"", ""B(0,3,W)"", ""E(2,3)"", ""E(3,3)"", ""E(4,3)"", ""B(6,3,E)"", ""N(0,4)"", ""E(0,4)"", ""N(1,4)"", ""E(1,4)"", ""N(3,4)"", ""E(3,4)"", ""E(4,4)"", ""E(5,4)"", ""B(6,4,E)"", ""B(0,5,W)"", ""N(1,5)"", ""E(2,5)"", ""E(4,5)"", ""N(5,5)"", ""E(5,5)"", ""N(6,5)"", ""B(6,5,E)"", ""B(0,6,N)"", ""B(0,6,W)"", ""B(1,6,N)"", ""E(1,6)"", ""B(2,6,N)"", ""E(2,6)"", ""B(3,6,N)"", ""E(3,6)"", ""B(4,6,N)"", ""B(5,6,N)"", ""B(6,6,N)"", ""B(6,6,E)""]",[],[]
contiguous_roi,0.08,,2,6,0.18,,,,2,,8,62,0.12903225806451613,0,0,0,"[""N(0,0)"", ""B(0,0,S)"", ""N(1,0)"", ""N(5,0)"", ""B(5,0,S)"", ""B(6,0,S)"", ""B(6,0,E)"", ""B(0,1,W)"", ""N(1,1)"", ""E(3,1)"", ""N(4,1)"", ""B(6,1,E)"", ""N(0,2)"", ""E(0,2)"", ""B(0,2,W)"", ""E(3,2)"", ""N(5,2)"", ""E(5,2)"", ""B(6,2,E)"", ""B(0,3,W)"", ""N(2,3)"", ""E(2,3)"", ""E(3,3)"", ""E(4,3)"", ""B(6,3,E)"", ""N(0,4)"", ""E(0,4)"", ""N(1,4)"", ""E(1,4)"", ""N(3,4)"", ""E(3,4)"", ""E(4,4)"", ""E(5,4)"", ""B(6,4,E)"", ""B(0,5,W)"", ""N(1,5)"", ""E(2,5)"", ""E(4,5)"", ""N(5,5)"", ""E(5,5)"", ""N(6,5)"", ""B(6,5,E)"", ""B(0,6,N)"", ""B(0,6,W)"", ""B(1,6,N)"", ""E(1,6)"", ""B(2,6,N)"", ""E(2,6)"", ""B(3,6,N)"", ""E(3,6)"", ""B(4,6,N)"", ""B(5,6,N)"", ""B(6,6,N)"", ""B(6,6,E)""]",[],[]
contiguous_roi,0.08,,3,6,0.08,,,,0,,17,62,0.27419354838709675,0,0,0,"[""N(0,0)"", ""B(0,0,S)"", ""N(5,0)"", ""B(5,0,S)"", ""B(6,0,S)"", ""B(6,0,E)"", ""N(4,1)"", ""N(0,2)"", ""B(0,2,W)"", ""E(3,2)"", ""N(5,2)"", ""B(0,3,W)"", ""E(2,3)"", ""E(3,3)"", ""E(4,3)"", ""B(6,3,E)"", ""N(0,4)"", ""E(0,4)"", ""N(1,4)"", ""E(1,4)"", ""N(3,4)"", ""E(3,4)"", ""E(4,4)"", ""E(5,4)"", ""B(6,4,E)"", ""B(0,5,W)"", ""N(1,5)"", ""E(2,5)"", ""E(4,5)"", ""N(5,5)"", ""E(5,5)"", ""N(6,5)"", ""B(6,5,E)"", ""B(0,6,N)"", ""B(0,6,W)"", ""B(1,6,N)"", ""E(1,6)"", ""B(2,6,N)"", ""E(2,6)"", ""B(3,6,N)"", ""E(3,6)"", ""B(4,6,N)"", ""B(5,6,N)"", ""B(6,6,N)"", ""B(6,6,E)""]",[],[]
contiguous_roi,0.08,,3,6,0.08,,,,2,,9,62,0.14516129032258066,0,0,0,"[""N(0,0)"", ""B(0,0,S)"", ""N(1,0)"", ""N(5,0)"", ""B(5,0,S)"", ""B(6,0,S)"", ""B(6,0,E)"", ""B(0,1,W)"", ""N(1,1)"", ""N(4,1)"", ""B(6,1,E)"", ""N(0,2)"", ""E(0,2)"", ""B(0,2,W)"", ""E(3,2)"", ""N(5,2)"", ""E(5,2)"", ""B(6,2,E)"", ""B(0,3,W)"", ""N(2,3)"", ""E(2,3)"", ""E(3,3)"", ""E(4,3)"", ""B(6,3,E)"", ""N(0,4)"", ""E(0,4)"", ""N(1,4)"", ""E(1,4)"", ""N(3,4)"", ""E(3,4)"", ""E(4,4)"", ""E(5,4)"", ""B(6,4,E)"", ""B(0,5,W)"", ""N(1,5)"", ""E(2,5)"", ""E(4,5)"", ""N(5,5)"", ""E(5,5)"", ""N(6,5)"", ""B(6,5,E)"", ""B(0,6,N)"", ""B(0,6,W)"", ""B(1,6,N)"", ""E(1,6)"", ""B(2,6,N)"", ""E(2,6)"", ""B(3,6,N)"", ""E(3,6)"", ""B(4,6,N)"", ""B(5,6,N)"", ""B(6,6,N)"", ""B(6,6,E)""]",[],[]
contiguous_roi,0.08,,3,6,0.12,,,,0,,17,62,0.27419354838709675,0,0,0,"[""N(0,0)"", ""B(0,0,S)"", ""N(5,0)"", ""B(5,0,S)"", ""B(6,0,S)"", ""B(6,0,E)"", ""N(4,1)"", ""N(0,2)"", ""B(0,2,W)"", ""E(3,2)"", ""N(5,2)"", ""B(0,3,W)"", ""E(2,3)"", ""E(3,3)"", ""E(4,3)"", ""B(6,3,E)"", ""N(0,4)"", ""E(0,4)"", ""N(1,4)"", ""E(1,4)"", ""N(3,4)"", ""E(3,4)"", ""E(4,4)"", ""E(5,4)"", ""B(6,4,E)"", ""B(0,5,W)"", ""N(1,5)"", ""E(2,5)"", ""E(4,5)"", ""N(5,5)"", ""E(5,5)"", ""N(6,5)"", ""B(6,5,E)"", ""B(0,6,N)"", ""B(0,6,W)"", ""B(1,6,N)"", ""E(1,6)"", ""B(2,6,N)"", ""E(2,6)"", ""B(3,6,N)"", ""E(3,6)"", ""B(4,6,N)"", ""B(5,6,N)"", ""B(6,6,N)"", ""B(6,6,E)""]",[],[]
contiguous_roi,0.08,,3,6,0.12,,,,2,,8,62,0.12903225806451613,0,0,0,"[""N(0,0)"", ""B(0,0,S)"", ""N(1,0)"", ""N(5,0)"", ""B(5,0,S)"", ""B(6,0,S)"", ""B(6,0,E)"", ""B(0,1,W)"", ""N(1,1)"", ""E(3,1)"", ""N(4,1)"", ""B(6,1,E)"", ""N(0,2)"", ""E(0,2)"", ""B(0,2,W)"", ""E(3,2)"", ""N(5,2)"", ""E(5,2)"", ""B(6,2,E)"", ""B(0,3,W)"", ""N(2,3)"", ""E(2,3)"", ""E(3,3)"", ""E(4,3)"", ""B(6,3,E)"", ""N(0,4)"", ""E(0,4)"", ""N(1,4)"", ""E(1,4)"", ""N(3,4)"", ""E(3,4)"", ""E(4,4)"", ""E(5,4)"", ""B(6,4,E)"", ""B(0,5,W)"", ""N(1,5)"", ""E(2,5)"", ""E(4,5)"", ""N(5,5)"", ""E(5,5)"", ""N(6,5)"", ""B(6,5,E)"", ""B(0,6,N)"", ""B(0,6,W)"", ""B(1,6,N)"", ""E(1,6)"", ""B(2,6,N)"", ""E(2,6)"", ""B(3,6,N)"", ""E(3,6)"", ""B(4,6,N)"", ""B(5,6,N)"", ""B(6,6,N)"", ""B(6,6,E)""]",[],[]
contiguous_roi,0.08,,3,6,0.15,,,,0,,17,62,0.27419354838709675,0,0,0,"[""N(0,0)"", ""B(0,0,S)"", ""N(5,0)"", ""B(5,0,S)"", ""B(6,0,S)"", ""B(6,0,E)"", ""N(4,1)"", ""N(0,2)"", ""B(0,2,W)"", ""E(3,2)"", ""N(5,2)"", ""B(0,3,W)"", ""E(2,3)"", ""E(3,3)"", ""E(4,3)"", ""B(6,3,E)"", ""N(0,4)"", ""E(0,4)"", ""N(1,4)"", ""E(1,4)"", ""N(3,4)"", ""E(3,4)"", ""E(4,4)"", ""E(5,4)"", ""B(6,4,E)"", ""B(0,5,W)"", ""N(1,5)"", ""E(2,5)"", ""E(4,5)"", ""N(5,5)"", ""E(5,5)"", ""N(6,5)"", ""B(6,5,E)"", ""B(0,6,N)"", ""B(0,6,W)"", ""B(1,6,N)"", ""E(1,6)"", ""B(2,6,N)"", ""E(2,6)"", ""B(3,6,N)"", ""E(3,6)"", ""B(4,6,N)"", ""B(5,6,N)"", ""B(6,6,N)"", ""B(6,6,E)""]",[],[]
contiguous_roi,0.08,,3,6,0.15,,,,2,,8,62,0.12903225806451613,0,0,0,"[""N(0,0)"", ""B(0,0,S)"", ""N(1,0)"", ""N(5,0)"", ""B(5,0,S)"", ""B(6,0,S)"", ""B(6,0,E)"", ""B(0,1,W)"", ""N(1,1)"", ""E(3,1)"", ""N(4,1)"", ""B(6,1,E)"", ""N(0,2)"", ""E(0,2)"", ""B(0,2,W)"", ""E(3,2)"", ""N(5,2)"", ""E(5,2)"", ""B(6,2,E)"", ""B(0,3,W)"", ""N(2,3)"", ""E(2,3)"", ""E(3,3)"", ""E(4,3)"", ""B(6,3,E)"", ""N(0,4)"", ""E(0,4)"", ""N(1,4)"", ""E(1,4)"", ""N(3,4)"", ""E(3,4)"", ""E(4,4)"", ""E(5,4)"", ""B(6,4,E)"", ""B(0,5,W)"", ""N(1,5)"", ""E(2,5)"", ""E(4,5)"", ""N(5,5)"", ""E(5,5)"", ""N(6,5)"", ""B(6,5,E)"", ""B(0,6,N)"", ""B(0,6,W)"", ""B(1,6,N)"", ""E(1,6)"", ""B(2,6,N)"", ""E(2,6)"", ""B(3,6,N)"", ""E(3,6)"", ""B(4,6,N)"", ""B(5,6,N)"", ""B(6,6,N)"", ""B(6,6,E)""]",[],[]
contiguous_roi,0.08,,3,6,0.18,,,,0,,17,62,0.27419354838709675,0,0,0,"[""N(0,0)"", ""B(0,0,S)"", ""N(5,0)"", ""B(5,0,S)"", ""B(6,0,S)"", ""B(6,0,E)"", ""N(4,1)"", ""N(0,2)"", ""B(0,2,W)"", ""E(3,2)"", ""N(5,2)"", ""B(0,3,W)"", ""E(2,3)"", ""E(3,3)"", ""E(4,3)"", ""B(6,3,E)"", ""N(0,4)"", ""E(0,4)"", ""N(1,4)"", ""E(1,4)"", ""N(3,4)"", ""E(3,4)"", ""E(4,4)"", ""E(5,4)"", ""B(6,4,E)"", ""B(0,5,W)"", ""N(1,5)"", ""E(2,5)"", ""E(4,5)"", ""N(5,5)"", ""E(5,5)"", ""N(6,5)"", ""B(6,5,E)"", ""B(0,6,N)"", ""B(0,6,W)"", ""B(1,6,N)"", ""E(1,6)"", ""B(2,6,N)"", ""E(2,6)"", ""B(3,6,N)"", ""E(3,6)"", ""B(4,6,N)"", ""B(5,6,N)"", ""B(6,6,N)"", ""B(6,6,E)""]",[],[]
contiguous_roi,0.08,,3,6,0.18,,,,2,,8,62,0.12903225806451613,0,0,0,"[""N(0,0)"", ""B(0,0,S)"", ""N(1,0)"", ""N(5,0)"", ""B(5,0,S)"", ""B(6,0,S)"", ""B(6,0,E)"", ""B(0,1,W)"", ""N(1,1)"", ""E(3,1)"", ""N(4,1)"", ""B(6,1,E)"", ""N(0,2)"", ""E(0,2)"", ""B(0,2,W)"", ""E(3,2)"", ""N(5,2)"", ""E(5,2)"", ""B(6,2,E)"", ""B(0,3,W)"", ""N(2,3)"", ""E(2,3)"", ""E(3,3)"", ""E(4,3)"", ""B(6,3,E)"", ""N(0,4)"", ""E(0,4)"", ""N(1,4)"", ""E(1,4)"", ""N(3,4)"", ""E(3,4)"", ""E(4,4)"", ""E(5,4)"", ""B(6,4,E)"", ""B(0,5,W)"", ""N(1,5)"", ""E(2,5)"", ""E(4,5)"", ""N(5,5)"", ""E(5,5)"", ""N(6,5)"", ""B(6,5,E)"", ""B(0,6,N)"", ""B(0,6,W)"", ""B(1,6,N)"", ""E(1,6)"", ""B(2,6,N)"", ""E(2,6)"", ""B(3,6,N)"", ""E(3,6)"", ""B(4,6,N)"", ""B(5,6,N)"", ""B(6,6,N)"", ""B(6,6,E)""]",[],[]
contiguous_roi,0.08,,5,6,0.08,,,,0,,17,62,0.27419354838709675,1,1,0,"[""N(0,0)"", ""B(0,0,S)"", ""N(5,0)"", ""B(5,0,S)"", ""B(6,0,S)"", ""B(6,0,E)"", ""N(4,1)"", ""N(0,2)"", ""B(0,2,W)"", ""E(3,2)"", ""N(5,2)"", ""B(0,3,W)"", ""E(2,3)"", ""E(3,3)"", ""E(4,3)"", ""B(6,3,E)"", ""N(0,4)"", ""E(0,4)"", ""N(1,4)"", ""E(1,4)"", ""N(3,4)"", ""E(3,4)"", ""E(4,4)"", ""E(5,4)"", ""B(6,4,E)"", ""B(0,5,W)"", ""N(1,5)"", ""E(2,5)"", ""E(4,5)"", ""N(5,5)"", ""E(5,5)"", ""N(6,5)"", ""B(6,5,E)"", ""B(0,6,N)"", ""B(0,6,W)"", ""B(1,6,N)"", ""E(1,6)"", ""B(2,6,N)"", ""E(2,6)"", ""B(3,6,N)"", ""E(3,6)"", ""B(4,6,N)"", ""B(5,6,N)"", ""B(6,6,N)"", ""B(6,6,E)""]","[""B(3,0,S)""]","[""B(3,0,S)""]"
contiguous_roi,0.08,,5,6,0.08,,,,2,,10,62,0.16129032258064516,0,0,0,"[""N(0,0)"", ""B(0,0,S)"", ""N(1,0)"", ""N(5,0)"", ""B(5,0,S)"", ""B(6,0,S)"", ""B(6,0,E)"", ""B(0,1,W)"", ""N(4,1)"", ""B(6,1,E)"", ""N(0,2)"", ""E(0,2)"", ""B(0,2,W)"", ""E(3,2)"", ""N(5,2)"", ""E(5,2)"", ""B(6,2,E)"", ""B(0,3,W)"", ""N(2,3)"", ""E(2,3)"", ""E(3,3)"", ""E(4,3)"", ""B(6,3,E)"", ""N(0,4)"", ""E(0,4)"", ""N(1,4)"", ""E(1,4)"", ""N(3,4)"", ""E(3,4)"", ""E(4,4)"", ""E(5,4)"", ""B(6,4,E)"", ""B(0,5,W)"", ""N(1,5)"", ""E(2,5)"", ""E(4,5)"", ""N(5,5)"", ""E(5,5)"", ""N(6,5)"", ""B(6,5,E)"", ""B(0,6,N)"", ""B(0,6,W)"", ""B(1,6,N)"", ""E(1,6)"", ""B(2,6,N)"", ""E(2,6)"", ""B(3,6,N)"", ""E(3,6)"", ""B(4,6,N)"", ""B(5,6,N)"", ""B(6,6,N)"", ""B(6,6,E)""]",[],[]
contiguous_roi,0.08,,5,6,0.12,,,,0,,17,62,0.27419354838709675,0,0,0,"[""N(0,0)"", ""B(0,0,S)"", ""N(5,0)"", ""B(5,0,S)"", ""B(6,0,S)"", ""B(6,0,E)"", ""N(4,1)"", ""N(0,2)"", ""B(0,2,W)"", ""E(3,2)"", ""N(5,2)"", ""B(0,3,W)"", ""E(2,3)"", ""E(3,3)"", ""E(4,3)"", ""B(6,3,E)"", ""N(0,4)"", ""E(0,4)"", ""N(1,4)"", ""E(1,4)"", ""N(3,4)"", ""E(3,4)"", ""E(4,4)"", ""E(5,4)"", ""B(6,4,E)"", ""B(0,5,W)"", ""N(1,5)"", ""E(2,5)"", ""E(4,5)"", ""N(5,5)"", ""E(5,5)"", ""N(6,5)"", ""B(6,5,E)"", ""B(0,6,N)"", ""B(0,6,W)"", ""B(1,6,N)"", ""E(1,6)"", ""B(2,6,N)"", ""E(2,6)"", ""B(3,6,N)"", ""E(3,6)"", ""B(4,6,N)"", ""B(5,6,N)"", ""B(6,6,N)"", ""B(6,6,E)""]",[],[]
contiguous_roi,0.08,,5,6,0.12,,,,2,,10,62,0.16129032258064516,0,0,0,"[""N(0,0)"", ""B(0,0,S)"", ""N(1,0)"", ""N(5,0)"", ""B(5,0,S)"", ""B(6,0,S)"", ""B(6,0,E)"", ""B(0,1,W)"", ""N(4,1)"", ""B(6,1,E)"", ""N(0,2)"", ""E(0,2)"", ""B(0,2,W)"", ""E(3,2)"", ""N(5,2)"", ""E(5,2)"", ""B(6,2,E)"", ""B(0,3,W)"", ""N(2,3)"", ""E(2,3)"", ""E(3,3)"", ""E(4,3)"", ""B(6,3,E)"", ""N(0,4)"", ""E(0,4)"", ""N(1,4)"", ""E(1,4)"", ""N(3,4)"", ""E(3,4)"", ""E(4,4)"", ""E(5,4)"", ""B(6,4,E)"", ""B(0,5,W)"", ""N(1,5)"", ""E(2,5)"", ""E(4,5)"", ""N(5,5)"", ""E(5,5)"", ""N(6,5)"", ""B(6,5,E)"", ""B(0,6,N)"", ""B(0,6,W)"", ""B(1,6,N)"", ""E(1,6)"", ""B(2,6,N)"", ""E(2,6)"", ""B(3,6,N)"", ""E(3,6)"", ""B(4,6,N)"", ""B(5,6,N)"", ""B(6,6,N)"", ""B(6,6,E)""]",[],[]
contiguous_roi,0.08,,5,6,0.15,,,,0,,17,62,0.27419354838709675,0,0,0,"[""N(0,0)"", ""B(0,0,S)"", ""N(5,0)"", ""B(5,0,S)"", ""B(6,0,S)"", ""B(6,0,E)"", ""N(4,1)"", ""N(0,2)"", ""B(0,2,W)"", ""E(3,2)"", ""N(5,2)"", ""B(0,3,W)"", ""E(2,3)"", ""E(3,3)"", ""E(4,3)"", ""B(6,3,E)"", ""N(0,4)"", ""E(0,4)"", ""N(1,4)"", ""E(1,4)"", ""N(3,4)"", ""E(3,4)"", ""E(4,4)"", ""E(5,4)"", ""B(6,4,E)"", ""B(0,5,W)"", ""N(1,5)"", ""E(2,5)"", ""E(4,5)"", ""N(5,5)"", ""E(5,5)"", ""N(6,5)"", ""B(6,5,E)"", ""B(0,6,N)"", ""B(0,6,W)"", ""B(1,6,N)"", ""E(1,6)"", ""B(2,6,N)"", ""E(2,6)"", ""B(3,6,N)"", ""E(3,6)"", ""B(4,6,N)"", ""B(5,6,N)"", ""B(6,6,N)"", ""B(6,6,E)""]",[],[]
contiguous_roi,0.08,,5,6,0.15,,,,2,,10,62,0.16129032258064516,0,0,0,"[""N(0,0)"", ""B(0,0,S)"", ""N(1,0)"", ""N(5,0)"", ""B(5,0,S)"", ""B(6,0,S)"", ""B(6,0,E)"", ""B(0,1,W)"", ""N(4,1)"", ""B(6,1,E)"", ""N(0,2)"", ""E(0,2)"", ""B(0,2,W)"", ""E(3,2)"", ""N(5,2)"", ""E(5,2)"", ""B(6,2,E)"", ""B(0,3,W)"", ""N(2,3)"", ""E(2,3)"", ""E(3,3)"", ""E(4,3)"", ""B(6,3,E)"", ""N(0,4)"", ""E(0,4)"", ""N(1,4)"", ""E(1,4)"", ""N(3,4)"", ""E(3,4)"", ""E(4,4)"", ""E(5,4)"", ""B(6,4,E)"", ""B(0,5,W)"", ""N(1,5)"", ""E(2,5)"", ""E(4,5)"", ""N(5,5)"", ""E(5,5)"", ""N(6,5)"", ""B(6,5,E)"", ""B(0,6,N)"", ""B(0,6,W)"", ""B(1,6,N)"", ""E(1,6)"", ""B(2,6,N)"", ""E(2,6)"", ""B(3,6,N)"", ""E(3,6)"", ""B(4,6,N)"", ""B(5,6,N)"", ""B(6,6,N)"", ""B(6,6,E)""]",[],[]
contiguous_roi,0.08,,5,6,0.18,,,,0,,17,62,0.27419354838709675,0,0,0,"[""N(0,0)"", ""B(0,0,S)"", ""N(5,0)"", ""B(5,0,S)"", ""B(6,0,S)"", ""B(6,0,E)"", ""N(4,1)"", ""N(0,2)"", ""B(0,2,W)"", ""E(3,2)"", ""N(5,2)"", ""B(0,3,W)"", ""E(2,3)"", ""E(3,3)"", ""E(4,3)"", ""B(6,3,E)"", ""N(0,4)"", ""E(0,4)"", ""N(1,4)"", ""E(1,4)"", ""N(3,4)"", ""E(3,4)"", ""E(4,4)"", ""E(5,4)"", ""B(6,4,E)"", ""B(0,5,W)"", ""N(1,5)"", ""E(2,5)"", ""E(4,5)"", ""N(5,5)"", ""E(5,5)"", ""N(6,5)"", ""B(6,5,E)"", ""B(0,6,N)"", ""B(0,6,W)"", ""B(1,6,N)"", ""E(1,6)"", ""B(2,6,N)"", ""E(2,6)"", ""B(3,6,N)"", ""E(3,6)"", ""B(4,6,N)"", ""B(5,6,N)"", ""B(6,6,N)"", ""B(6,6,E)""]",[],[]
contiguous_roi,0.08,,5,6,0.18,,,,2,,10,62,0.16129032258064516,0,0,0,"[""N(0,0)"", ""B(0,0,S)"", ""N(1,0)"", ""N(5,0)"", ""B(5,0,S)"", ""B(6,0,S)"", ""B(6,0,E)"", ""B(0,1,W)"", ""N(4,1)"", ""B(6,1,E)"", ""N(0,2)"", ""E(0,2)"", ""B(0,2,W)"", ""E(3,2)"", ""N(5,2)"", ""E(5,2)"", ""B(6,2,E)"", ""B(0,3,W)"", ""N(2,3)"", ""E(2,3)"", ""E(3,3)"", ""E(4,3)"", ""B(6,3,E)"", ""N(0,4)"", ""E(0,4)"", ""N(1,4)"", ""E(1,4)"", ""N(3,4)"", ""E(3,4)"", ""E(4,4)"", ""E(5,4)"", ""B(6,4,E)"", ""B(0,5,W)"", ""N(1,5)"", ""E(2,5)"", ""E(4,5)"", ""N(5,5)"", ""E(5,5)"", ""N(6,5)"", ""B(6,5,E)"", ""B(0,6,N)"", ""B(0,6,W)"", ""B(1,6,N)"", ""E(1,6)"", ""B(2,6,N)"", ""E(2,6)"", ""B(3,6,N)"", ""E(3,6)"", ""B(4,6,N)"", ""B(5,6,N)"", ""B(6,6,N)"", ""B(6,6,E)""]",[],[]
