monotonic_s,record_type,segment,primitive_index,source_stamp_s,frame_id,child_frame_id,pose_x_m,pose_y_m,pose_yaw_rad,world_vx_mps,world_vy_mps,odom_wz_radps,ref_x_m,ref_y_m,ref_yaw_rad,ref_vx_mps,ref_vy_mps,position_error_m,corridor_error_m,yaw_error_rad,cmd_vx_mps,cmd_vy_mps,cmd_wz_radps,displacement_from_start_m,reason
3979.549944,trial_start,,,1790843648.836,odom,base_footprint,1.716996192932129,0.32681429386138916,-0.05126913691653932,,,,,,,,,,,,,,,,route_length_m=1.428319;profile_s=4.006263;speed=0.500;command_cap=0.700;kp_pos=1.000;kd_vel=0.200
3979.551356,segment_enter,north_out,0,1790843648.836,,,1.716996192932129,0.32681429386138916,-0.05126913691653932,,,,,,,,,,,,,,,,
3979.551496,control_sample,north_out,0,1790843648.836,odom,base_footprint,1.716996192932129,0.32681429386138916,-0.05126913691653932,0.0,0.0,0.0,1.7169961940040919,0.3268142938063823,-0.05126913691653923,4.6272119399854905e-05,-2.3744123898807123e-06,1.0733733485201125e-09,0.0,8.326672684688674e-17,5.5600673100777965e-05,-1.244926674227008e-17,1.6653345369377348e-16,0.0,progress=0.0000;speed=0.0000;settled=False
3979.613472,control_sample,north_out,0,1790843648.926,odom,base_footprint,1.716996192932129,0.32681429386138916,-0.05126913691653932,0.0,0.0,0.0,1.718775808966581,0.3267229744574751,-0.05126913691653923,0.059620091657758396,-0.0030593516388283076,0.0017819574808648508,0.0,8.326672684688674e-17,0.07342019828066744,-9.540979117872439e-18,1.6653345369377348e-16,0.0,progress=0.0018;speed=0.0597;settled=False
3979.636230,control_sample,north_out,0,1790843648.926,odom,base_footprint,1.716996192932129,0.32681429386138916,-0.05126913691653932,0.0,0.0,0.0,1.7203683254806346,0.3266412558979818,-0.05126913691653923,0.08206950289663988,-0.004211323082593528,0.0033765692739038274,0.0,8.326672684688674e-17,0.10198954767351862,6.938893903907228e-18,1.6653345369377348e-16,0.0,progress=0.0034;speed=0.0822;settled=False
3979.650289,control_sample,north_out,0,1790843649.016,odom,base_footprint,1.716996192932129,0.32681429386138916,-0.05126913691653932,0.0,0.0,0.0,1.721901481573107,0.3265625833653898,-0.05126913691653923,0.09898326340903989,-0.005079237564164555,0.004911742544668407,0.0,8.326672684688674e-17,0.1238479377446356,2.3418766925686896e-17,1.6653345369377348e-16,0.0,progress=0.0049;speed=0.0991;settled=False
3979.671580,control_sample,north_out,0,1790843649.016,odom,base_footprint,1.716996192932129,0.32681429386138916,-0.05126913691653932,0.0,0.0,0.0,1.7241782376469112,0.3264457536653352,-0.05126913691653923,0.1197715132432292,-0.00614596799731583,0.007191494153598437,0.0,8.326672684688674e-17,0.1511064105534066,4.163336342344337e-17,1.6653345369377348e-16,0.0,progress=0.0072;speed=0.1199;settled=False
3979.693171,control_sample,north_out,0,1790843649.106,odom,base_footprint,1.716996192932129,0.32681429386138916,-0.05126913691653932,0.0,0.0,0.0,1.726693782719474,0.32631667072154386,-0.05126913691653923,0.13917505094780086,-0.007141643166960144,0.009710348936723547,0.0,8.326672684688674e-17,0.1769401457367074,2.7755575615628914e-17,1.6653345369377348e-16,0.0,progress=0.0097;speed=0.1394;settled=False
3979.710380,control_sample,north_out,0,1790843649.106,odom,base_footprint,1.716996192932129,0.32681429386138916,-0.05126913691653932,0.0,0.0,0.0,1.7296389386992457,0.32616554267858405,-0.05126913691653923,0.15890961911435952,-0.008154304868463476,0.012659379867479292,0.0,8.326672684688674e-17,0.2036018162674071,8.673617379884035e-18,1.6653345369377348e-16,0.0,progress=0.0127;speed=0.1591;settled=False
3979.730561,control_sample,north_out,0,1790843649.196,odom,base_footprint,1.716996192932129,0.32681429386138916,-0.05126913691653932,0.0,0.0,0.0,1.7330121532687979,0.32599244919223525,-0.05126913691653923,0.1788570142638235,-0.009177887596097997,0.01603703258604815,0.0,8.326672684688674e-17,0.23094783698596305,5.0306980803327406e-17,1.6653345369377348e-16,0.0,progress=0.0160;speed=0.1791;settled=False
3979.750649,control_sample,north_out,0,1790843649.196,odom,base_footprint,1.716996192932129,0.32681429386138916,-0.05126913691653932,0.0,0.0,0.0,1.7367917613958228,0.3257985019842383,-0.05126913691653923,0.1988444497319393,-0.010203524956844956,0.01982161355537127,0.0,8.326672684688674e-17,0.25874889755506325,4.336808689942018e-17,1.6653345369377348e-16,0.0,progress=0.0198;speed=0.1991;settled=False
3979.770644,control_sample,north_out,0,1790843649.297,odom,base_footprint,1.716996192932129,0.32681429386138916,-0.05126913691653932,0.0,0.0,0.0,1.740967051729268,0.3255842506979851,-0.05126913691653923,0.21881207326683422,-0.011228145685971896,0.024002397331437823,0.0,8.326672684688674e-17,0.28692235533109445,2.2551405187698492e-17,1.6653345369377348e-16,0.0,progress=0.0240;speed=0.2191;settled=False
3979.790754,control_sample,north_out,0,1790843649.297,odom,base_footprint,1.716996192932129,0.32681429386138916,-0.05126913691653932,0.0,0.0,0.0,1.7455459582274013,0.32534928820950854,-0.05126913691653923,0.23879803866922567,-0.012253707611612033,0.028587328311249792,0.0,8.326672684688674e-17,0.3155219995108101,1.734723475976807e-17,1.6653345369377348e-16,0.0,progress=0.0286;speed=0.2391;settled=False
3979.811345,control_sample,north_out,0,1790843649.376,odom,base_footprint,1.7178008556365967,0.3267730176448822,-0.05126913691653932,0.010185463108676077,-0.0005226579226450842,0.0,1.7506205873995777,0.3250888881557236,-0.05126913691653923,0.2591532862063337,-0.013298218919459101,0.032862913521632245,1.4311108319735182e-08,8.326672684688674e-17,0.34221624669064876,-1.4311108274128737e-08,1.6653345369377348e-16,0.0008057206674837879,progress=0.0337;speed=0.2595;settled=False
3979.831001,control_sample,north_out,0,1790843649.376,odom,base_footprint,1.7178008556365967,0.3267730176448822,-0.05126913691653932,0.010185463108676077,-0.0005226579226450842,0.0,1.755913726865461,0.3248172754418007,-0.05126913691653923,0.27880601604769756,-0.014306681160556686,0.038163017187755305,1.4311108319735182e-08,8.326672684688674e-17,0.3711306547565522,-1.4311108249842608e-08,1.6653345369377348e-16,0.0008057206674837879,progress=0.0390;speed=0.2792;settled=False
3979.850842,control_sample,north_out,0,1790843649.474,odom,base_footprint,1.7245513200759888,0.3266768157482147,-0.04977289594781889,0.06888392804380233,-0.0008785097620259649,0.015267756767570972,1.761663805510054,0.3245222153029182,-0.05126913691653923,0.29869355694748373,-0.015327192520943169,0.0371749765053399,0.00024987770890271243,-0.001496240968720343,0.38230871244713904,-0.001352448399775219,-0.002992481937440686,0.007556377861878672,progress=0.0447;speed=0.2991;settled=False
3979.870692,control_sample,north_out,0,1790843649.474,odom,base_footprint,1.7245513200759888,0.3266768157482147,-0.04977289594781889,0.06888392804380233,-0.0008785097620259649,0.015267756767570972,1.7678353460431777,0.32420552822446663,-0.05126913691653923,0.318660796986913,-0.016351793571343552,0.04335451724968599,0.00024987770890271243,-0.001496240968720343,0.4124805523220367,-0.0013975927763865519,-0.002992481937440686,0.007556377861878672,progress=0.0509;speed=0.3191;settled=False
3979.890655,control_sample,north_out,0,1790843649.474,odom,base_footprint,1.7245513200759888,0.3266768157482147,-0.04977289594781889,0.06888392804380233,-0.0008785097620259649,0.015267756767570972,1.7744102622691482,0.3238681422833891,-0.05126913691653923,0.33864030688298175,-0.017377024238454913,0.049937989179109236,0.00024987770890271243,-0.001496240968720343,0.4430710413439795,-0.0014433635534706023,-0.002992481937440686,0.007556377861878672,progress=0.0575;speed=0.3391;settled=False
3979.910840,control_sample,north_out,0,1790843649.474,odom,base_footprint,1.7245513200759888,0.3266768157482147,-0.04977289594781889,0.06888392804380233,-0.0008785097620259649,0.015267756767570972,1.7814010657395936,0.32350941546061257,-0.05126913691653923,0.3586648754950452,-0.01840456705324651,0.056937913612973685,0.00024987770890271243,-0.001496240968720343,0.4741321058676717,-0.0014898384254246957,-0.002992481937440686,0.007556377861878672,progress=0.0645;speed=0.3591;settled=False
3979.930875,control_sample,north_out,0,1790843649.474,odom,base_footprint,1.7245513200759888,0.3266768157482147,-0.04977289594781889,0.06888392804380233,-0.0008785097620259649,0.015267756767570972,1.7887824262015994,0.3231306475553928,-0.05126913691653923,0.3786605551167685,-0.019430627455356685,0.06432892275618521,0.00024987770890271243,-0.001496240968720343,0.505549528441479,-0.0015368464952908167,-0.002992481937440686,0.007556377861878672,progress=0.0719;speed=0.3792;settled=False
3979.950726,control_sample,north_out,0,1790843649.58,odom,base_footprint,1.74497389793396,0.32538631558418274,-0.04487194200004915,0.1909218291373744,-0.011125072170362673,0.04580327123403549,1.7965381325177197,0.3227326704277376,-0.05126913691653923,0.39859107746578476,-0.020453344370338692,0.051632471573858675,7.662531138071317e-06,-0.00639719491649008,0.49231443389843293,-0.002891862752483744,-0.01279438983298016,0.0280141232082972,progress=0.0796;speed=0.3991;settled=False
3979.970926,control_sample,north_out,0,1790843649.58,odom,base_footprint,1.74497389793396,0.32538631558418274,-0.04487194200004915,0.1909218291373744,-0.011125072170362673,0.04580327123403549,1.8047062519589465,0.3223135306897092,-0.05126913691653923,0.41855659177584603,-0.021477856866481213,0.05981133775776991,7.662531138071317e-06,-0.00639719491649008,0.5244827815185155,-0.0030976527496154906,-0.01279438983298016,0.0280141232082972,progress=0.0878;speed=0.4191;settled=False
3979.990764,control_sample,north_out,0,1790843649.58,odom,base_footprint,1.74497389793396,0.32538631558418274,-0.04487194200004915,0.1909218291373744,-0.011125072170362673,0.04580327123403549,1.8132685641476884,0.321874163303675,-0.05126913691653923,0.43851082492842286,-0.02250179048012493,0.06838491534604735,7.662531138071317e-06,-0.00639719491649008,0.5570322775273729,-0.0033058810605443543,-0.01279438983298016,0.0280141232082972,progress=0.0964;speed=0.4391;settled=False
3980.011035,control_sample,north_out,0,1790843649.646,odom,base_footprint,1.7612882852554321,0.32482221722602844,-0.04184892754552394,0.24721257120822332,-0.007799682519525076,0.045803315937519073,1.8222538372944563,0.3214130920546625,-0.05126913691653923,0.4585179135389983,-0.023528436324286122,0.06106079486754991,0.0002803635621436449,-0.009420209371015294,0.5625112919465511,-0.006555428091299123,-0.018840418742030587,0.04433686740960807,progress=0.1054;speed=0.4591;settled=False
3980.031004,control_sample,north_out,0,1790843649.646,odom,base_footprint,1.7612882852554321,0.32482221722602844,-0.04184892754552394,0.24721257120822332,-0.007799682519525076,0.045803315937519073,1.8316274722002932,0.32093209236959713,-0.05126913691653923,0.4784990213326132,-0.024553748986079826,0.07044667693697652,0.0002803635621436449,-0.009420209371015294,0.5959046544492421,-0.006870009863096677,-0.018840418742030587,0.04433686740960807,progress=0.1148;speed=0.4791;settled=False
3980.050804,control_sample,north_out,0,1790843649.646,odom,base_footprint,1.7612882852554321,0.32482221722602844,-0.04184892754552394,0.24721257120822332,-0.007799682519525076,0.045803315937519073,1.8413868896046752,0.32043129660092406,-0.05126913691653923,0.4984521049979229,-0.02557762361481331,0.08021886687452368,0.0002803635621436449,-0.009420209371015294,0.6296506181804822,-0.007187913310547776,-0.018840418742030587,0.04433686740960807,progress=0.1246;speed=0.4991;settled=False
3980.070832,control_sample,north_out,0,1790843649.646,odom,base_footprint,1.7612882852554321,0.32482221722602844,-0.04184892754552394,0.24721257120822332,-0.007799682519525076,0.045803315937519073,1.8513715818102479,0.31991894105746627,-0.05126913691653923,0.4993430128277747,-0.025623339752670796,0.09021664167640062,0.0002803635621436449,-0.009420209371015294,0.6407184521772301,-0.007292177708251881,-0.018840418742030587,0.04433686740960807,progress=0.1346;speed=0.5000;settled=False
3980.090791,control_sample,north_out,0,1790843649.646,odom,base_footprint,1.7612882852554321,0.32482221722602844,-0.04184892754552394,0.24721257120822332,-0.007799682519525076,0.045803315937519073,1.861378273474641,0.3194054566314703,-0.05126913691653923,0.4993430128277747,-0.025623339752670796,0.10023645562897818,0.0002803635621436449,-0.009420209371015294,0.6507378650977973,-0.007386565467755582,-0.018840418742030587,0.04433686740960807,progress=0.1446;speed=0.5000;settled=False
3980.110567,control_sample,north_out,0,1790843649.755,odom,base_footprint,1.8014570474624634,0.3231402039527893,-0.03855109222205276,0.37198195537529083,-0.01434741901876156,0.030535513535141945,1.8713629955443112,0.31889309955556305,-0.05126913691653923,0.4993430128277747,-0.025623339752670796,0.07003484470592435,0.0006590760941425826,-0.012718044694486473,0.5955174650923051,-0.00918028673103248,-0.025436089388972946,0.08454072914667106,progress=0.1546;speed=0.5000;settled=False
3980.157277,control_sample,north_out,0,1790843649.755,odom,base_footprint,1.8014570474624634,0.3231402039527893,-0.03855109222205276,0.37198195537529083,-0.01434741901876156,0.030535513535141945,1.8944254659232325,0.317709669530762,-0.05126913691653923,0.4965132729258378,-0.0254781341824388,0.09312688943160022,0.0006590760941425826,-0.012718044694486473,0.6152085306274028,-0.009430732085802425,-0.025436089388972946,0.08454072914667106,progress=0.1777;speed=0.4972;settled=False
3980.177150,control_sample,north_out,0,1790843649.755,odom,base_footprint,1.8014570474624634,0.3231402039527893,-0.03855109222205276,0.37198195537529083,-0.01434741901876156,0.030535513535141945,1.9041442247747877,0.3172109601193347,-0.05126913691653923,0.4765642169613651,-0.024454466231568665,0.10285821462969937,0.0006590760941425826,-0.012718044694486473,0.6009708644197055,-0.009249647047101649,-0.025436089388972946,0.08454072914667106,progress=0.1874;speed=0.4772;settled=False
3980.196743,control_sample,north_out,0,1790843649.826,odom,base_footprint,1.8330788612365723,0.32101473212242126,-0.033131039861706825,0.4455331182969707,-0.02752194803293572,0.0763387382030487,1.9134719470152066,0.3167323164015999,-0.05126913691653923,0.4565988624411947,-0.02342996193490137,0.08050706382310063,0.00015691003508880904,-0.01813809705483241,0.5398000531583953,-0.00901806393643341,-0.03627619410966482,0.11622745285449354,progress=0.1967;speed=0.4572;settled=False
3980.218307,segment_enter,left_arc_out,1,1790843649.826,,,1.8330788612365723,0.32101473212242126,-0.033131039861706825,,,,,,,,,,,,,,,,
3980.218504,control_sample,left_arc_out,1,1790843649.826,odom,base_footprint,1.8330788612365723,0.32101473212242126,-0.033131039861706825,0.4455331182969707,-0.02752194803293572,0.0763387382030487,1.9225473323810498,0.3163513511080953,-0.05126913691653923,0.44988932696250516,-0.009979653562329577,0.08958992382748734,0.00015691003508880904,-0.01813809705483241,0.5403014040752695,0.006766610411979724,-0.03627619410966482,0.11622745285449354,progress=0.2058;speed=0.4500;settled=False
3980.237042,control_sample,left_arc_out,1,1790843649.826,odom,base_footprint,1.8330788612365723,0.32101473212242126,-0.033131039861706825,0.4455331182969707,-0.02752194803293572,0.0763387382030487,1.9315143869850995,0.31635350938028656,-0.05126913691653923,0.4498844708500749,0.010196219296782598,0.09854582551706975,0.00015691003508880904,-0.01813809705483241,0.548455651646028,0.03126336879233942,-0.03627619410966482,0.11622745285449354,progress=0.2148;speed=0.4500;settled=False
3980.257236,control_sample,left_arc_out,1,1790843649.826,odom,base_footprint,1.8330788612365723,0.32101473212242126,-0.033131039861706825,0.4455331182969707,-0.02752194803293572,0.0763387382030487,1.9404985363765597,0.3167593779922122,-0.05126913691653923,0.4489712664732419,0.030410555427567976,0.10750392851404973,0.00015691003508880904,-0.01813809705483241,0.555522663077934,0.05617420600340796,-0.03627619410966482,0.11622745285449354,progress=0.2238;speed=0.4500;settled=False
3980.277078,control_sample,left_arc_out,1,1790843649.916,odom,base_footprint,1.8777790069580078,0.31884443759918213,-0.02626054906759472,0.4968223135680909,-0.020701610939807928,0.07633878290653229,1.9494393318835064,0.3175669090223669,-0.05126913691653923,0.447154321655394,0.050527345318198164,0.07167171162803782,0.00028020126480160767,-0.02500858784894451,0.5070383540260042,0.07683567528468602,-0.05001717569788902,0.16098022206134704,progress=0.2328;speed=0.4500;settled=False
3980.300171,control_sample,left_arc_out,1,1790843649.916,odom,base_footprint,1.8777790069580078,0.31884443759918213,-0.02626054906759472,0.4968223135680909,-0.020701610939807928,0.07633878290653229,1.9584145470178416,0.31878750255159244,-0.05126913691653923,0.44440798621463673,0.07072157937045265,0.08063556016014707,0.00028020126480160767,-0.02500858784894451,0.512047657725326,0.1024297061482706,-0.05001717569788902,0.16098022206134704,progress=0.2418;speed=0.4500;settled=False
3980.317234,control_sample,left_arc_out,1,1790843649.916,odom,base_footprint,1.8777790069580078,0.31884443759918213,-0.02626054906759472,0.4968223135680909,-0.020701610939807928,0.07633878290653229,1.9672278346122527,0.32039317433941683,-0.05126913691653923,0.44079522469203136,0.09055147645787773,0.08946223423439277,0.00028020126480160767,-0.02500858784894451,0.5158571056003026,0.1279400768162254,-0.05001717569788902,0.16098022206134704,progress=0.2508;speed=0.4500;settled=False
3980.337203,control_sample,left_arc_out,1,1790843649.916,odom,base_footprint,1.8777790069580078,0.31884443759918213,-0.02626054906759472,0.4968223135680909,-0.020701610939807928,0.07633878290653229,1.9760355801291554,0.3224109093352911,-0.05126913691653923,0.4362553209513144,0.1103689038709077,0.09832127893788575,0.00028020126480160767,-0.02500858784894451,0.518538399393363,0.1538180512878331,-0.05001717569788902,0.16098022206134704,progress=0.2598;speed=0.4500;settled=False
3980.356682,control_sample,left_arc_out,1,1790843649.916,odom,base_footprint,1.8777790069580078,0.31884443759918213,-0.02626054906759472,0.4968223135680909,-0.020701610939807928,0.07633878290653229,1.984677715395942,0.32480467193918805,-0.05126913691653923,0.43086935509254637,0.12981370822117833,0.10706473863549222,0.00028020126480160767,-0.02500858784894451,0.5200410829873919,0.1795939230946323,-0.05001717569788902,0.16098022206134704,progress=0.2688;speed=0.4500;settled=False
3980.377076,control_sample,left_arc_out,1,1790843650.006,odom,base_footprint,1.9229999780654907,0.31880441308021545,-0.019390057374423307,0.5024468221237818,0.0030072946834775877,0.07633878290653229,1.993231888477668,0.3275932615359802,-0.05126913691653923,0.4245950284997645,0.14906059765506158,0.07077969410305829,0.002441961459581651,-0.031879079542115926,0.4755396100026266,0.19631717319623446,-0.06375815908423185,0.20615944722326193,progress=0.2778;speed=0.4500;settled=False
3980.397189,control_sample,left_arc_out,1,1790843650.006,odom,base_footprint,1.9229999780654907,0.31880441308021545,-0.019390057374423307,0.5024468221237818,0.0030072946834775877,0.07633878290653229,2.001661139898581,0.3307674340321097,-0.05126913691653923,0.4174531403834731,0.16802641335211638,0.07956564743170944,0.002441961459581651,-0.031879079542115926,0.47489580840869655,0.22224271547764107,-0.06375815908423185,0.20615944722326193,progress=0.2868;speed=0.4500;settled=False
3980.417390,control_sample,left_arc_out,1,1790843650.006,odom,base_footprint,1.9229999780654907,0.31880441308021545,-0.019390057374423307,0.5024468221237818,0.0030072946834775877,0.07633878290653229,2.009924518681945,0.3343113381912372,-0.05126913691653923,0.4094793560254361,0.1866190156146852,0.0882968883244505,0.002441961459581651,-0.031879079542115926,0.47308959226797853,0.24806757650205544,-0.06375815908423185,0.20615944722326193,progress=0.2958;speed=0.4500;settled=False
3980.437226,control_sample,left_arc_out,1,1790843650.006,odom,base_footprint,1.9229999780654907,0.31880441308021545,-0.019390057374423307,0.5024468221237818,0.0030072946834775877,0.07633878290653229,2.018021856837095,0.33822387102147233,-0.05126913691653923,0.40067615715740657,0.2048380264637727,0.09698594120808297,0.002441961459581651,-0.031879079542115926,0.470123801319693,0.27379025447974054,-0.06375815908423185,0.20615944722326193,progress=0.3048;speed=0.4500;settled=False
3980.457153,control_sample,left_arc_out,1,1790843650.096,odom,base_footprint,1.9694162607192993,0.3215765655040741,-0.013893649120498215,0.5155596731577565,0.03363593196995865,0.061071205884218216,2.0259301576217625,0.342493626616515,-0.05126913691653923,0.39106920706856063,0.22263170322927334,0.06026063382245352,0.000682585645150431,-0.03737548779604101,0.4187353917256529,0.2871932125394366,-0.07475097559208202,0.2524744034947399,progress=0.3138;speed=0.4500;settled=False
3980.476988,control_sample,left_arc_out,1,1790843650.096,odom,base_footprint,1.9694162607192993,0.3215765655040741,-0.013893649120498215,0.5155596731577565,0.03363593196995865,0.061071205884218216,2.0336547195942196,0.3471244828798502,-0.05126913691653923,0.38064978047605613,0.24001196766730254,0.06913230562381317,0.000682585645150431,-0.03737548779604101,0.413603004554546,0.3126115340901475,-0.07475097559208202,0.2524744034947399,progress=0.3228;speed=0.4500;settled=False
3980.497011,control_sample,left_arc_out,1,1790843650.096,odom,base_footprint,1.9694162607192993,0.3215765655040741,-0.013893649120498215,0.5155596731577565,0.03363593196995865,0.061071205884218216,2.0411593856876116,0.3520959141200373,-0.05126913691653923,0.3694640601856354,0.2568974663774347,0.07796477807421481,0.000682585645150431,-0.03737548779604101,0.4073347960202707,0.33776090559068095,-0.07475097559208202,0.2524744034947399,progress=0.3318;speed=0.4500;settled=False
3980.517125,control_sample,left_arc_out,1,1790843650.096,odom,base_footprint,1.9694162607192993,0.3215765655040741,-0.013893649120498215,0.5155596731577565,0.03363593196995865,0.061071205884218216,2.048437937523209,0.3574039770461975,-0.05126913691653923,0.3575209186017755,0.2732742080075297,0.0867642139520105,0.000682585645150431,-0.03737548779604101,0.39993548224860936,0.362620657654769,-0.07475097559208202,0.2524744034947399,progress=0.3408;speed=0.4500;settled=False
3980.537610,control_sample,left_arc_out,1,1790843650.096,odom,base_footprint,1.9694162607192993,0.3215765655040741,-0.013893649120498215,0.5155596731577565,0.03363593196995865,0.061071205884218216,2.0554725393147844,0.3630364789967955,-0.05126913691653923,0.3448477892129294,0.28910206203857314,0.09552281147729937,0.000682585645150431,-0.03737548779604101,0.39142098462841024,0.38713065639329886,-0.07475097559208202,0.2524744034947399,progress=0.3498;speed=0.4500;settled=False
3980.557321,control_sample,left_arc_out,1,1790843650.189,odom,base_footprint,2.0184381008148193,0.3304832875728607,-0.005282630451468235,0.5206735866730403,0.09923952220191923,0.09160658717155457,2.0622237531210725,0.36895947838180765,-0.05126913691653923,0.3315210405966526,0.3042922931027216,0.0582889406924726,0.007124120340497325,-0.045986506465071006,0.3354441214583124,0.38555643687288677,-0.09197301293014201,0.30146423559488983,progress=0.3588;speed=0.4500;settled=False
3980.577217,control_sample,left_arc_out,1,1790843650.189,odom,base_footprint,2.0184381008148193,0.3304832875728607,-0.005282630451468235,0.5206735866730403,0.09923952220191923,0.09160658717155457,2.068715376894858,0.3751927802428016,-0.05126913691653923,0.31749611140941586,0.318898446593739,0.06728107627581424,0.007124120340497325,-0.045986506465071006,0.32498045611832477,0.40926217827065836,-0.09197301293014201,0.30146423559488983,progress=0.3678;speed=0.4500;settled=False
3980.597195,control_sample,left_arc_out,1,1790843650.189,odom,base_footprint,2.0184381008148193,0.3304832875728607,-0.005282630451468235,0.5206735866730403,0.09923952220191923,0.09160658717155457,2.0749176544511996,0.381709223824407,-0.05126913691653923,0.302834113350804,0.332853571095508,0.07624982966415225,0.007124120340497325,-0.045986506465071006,0.31346560784874283,0.4324642665893149,-0.09197301293014201,0.30146423559488983,progress=0.3768;speed=0.4500;settled=False
3980.617260,control_sample,left_arc_out,1,1790843650.189,odom,base_footprint,2.0184381008148193,0.3304832875728607,-0.005282630451468235,0.5206735866730403,0.09923952220191923,0.09160658717155457,2.080868155842043,0.38855523775265305,-0.05126913691653923,0.28743058201224986,0.3462421992249056,0.08526349258848394,0.007124120340497325,-0.045986506465071006,0.3008110095090006,0.455310103786549,-0.09197301293014201,0.30146423559488983,progress=0.3858;speed=0.4500;settled=False
3980.637147,control_sample,left_arc_out,1,1790843650.281,odom,base_footprint,2.0614490509033203,0.3467300236225128,-0.017786926788700204,0.47484262981716274,0.17261159981106078,-0.13740985095500946,2.086420588977875,0.3955562712827547,-0.05126913691653923,0.2716782565695217,0.35873517378052727,0.05484140930344702,0.01642577302007666,-0.03348221012783903,0.24806546112751754,0.44926929263599424,-0.06696442025567806,0.3450281258918465,progress=0.3948;speed=0.4500;settled=False
3980.657222,control_sample,left_arc_out,1,1790843650.281,odom,base_footprint,2.0614490509033203,0.3467300236225128,-0.017786926788700204,0.47484262981716274,0.17261159981106078,-0.13740985095500946,2.0916894332604126,0.4028486342481977,-0.05126913691653923,0.2552704398972749,0.3705900734162368,0.06374777787233349,0.01642577302007666,-0.03348221012783903,0.23326448326694996,0.4705276478510437,-0.06696442025567806,0.3450281258918465,progress=0.4038;speed=0.4500;settled=False
3980.677227,control_sample,left_arc_out,1,1790843650.281,odom,base_footprint,2.0614490509033203,0.3467300236225128,-0.017786926788700204,0.47484262981716274,0.17261159981106078,-0.13740985095500946,2.09662190747376,0.410365621657279,-0.05126913691653923,0.23835721822684158,0.3816881403962688,0.07270914094229873,0.01642577302007666,-0.03348221012783903,0.21753295653617352,0.49108576682541094,-0.06696442025567806,0.3450281258918465,progress=0.4128;speed=0.4500;settled=False
3980.697218,control_sample,left_arc_out,1,1790843650.281,odom,base_footprint,2.0614490509033203,0.3467300236225128,-0.017786926788700204,0.47484262981716274,0.17261159981106078,-0.13740985095500946,2.1012159057364332,0.418104394001574,-0.05126913691653923,0.22094498045217772,0.39202463648728353,0.08170497836928473,0.01642577302007666,-0.03348221012783903,0.2008765924792918,0.5109352244234088,-0.06696442025567806,0.3450281258918465,progress=0.4218;speed=0.4500;settled=False
3980.718919,control_sample,left_arc_out,1,1790843650.281,odom,base_footprint,2.0614490509033203,0.3467300236225128,-0.017786926788700204,0.47484262981716274,0.17261159981106078,-0.13740985095500946,2.1056637224810535,0.42645170765197077,-0.05126913691653923,0.2021635247387851,0.4020322241626791,0.09116185653670913,0.01642577302007666,-0.03348221012783903,0.18242746485089062,0.5309666759441395,-0.06696442025567806,0.3450281258918465,progress=0.4312;speed=0.4500;settled=False
3980.737318,control_sample,left_arc_out,1,1790843650.366,odom,base_footprint,2.0948023796081543,0.3695468008518219,-0.030764524841497057,0.3958437334430194,0.2633179222458725,-0.15267759561538696,2.1093401629578894,0.43416953808254277,-0.05126913691653923,0.18479840626999786,0.41030421523556004,0.06623779368241844,0.022937026611083062,-0.020504612075042176,0.14153992568440185,0.5089187483847389,-0.04100922415008435,0.38021517834558777,progress=0.4398;speed=0.4500;settled=False
3980.757181,control_sample,left_arc_out,1,1790843650.366,odom,base_footprint,2.0948023796081543,0.3695468008518219,-0.030764524841497057,0.3958437334430194,0.2633179222458725,-0.15267759561538696,2.112849152863302,0.4424531663097324,-0.05126913691653923,0.16616024275882155,0.4181994425227388,0.07510675168854748,0.022937026611083062,-0.020504612075042176,0.12214581502851204,0.526088217302818,-0.04100922415008435,0.38021517834558777,progress=0.4488;speed=0.4500;settled=False
3980.777108,control_sample,left_arc_out,1,1790843650.366,odom,base_footprint,2.0948023796081543,0.3695468008518219,-0.030764524841497057,0.3958437334430194,0.2633179222458725,-0.15267759561538696,2.115979627666257,0.450879123028974,-0.05126913691653923,0.14720184014052776,0.4252430108293874,0.0840441697326024,0.022937026611083062,-0.020504612075042176,0.10201632141594283,0.5423549766438783,-0.04100922415008435,0.38021517834558777,progress=0.4578;speed=0.4500;settled=False
3980.797276,control_sample,left_arc_out,1,1790843650.366,odom,base_footprint,2.0948023796081543,0.3695468008518219,-0.030764524841497057,0.3958437334430194,0.2633179222458725,-0.15267759561538696,2.1187334900533914,0.4594545814430917,-0.05126913691653923,0.12790705870876318,0.4314392012004391,0.09303820214293722,0.022937026611083062,-0.020504612075042176,0.08113360948435042,0.5577307938229957,-0.04100922415008435,0.38021517834558777,progress=0.4668;speed=0.4500;settled=False
3980.817397,control_sample,left_arc_out,1,1790843650.46,odom,base_footprint,2.1263363361358643,0.4020189642906189,-0.036566279229610726,0.33391285396617854,0.3398807623179143,-0.061071135103702545,2.121100211490248,0.46815234565703306,-0.05126913691653923,0.10833708922739466,0.4367643244333671,0.06634034317261259,0.029808534936906717,-0.014702857686928507,0.03885367313699731,0.5240451453497674,-0.029405715373857014,0.41619117637502073,progress=0.4758;speed=0.4500;settled=False
3980.837326,control_sample,left_arc_out,1,1790843650.46,odom,base_footprint,2.1263363361358643,0.4020189642906189,-0.036566279229610726,0.33391285396617854,0.3398807623179143,-0.061071135103702545,2.123067951992964,0.47692466608293377,-0.05126913691653923,0.08859936826911861,0.44119174056447735,0.07497697310444565,0.029808534936906717,-0.014702857686928507,0.016635736734406322,0.5373269974478303,-0.029405715373857014,0.41619117637502073,progress=0.4848;speed=0.4500;settled=False
3980.857148,control_sample,left_arc_out,1,1790843650.46,odom,base_footprint,2.1263363361358643,0.4020189642906189,-0.036566279229610726,0.33391285396617854,0.3398807623179143,-0.061071135103702545,2.124639496798177,0.4857766965751702,-0.05126913691653923,0.06868229966158682,0.44472771637620695,0.08377491856867716,0.029808534936906717,-0.014702857686928507,-0.006157010613121938,0.5495971409163445,-0.029405715373857014,0.41619117637502073,progress=0.4938;speed=0.4500;settled=False
3980.876937,control_sample,left_arc_out,1,1790843650.46,odom,base_footprint,2.1263363361358643,0.4020189642906189,-0.036566279229610726,0.33391285396617854,0.3398807623179143,-0.061071135103702545,2.125810494799597,0.49467991711131065,-0.05126913691653923,0.04865005345527103,0.4473624618794019,0.09266244485631378,0.029808534936906717,-0.014702857686928507,-0.029450492394606228,0.5608179907201478,-0.029405715373857014,0.41619117637502073,progress=0.5027;speed=0.4500;settled=False
3980.897385,control_sample,left_arc_out,1,1790843650.46,odom,base_footprint,2.1263363361358643,0.4020189642906189,-0.036566279229610726,0.33391285396617854,0.3398807623179143,-0.061071135103702545,2.126589435724634,0.5037656319777626,-0.05126913691653923,0.02820719500575358,0.4491150789607352,0.10174698248518177,0.029808534936906717,-0.014702857686928507,-0.05359614737780896,0.5711310200359804,-0.029405715373857014,0.41619117637502073,progress=0.5119;speed=0.4500;settled=False
3980.916891,segment_enter,west_to_cell_center,2,1790843650.559,,,2.152083158493042,0.44283363223075867,-0.04703997062356279,,,,,,,,,,,,,,,,
3980.917089,control_sample,west_to_cell_center,2,1790843650.559,odom,base_footprint,2.152083158493042,0.44283363223075867,-0.04703997062356279,0.26707122686522966,0.4137017953958905,-0.10687440633773804,2.1270640389202065,0.5127585823683473,-0.05126913691653923,0.023813398210735855,0.4640711992657765,0.0742661093362517,0.03680856937380145,-0.004229166292976441,-0.07538573693146872,0.5411237727920918,-0.008458332585952882,0.45029007814593186,progress=0.5209;speed=0.4647;settled=False
3980.937430,control_sample,west_to_cell_center,2,1790843650.559,odom,base_footprint,2.152083158493042,0.44283363223075867,-0.04703997062356279,0.26707122686522966,0.4137017953958905,-0.10687440633773804,2.1275519808326115,0.5222675061455437,-0.05126913691653923,0.024841270900410516,0.4841021964199252,0.08313554596270824,0.03680856937380145,-0.004229166292976441,-0.07524367857184984,0.5747137294956564,-0.008458332585952882,0.45029007814593186,progress=0.5304;speed=0.4847;settled=False
3980.957237,control_sample,west_to_cell_center,2,1790843650.559,odom,base_footprint,2.152083158493042,0.44283363223075867,-0.04703997062356279,0.26707122686522966,0.4137017953958905,-0.10687440633773804,2.12805712511476,0.5321116665943914,-0.05126913691653923,0.025623339752670796,0.4993430128277747,0.09245440876306711,0.03680856937380145,-0.004229166292976441,-0.07512454265700093,0.6028836325716984,-0.008458332585952882,0.45029007814593186,progress=0.5403;speed=0.5000;settled=False
3980.977189,control_sample,west_to_cell_center,2,1790843650.559,odom,base_footprint,2.152083158493042,0.44283363223075867,-0.04703997062356279,0.26707122686522966,0.4137017953958905,-0.10687440633773804,2.1285690453383532,0.5420878753651457,-0.05126913691653923,0.025623339752670796,0.4993430128277747,0.1020015602705739,0.03680856937380145,-0.004229166292976441,-0.07508229622618022,0.6128728777379802,-0.008458332585952882,0.45029007814593186,progress=0.5502;speed=0.5000;settled=False
3980.997066,control_sample,west_to_cell_center,2,1790843650.636,odom,base_footprint,2.1672489643096924,0.47690826654434204,-0.04586435061764782,0.19643671781527144,0.4427590415034478,0.015267801471054554,2.1290814804373324,0.5520741179343324,-0.05126913691653923,0.025623339752670796,0.4993430128277747,0.08430102039909702,0.04349383865983305,-0.0054047862988914125,-0.07351679810855097,0.5830681860142698,-0.010809572597782825,0.4746111658704707,progress=0.5602;speed=0.5000;settled=False
3981.017509,control_sample,west_to_cell_center,2,1790843650.636,odom,base_footprint,2.1672489643096924,0.47690826654434204,-0.04586435061764782,0.19643671781527144,0.4427590415034478,0.015267801471054554,2.1295980633913087,0.562141193151849,-0.05126913691653923,0.025623339752670796,0.4993430128277747,0.09317854966700545,0.04349383865983305,-0.0054047862988914125,-0.07346231639567571,0.5931483592829413,-0.010809572597782825,0.4746111658704707,progress=0.5703;speed=0.5000;settled=False
3981.036683,control_sample,west_to_cell_center,2,1790843650.636,odom,base_footprint,2.1672489643096924,0.47690826654434204,-0.04586435061764782,0.19643671781527144,0.4427590415034478,0.015267801471054554,2.130106866381883,0.572056653849075,-0.05126913691653923,0.025623339752670796,0.4993430128277747,0.10214083926212099,0.04349383865983305,-0.0054047862988914125,-0.07340865520103274,0.6030767207689893,-0.010809572597782825,0.4746111658704707,progress=0.5802;speed=0.5000;settled=False
3981.056883,control_sample,west_to_cell_center,2,1790843650.636,odom,base_footprint,2.1672489643096924,0.47690826654434204,-0.04586435061764782,0.19643671781527144,0.4427590415034478,0.015267801471054554,2.130619341338003,0.5820436731470192,-0.05126913691653923,0.025511292208605315,0.497159450545353,0.11133365618966426,0.04349383865983305,-0.0054047862988914125,-0.07336878732945938,0.6104530500380843,-0.010809572597782825,0.4746111658704707,progress=0.5903;speed=0.4978;settled=False
3981.077300,control_sample,west_to_cell_center,2,1790843650.636,odom,base_footprint,2.1672489643096924,0.47690826654434204,-0.04586435061764782,0.19643671781527144,0.4427590415034478,0.015267801471054554,2.131119288340175,0.5917865499432617,-0.05126913691653923,0.024486420370747688,0.47718693344891067,0.12042580073366689,0.04349383865983305,-0.0054047862988914125,-0.07344576656099153,0.5962103995966288,-0.010809572597782825,0.4746111658704707,progress=0.6000;speed=0.4778;settled=False
3981.097305,control_sample,west_to_cell_center,2,1790843650.734,odom,base_footprint,2.1778500080108643,0.5262011885643005,-0.05039887547762805,0.10933811617057453,0.49741747608790854,-0.04580327123403549,2.1315991520558737,0.6011380472834482,-0.05126913691653923,0.0234606465913377,0.457196839478552,0.08806062951888764,0.050030348698774,-0.0008702614389111825,-0.06631730115786393,0.5214107318674713,-0.001740522877822365,0.5021368067089835,progress=0.6094;speed=0.4578;settled=False
3981.117396,control_sample,west_to_cell_center,2,1790843650.734,odom,base_footprint,2.1778500080108643,0.5262011885643005,-0.05039887547762805,0.10933811617057453,0.49741747608790854,-0.04580327123403549,2.1320589098663603,0.6100977243776685,-0.05126913691653923,0.022433898817536917,0.43718776448158747,0.09557956575944114,0.050030348698774,-0.0008702614389111825,-0.06633041688013062,0.5063397217442425,-0.001740522877822365,0.5021368067089835,progress=0.6183;speed=0.4378;settled=False
3981.137272,control_sample,west_to_cell_center,2,1790843650.734,odom,base_footprint,2.1778500080108643,0.5262011885643005,-0.05039887547762805,0.10933811617057453,0.49741747608790854,-0.04580327123403549,2.1324965194051204,0.6186257799565268,-0.05126913691653923,0.021410925822878967,0.41725225169814134,0.10295262999424211,0.050030348698774,-0.0008702614389111825,-0.06634383179702559,0.49092491314952014,-0.001740522877822365,0.5021368067089835,progress=0.6269;speed=0.4178;settled=False
3981.157081,control_sample,west_to_cell_center,2,1790843650.734,odom,base_footprint,2.1778500080108643,0.5262011885643005,-0.05039887547762805,0.10933811617057453,0.49741747608790854,-0.04580327123403549,2.132914101976505,0.626763553615709,-0.05126913691653923,0.020386964074802782,0.3972974702668307,0.11014547160851192,0.050030348698774,-0.0008702614389111825,-0.06635760695704368,0.4750961564971035,-0.001740522877822365,0.5021368067089835,progress=0.6350;speed=0.3978;settled=False
3981.176790,control_sample,west_to_cell_center,2,1790843650.734,odom,base_footprint,2.1778500080108643,0.5262011885643005,-0.05039887547762805,0.10933811617057453,0.49741747608790854,-0.04580327123403549,2.1333110760606924,0.6344997128020616,-0.05126913691653923,0.019363395798742182,0.3773503567470267,0.11709947400111996,0.050030348698774,-0.0008702614389111825,-0.06637172406821745,0.4588744707154682,-0.001740522877822365,0.5021368067089835,progress=0.6428;speed=0.3778;settled=False
3981.197092,control_sample,west_to_cell_center,2,1790843650.84,odom,base_footprint,2.183555841445923,0.5803067088127136,-0.05201726059253437,0.05465541111402257,0.5103414363844412,-0.015267801471054554,2.1336892337088282,0.6418691806843443,-0.05126913691653923,0.01833527881614304,0.35731459885652983,0.07922510025333247,0.05295595655944512,0.0007481236759951382,-0.05893060458473982,0.3857294115902239,0.0014962473519902764,0.5309767509591822,progress=0.6502;speed=0.3578;settled=False
3981.217381,control_sample,west_to_cell_center,2,1790843650.84,odom,base_footprint,2.183555841445923,0.5803067088127136,-0.05201726059253437,0.05465541111402257,0.5103414363844412,-0.015267801471054554,2.1340457953856147,0.6488177901811555,-0.05126913691653923,0.017310033082504103,0.3373347953466956,0.08452817832632559,0.05295595655944512,0.0007481236759951382,-0.058917849408376397,0.3686798589654563,0.0014962473519902764,0.5309767509591822,progress=0.6571;speed=0.3378;settled=False
3981.237273,control_sample,west_to_cell_center,2,1790843650.84,odom,base_footprint,2.183555841445923,0.5803067088127136,-0.05201726059253437,0.05465541111402257,0.5103414363844412,-0.015267801471054554,2.134381546270472,0.6553608427270884,-0.05126913691653923,0.016285730236547516,0.3173733666615565,0.08972867057768819,0.05295595655944512,0.0007481236759951382,-0.05890480694376288,0.3512462947053303,0.0014962473519902764,0.5309767509591822,progress=0.6637;speed=0.3178;settled=False
3981.257361,control_sample,west_to_cell_center,2,1790843650.84,odom,base_footprint,2.183555841445923,0.5803067088127136,-0.05201726059253437,0.05465541111402257,0.5103414363844412,-0.015267801471054554,2.134696845681942,0.6615053406569499,-0.05126913691653923,0.015261353595337205,0.29741049986785384,0.09476507415942068,0.05295595655944512,0.0007481236759951382,-0.058891464625974055,0.3334119235609097,0.0014962473519902764,0.5309767509591822,progress=0.6698;speed=0.2978;settled=False
3981.277158,control_sample,west_to_cell_center,2,1790843650.906,odom,base_footprint,2.1852619647979736,0.6130771636962891,-0.05201726059253437,0.026248748989904924,0.504160923471932,0.0,2.1349913634694158,0.6672448500553348,-0.05126913691653923,0.014238075580475861,0.2774690429058265,0.07390041680144138,0.05298046111051996,0.0007481236759951382,-0.05326841495172985,0.28391274382853066,0.0014962473519902764,0.5488344593292482,progress=0.6756;speed=0.2778;settled=False
3981.297178,control_sample,west_to_cell_center,2,1790843650.906,odom,base_footprint,2.1852619647979736,0.6130771636962891,-0.05201726059253437,0.026248748989904924,0.504160923471932,0.0,2.135266101978731,0.6725989044567366,-0.05126913691653923,0.013212264134735297,0.257478214900827,0.07773302980197327,0.05298046111051996,0.0007481236759951382,-0.05325445537128039,0.2652532917975681,0.0014962473519902764,0.5488344593292482,progress=0.6809;speed=0.2578;settled=False
3981.317228,control_sample,west_to_cell_center,2,1790843650.906,odom,base_footprint,2.1852619647979736,0.6130771636962891,-0.05201726059253437,0.026248748989904924,0.504160923471932,0.0,2.135520291478243,0.6775525034700068,-0.05126913691653923,0.012186516644873526,0.23748863325643127,0.08143281588882433,0.05298046111051996,0.0007481236759951382,-0.053240196926920086,0.2461943552103874,0.0014962473519902764,0.5488344593292482,progress=0.6859;speed=0.2378;settled=False
3981.337148,control_sample,west_to_cell_center,2,1790843650.906,odom,base_footprint,2.1852619647979736,0.6130771636962891,-0.05201726059253437,0.026248748989904924,0.504160923471932,0.0,2.1357539254622453,0.6821055203131151,-0.05126913691653923,0.011160880616526142,0.21750122375387754,0.08494680674450181,0.05298046111051996,0.0007481236759951382,-0.05322564035588784,0.22673691951702463,0.0014962473519902764,0.5488344593292482,progress=0.6904;speed=0.2178;settled=False
3981.357396,control_sample,west_to_cell_center,2,1790843650.906,odom,base_footprint,2.1852619647979736,0.6130771636962891,-0.05201726059253437,0.026248748989904924,0.504160923471932,0.0,2.135966886390099,0.6862556643753434,-0.05126913691653923,0.010135984180266141,0.19752822728821678,0.08823320076293768,0.05298046111051996,0.0007481236759951382,-0.05321079494597093,0.20689339949004587,0.0014962473519902764,0.5488344593292482,progress=0.6946;speed=0.1978;settled=False
3981.377051,control_sample,west_to_cell_center,2,1790843651.015,odom,base_footprint,2.186413526535034,0.6621657013893127,-0.043619998547671,0.006720641281939074,0.4463317713357515,0.0763387382030487,2.1361588089617407,0.6899958167551047,-0.05126913691653923,0.009114131130560118,0.17761453978952643,0.057446078714258476,0.05161488516646162,-0.007649138368868234,-0.0472383191097772,0.1497838013512618,-0.015298276737736469,0.5768996443211079,progress=0.6983;speed=0.1778;settled=False
3981.397215,control_sample,west_to_cell_center,2,1790843651.015,odom,base_footprint,2.186413526535034,0.6621657013893127,-0.043619998547671,0.006720641281939074,0.4463317713357515,0.0763387382030487,2.136331133757935,0.6933540512298941,-0.05126913691653923,0.00808735055888174,0.1576048256334526,0.0589996545079555,0.05161488516646162,-0.007649138368868234,-0.04739650630973388,0.1291038100666558,-0.015298276737736469,0.5768996443211079,progress=0.7017;speed=0.1578;settled=False
3981.417284,control_sample,west_to_cell_center,2,1790843651.015,odom,base_footprint,2.186413526535034,0.6621657013893127,-0.043619998547671,0.006720641281939074,0.4463317713357515,0.0763387382030487,2.1364825892908597,0.6963055892748945,-0.05126913691653923,0.0070627227576946,0.13763706427952704,0.06048661371677031,0.05161488516646162,-0.007649138368868234,-0.047557422863329896,0.10806700729864029,-0.015298276737736469,0.5768996443211079,progress=0.7047;speed=0.1378;settled=False
3981.437297,control_sample,west_to_cell_center,2,1790843651.015,odom,base_footprint,2.186413526535034,0.6621657013893127,-0.043619998547671,0.006720641281939074,0.4463317713357515,0.0763387382030487,2.136613648989632,0.6988596569911599,-0.05126913691653923,0.0060373258976113365,0.11765431564486684,0.06185850128517012,0.05161488516646162,-0.007649138368868234,-0.04772152144031674,0.08661421501939987,-0.015298276737736469,0.5768996443211079,progress=0.7072;speed=0.1178;settled=False
3981.457187,control_sample,west_to_cell_center,2,1790843651.086,odom,base_footprint,2.186340570449829,0.689145028591156,-0.03613879526384128,-0.003925690004354337,0.38540056383708615,0.10687430202960968,2.136724184264385,0.7010137484426167,-0.05126913691653923,0.005012002832735188,0.09767300511786195,0.051016196340138584,0.05015942400929833,-0.015130341652697957,-0.0446675596742334,0.050415250667886546,-0.030260683305395913,0.5929314513814309,progress=0.7094;speed=0.0978;settled=False
3981.477084,control_sample,west_to_cell_center,2,1790843651.086,odom,base_footprint,2.186340570449829,0.689145028591156,-0.03613879526384128,-0.003925690004354337,0.38540056383708615,0.10687430202960968,2.136814073230408,0.7027654883620446,-0.05126913691653923,0.003988376904163931,0.07772476807635285,0.05136526891972534,0.05015942400929833,-0.015130341652697957,-0.045003672456787276,0.028202458556504544,-0.030260683305395913,0.5929314513814309,progress=0.7111;speed=0.0778;settled=False
3981.497045,control_sample,west_to_cell_center,2,1790843651.086,odom,base_footprint,2.186340570449829,0.689145028591156,-0.03613879526384128,-0.003925690004354337,0.38540056383708615,0.10687430202960968,2.136883595939929,0.7041203343566437,-0.05126913691653923,0.0029633653678438616,0.05774952856152967,0.051674482198109654,0.05015942400929833,-0.015130341652697957,-0.04534628894587707,0.005559853927634614,-0.030260683305395913,0.5929314513814309,progress=0.7125;speed=0.0578;settled=False
3981.517369,control_sample,west_to_cell_center,2,1790843651.086,odom,base_footprint,2.186340570449829,0.689145028591156,-0.03613879526384128,-0.003925690004354337,0.38540056383708615,0.10687430202960968,2.136932667762552,0.7050766371645568,-0.05126913691653923,0.0019370075812747047,0.03774805356523185,0.05191297525370206,0.05015942400929833,-0.015130341652697957,-0.04569542018366783,-0.01751329296581437,-0.030260683305395913,0.5929314513814309,progress=0.7134;speed=0.0378;settled=False
3981.537671,control_sample,west_to_cell_center,2,1790843651.177,odom,base_footprint,2.1847541332244873,0.7159026265144348,-0.02641323422478316,-0.020293183093734842,0.2938557770421652,0.10687430202960968,2.1369611716047587,0.7056321148884589,-0.05126913691653923,0.0009113417786184491,0.0177600638263295,0.048884052506355836,0.048843190284642166,-0.02485590269175607,-0.04136529512538059,-0.04883909015703438,-0.04971180538351214,0.6084301285384186,progress=0.7140;speed=0.0178;settled=False
3981.557293,segment_enter,east_back_to_arc,3,1790843651.177,,,2.1847541332244873,0.7159026265144348,-0.02641323422478316,,,,,,,,,,,,,,,,
3981.557517,control_sample,east_back_to_arc,3,1790843651.177,odom,base_footprint,2.1847541332244873,0.7159026265144348,-0.02641323422478316,-0.020293183093734842,0.2938557770421652,0.10687430202960968,2.136969149483881,0.7057875863545279,-0.05126913691653923,-0.00011342049385518649,-0.0022103180797171306,0.04884381955300531,0.048843190284642166,-0.02485590269175607,-0.041957806595140666,-0.07267203845419314,-0.04971180538351214,0.6084301285384186,progress=0.7142;speed=0.0022;settled=False
3981.577206,control_sample,east_back_to_arc,3,1790843651.177,odom,base_footprint,2.1847541332244873,0.7159026265144348,-0.02641323422478316,-0.020293183093734842,0.2938557770421652,0.10687430202960968,2.1369566672820985,0.7055443354627614,-0.05126913691653923,-0.001136752830204942,-0.022152833649090178,0.048906972345719696,0.048843190284642166,-0.02485590269175607,-0.042559408507218364,-0.09687063712745524,-0.04971180538351214,0.6084301285384186,progress=0.7144;speed=0.0222;settled=False
3981.596973,control_sample,east_back_to_arc,3,1790843651.177,odom,base_footprint,2.1847541332244873,0.7159026265144348,-0.02641323422478316,-0.020293183093734842,0.2938557770421652,0.10687430202960968,2.136923665903641,0.704901210565482,-0.05126913691653923,-0.0021620890654782668,-0.04213440083841425,0.04907937201118629,0.048843190284642166,-0.02485590269175607,-0.043172127909343085,-0.12151642134732561,-0.04971180538351214,0.6084301285384186,progress=0.7150;speed=0.0422;settled=False
3981.617037,control_sample,east_back_to_arc,3,1790843651.177,odom,base_footprint,2.1847541332244873,0.7159026265144348,-0.02641323422478316,-0.020293183093734842,0.2938557770421652,0.10687430202960968,2.1368701585191987,0.7038584683307155,-0.05126913691653923,-0.0031872842186434383,-0.06211321864511993,0.04937546738949588,0.048843190284642166,-0.02485590269175607,-0.04379471010020624,-0.1465589225019134,-0.04971180538351214,0.6084301285384186,progress=0.7161;speed=0.0622;settled=False
3981.636902,control_sample,east_back_to_arc,3,1790843651.177,odom,base_footprint,2.1847541332244873,0.7159026265144348,-0.02641323422478316,-0.020293183093734842,0.2938557770421652,0.10687430202960968,2.1367961882237614,0.7024169485858287,-0.05126913691653923,-0.004211916990729225,-0.08208107687101966,0.0498179485515687,0.048843190284642166,-0.02485590269175607,-0.044426888996613574,-0.1719874377654821,-0.04971180538351214,0.6084301285384186,progress=0.7175;speed=0.0822;settled=False
3981.657177,control_sample,east_back_to_arc,3,1790843651.299,odom,base_footprint,2.177767753601074,0.7341352701187134,-0.04876523879299133,-0.0539117200658612,0.15069063488408416,-0.18321314454078674,2.1367016992911996,0.7005755653500797,-0.05126913691653923,-0.005236862880047963,-0.10205503706894878,0.053034654715001475,0.04967865097032369,-0.0025038981235479055,-0.027449746003900204,-0.18772510464293965,-0.005007796247095811,0.6149965925275646,progress=0.7194;speed=0.1022;settled=False
3981.677116,control_sample,east_back_to_arc,3,1790843651.299,odom,base_footprint,2.177767753601074,0.7341352701187134,-0.04876523879299133,-0.0539117200658612,0.15069063488408416,-0.18321314454078674,2.136586654279168,0.6983335889538318,-0.05126913691653923,-0.0062622745504281084,-0.12203807432399717,0.054567786427456785,0.04967865097032369,-0.0025038981235479055,-0.027515488587237326,-0.21398114330817863,-0.005007796247095811,0.6149965925275646,progress=0.7216;speed=0.1222;settled=False
3981.697148,control_sample,east_back_to_arc,3,1790843651.299,odom,base_footprint,2.177767753601074,0.7341352701187134,-0.04876523879299133,-0.0539117200658612,0.15069063488408416,-0.18321314454078674,2.1364515479624866,0.6957006614793092,-0.05126913691653923,-0.007284475462597907,-0.14195854090349383,0.056429141315761856,0.04967865097032369,-0.0025038981235479055,-0.027582023107287003,-0.2405534628358069,-0.005007796247095811,0.6149965925275646,progress=0.7243;speed=0.1421;settled=False
3981.717232,control_sample,east_back_to_arc,3,1790843651.356,odom,base_footprint,2.1744964122772217,0.7386600971221924,-0.06442995884122756,-0.05614128029798407,0.08027271057991206,-0.2748197019100189,2.1362952526463994,0.6926548066149901,-0.05126913691653923,-0.008311607227762306,-0.1619750990547333,0.05979812164099838,0.049887144561407575,0.01316082192468832,-0.020359828886917966,-0.2582767233050301,0.02632164384937664,0.6155675562960935,progress=0.7273;speed=0.1622;settled=False
3981.737033,control_sample,east_back_to_arc,3,1790843651.356,odom,base_footprint,2.1744964122772217,0.7386600971221924,-0.06442995884122756,-0.05614128029798407,0.08027271057991206,-0.2748197019100189,2.1361184384724634,0.6892090839583781,-0.05126913691653923,-0.009338366737068412,-0.18198440275110403,0.06259609873056343,0.049887144561407575,0.01316082192468832,-0.019998008694305604,-0.28576735455004737,0.02632164384937664,0.6155675562960935,progress=0.7308;speed=0.1822;settled=False
3981.757154,control_sample,east_back_to_arc,3,1790843651.356,odom,base_footprint,2.1744964122772217,0.7386600971221924,-0.06442995884122756,-0.05614128029798407,0.08027271057991206,-0.2748197019100189,2.135921466052645,0.685370521050283,-0.05126913691653923,-0.010363081503859842,-0.2019538588750041,0.06578605774898505,0.049887144561407575,0.01316082192468832,-0.01963164187018956,-0.31360343298850984,0.02632164384937664,0.6155675562960935,progress=0.7346;speed=0.2022;settled=False
3981.777326,control_sample,east_back_to_arc,3,1790843651.356,odom,base_footprint,2.1744964122772217,0.7386600971221924,-0.06442995884122756,-0.05614128029798407,0.08027271057991206,-0.2748197019100189,2.135704197935824,0.6811364392681191,-0.05126913691653923,-0.011386922207277397,-0.22190628140989013,0.06938160495708821,0.049887144561407575,0.01316082192468832,-0.019260332351769247,-0.34181505096084536,0.02632164384937664,0.6155675562960935,progress=0.7388;speed=0.2222;settled=False
3981.797457,control_sample,east_back_to_arc,3,1790843651.356,odom,base_footprint,2.1744964122772217,0.7386600971221924,-0.06442995884122756,-0.05614128029798407,0.08027271057991206,-0.2748197019100189,2.135465609796433,0.6764868767404247,-0.05126913691653923,-0.012414334343043287,-0.24192830337272517,0.07340921519083418,0.049887144561407575,0.01316082192468832,-0.018882447131708863,-0.3705262822567534,0.02632164384937664,0.6155675562960935,progress=0.7435;speed=0.2422;settled=False
3981.817384,control_sample,east_back_to_arc,3,1790843651.446,odom,base_footprint,2.171785354614258,0.7358456254005432,-0.0767968430710105,-0.03050723848324498,-0.030896815678244777,-0.13740985095500946,2.1352071905052195,0.67145084831115,-0.05126913691653923,-0.01343882280449095,-0.2618933492989981,0.07405841887307874,0.04599454397301679,0.025527706154471273,-0.017888195025386838,-0.3749650226734596,0.05105541230894255,0.6116696917162293,progress=0.7485;speed=0.2622;settled=False
3981.837420,control_sample,east_back_to_arc,3,1790843651.446,odom,base_footprint,2.171785354614258,0.7358456254005432,-0.0767968430710105,-0.03050723848324498,-0.030896815678244777,-0.13740985095500946,2.1349281445651687,0.6660128514782973,-0.05126913691653923,-0.014463827781212198,-0.2818684609815453,0.07896246099431169,0.04599454397301679,0.025527706154471273,-0.017136566816009984,-0.40440225170255395,0.05105541230894255,0.6116696917162293,progress=0.7540;speed=0.2822;settled=False
3981.857196,control_sample,east_back_to_arc,3,1790843651.446,odom,base_footprint,2.171785354614258,0.7358456254005432,-0.0767968430710105,-0.03050723848324498,-0.030896815678244777,-0.13740985095500946,2.134629348896289,0.6601899755004371,-0.05126913691653923,-0.015486345141637192,-0.30179509444743063,0.0842872832799892,0.04599454397301679,0.025527706154471273,-0.016376588504084105,-0.43416650927856193,0.05105541230894255,0.6116696917162293,progress=0.7598;speed=0.3022;settled=False
3981.876950,control_sample,east_back_to_arc,3,1790843651.446,odom,base_footprint,2.171785354614258,0.7358456254005432,-0.0767968430710105,-0.03050723848324498,-0.030896815678244777,-0.13740985095500946,2.13430957471875,0.6539582741383931,-0.05126913691653923,-0.016510651574870017,-0.3217565930407605,0.09005538504446751,0.04599454397301679,0.025527706154471273,-0.015605091900529049,-0.46438187630535377,0.05105541230894255,0.6116696917162293,progress=0.7661;speed=0.3222;settled=False
3981.897411,control_sample,east_back_to_arc,3,1790843651.54,odom,base_footprint,2.16847825050354,0.7244390249252319,-0.08840034229431763,-0.036202514011741606,-0.11965745995827388,-0.12214206904172897,2.1339673740776504,0.6472895299088094,-0.05126913691653923,-0.017540664428369556,-0.3418292973206225,0.0845165378666923,0.03661421121148525,0.03713120537777839,-0.0072179485376385535,-0.46586950982398756,0.07426241075555678,0.6016157204250138,progress=0.7727;speed=0.3423;settled=False
3981.916905,control_sample,east_back_to_arc,3,1790843651.54,odom,base_footprint,2.16847825050354,0.7244390249252319,-0.08840034229431763,-0.036202514011741606,-0.11965745995827388,-0.12214206904172897,2.1336074801488514,0.6402759820871892,-0.05126913691653923,-0.01856237178376844,-0.3617401455549944,0.09110097916536164,0.03661421121148525,0.03713120537777839,-0.0060691046333638185,-0.4967954079621537,0.07426241075555678,0.6016157204250138,progress=0.7798;speed=0.3622;settled=False
3981.937384,control_sample,east_back_to_arc,3,1790843651.54,odom,base_footprint,2.16847825050354,0.7244390249252319,-0.08840034229431763,-0.036202514011741606,-0.11965745995827388,-0.12214206904172897,2.1332260193982453,0.6328421439411166,-0.05126913691653923,-0.019587211131225298,-0.38171202948438016,0.09814636215326221,0.03661421121148525,0.03713120537777839,-0.004901915353348829,-0.5282151479698228,0.07426241075555678,0.6016157204250138,progress=0.7872;speed=0.3822;settled=False
3981.957180,control_sample,east_back_to_arc,3,1790843651.54,odom,base_footprint,2.16847825050354,0.7244390249252319,-0.08840034229431763,-0.036202514011741606,-0.11965745995827388,-0.12214206904172897,2.1328246876486507,0.6250210633591048,-0.05126913691653923,-0.020610499241715565,-0.40165368318819883,0.10561774295170048,0.03661421121148525,0.03713120537777839,-0.003721680128875457,-0.5599860736763848,0.07426241075555678,0.6016157204250138,progress=0.7950;speed=0.4022;settled=False
3981.977133,control_sample,east_back_to_arc,3,1790843651.54,odom,base_footprint,2.16847825050354,0.7244390249252319,-0.08840034229431763,-0.036202514011741606,-0.11965745995827388,-0.12214206904172897,2.132402382327633,0.6167912536088671,-0.05126913691653923,-0.021635068057945864,-0.42162029505394893,0.11353198198756947,0.03661421121148525,0.03713120537777839,-0.0025251385422879052,-0.592195952744553,0.07426241075555678,0.6016157204250138,progress=0.8033;speed=0.4222;settled=False
3981.997132,control_sample,east_back_to_arc,3,1790843651.626,odom,base_footprint,2.1652204990386963,0.7073217034339905,-0.09359137641070184,-0.03937111343117622,-0.20117831942841763,-0.06107104942202568,2.1319595436383363,0.6081612932896929,-0.05126913691653923,-0.022659748335713853,-0.44158907906199524,0.10459004777764491,0.02829271419076123,0.04232223949416261,0.0026808226123500797,-0.591168339955865,0.08464447898832522,0.587954859937704,progress=0.8119;speed=0.4422;settled=False
3982.017630,control_sample,east_back_to_arc,3,1790843651.626,odom,base_footprint,2.1652204990386963,0.7073217034339905,-0.09359137641070184,-0.03937111343117622,-0.20117831942841763,-0.06107104942202568,2.1314920262103008,0.59905039817149,-0.05126913691653923,-0.0236934933311503,-0.4617345146492147,0.11340319846715693,0.02829271419076123,0.04232223949416261,0.00409096842886883,-0.6244677067882621,0.08464447898832522,0.587954859937704,progress=0.8210;speed=0.4623;settled=False
3982.037091,control_sample,east_back_to_arc,3,1790843651.626,odom,base_footprint,2.1652204990386963,0.7073217034339905,-0.09359137641070184,-0.03937111343117622,-0.20117831942841763,-0.06107104942202568,2.131011536430336,0.5896867002040761,-0.05126913691653923,-0.024710901192634242,-0.481561575123449,0.12250815118857256,0.02829271419076123,0.04232223949416261,0.005495638648802294,-0.65763777217028,0.08464447898832522,0.587954859937704,progress=0.8304;speed=0.4822;settled=False
3982.057153,control_sample,east_back_to_arc,3,1790843651.626,odom,base_footprint,2.1652204990386963,0.7073217034339905,-0.09359137641070184,-0.03937111343117622,-0.20117831942841763,-0.06107104942202568,2.1305076684711963,0.5798674125072767,-0.05126913691653923,-0.025623339752670796,-0.4993430128277747,0.13209684659990698,0.02829271419076123,0.04232223949416261,0.006815614011262475,-0.6888078421654453,0.08464447898832522,0.587954859937704,progress=0.8402;speed=0.5000;settled=False
3982.077206,control_sample,east_back_to_arc,3,1790843651.716,odom,base_footprint,2.161104679107666,0.678206205368042,-0.09633957780924556,-0.046620475135489364,-0.32337872997590295,-0.030535513535141945,2.1299944641595596,0.5698661796608749,-0.05126913691653923,-0.025623339752670796,-0.4993430128277747,0.11271826224861259,0.02551727034879849,0.04507044089270632,0.009548108090006537,-0.6449481255919736,0.09014088178541264,0.5663114187136143,progress=0.8503;speed=0.5000;settled=False
3982.097177,control_sample,east_back_to_arc,3,1790843651.716,odom,base_footprint,2.161104679107666,0.678206205368042,-0.09633957780924556,-0.046620475135489364,-0.32337872997590295,-0.030535513535141945,2.129482495430984,0.5598890256338024,-0.05126913691653923,-0.025623339752670796,-0.4993430128277747,0.12247006785637937,0.02551727034879849,0.04507044089270632,0.009998222033771195,-0.6549282614576118,0.09014088178541264,0.5663114187136143,progress=0.8603;speed=0.5000;settled=False
3982.117396,control_sample,east_back_to_arc,3,1790843651.716,odom,base_footprint,2.161104679107666,0.678206205368042,-0.09633957780924556,-0.046620475135489364,-0.32337872997590295,-0.030535513535141945,2.1289692115844914,0.5498862428265037,-0.05126913691653923,-0.025623339752670796,-0.4993430128277747,0.13228265592886623,0.02551727034879849,0.04507044089270632,0.010449492206187148,-0.6649340337630636,0.09014088178541264,0.5663114187136143,progress=0.8703;speed=0.5000;settled=False
3982.137318,control_sample,east_back_to_arc,3,1790843651.716,odom,base_footprint,2.161104679107666,0.678206205368042,-0.09633957780924556,-0.046620475135489364,-0.32337872997590295,-0.030535513535141945,2.12845683864773,0.5399012116633712,-0.05126913691653923,-0.025623339752670796,-0.4993430128277747,0.14210613206454697,0.02551727034879849,0.04507044089270632,0.01089996152271342,-0.6749220491189749,0.09014088178541264,0.5663114187136143,progress=0.8803;speed=0.5000;settled=False
3982.156886,control_sample,east_back_to_arc,3,1790843651.716,odom,base_footprint,2.161104679107666,0.678206205368042,-0.09633957780924556,-0.046620475135489364,-0.32337872997590295,-0.030535513535141945,2.127945181473345,0.5299301291480453,-0.05126913691653923,-0.025623339752670796,-0.4993430128277747,0.15193862926378796,0.02551727034879849,0.04507044089270632,0.011349801553487603,-0.6848961116582942,0.09014088178541264,0.5663114187136143,progress=0.8903;speed=0.5000;settled=False
3982.176878,control_sample,east_back_to_arc,3,1790843651.82,odom,base_footprint,2.1552655696868896,0.6317011713981628,-0.09153023075320744,-0.053479016833156166,-0.44316725046139077,0.04580322653055191,2.1274429598385516,0.5201429247224812,-0.05126913691653923,-0.024615336927690083,-0.4796992360046417,0.11497538875831237,0.022069061939234903,0.04026109383666821,0.008240351854627098,-0.6003236266280684,0.08052218767333642,0.5338876798495448,progress=0.9001;speed=0.4803;settled=False
3982.197364,control_sample,east_back_to_arc,3,1790843651.82,odom,base_footprint,2.1552655696868896,0.6317011713981628,-0.09153023075320744,-0.053479016833156166,-0.44316725046139077,0.04580322653055191,2.1269599162602826,0.5107294587953962,-0.05126913691653923,-0.023588260918905948,-0.45968376442366093,0.12423914546532247,0.022069061939234903,0.04026109383666821,0.007651719952475003,-0.5857111617650254,0.08052218767333642,0.5338876798495448,progress=0.9095;speed=0.4603;settled=False
3982.217311,segment_enter,right_arc_back,4,1790843651.82,,,2.1552655696868896,0.6317011713981628,-0.09153023075320744,,,,,,,,,,,,,,,,
3982.217555,control_sample,right_arc_back,4,1790843651.82,odom,base_footprint,2.1552655696868896,0.6317011713981628,-0.09153023075320744,-0.053479016833156166,-0.44316725046139077,0.04580322653055191,2.126449435833124,0.5017064498311375,-0.05126913691653923,-0.03284035483566056,-0.4488000792048369,0.13315028053131012,0.022069061939234903,0.04026109383666821,-0.0042816911498997565,-0.5827521053314405,0.08052218767333642,0.5338876798495448,progress=0.9185;speed=0.4500;settled=False
3982.237326,control_sample,right_arc_back,4,1790843651.82,odom,base_footprint,2.1552655696868896,0.6317011713981628,-0.09153023075320744,-0.053479016833156166,-0.44316725046139077,0.04580322653055191,2.1255896055700862,0.4927371349572292,-0.05126913691653923,-0.05302131330195353,-0.4468654611130022,0.14209738305197225,0.022069061939234903,0.04026109383666821,-0.028646077177492818,-0.5916641493534058,0.08052218767333642,0.5338876798495448,progress=0.9275;speed=0.4500;settled=False
3982.257167,control_sample,right_arc_back,4,1790843651.896,odom,base_footprint,2.151596784591675,0.5938234329223633,-0.08580483272082513,-0.0460237465194064,-0.5053082210301958,0.07633869349956512,2.124330542245038,0.48383922165366106,-0.05126913691653923,-0.07304161823498258,-0.44403256863164337,0.11331361215716347,0.020346205857566992,0.0345356958042859,-0.05889377800120252,-0.5488279467825583,0.0690713916085718,0.5100701467571984,progress=0.9365;speed=0.4500;settled=False
3982.277077,control_sample,right_arc_back,4,1790843651.896,odom,base_footprint,2.151596784591675,0.5938234329223633,-0.08580483272082513,-0.0460237465194064,-0.5053082210301958,0.07633869349956512,2.1226705452556054,0.4749950146541288,-0.05126913691653923,-0.09294108398392928,-0.44029757540542075,0.12229848858533801,0.020346205857566992,0.0345356958042859,-0.08396533518178276,-0.5553628255531966,0.0690713916085718,0.5100701467571984,progress=0.9455;speed=0.4500;settled=False
3982.297240,control_sample,right_arc_back,4,1790843651.896,odom,base_footprint,2.151596784591675,0.5938234329223633,-0.08580483272082513,-0.0460237465194064,-0.5053082210301958,0.07633869349956512,2.120610376436973,0.46621887176111143,-0.05126913691653923,-0.11268740549321908,-0.4356621955634971,0.1313129145190428,0.020346205857566992,0.0345356958042859,-0.10935092335173019,-0.5607719469680706,0.0690713916085718,0.5100701467571984,progress=0.9545;speed=0.4500;settled=False
3982.317282,control_sample,right_arc_back,4,1790843651.896,odom,base_footprint,2.151596784591675,0.5938234329223633,-0.08580483272082513,-0.0460237465194064,-0.5053082210301958,0.07633869349956512,2.1181610588833406,0.4575582435664915,-0.05126913691653923,-0.13217381893111327,-0.43015123106782494,0.14030733973614692,0.020346205857566992,0.0345356958042859,-0.13491343058500183,-0.5650257636507523,0.0690713916085718,0.5100701467571984,progress=0.9635;speed=0.4500;settled=False
3982.336960,control_sample,right_arc_back,4,1790843651.896,odom,base_footprint,2.151596784591675,0.5938234329223633,-0.08580483272082513,-0.0460237465194064,-0.5053082210301958,0.07633869349956512,2.115327523289408,0.4490248241571102,-0.05126913691653923,-0.15137401260222114,-0.4237757759814766,0.14927188756013282,0.020346205857566992,0.0345356958042859,-0.16061634772294744,-0.5681227599945616,0.0690713916085718,0.5100701467571984,progress=0.9725;speed=0.4500;settled=False
3982.357198,control_sample,right_arc_back,4,1790843651.998,odom,base_footprint,2.1454062461853027,0.5400614142417908,-0.0764609624778861,-0.055764486138155656,-0.5276228208256319,0.09160658717155457,2.1121163661855125,0.4406348767611842,-0.05126913691653923,-0.17025139424305458,-0.4165506724977118,0.10485157350170242,0.016918926600722844,0.025191825561346866,-0.18806026467597056,-0.5096169982855567,0.05038365112269373,0.4785493789348396,progress=0.9815;speed=0.4500;settled=False
3982.377030,control_sample,right_arc_back,4,1790843651.998,odom,base_footprint,2.1454062461853027,0.5400614142417908,-0.0764609624778861,-0.055764486138155656,-0.5276228208256319,0.09160658717155457,2.1085262883067815,0.43238590795155285,-0.05126913691653923,-0.1888115740647253,-0.40847299727056713,0.11381628155927678,0.016918926600722844,0.025191825561346866,-0.21395731660012893,-0.5101525061209439,0.05038365112269373,0.4785493789348396,progress=0.9905;speed=0.4500;settled=False
3982.397155,control_sample,right_arc_back,4,1790843651.998,odom,base_footprint,2.1454062461853027,0.5400614142417908,-0.0764609624778861,-0.055764486138155656,-0.5276228208256319,0.09160658717155457,2.1045606836343205,0.4242909040467127,-0.05126913691653923,-0.20702533285061536,-0.3995503867575301,0.12276469773894642,0.016918926600722844,0.025191825561346866,-0.23990351826359235,-0.5095204698523993,0.05038365112269373,0.4785493789348396,progress=0.9995;speed=0.4500;settled=False
3982.417134,control_sample,right_arc_back,4,1790843651.998,odom,base_footprint,2.1454062461853027,0.5400614142417908,-0.0764609624778861,-0.055764486138155656,-0.5276228208256319,0.09160658717155457,2.1002453548890836,0.4164018918691904,-0.05126913691653923,-0.22477561025004103,-0.3898408970807471,0.13164795317850017,0.016918926600722844,0.025191825561346866,-0.26573173283567564,-0.5077257772902154,0.05038365112269373,0.4785493789348396,progress=1.0085;speed=0.4500;settled=False
3982.436773,control_sample,right_arc_back,4,1790843651.998,odom,base_footprint,2.1454062461853027,0.5400614142417908,-0.0764609624778861,-0.055764486138155656,-0.5276228208256319,0.09160658717155457,2.0955641261038176,0.40869029467393403,-0.05126913691653923,-0.24212670393936767,-0.3793081323138983,0.140508391175507,0.016918926600722844,0.025191825561346866,-0.29153617411337784,-0.5047605035742039,0.05038365112269373,0.4785493789348396,progress=1.0175;speed=0.4500;settled=False
3982.456993,control_sample,right_arc_back,4,1790843652.1,odom,base_footprint,2.132652759552002,0.48704347014427185,-0.06230775412875987,-0.11652403633940545,-0.51643828071377,0.13740980625152588,2.090561028227577,0.40122765833073565,-0.05126913691653923,-0.2589176357115645,-0.3680511620923558,0.09558277775365105,0.007761312443011948,0.01103861721222064,-0.3024355152284019,-0.4438827919932202,0.02207723442444128,0.4454702799362849,progress=1.0265;speed=0.4500;settled=False
3982.477298,control_sample,right_arc_back,4,1790843652.1,odom,base_footprint,2.132652759552002,0.48704347014427185,-0.06230775412875987,-0.11652403633940545,-0.51643828071377,0.13740980625152588,2.0852173159263434,0.3939836564323821,-0.05126913691653923,-0.27521663998285945,-0.3560278094145809,0.10445214330043523,0.007761312443011948,0.01103861721222064,-0.3277370399757714,-0.43826332743654456,0.02207723442444128,0.4454702799362849,progress=1.0355;speed=0.4500;settled=False
3982.497314,control_sample,right_arc_back,4,1790843652.1,odom,base_footprint,2.132652759552002,0.48704347014427185,-0.06230775412875987,-0.11652403633940545,-0.51643828071377,0.13740980625152588,2.079548643607792,0.386982237269243,-0.05126913691653923,-0.29096983309992214,-0.34327329669784024,0.11327973099670945,0.007761312443011948,0.01103861721222064,-0.3527789297158406,-0.4315055123195663,0.02207723442444128,0.4454702799362849,progress=1.0445;speed=0.4500;settled=False
3982.517374,control_sample,right_arc_back,4,1790843652.1,odom,base_footprint,2.132652759552002,0.48704347014427185,-0.06230775412875987,-0.11652403633940545,-0.51643828071377,0.13740980625152588,2.07357794242177,0.38025127240227397,-0.05126913691653923,-0.3061145040506034,-0.32983921902929175,0.12204264630667554,0.007761312443011948,0.01103861721222064,-0.37746107086870767,-0.4236372094367295,0.02207723442444128,0.4454702799362849,progress=1.0535;speed=0.4500;settled=False
3982.537606,control_sample,right_arc_back,4,1790843652.166,odom,base_footprint,2.122607946395874,0.4537951946258545,-0.056353319938843155,-0.15148831522817857,-0.5124231615658934,0.09160658717155457,2.0673070924499886,0.3737922532059006,-0.05126913691653923,-0.32064729724244356,-0.3157298065927827,0.09725561723103057,0.005386390296827164,0.005084183022303922,-0.3890560903350754,-0.37890856701137193,0.010168366044607843,0.42502358017748726,progress=1.0625;speed=0.4500;settled=False
3982.557336,control_sample,right_arc_back,4,1790843652.166,odom,base_footprint,2.122607946395874,0.4537951946258545,-0.056353319938843155,-0.15148831522817857,-0.5124231615658934,0.09160658717155457,2.0607558970570308,0.3676255313157292,-0.05126913691653923,-0.3345224214953285,-0.3009896169586283,0.10607019789929237,0.005386390296827164,0.005084183022303922,-0.41286953586338315,-0.36871213177966167,0.010168366044607843,0.42502358017748726,progress=1.0715;speed=0.4500;settled=False
3982.577005,control_sample,right_arc_back,4,1790843652.166,odom,base_footprint,2.122607946395874,0.4537951946258545,-0.056353319938843155,-0.15148831522817857,-0.5124231615658934,0.09160658717155457,2.053942534568635,0.36176670104304054,-0.05126913691653923,-0.3477047896088778,-0.2856595513597367,0.1148223950826945,0.005386390296827164,0.005084183022303922,-0.4361719547752212,-0.35746951022061374,0.010168366044607843,0.42502358017748726,progress=1.0805;speed=0.4500;settled=False
3982.597096,control_sample,right_arc_back,4,1790843652.166,odom,base_footprint,2.122607946395874,0.4537951946258545,-0.056353319938843155,-0.15148831522817857,-0.5124231615658934,0.09160658717155457,2.04686153787009,0.35621133770122043,-0.05126913691653923,-0.3602043571279736,-0.2697273087880113,0.12353188874473833,0.005386390296827164,0.005084183022303922,-0.4589813153851885,-0.34517136302397056,0.010168366044607843,0.42502358017748726,progress=1.0895;speed=0.4500;settled=False
3982.617388,control_sample,right_arc_back,4,1790843652.166,odom,base_footprint,2.122607946395874,0.4537951946258545,-0.056353319938843155,-0.15148831522817857,-0.5124231615658934,0.09160658717155457,2.0395270189008396,0.3509728434650422,-0.05126913691653923,-0.3719909691593746,-0.25322464110719806,0.1321925732092108,0.005386390296827164,0.005084183022303922,-0.4812460085322419,-0.3318395180932125,0.010168366044607843,0.42502358017748726,progress=1.0985;speed=0.4500;settled=False
3982.637366,control_sample,right_arc_back,4,1790843652.276,odom,base_footprint,2.0988216400146484,0.4006395936012268,-0.04291768517606947,-0.209727738098344,-0.4860942505351266,0.12214218825101852,2.03197907868186,0.3460794630894839,-0.05126913691653923,-0.383001075004381,-0.23624177561449322,0.08628288269979172,0.007152996109292243,-0.008351451740469766,-0.47371941280952434,-0.26139681104803836,-0.016702903480939533,0.3888969618310778,progress=1.1075;speed=0.4500;settled=False
3982.657121,control_sample,right_arc_back,4,1790843652.276,odom,base_footprint,2.0988216400146484,0.4006395936012268,-0.04291768517606947,-0.209727738098344,-0.4860942505351266,0.12214218825101852,2.0242274471661137,0.3415352733373976,-0.05126913691653923,-0.39322550194657474,-0.21880060470406457,0.09517149930821561,0.007152996109292243,-0.008351451740469766,-0.4944249205751182,-0.2458856723915444,-0.016702903480939533,0.3888969618310778,progress=1.1165;speed=0.4500;settled=False
3982.677091,control_sample,right_arc_back,4,1790843652.276,odom,base_footprint,2.0988216400146484,0.4006395936012268,-0.04291768517606947,-0.209727738098344,-0.4860942505351266,0.12214218825101852,2.0162682983018367,0.33733823376228095,-0.05126913691653923,-0.4026688409905868,-0.20089251975944128,0.10402940154308282,0.007152996109292243,-0.008351451740469766,-0.5144402457874787,-0.22943661111172606,-0.016702903480939533,0.3888969618310778,progress=1.1255;speed=0.4500;settled=False
3982.697115,control_sample,right_arc_back,4,1790843652.276,odom,base_footprint,2.0988216400146484,0.4006395936012268,-0.04291768517606947,-0.209727738098344,-0.4860942505351266,0.12214218825101852,2.008120755099827,0.33350002545017693,-0.05126913691653923,-0.4113048096928214,-0.18256054755491932,0.11284667534243599,0.007152996109292243,-0.008351451740469766,-0.5337130590741742,-0.21208736783797158,-0.016702903480939533,0.3888969618310778,progress=1.1345;speed=0.4500;settled=False
3982.717394,control_sample,right_arc_back,4,1790843652.346,odom,base_footprint,2.079657554626465,0.37037840485572815,-0.04505516947550541,-0.27469483631783687,-0.4317164790184415,-0.030535491183400154,1.9998049077620714,0.33003104079017814,-0.05126913691653923,-0.4191100251778184,-0.16384989104496966,0.08946706096819966,0.011217145799612803,-0.006213967441033821,-0.5205259541705902,-0.17424521501847073,-0.012427934882067643,0.3652685245579162,progress=1.1435;speed=0.4500;settled=False
3982.737348,control_sample,right_arc_back,4,1790843652.346,odom,base_footprint,2.079657554626465,0.37037840485572815,-0.04505516947550541,-0.27469483631783687,-0.4317164790184415,-0.030535491183400154,1.9913503068612002,0.3269432035480197,-0.05126913691653923,-0.42605765897267495,-0.14482703901800884,0.09841131398633492,0.011217145799612803,-0.006213967441033821,-0.5381897446242441,-0.15528196152541537,-0.012427934882067643,0.3652685245579162,progress=1.1525;speed=0.4500;settled=False
3982.757409,control_sample,right_arc_back,4,1790843652.346,odom,base_footprint,2.079657554626465,0.37037840485572815,-0.04505516947550541,-0.27469483631783687,-0.4317164790184415,-0.030535491183400154,1.9827641205487465,0.32423853584588164,-0.05126913691653923,-0.43214316130248626,-0.1255081198149878,0.10731833524435115,0.011217145799612803,-0.006213967441033821,-0.5549847388203619,-0.1355403374603775,-0.012427934882067643,0.3652685245579162,progress=1.1615;speed=0.4500;settled=False
3982.777256,control_sample,right_arc_back,4,1790843652.346,odom,base_footprint,2.079657554626465,0.37037840485572815,-0.04505516947550541,-0.27469483631783687,-0.4317164790184415,-0.030535491183400154,1.9740769591774483,0.32192589408830913,-0.05126913691653923,-0.43734660525702396,-0.10596200672956724,0.11616758556084288,0.011217145799612803,-0.006213967441033821,-0.5708531458782193,-0.11509160379063865,-0.012427934882067643,0.3652685245579162,progress=1.1705;speed=0.4500;settled=False
3982.797312,control_sample,right_arc_back,4,1790843652.436,odom,base_footprint,2.045220375061035,0.34023138880729675,-0.04780336356619443,-0.3835533932884668,-0.3339140826338871,-0.03053548000752926,1.9652813656218258,0.3200033734538948,-0.05126913691653923,-0.4416722766844565,-0.08617192122941686,0.08245858254456885,0.012101195064374994,-0.0034657733503448,-0.5299092564937256,-0.08226728162540028,-0.0069315467006896,0.3284982985815557,progress=1.1795;speed=0.4500;settled=False
3982.817430,control_sample,right_arc_back,4,1790843652.436,odom,base_footprint,2.045220375061035,0.34023138880729675,-0.04780336356619443,-0.3835533932884668,-0.3339140826338871,-0.03053548000752926,1.956406992880503,0.31847847141818203,-0.05126913691653923,-0.4451033062648102,-0.06620458256144011,0.09143853820617931,0.012101195064374994,-0.0034657733503448,-0.5439581268589908,-0.06047781327995734,-0.0069315467006896,0.3284982985815557,progress=1.1885;speed=0.4500;settled=False
3982.837342,control_sample,right_arc_back,4,1790843652.436,odom,base_footprint,2.045220375061035,0.34023138880729675,-0.04780336356619443,-0.3835533932884668,-0.3339140826338871,-0.03053548000752926,1.9474812996586544,0.31735541442618015,-0.05126913691653923,-0.4476301844968147,-0.04612177281228091,0.10038046156696921,0.012101195064374994,-0.0034657733503448,-0.5570003404974353,-0.03809915827622113,-0.0069315467006896,0.3284982985815557,progress=1.1975;speed=0.4500;settled=False
3982.856754,control_sample,right_arc_back,4,1790843652.436,odom,base_footprint,2.045220375061035,0.34023138880729675,-0.04780336356619443,-0.3835533932884668,-0.3339140826338871,-0.03053548000752926,1.9385123787675698,0.31663477143543045,-0.05126913691653923,-0.44925163122600054,-0.025941700807340567,0.10928584914965198,0.012101195064374994,-0.0034657733503448,-0.5690252624659989,-0.015152113812638791,-0.0069315467006896,0.3284982985815557,progress=1.2065;speed=0.4500;settled=False
3982.877449,control_sample,right_arc_back,4,1790843652.436,odom,base_footprint,2.045220375061035,0.34023138880729675,-0.04780336356619443,-0.3835533932884668,-0.3339140826338871,-0.03053548000752926,1.9295187253874853,0.3163182418689947,-0.05126913691653923,-0.4499638227504814,-0.005705980702150094,0.1181469861387657,0.012101195064374994,-0.0034657733503448,-0.5800075304724057,0.008316240706609728,-0.0069315467006896,0.3284982985815557,progress=1.2155;speed=0.4500;settled=False
3982.897410,control_sample,right_arc_back,4,1790843652.436,odom,base_footprint,2.045220375061035,0.34023138880729675,-0.04780336356619443,-0.3835533932884668,-0.3339140826338871,-0.03053548000752926,1.9205140797763218,0.316406799180718,-0.05126913691653923,-0.4497645687991036,0.014554471922966996,0.12696169168104604,0.012101195064374994,-0.0034657733503448,-0.5899290683817507,0.032270603482489515,-0.0069315467006896,0.3284982985815557,progress=1.2245;speed=0.4500;settled=False
3982.917308,segment_enter,south_back_to_start,5,1790843652.555,,,1.99125075340271,0.31340697407722473,-0.05146762325347127,,,,,,,,,,,,,,,,
3982.917553,control_sample,south_back_to_start,5,1790843652.555,odom,base_footprint,1.99125075340271,0.31340697407722473,-0.05146762325347127,-0.45056275376163224,-0.22188740524386996,-0.030535491183400154,1.9114648395965868,0.3168353093222701,-0.05126913691653923,-0.46096796140786656,0.023654158337694912,0.0798595362147223,0.012850882054345253,0.00019848633693203555,-0.5460357420385633,0.048163826846835234,0.0003969726738640711,0.2745820827415847,progress=1.2336;speed=0.4616;settled=False
3982.937341,control_sample,south_back_to_start,5,1790843652.555,odom,base_footprint,1.99125075340271,0.31340697407722473,-0.05146762325347127,-0.45056275376163224,-0.22188740524386996,-0.030535491183400154,1.9020398385669073,0.3173189448140038,-0.05126913691653923,-0.4809539427895196,0.024679721083296555,0.08929664518270691,0.012850882054345253,0.00019848633693203555,-0.5794878753130281,0.04815718705535181,0.0003969726738640711,0.2745820827415847,progress=1.2430;speed=0.4816;settled=False
3982.957201,control_sample,south_back_to_start,5,1790843652.555,odom,base_footprint,1.99125075340271,0.31340697407722473,-0.05146762325347127,-0.45056275376163224,-0.22188740524386996,-0.030535491183400154,1.8922311840011752,0.3178222671435405,-0.05126913691653923,-0.4993430128277747,0.025623339752670796,0.09911795971127946,0.012850882054345253,0.00019848633693203555,-0.6114053520423308,0.04815085187222852,0.0003969726738640711,0.2745820827415847,progress=1.2529;speed=0.5000;settled=False
3982.977188,control_sample,south_back_to_start,5,1790843652.616,odom,base_footprint,1.962572455406189,0.30385491251945496,-0.05329974814736217,-0.4782616196099252,-0.15832524496173533,-0.030535468831658363,1.8822444405907934,0.3183347279427371,-0.05126913691653923,-0.4993430128277747,0.025623339752670796,0.08162263790686211,0.015414015610738583,0.0020306112308229388,-0.5871545611544762,0.045677363550924804,0.0040612224616458775,0.24664718502819527,progress=1.2629;speed=0.5000;settled=False
3982.997251,control_sample,south_back_to_start,5,1790843652.616,odom,base_footprint,1.962572455406189,0.30385491251945496,-0.05329974814736217,-0.4782616196099252,-0.15832524496173533,-0.030535468831658363,1.8722587198349867,0.3188471362653295,-0.05126913691653923,-0.4993430128277747,0.025623339752670796,0.09154964557916873,0.015414015610738583,0.0020306112308229388,-0.5971533995399323,0.04565705976949734,0.0040612224616458775,0.24664718502819527,progress=1.2729;speed=0.5000;settled=False
3983.017402,control_sample,south_back_to_start,5,1790843652.616,odom,base_footprint,1.962572455406189,0.30385491251945496,-0.05329974814736217,-0.4782616196099252,-0.15832524496173533,-0.030535468831658363,1.8621976467205905,0.31936341122675677,-0.05126913691653923,-0.4993430128277747,0.025623339752670796,0.1015658197959573,0.015414015610738583,0.0020306112308229388,-0.6072276892697553,0.04563660277551204,0.0040612224616458775,0.24664718502819527,progress=1.2829;speed=0.5000;settled=False
3983.037161,control_sample,south_back_to_start,5,1790843652.616,odom,base_footprint,1.962572455406189,0.30385491251945496,-0.05329974814736217,-0.4782616196099252,-0.15832524496173533,-0.030535468831658363,1.8522784099914693,0.3198724079810282,-0.05126913691653923,-0.4993430128277747,0.025623339752670796,0.11145105030822168,0.015414015610738583,0.0020306112308229388,-0.6171599562925328,0.045616434174827095,0.0040612224616458775,0.24664718502819527,progress=1.2929;speed=0.5000;settled=False
3983.056412,control_sample,south_back_to_start,5,1790843652.616,odom,base_footprint,1.962572455406189,0.30385491251945496,-0.05329974814736217,-0.4782616196099252,-0.15832524496173533,-0.030535468831658363,1.8423048642169975,0.320384191555351,-0.05126913691653923,-0.4993430128277747,0.025623339752670796,0.12139814889814839,0.015414015610738583,0.0020306112308229388,-0.627146603703127,0.04559615514856416,0.0040612224616458775,0.24664718502819527,progress=1.3028;speed=0.5000;settled=False
3983.077181,control_sample,south_back_to_start,5,1790843652.706,odom,base_footprint,1.916253685951233,0.2971339821815491,-0.05329975187132958,-0.5146524155351524,-0.07467683909326633,-4.4614257177499894e-08,1.8324966949775707,0.3208874889808027,-0.05126913691653923,-0.4803097695216765,0.02464666590864204,0.08706010924771641,0.019439500626463876,0.002030614954790344,-0.5600437348994417,0.038483463174993446,0.004061229909580688,0.20145587463678177,progress=1.3127;speed=0.4809;settled=False
3983.097152,control_sample,south_back_to_start,5,1790843652.706,odom,base_footprint,1.916253685951233,0.2971339821815491,-0.05329975187132958,-0.5146524155351524,-0.07467683909326633,-4.4614257177499894e-08,1.8230883264061708,0.3213702709928271,-0.05126913691653923,-0.4603319044613549,0.023621519644804786,0.09626620338677731,0.019439500626463876,0.002030614954790344,-0.5454595321589929,0.0385130781158866,0.004061229909580688,0.20145587463678177,progress=1.3221;speed=0.4609;settled=False
3983.117219,control_sample,south_back_to_start,5,1790843652.706,odom,base_footprint,1.916253685951233,0.2971339821815491,-0.05329975187132958,-0.5146524155351524,-0.07467683909326633,-4.4614257177499894e-08,1.8140741029438654,0.3218328278013687,-0.05126913691653923,-0.44034157679821273,0.022595733873658787,0.10512231046981031,0.019439500626463876,0.002030614954790344,-0.5304656917761532,0.038543524874245776,0.004061229909580688,0.20145587463678177,progress=1.3311;speed=0.4409;settled=False
3983.136931,control_sample,south_back_to_start,5,1790843652.706,odom,base_footprint,1.916253685951233,0.2971339821815491,-0.05329975187132958,-0.5146524155351524,-0.07467683909326633,-4.4614257177499894e-08,1.8054722452129706,0.3222742244315021,-0.05126913691653923,-0.4203802969170803,0.02157143866344661,0.11359823674877817,0.019439500626463876,0.002030614954790344,-0.5150938470906671,0.038574739214849885,0.004061229909580688,0.20145587463678177,progress=1.3397;speed=0.4209;settled=False
3983.156726,control_sample,south_back_to_start,5,1790843652.802,odom,base_footprint,1.864148736000061,0.29452115297317505,-0.05036833911469501,-0.5426783746778868,-0.028808034848147136,0.030535602942109108,1.7972561167049534,0.32269582771182104,-0.05126913691653923,-0.4003859745098456,0.020545447905583106,0.07258398454747918,0.02470962931658695,-0.0009007978018442248,-0.44121346939184203,0.03642321747798337,-0.0018015956036884495,0.15065429924096313,progress=1.3480;speed=0.4009;settled=False
3983.177465,control_sample,south_back_to_start,5,1790843652.802,odom,base_footprint,1.864148736000061,0.29452115297317505,-0.05036833911469501,-0.5426783746778868,-0.028808034848147136,0.030535602942109108,1.789445703606085,0.32309661206906615,-0.05126913691653923,-0.38040587239332263,0.01952018684920922,0.07998187239241397,0.02470962931658695,-0.0009007978018442248,-0.4250264972434901,0.036408636285109715,-0.0018015956036884495,0.15065429924096313,progress=1.3558;speed=0.3809;settled=False
3983.197334,control_sample,south_back_to_start,5,1790843652.802,odom,base_footprint,1.864148736000061,0.29452115297317505,-0.05036833911469501,-0.5426783746778868,-0.028808034848147136,0.030535602942109108,1.782042874497341,0.3234764816186772,-0.05126913691653923,-0.3604475326436388,0.01849604250921068,0.08706195236768413,0.02470962931658695,-0.0009007978018442248,-0.4084575542000331,0.03639371101360033,-0.0018015956036884495,0.15065429924096313,progress=1.3632;speed=0.3609;settled=False
3983.217529,control_sample,south_back_to_start,5,1790843652.802,odom,base_footprint,1.864148736000061,0.29452115297317505,-0.05036833911469501,-0.5426783746778868,-0.028808034848147136,0.030535602942109108,1.7749781158292794,0.3238390033862238,-0.05126913691653923,-0.3403108465448073,0.017462746485939394,0.09386658539908492,0.02470962931658695,-0.0009007978018442248,-0.3913357989398377,0.036378287769926576,-0.0018015956036884495,0.15065429924096313,progress=1.3703;speed=0.3408;settled=False
3983.237141,control_sample,south_back_to_start,5,1790843652.802,odom,base_footprint,1.864148736000061,0.29452115297317505,-0.05036833911469501,-0.5426783746778868,-0.028808034848147136,0.030535602942109108,1.7684330150015195,0.32417485937682927,-0.05126913691653923,-0.3205284243396559,0.016447629197278737,0.10020399966939826,0.02470962931658695,-0.0009007978018442248,-0.37411937816205254,0.03636277925173963,-0.0018015956036884495,0.15065429924096313,progress=1.3768;speed=0.3210;settled=False
3983.256392,control_sample,south_back_to_start,5,1790843652.886,odom,base_footprint,1.8193025588989258,0.29399406909942627,-0.04908585559969961,-0.5338751296720284,-0.006959501469189614,0.01526766736060381,1.7622227253210734,0.3244935348330921,-0.05126913691653923,-0.3005565034588238,0.015422787953691485,0.06471726826214456,0.027534238280589943,-0.002183281316839626,-0.3130709255719616,0.03507978015367227,-0.004366562633679252,0.1074418897393281,progress=1.3830;speed=0.3010;settled=False
3983.277192,control_sample,south_back_to_start,5,1790843652.886,odom,base_footprint,1.8193025588989258,0.29399406909942627,-0.04908585559969961,-0.5338751296720284,-0.006959501469189614,0.01526766736060381,1.75641047331726,0.3247917853422531,-0.05126913691653923,-0.28057972496921507,0.014397697446257799,0.07002794980995262,0.027534238280589943,-0.002183281316839626,-0.2948871937125901,0.03504007988855331,-0.004366562633679252,0.1074418897393281,progress=1.3889;speed=0.2809;settled=False
3983.297299,control_sample,south_back_to_start,5,1790843652.886,odom,base_footprint,1.8193025588989258,0.29399406909942627,-0.04908585559969961,-0.5338751296720284,-0.006959501469189614,0.01526766736060381,1.7509948826838928,0.3250696815282322,-0.05126913691653923,-0.26059169728019094,0.013372029696225012,0.07504420242579128,0.027534238280589943,-0.002183281316839626,-0.27629276277297815,0.034999482950380835,-0.004366562633679252,0.1074418897393281,progress=1.3943;speed=0.2609;settled=False
3983.317400,control_sample,south_back_to_start,5,1790843652.886,odom,base_footprint,1.8193025588989258,0.29399406909942627,-0.04908585559969961,-0.5338751296720284,-0.006959501469189614,0.01526766736060381,1.7459840511265212,0.32532680786451723,-0.05126913691653923,-0.2406232278580949,0.01234736556115348,0.07973295492137226,0.027534238280589943,-0.002183281316839626,-0.2573165419242873,0.0349580524561085,-0.004366562633679252,0.1074418897393281,progress=1.3993;speed=0.2409;settled=False
3983.337010,control_sample,south_back_to_start,5,1790843652.976,odom,base_footprint,1.7742985486984253,0.2952756881713867,-0.043528401046954365,-0.4946201470367747,0.011335101244714426,0.06107093766331673,1.7413729850729318,0.3255634205917967,-0.05126913691653923,-0.22065702645204788,0.011322817807295453,0.0447374504775001,0.02856060931040962,-0.007740735869584869,-0.2004122317674278,0.03291840477097202,-0.015481471739169738,0.06540828407194807,progress=1.4039;speed=0.2209;settled=False
3983.356445,control_sample,south_back_to_start,5,1790843652.976,odom,base_footprint,1.7742985486984253,0.2952756881713867,-0.043528401046954365,-0.4946201470367747,0.011335101244714426,0.06107093766331673,1.7371570152919358,0.32577975930748976,-0.05126913691653923,-0.20067053374356153,0.010297228823415038,0.04806237467772281,0.02856060931040962,-0.007740735869584869,-0.1806189947235801,0.03276518749079098,-0.015481471739169738,0.06540828407194807,progress=1.4081;speed=0.2009;settled=False
3983.377024,control_sample,south_back_to_start,5,1790843652.976,odom,base_footprint,1.7742985486984253,0.2952756881713867,-0.043528401046954365,-0.4946201470367747,0.011335101244714426,0.06107093766331673,1.7333513234516795,0.32597504497788415,-0.05126913691653923,-0.18074092119743027,0.00927455859415373,0.0511773950464497,0.02856060931040962,-0.007740735869584869,-0.16048329619496168,0.03260931925376301,-0.015481471739169738,0.06540828407194807,progress=1.4119;speed=0.1810;settled=False
3983.397149,control_sample,south_back_to_start,5,1790843652.976,odom,base_footprint,1.7742985486984253,0.2952756881713867,-0.043528401046954365,-0.4946201470367747,0.011335101244714426,0.06107093766331673,1.7299331883185438,0.3261504435227459,-0.05126913691653923,-0.16074822864581076,0.008248651470872274,0.05405123236007705,0.02856060931040962,-0.007740735869584869,-0.13988374934659342,0.03244986041769303,-0.015481471739169738,0.06540828407194807,progress=1.4154;speed=0.1610;settled=False
3983.416788,control_sample,south_back_to_start,5,1790843652.976,odom,base_footprint,1.7742985486984253,0.2952756881713867,-0.043528401046954365,-0.4946201470367747,0.011335101244714426,0.06107093766331673,1.7269122148044065,0.32630546207461913,-0.05126913691653923,-0.14073373777412712,0.007221625786307908,0.056641958903282635,0.02856060931040962,-0.007740735869584869,-0.11886033863128176,0.03228712049785107,-0.015481471739169738,0.06540828407194807,progress=1.4184;speed=0.1409;settled=False
3983.437479,control_sample,south_back_to_start,5,1790843653.08,odom,base_footprint,1.7308517694473267,0.2971680462360382,-0.02764992716021537,-0.41799357216565886,0.011560445483552822,0.15267761051654816,1.7242967483348084,0.32643967239546196,-0.05126913691653923,-0.12075564301663218,0.006196467735765801,0.02999660647144308,0.02889724092752593,-0.023619209756323863,-0.06878804498241868,0.03250598117339073,-0.04723841951264773,0.032724257040185445,progress=1.4210;speed=0.1209;settled=False
3983.456757,control_sample,south_back_to_start,5,1790843653.08,odom,base_footprint,1.7308517694473267,0.2971680462360382,-0.02764992716021537,-0.41799357216565886,0.011560445483552822,0.15267761051654816,1.7220823761139006,0.3265533009239436,-0.05126913691653923,-0.10079186542136905,0.005172044357588653,0.030665867874713777,0.02889724092752593,-0.023619209756323863,-0.04702335017427699,0.031991820666807114,-0.04723841951264773,0.032724257040185445,progress=1.4232;speed=0.1009;settled=False
3983.477270,control_sample,south_back_to_start,5,1790843653.08,odom,base_footprint,1.7308517694473267,0.2971680462360382,-0.02764992716021537,-0.41799357216565886,0.011560445483552822,0.15267761051654816,1.7202680195711708,0.32664640300594444,-0.05126913691653923,-0.08083968756469663,0.004148216209614624,0.03132074838337848,0.02889724092752593,-0.023619209756323863,-0.02487215921835693,0.03146852972872026,-0.04723841951264773,0.032724257040185445,progress=1.4250;speed=0.0809;settled=False
3983.497148,control_sample,south_back_to_start,5,1790843653.08,odom,base_footprint,1.7308517694473267,0.2971680462360382,-0.02764992716021537,-0.41799357216565886,0.011560445483552822,0.15267761051654816,1.7188511599925007,0.3267191078870251,-0.05126913691653923,-0.060869198799467034,0.0031234484537576617,0.031894825160011214,0.02889724092752593,-0.023619209756323863,-0.002301063462800429,0.030935319126406485,-0.04723841951264773,0.032724257040185445,progress=1.4265;speed=0.0609;settled=False
3983.516809,control_sample,south_back_to_start,5,1790843653.156,odom,base_footprint,1.704121708869934,0.2990551292896271,-0.018489274085751992,-0.35661638655558,0.02189523686144596,0.12214205414056778,1.717832776856043,0.32677136530614076,-0.05126913691653923,-0.040877491950976085,0.002097591910949967,0.030922210856321273,0.030599404529988484,-0.03277986283078723,0.03549720497562577,0.026515111105453498,-0.06555972566157446,0.030599404529988484,progress=1.4275;speed=0.0409;settled=False
3983.536526,control_sample,south_back_to_start,5,1790843653.156,odom,base_footprint,1.704121708869934,0.2990551292896271,-0.018489274085751992,-0.35661638655558,0.02189523686144596,0.12214205414056778,1.7172150633172485,0.32680306272348264,-0.05126913691653923,-0.020908505209539813,0.0010729012300995321,0.030681977454732078,0.030599404529988484,-0.03277986283078723,0.05886043296609736,0.025748993274156688,-0.06555972566157446,0.030599404529988484,progress=1.4281;speed=0.0209;settled=False
3983.556563,control_sample,south_back_to_start,5,1790843653.156,odom,base_footprint,1.704121708869934,0.2990551292896271,-0.018489274085751992,-0.35661638655558,0.02189523686144596,0.12214205414056778,1.7169966169181825,0.3268142721049243,-0.05126913691653923,-0.0009202488215636371,4.722174458472452e-05,0.03059956318464236,0.030599404529988484,-0.03277986283078723,0.08264638020119675,0.024969013798780842,-0.06555972566157446,0.030599404529988484,progress=1.4283;speed=0.0009;settled=False
3983.577216,segment_enter,settle,6,1790843653.156,,,1.704121708869934,0.2990551292896271,-0.018489274085751992,,,,,,,,,,,,,,,,
3983.577449,control_sample,settle,6,1790843653.156,odom,base_footprint,1.704121708869934,0.2990551292896271,-0.018489274085751992,-0.35661638655558,0.02189523686144596,0.12214205414056778,1.716996192932129,0.32681429386138916,-0.05126913691653923,-0.0,0.0,0.030599404529988484,0.030599404529988484,-0.03277986283078723,0.08375111337783406,0.024932787820684327,-0.06555972566157446,0.030599404529988484,progress=1.4283;speed=0.0000;settled=False
3983.597287,control_sample,settle,6,1790843653.156,odom,base_footprint,1.704121708869934,0.2990551292896271,-0.018489274085751992,-0.35661638655558,0.02189523686144596,0.12214205414056778,1.716996192932129,0.32681429386138916,-0.05126913691653923,-0.0,0.0,0.030599404529988484,0.030599404529988484,-0.03277986283078723,0.08375111337783406,0.024932787820684327,-0.06555972566157446,0.030599404529988484,progress=1.4283;speed=0.0000;settled=False
3983.616895,control_sample,settle,6,1790843653.255,odom,base_footprint,1.6845252513885498,0.30120259523391724,-0.038337357675338316,-0.19549979609799922,0.02535975490189973,-0.19848085939884186,1.716996192932129,0.32681429386138916,-0.05126913691653923,-0.0,0.0,0.0413560292014475,0.0413560292014475,-0.012931779241200918,0.0707310646559552,0.023267822461376035,-0.025863558482401836,0.0413560292014475,progress=1.4283;speed=0.0000;settled=False
3983.636990,control_sample,settle,6,1790843653.255,odom,base_footprint,1.6845252513885498,0.30120259523391724,-0.038337357675338316,-0.19549979609799922,0.02535975490189973,-0.19848085939884186,1.716996192932129,0.32681429386138916,-0.05126913691653923,-0.0,0.0,0.0413560292014475,0.0413560292014475,-0.012931779241200918,0.0707310646559552,0.023267822461376035,-0.025863558482401836,0.0413560292014475,progress=1.4283;speed=0.0000;settled=False
3983.656341,control_sample,settle,6,1790843653.255,odom,base_footprint,1.6845252513885498,0.30120259523391724,-0.038337357675338316,-0.19549979609799922,0.02535975490189973,-0.19848085939884186,1.716996192932129,0.32681429386138916,-0.05126913691653923,-0.0,0.0,0.0413560292014475,0.0413560292014475,-0.012931779241200918,0.0707310646559552,0.023267822461376035,-0.025863558482401836,0.0413560292014475,progress=1.4283;speed=0.0000;settled=False
3983.676951,control_sample,settle,6,1790843653.255,odom,base_footprint,1.6845252513885498,0.30120259523391724,-0.038337357675338316,-0.19549979609799922,0.02535975490189973,-0.19848085939884186,1.716996192932129,0.32681429386138916,-0.05126913691653923,-0.0,0.0,0.0413560292014475,0.0413560292014475,-0.012931779241200918,0.0707310646559552,0.023267822461376035,-0.025863558482401836,0.0413560292014475,progress=1.4283;speed=0.0000;settled=False
3983.696636,control_sample,settle,6,1790843653.255,odom,base_footprint,1.6845252513885498,0.30120259523391724,-0.038337357675338316,-0.19549979609799922,0.02535975490189973,-0.19848085939884186,1.716996192932129,0.32681429386138916,-0.05126913691653923,-0.0,0.0,0.0413560292014475,0.0413560292014475,-0.012931779241200918,0.0707310646559552,0.023267822461376035,-0.025863558482401836,0.0413560292014475,progress=1.4283;speed=0.0000;settled=False
3983.717073,control_sample,settle,6,1790843653.359,odom,base_footprint,1.6806391477584839,0.30266571044921875,-0.05249056838848144,-0.03752418824610102,0.014737639449665907,-0.13740983605384827,1.716996192932129,0.32681429386138916,-0.05126913691653923,-0.0,0.0,0.04364617754824604,0.04364617754824604,0.0012214314719422095,0.042689126764105335,0.023473133070425232,0.002442862943884419,0.04364617754824604,progress=1.4283;speed=0.0000;settled=False
3983.737314,control_sample,settle,6,1790843653.359,odom,base_footprint,1.6806391477584839,0.30266571044921875,-0.05249056838848144,-0.03752418824610102,0.014737639449665907,-0.13740983605384827,1.716996192932129,0.32681429386138916,-0.05126913691653923,-0.0,0.0,0.04364617754824604,0.04364617754824604,0.0012214314719422095,0.042689126764105335,0.023473133070425232,0.002442862943884419,0.04364617754824604,progress=1.4283;speed=0.0000;settled=False
3983.756365,control_sample,settle,6,1790843653.359,odom,base_footprint,1.6806391477584839,0.30266571044921875,-0.05249056838848144,-0.03752418824610102,0.014737639449665907,-0.13740983605384827,1.716996192932129,0.32681429386138916,-0.05126913691653923,-0.0,0.0,0.04364617754824604,0.04364617754824604,0.0012214314719422095,0.042689126764105335,0.023473133070425232,0.002442862943884419,0.04364617754824604,progress=1.4283;speed=0.0000;settled=False
3983.777119,control_sample,settle,6,1790843653.359,odom,base_footprint,1.6806391477584839,0.30266571044921875,-0.05249056838848144,-0.03752418824610102,0.014737639449665907,-0.13740983605384827,1.716996192932129,0.32681429386138916,-0.05126913691653923,-0.0,0.0,0.04364617754824604,0.04364617754824604,0.0012214314719422095,0.042689126764105335,0.023473133070425232,0.002442862943884419,0.04364617754824604,progress=1.4283;speed=0.0000;settled=False
3983.797186,control_sample,settle,6,1790843653.426,odom,base_footprint,1.6804953813552856,0.30318644642829895,-0.05555938932213918,-0.0021210183841242026,0.007778932846395815,-0.04580328240990639,1.716996192932129,0.32681429386138916,-0.05126913691653923,-0.0,0.0,0.04348085118865088,0.04348085118865088,0.004290252405599944,0.03564235958432665,0.02408847910352497,0.008580504811199888,0.04348085118865088,progress=1.4283;speed=0.0000;settled=False
3983.817063,control_sample,settle,6,1790843653.426,odom,base_footprint,1.6804953813552856,0.30318644642829895,-0.05555938932213918,-0.0021210183841242026,0.007778932846395815,-0.04580328240990639,1.716996192932129,0.32681429386138916,-0.05126913691653923,-0.0,0.0,0.04348085118865088,0.04348085118865088,0.004290252405599944,0.03564235958432665,0.02408847910352497,0.008580504811199888,0.04348085118865088,progress=1.4283;speed=0.0000;settled=False
3983.836665,control_sample,settle,6,1790843653.426,odom,base_footprint,1.6804953813552856,0.30318644642829895,-0.05555938932213918,-0.0021210183841242026,0.007778932846395815,-0.04580328240990639,1.716996192932129,0.32681429386138916,-0.05126913691653923,-0.0,0.0,0.04348085118865088,0.04348085118865088,0.004290252405599944,0.03564235958432665,0.02408847910352497,0.008580504811199888,0.04348085118865088,progress=1.4283;speed=0.0000;settled=False
3983.856713,control_sample,settle,6,1790843653.426,odom,base_footprint,1.6804953813552856,0.30318644642829895,-0.05555938932213918,-0.0021210183841242026,0.007778932846395815,-0.04580328240990639,1.716996192932129,0.32681429386138916,-0.05126913691653923,-0.0,0.0,0.04348085118865088,0.04348085118865088,0.004290252405599944,0.03564235958432665,0.02408847910352497,0.008580504811199888,0.04348085118865088,progress=1.4283;speed=0.0000;settled=False
3983.877273,control_sample,settle,6,1790843653.426,odom,base_footprint,1.6804953813552856,0.30318644642829895,-0.05555938932213918,-0.0021210183841242026,0.007778932846395815,-0.04580328240990639,1.716996192932129,0.32681429386138916,-0.05126913691653923,-0.0,0.0,0.04348085118865088,0.04348085118865088,0.004290252405599944,0.03564235958432665,0.02408847910352497,0.008580504811199888,0.04348085118865088,progress=1.4283;speed=0.0000;settled=False
3983.897360,control_sample,settle,6,1790843653.536,odom,base_footprint,1.6807910203933716,0.30345091223716736,-0.05723884345859949,0.0026914034989569168,0.0023996772618605595,-0.015267761424183846,1.716996192932129,0.32681429386138916,-0.05126913691653923,-0.0,0.0,0.043089002303142415,0.043089002303142415,0.005969706542060256,0.03429937344905811,0.02488638710529282,0.011939413084120512,0.043089002303142415,progress=1.4283;speed=0.0000;settled=False
3983.917002,control_sample,settle,6,1790843653.536,odom,base_footprint,1.6807910203933716,0.30345091223716736,-0.05723884345859949,0.0026914034989569168,0.0023996772618605595,-0.015267761424183846,1.716996192932129,0.32681429386138916,-0.05126913691653923,-0.0,0.0,0.043089002303142415,0.043089002303142415,0.005969706542060256,0.03429937344905811,0.02488638710529282,0.011939413084120512,0.043089002303142415,progress=1.4283;speed=0.0000;settled=False
3983.936986,control_sample,settle,6,1790843653.536,odom,base_footprint,1.6807910203933716,0.30345091223716736,-0.05723884345859949,0.0026914034989569168,0.0023996772618605595,-0.015267761424183846,1.716996192932129,0.32681429386138916,-0.05126913691653923,-0.0,0.0,0.043089002303142415,0.043089002303142415,0.005969706542060256,0.03429937344905811,0.02488638710529282,0.011939413084120512,0.043089002303142415,progress=1.4283;speed=0.0000;settled=False
3983.956412,control_sample,settle,6,1790843653.536,odom,base_footprint,1.6807910203933716,0.30345091223716736,-0.05723884345859949,0.0026914034989569168,0.0023996772618605595,-0.015267761424183846,1.716996192932129,0.32681429386138916,-0.05126913691653923,-0.0,0.0,0.043089002303142415,0.043089002303142415,0.005969706542060256,0.03429937344905811,0.02488638710529282,0.011939413084120512,0.043089002303142415,progress=1.4283;speed=0.0000;settled=False
3983.977258,control_sample,settle,6,1790843653.606,odom,base_footprint,1.6811473369598389,0.3034304976463318,-0.059376329908890545,0.005090445570229839,-0.0003026076785272767,-0.03053552284836769,1.716996192932129,0.32681429386138916,-0.05126913691653923,-0.0,0.0,0.042801196244372966,0.042801196244372966,0.008107192992351311,0.033378166374859936,0.025469910957525085,0.016214385984702623,0.042801196244372966,progress=1.4283;speed=0.0000;settled=False
3983.997304,control_sample,settle,6,1790843653.606,odom,base_footprint,1.6811473369598389,0.3034304976463318,-0.059376329908890545,0.005090445570229839,-0.0003026076785272767,-0.03053552284836769,1.716996192932129,0.32681429386138916,-0.05126913691653923,-0.0,0.0,0.042801196244372966,0.042801196244372966,0.008107192992351311,0.033378166374859936,0.025469910957525085,0.016214385984702623,0.042801196244372966,progress=1.4283;speed=0.0000;settled=False
3984.017604,control_sample,settle,6,1790843653.606,odom,base_footprint,1.6811473369598389,0.3034304976463318,-0.059376329908890545,0.005090445570229839,-0.0003026076785272767,-0.03053552284836769,1.716996192932129,0.32681429386138916,-0.05126913691653923,-0.0,0.0,0.042801196244372966,0.042801196244372966,0.008107192992351311,0.033378166374859936,0.025469910957525085,0.016214385984702623,0.042801196244372966,progress=1.4283;speed=0.0000;settled=False
3984.037302,control_sample,settle,6,1790843653.606,odom,base_footprint,1.6811473369598389,0.3034304976463318,-0.059376329908890545,0.005090445570229839,-0.0003026076785272767,-0.03053552284836769,1.716996192932129,0.32681429386138916,-0.05126913691653923,-0.0,0.0,0.042801196244372966,0.042801196244372966,0.008107192992351311,0.033378166374859936,0.025469910957525085,0.016214385984702623,0.042801196244372966,progress=1.4283;speed=0.0000;settled=False
3984.056468,control_sample,settle,6,1790843653.697,odom,base_footprint,1.6823599338531494,0.3040633797645569,-0.06359022989539975,0.013208896603314736,0.006823548690926651,-0.04580328240990639,1.716996192932129,0.32681429386138916,-0.05126913691653923,-0.0,0.0,0.04144001128411563,0.04144001128411563,0.01232109297886052,0.030570775945198022,0.023376144463611585,0.02464218595772104,0.04144001128411563,progress=1.4283;speed=0.0000;settled=False
3984.077132,control_sample,settle,6,1790843653.697,odom,base_footprint,1.6823599338531494,0.3040633797645569,-0.06359022989539975,0.013208896603314736,0.006823548690926651,-0.04580328240990639,1.716996192932129,0.32681429386138916,-0.05126913691653923,-0.0,0.0,0.04144001128411563,0.04144001128411563,0.01232109297886052,0.030570775945198022,0.023376144463611585,0.02464218595772104,0.04144001128411563,progress=1.4283;speed=0.0000;settled=False
3984.097187,control_sample,settle,6,1790843653.697,odom,base_footprint,1.6823599338531494,0.3040633797645569,-0.06359022989539975,0.013208896603314736,0.006823548690926651,-0.04580328240990639,1.716996192932129,0.32681429386138916,-0.05126913691653923,-0.0,0.0,0.04144001128411563,0.04144001128411563,0.01232109297886052,0.030570775945198022,0.023376144463611585,0.02464218595772104,0.04144001128411563,progress=1.4283;speed=0.0000;settled=False
3984.116943,control_sample,settle,6,1790843653.697,odom,base_footprint,1.6823599338531494,0.3040633797645569,-0.06359022989539975,0.013208896603314736,0.006823548690926651,-0.04580328240990639,1.716996192932129,0.32681429386138916,-0.05126913691653923,-0.0,0.0,0.04144001128411563,0.04144001128411563,0.01232109297886052,0.030570775945198022,0.023376144463611585,0.02464218595772104,0.04144001128411563,progress=1.4283;speed=0.0000;settled=False
3984.137332,control_sample,settle,6,1790843653.697,odom,base_footprint,1.6823599338531494,0.3040633797645569,-0.06359022989539975,0.013208896603314736,0.006823548690926651,-0.04580328240990639,1.716996192932129,0.32681429386138916,-0.05126913691653923,-0.0,0.0,0.04144001128411563,0.04144001128411563,0.01232109297886052,0.030570775945198022,0.023376144463611585,0.02464218595772104,0.04144001128411563,progress=1.4283;speed=0.0000;settled=False
3984.156871,control_sample,settle,6,1790843653.697,odom,base_footprint,1.6823599338531494,0.3040633797645569,-0.06359022989539975,0.013208896603314736,0.006823548690926651,-0.04580328240990639,1.716996192932129,0.32681429386138916,-0.05126913691653923,-0.0,0.0,0.04144001128411563,0.04144001128411563,0.01232109297886052,0.030570775945198022,0.023376144463611585,0.02464218595772104,0.04144001128411563,progress=1.4283;speed=0.0000;settled=False
3984.177038,control_sample,settle,6,1790843653.816,odom,base_footprint,1.683326244354248,0.3049139380455017,-0.06540708816000125,0.00813274369360468,0.007132840015583013,-0.015267761424183846,1.716996192932129,0.32681429386138916,-0.05126913691653923,-0.0,0.0,0.04016579417986923,0.04016579417986923,0.014137951243462015,0.03063670581351692,0.022524380514248484,0.02827590248692403,0.04016579417986923,progress=1.4283;speed=0.0000;settled=False
3984.197188,control_sample,settle,6,1790843653.816,odom,base_footprint,1.683326244354248,0.3049139380455017,-0.06540708816000125,0.00813274369360468,0.007132840015583013,-0.015267761424183846,1.716996192932129,0.32681429386138916,-0.05126913691653923,-0.0,0.0,0.04016579417986923,0.04016579417986923,0.014137951243462015,0.03063670581351692,0.022524380514248484,0.02827590248692403,0.04016579417986923,progress=1.4283;speed=0.0000;settled=False
3984.216990,control_sample,settle,6,1790843653.816,odom,base_footprint,1.683326244354248,0.3049139380455017,-0.06540708816000125,0.00813274369360468,0.007132840015583013,-0.015267761424183846,1.716996192932129,0.32681429386138916,-0.05126913691653923,-0.0,0.0,0.04016579417986923,0.04016579417986923,0.014137951243462015,0.03063670581351692,0.022524380514248484,0.02827590248692403,0.04016579417986923,progress=1.4283;speed=0.0000;settled=False
3984.236949,control_sample,settle,6,1790843653.876,odom,base_footprint,1.6841063499450684,0.3053151071071625,-0.06450629383545618,0.013215141867064215,0.006811445635683582,0.015267759561538696,1.716996192932129,0.32681429386138916,-0.05126913691653923,-0.0,0.0,0.03929321573511911,0.03929321573511911,0.01323715691891695,0.028885851014279262,0.02204477379101757,0.0264743138378339,0.03929321573511911,progress=1.4283;speed=0.0000;settled=False
3984.256494,control_sample,settle,6,1790843653.876,odom,base_footprint,1.6841063499450684,0.3053151071071625,-0.06450629383545618,0.013215141867064215,0.006811445635683582,0.015267759561538696,1.716996192932129,0.32681429386138916,-0.05126913691653923,-0.0,0.0,0.03929321573511911,0.03929321573511911,0.01323715691891695,0.028885851014279262,0.02204477379101757,0.0264743138378339,0.03929321573511911,progress=1.4283;speed=0.0000;settled=False
3984.276606,control_sample,settle,6,1790843653.876,odom,base_footprint,1.6841063499450684,0.3053151071071625,-0.06450629383545618,0.013215141867064215,0.006811445635683582,0.015267759561538696,1.716996192932129,0.32681429386138916,-0.05126913691653923,-0.0,0.0,0.03929321573511911,0.03929321573511911,0.01323715691891695,0.028885851014279262,0.02204477379101757,0.0264743138378339,0.03929321573511911,progress=1.4283;speed=0.0000;settled=False
3984.297231,control_sample,settle,6,1790843653.876,odom,base_footprint,1.6841063499450684,0.3053151071071625,-0.06450629383545618,0.013215141867064215,0.006811445635683582,0.015267759561538696,1.716996192932129,0.32681429386138916,-0.05126913691653923,-0.0,0.0,0.03929321573511911,0.03929321573511911,0.01323715691891695,0.028885851014279262,0.02204477379101757,0.0264743138378339,0.03929321573511911,progress=1.4283;speed=0.0000;settled=False
3984.316798,control_sample,settle,6,1790843653.876,odom,base_footprint,1.6841063499450684,0.3053151071071625,-0.06450629383545618,0.013215141867064215,0.006811445635683582,0.015267759561538696,1.716996192932129,0.32681429386138916,-0.05126913691653923,-0.0,0.0,0.03929321573511911,0.03929321573511911,0.01323715691891695,0.028885851014279262,0.02204477379101757,0.0264743138378339,0.03929321573511911,progress=1.4283;speed=0.0000;settled=False
3984.336994,control_sample,settle,6,1790843653.966,odom,base_footprint,1.685325264930725,0.30638614296913147,-0.0658803867488858,0.013560198569873318,0.01188165057981632,-0.015267759561538696,1.716996192932129,0.32681429386138916,-0.05126913691653923,-0.0,0.0,0.03768762435265657,0.03768762435265657,0.014611249832346568,0.027707666119084325,0.01991910345413675,0.029222499664693136,0.03768762435265657,progress=1.4283;speed=0.0000;settled=False
3984.356414,control_sample,settle,6,1790843653.966,odom,base_footprint,1.685325264930725,0.30638614296913147,-0.0658803867488858,0.013560198569873318,0.01188165057981632,-0.015267759561538696,1.716996192932129,0.32681429386138916,-0.05126913691653923,-0.0,0.0,0.03768762435265657,0.03768762435265657,0.014611249832346568,0.027707666119084325,0.01991910345413675,0.029222499664693136,0.03768762435265657,progress=1.4283;speed=0.0000;settled=False
3984.377086,control_sample,settle,6,1790843653.966,odom,base_footprint,1.685325264930725,0.30638614296913147,-0.0658803867488858,0.013560198569873318,0.01188165057981632,-0.015267759561538696,1.716996192932129,0.32681429386138916,-0.05126913691653923,-0.0,0.0,0.03768762435265657,0.03768762435265657,0.014611249832346568,0.027707666119084325,0.01991910345413675,0.029222499664693136,0.03768762435265657,progress=1.4283;speed=0.0000;settled=False
3984.396643,control_sample,settle,6,1790843653.966,odom,base_footprint,1.685325264930725,0.30638614296913147,-0.0658803867488858,0.013560198569873318,0.01188165057981632,-0.015267759561538696,1.716996192932129,0.32681429386138916,-0.05126913691653923,-0.0,0.0,0.03768762435265657,0.03768762435265657,0.014611249832346568,0.027707666119084325,0.01991910345413675,0.029222499664693136,0.03768762435265657,progress=1.4283;speed=0.0000;settled=False
3984.416996,control_sample,settle,6,1790843654.059,odom,base_footprint,1.6870907545089722,0.30793312191963196,-0.06446048385521899,0.018960638179366756,0.016661248474498454,0.01526776235550642,1.716996192932129,0.32681429386138916,-0.05126913691653923,-0.0,0.0,0.03536713023663948,0.03536713023663948,0.013191346938679759,0.02505748007328924,0.017198740526235753,0.026382693877359517,0.03536713023663948,progress=1.4283;speed=0.0000;settled=False
3984.437288,control_sample,settle,6,1790843654.059,odom,base_footprint,1.6870907545089722,0.30793312191963196,-0.06446048385521899,0.018960638179366756,0.016661248474498454,0.01526776235550642,1.716996192932129,0.32681429386138916,-0.05126913691653923,-0.0,0.0,0.03536713023663948,0.03536713023663948,0.013191346938679759,0.02505748007328924,0.017198740526235753,0.026382693877359517,0.03536713023663948,progress=1.4283;speed=0.0000;settled=False
3984.456365,control_sample,settle,6,1790843654.059,odom,base_footprint,1.6870907545089722,0.30793312191963196,-0.06446048385521899,0.018960638179366756,0.016661248474498454,0.01526776235550642,1.716996192932129,0.32681429386138916,-0.05126913691653923,-0.0,0.0,0.03536713023663948,0.03536713023663948,0.013191346938679759,0.02505748007328924,0.017198740526235753,0.026382693877359517,0.03536713023663948,progress=1.4283;speed=0.0000;settled=False
3984.477082,control_sample,settle,6,1790843654.059,odom,base_footprint,1.6870907545089722,0.30793312191963196,-0.06446048385521899,0.018960638179366756,0.016661248474498454,0.01526776235550642,1.716996192932129,0.32681429386138916,-0.05126913691653923,-0.0,0.0,0.03536713023663948,0.03536713023663948,0.013191346938679759,0.02505748007328924,0.017198740526235753,0.026382693877359517,0.03536713023663948,progress=1.4283;speed=0.0000;settled=False
3984.497163,control_sample,settle,6,1790843654.059,odom,base_footprint,1.6870907545089722,0.30793312191963196,-0.06446048385521899,0.018960638179366756,0.016661248474498454,0.01526776235550642,1.716996192932129,0.32681429386138916,-0.05126913691653923,-0.0,0.0,0.03536713023663948,0.03536713023663948,0.013191346938679759,0.02505748007328924,0.017198740526235753,0.026382693877359517,0.03536713023663948,progress=1.4283;speed=0.0000;settled=False
3984.516920,control_sample,settle,6,1790843654.146,odom,base_footprint,1.6893901824951172,0.3091184198856354,-0.06180389751762992,0.02639337281832068,0.013694266542285376,0.03053552284836769,1.716996192932129,0.32681429386138916,-0.05126913691653923,-0.0,0.0,0.032790787852904055,0.032790787852904055,0.010534760601090688,0.02136089354813086,0.016307501993519307,0.021069521202181377,0.032790787852904055,progress=1.4283;speed=0.0000;settled=False
3984.536762,control_sample,settle,6,1790843654.146,odom,base_footprint,1.6893901824951172,0.3091184198856354,-0.06180389751762992,0.02639337281832068,0.013694266542285376,0.03053552284836769,1.716996192932129,0.32681429386138916,-0.05126913691653923,-0.0,0.0,0.032790787852904055,0.032790787852904055,0.010534760601090688,0.02136089354813086,0.016307501993519307,0.021069521202181377,0.032790787852904055,progress=1.4283;speed=0.0000;settled=False
3984.556881,control_sample,settle,6,1790843654.146,odom,base_footprint,1.6893901824951172,0.3091184198856354,-0.06180389751762992,0.02639337281832068,0.013694266542285376,0.03053552284836769,1.716996192932129,0.32681429386138916,-0.05126913691653923,-0.0,0.0,0.032790787852904055,0.032790787852904055,0.010534760601090688,0.02136089354813086,0.016307501993519307,0.021069521202181377,0.032790787852904055,progress=1.4283;speed=0.0000;settled=False
3984.576930,control_sample,settle,6,1790843654.146,odom,base_footprint,1.6893901824951172,0.3091184198856354,-0.06180389751762992,0.02639337281832068,0.013694266542285376,0.03053552284836769,1.716996192932129,0.32681429386138916,-0.05126913691653923,-0.0,0.0,0.032790787852904055,0.032790787852904055,0.010534760601090688,0.02136089354813086,0.016307501993519307,0.021069521202181377,0.032790787852904055,progress=1.4283;speed=0.0000;settled=False
3984.596771,control_sample,settle,6,1790843654.236,odom,base_footprint,1.6918206214904785,0.31082776188850403,-0.05902516497193608,0.026656036508907077,0.018858105799130477,0.030535519123077393,1.716996192932129,0.32681429386138916,-0.05126913691653923,-0.0,0.0,0.029822451306586475,0.029822451306586475,0.007756028055396845,0.019089237040189798,0.01336427564479834,0.01551205611079369,0.029822451306586475,progress=1.4283;speed=0.0000;settled=False
3984.617110,control_sample,settle,6,1790843654.236,odom,base_footprint,1.6918206214904785,0.31082776188850403,-0.05902516497193608,0.026656036508907077,0.018858105799130477,0.030535519123077393,1.716996192932129,0.32681429386138916,-0.05126913691653923,-0.0,0.0,0.029822451306586475,0.029822451306586475,0.007756028055396845,0.019089237040189798,0.01336427564479834,0.01551205611079369,0.029822451306586475,progress=1.4283;speed=0.0000;settled=False
3984.637335,control_sample,settle,6,1790843654.236,odom,base_footprint,1.6918206214904785,0.31082776188850403,-0.05902516497193608,0.026656036508907077,0.018858105799130477,0.030535519123077393,1.716996192932129,0.32681429386138916,-0.05126913691653923,-0.0,0.0,0.029822451306586475,0.029822451306586475,0.007756028055396845,0.019089237040189798,0.01336427564479834,0.01551205611079369,0.029822451306586475,progress=1.4283;speed=0.0000;settled=False
3984.657081,control_sample,settle,6,1790843654.236,odom,base_footprint,1.6918206214904785,0.31082776188850403,-0.05902516497193608,0.026656036508907077,0.018858105799130477,0.030535519123077393,1.716996192932129,0.32681429386138916,-0.05126913691653923,-0.0,0.0,0.029822451306586475,0.029822451306586475,0.007756028055396845,0.019089237040189798,0.01336427564479834,0.01551205611079369,0.029822451306586475,progress=1.4283;speed=0.0000;settled=False
3984.676815,control_sample,settle,6,1790843654.236,odom,base_footprint,1.6918206214904785,0.31082776188850403,-0.05902516497193608,0.026656036508907077,0.018858105799130477,0.030535519123077393,1.716996192932129,0.32681429386138916,-0.05126913691653923,-0.0,0.0,0.029822451306586475,0.029822451306586475,0.007756028055396845,0.019089237040189798,0.01336427564479834,0.01551205611079369,0.029822451306586475,progress=1.4283;speed=0.0000;settled=False
3984.696890,control_sample,settle,6,1790843654.34,odom,base_footprint,1.6946241855621338,0.3133184313774109,-0.05584947175115495,0.026880665357996224,0.02403414369108579,0.03053552471101284,1.716996192932129,0.32681429386138916,-0.05126913691653923,-0.0,0.0,0.026127476302727135,0.026127476302727135,0.004580334834615715,0.016484349024977203,0.009624203230635868,0.00916066966923143,0.026127476302727135,progress=1.4283;speed=0.0000;settled=False
3984.716899,control_sample,settle,6,1790843654.34,odom,base_footprint,1.6946241855621338,0.3133184313774109,-0.05584947175115495,0.026880665357996224,0.02403414369108579,0.03053552471101284,1.716996192932129,0.32681429386138916,-0.05126913691653923,-0.0,0.0,0.026127476302727135,0.026127476302727135,0.004580334834615715,0.016484349024977203,0.009624203230635868,0.00916066966923143,0.026127476302727135,progress=1.4283;speed=0.0000;settled=False
3984.737129,control_sample,settle,6,1790843654.34,odom,base_footprint,1.6946241855621338,0.3133184313774109,-0.05584947175115495,0.026880665357996224,0.02403414369108579,0.03053552471101284,1.716996192932129,0.32681429386138916,-0.05126913691653923,-0.0,0.0,0.026127476302727135,0.026127476302727135,0.004580334834615715,0.016484349024977203,0.009624203230635868,0.00916066966923143,0.026127476302727135,progress=1.4283;speed=0.0000;settled=False
3984.757158,control_sample,settle,6,1790843654.34,odom,base_footprint,1.6946241855621338,0.3133184313774109,-0.05584947175115495,0.026880665357996224,0.02403414369108579,0.03053552471101284,1.716996192932129,0.32681429386138916,-0.05126913691653923,-0.0,0.0,0.026127476302727135,0.026127476302727135,0.004580334834615715,0.016484349024977203,0.009624203230635868,0.00916066966923143,0.026127476302727135,progress=1.4283;speed=0.0000;settled=False
3984.777137,control_sample,settle,6,1790843654.416,odom,base_footprint,1.696618914604187,0.3147391378879547,-0.053559309907168354,0.026552563167880804,0.019003521408178143,0.030535519123077393,1.716996192932129,0.32681429386138916,-0.05126913691653923,-0.0,0.0,0.023686343403682638,0.023686343403682638,0.00229017299062912,0.014602198528763622,0.009069166302114108,0.00458034598125824,0.023686343403682638,progress=1.4283;speed=0.0000;settled=False
3984.797449,control_sample,settle,6,1790843654.416,odom,base_footprint,1.696618914604187,0.3147391378879547,-0.053559309907168354,0.026552563167880804,0.019003521408178143,0.030535519123077393,1.716996192932129,0.32681429386138916,-0.05126913691653923,-0.0,0.0,0.023686343403682638,0.023686343403682638,0.00229017299062912,0.014602198528763622,0.009069166302114108,0.00458034598125824,0.023686343403682638,progress=1.4283;speed=0.0000;settled=False
3984.817088,control_sample,settle,6,1790843654.416,odom,base_footprint,1.696618914604187,0.3147391378879547,-0.053559309907168354,0.026552563167880804,0.019003521408178143,0.030535519123077393,1.716996192932129,0.32681429386138916,-0.05126913691653923,-0.0,0.0,0.023686343403682638,0.023686343403682638,0.00229017299062912,0.014602198528763622,0.009069166302114108,0.00458034598125824,0.023686343403682638,progress=1.4283;speed=0.0000;settled=False
3984.837049,control_sample,settle,6,1790843654.416,odom,base_footprint,1.696618914604187,0.3147391378879547,-0.053559309907168354,0.026552563167880804,0.019003521408178143,0.030535519123077393,1.716996192932129,0.32681429386138916,-0.05126913691653923,-0.0,0.0,0.023686343403682638,0.023686343403682638,0.00229017299062912,0.014602198528763622,0.009069166302114108,0.00458034598125824,0.023686343403682638,progress=1.4283;speed=0.0000;settled=False
3984.857274,control_sample,settle,6,1790843654.416,odom,base_footprint,1.696618914604187,0.3147391378879547,-0.053559309907168354,0.026552563167880804,0.019003521408178143,0.030535519123077393,1.716996192932129,0.32681429386138916,-0.05126913691653923,-0.0,0.0,0.023686343403682638,0.023686343403682638,0.00229017299062912,0.014602198528763622,0.009069166302114108,0.00458034598125824,0.023686343403682638,progress=1.4283;speed=0.0000;settled=False
3984.877193,control_sample,settle,6,1790843654.515,odom,base_footprint,1.6990059614181519,0.3163985311985016,-0.05203252724495291,0.023844645117529532,0.01663038292370263,0.015267761424183846,1.716996192932129,0.32681429386138916,-0.05126913691653923,-0.0,0.0,0.02078789411595354,0.02078789411595354,0.0007633903284136739,0.012834681107235383,0.0077677183977526935,0.0015267806568273479,0.02078789411595354,progress=1.4283;speed=0.0000;settled=False
3984.897363,control_sample,settle,6,1790843654.515,odom,base_footprint,1.6990059614181519,0.3163985311985016,-0.05203252724495291,0.023844645117529532,0.01663038292370263,0.015267761424183846,1.716996192932129,0.32681429386138916,-0.05126913691653923,-0.0,0.0,0.02078789411595354,0.02078789411595354,0.0007633903284136739,0.012834681107235383,0.0077677183977526935,0.0015267806568273479,0.02078789411595354,progress=1.4283;speed=0.0000;settled=False
3984.917281,control_sample,settle,6,1790843654.515,odom,base_footprint,1.6990059614181519,0.3163985311985016,-0.05203252724495291,0.023844645117529532,0.01663038292370263,0.015267761424183846,1.716996192932129,0.32681429386138916,-0.05126913691653923,-0.0,0.0,0.02078789411595354,0.02078789411595354,0.0007633903284136739,0.012834681107235383,0.0077677183977526935,0.0015267806568273479,0.02078789411595354,progress=1.4283;speed=0.0000;settled=False
3984.937271,control_sample,settle,6,1790843654.515,odom,base_footprint,1.6990059614181519,0.3163985311985016,-0.05203252724495291,0.023844645117529532,0.01663038292370263,0.015267761424183846,1.716996192932129,0.32681429386138916,-0.05126913691653923,-0.0,0.0,0.02078789411595354,0.02078789411595354,0.0007633903284136739,0.012834681107235383,0.0077677183977526935,0.0015267806568273479,0.02078789411595354,progress=1.4283;speed=0.0000;settled=False
3984.956948,control_sample,settle,6,1790843654.515,odom,base_footprint,1.6990059614181519,0.3163985311985016,-0.05203252724495291,0.023844645117529532,0.01663038292370263,0.015267761424183846,1.716996192932129,0.32681429386138916,-0.05126913691653923,-0.0,0.0,0.02078789411595354,0.02078789411595354,0.0007633903284136739,0.012834681107235383,0.0077677183977526935,0.0015267806568273479,0.02078789411595354,progress=1.4283;speed=0.0000;settled=False
3984.976929,control_sample,settle,6,1790843654.62,odom,base_footprint,1.701481819152832,0.3176099956035614,-0.050429416285251605,0.023560901671524713,0.011575636552183459,0.015267761424183846,1.716996192932129,0.32681429386138916,-0.05126913691653923,-0.0,0.0,0.01803925996771446,0.01803925996771446,-0.0008397206312876285,0.010441191051915922,0.007424930234203865,-0.001679441262575257,0.01803925996771446,progress=1.4283;speed=0.0000;settled=False
3984.997226,control_sample,settle,6,1790843654.62,odom,base_footprint,1.701481819152832,0.3176099956035614,-0.050429416285251605,0.023560901671524713,0.011575636552183459,0.015267761424183846,1.716996192932129,0.32681429386138916,-0.05126913691653923,-0.0,0.0,0.01803925996771446,0.01803925996771446,-0.0008397206312876285,0.010441191051915922,0.007424930234203865,-0.001679441262575257,0.01803925996771446,progress=1.4283;speed=0.0000;settled=False
3985.017459,control_sample,settle,6,1790843654.62,odom,base_footprint,1.701481819152832,0.3176099956035614,-0.050429416285251605,0.023560901671524713,0.011575636552183459,0.015267761424183846,1.716996192932129,0.32681429386138916,-0.05126913691653923,-0.0,0.0,0.01803925996771446,0.01803925996771446,-0.0008397206312876285,0.010441191051915922,0.007424930234203865,-0.001679441262575257,0.01803925996771446,progress=1.4283;speed=0.0000;settled=False
3985.037225,control_sample,settle,6,1790843654.62,odom,base_footprint,1.701481819152832,0.3176099956035614,-0.050429416285251605,0.023560901671524713,0.011575636552183459,0.015267761424183846,1.716996192932129,0.32681429386138916,-0.05126913691653923,-0.0,0.0,0.01803925996771446,0.01803925996771446,-0.0008397206312876285,0.010441191051915922,0.007424930234203865,-0.001679441262575257,0.01803925996771446,progress=1.4283;speed=0.0000;settled=False
3985.057151,control_sample,settle,6,1790843654.686,odom,base_footprint,1.7025083303451538,0.31822195649147034,-0.050429416285251605,0.015792951937134148,0.009414741233895584,0.0,1.716996192932129,0.32681429386138916,-0.05126913691653923,-0.0,0.0,0.016844180710784848,0.016844180710784848,-0.0008397206312876285,0.010976662184804194,0.007271945974624143,-0.001679441262575257,0.016844180710784848,progress=1.4283;speed=0.0000;settled=False
3985.077060,control_sample,settle,6,1790843654.686,odom,base_footprint,1.7025083303451538,0.31822195649147034,-0.050429416285251605,0.015792951937134148,0.009414741233895584,0.0,1.716996192932129,0.32681429386138916,-0.05126913691653923,-0.0,0.0,0.016844180710784848,0.016844180710784848,-0.0008397206312876285,0.010976662184804194,0.007271945974624143,-0.001679441262575257,0.016844180710784848,progress=1.4283;speed=0.0000;settled=False
3985.097374,control_sample,settle,6,1790843654.686,odom,base_footprint,1.7025083303451538,0.31822195649147034,-0.050429416285251605,0.015792951937134148,0.009414741233895584,0.0,1.716996192932129,0.32681429386138916,-0.05126913691653923,-0.0,0.0,0.016844180710784848,0.016844180710784848,-0.0008397206312876285,0.010976662184804194,0.007271945974624143,-0.001679441262575257,0.016844180710784848,progress=1.4283;speed=0.0000;settled=False
3985.117374,control_sample,settle,6,1790843654.686,odom,base_footprint,1.7025083303451538,0.31822195649147034,-0.050429416285251605,0.015792951937134148,0.009414741233895584,0.0,1.716996192932129,0.32681429386138916,-0.05126913691653923,-0.0,0.0,0.016844180710784848,0.016844180710784848,-0.0008397206312876285,0.010976662184804194,0.007271945974624143,-0.001679441262575257,0.016844180710784848,progress=1.4283;speed=0.0000;settled=False
3985.158597,control_sample,settle,6,1790843654.794,odom,base_footprint,1.7034027576446533,0.319555401802063,-0.04878049804136526,0.008261684472307284,0.012360434292311217,0.015267761424183846,1.716996192932129,0.32681429386138916,-0.05126913691653923,-0.0,0.0,0.01541015888444162,0.01541015888444162,-0.0024886388751739763,0.011693483919326595,0.00536337288384025,-0.004977277750347953,0.01541015888444162,progress=1.4283;speed=0.0000;settled=False
3985.178572,control_sample,settle,6,1790843654.794,odom,base_footprint,1.7034027576446533,0.319555401802063,-0.04878049804136526,0.008261684472307284,0.012360434292311217,0.015267761424183846,1.716996192932129,0.32681429386138916,-0.05126913691653923,-0.0,0.0,0.01541015888444162,0.01541015888444162,-0.0024886388751739763,0.011693483919326595,0.00536337288384025,-0.004977277750347953,0.01541015888444162,progress=1.4283;speed=0.0000;settled=False
3985.198678,control_sample,settle,6,1790843654.794,odom,base_footprint,1.7034027576446533,0.319555401802063,-0.04878049804136526,0.008261684472307284,0.012360434292311217,0.015267761424183846,1.716996192932129,0.32681429386138916,-0.05126913691653923,-0.0,0.0,0.01541015888444162,0.01541015888444162,-0.0024886388751739763,0.011693483919326595,0.00536337288384025,-0.004977277750347953,0.01541015888444162,progress=1.4283;speed=0.0000;settled=False
3985.218460,control_sample,settle,6,1790843654.866,odom,base_footprint,1.703979730606079,0.32007864117622375,-0.04768122249917546,0.00800503690450405,0.007275871826200429,0.015267761424183846,1.716996192932129,0.32681429386138916,-0.05126913691653923,-0.0,0.0,0.014655964948806674,0.014655964948806674,-0.0035879144173637727,0.011150796621837093,0.005818573501327829,-0.007175828834727545,0.014655964948806674,progress=1.4283;speed=0.0000;settled=False
3985.237976,control_sample,settle,6,1790843654.866,odom,base_footprint,1.703979730606079,0.32007864117622375,-0.04768122249917546,0.00800503690450405,0.007275871826200429,0.015267761424183846,1.716996192932129,0.32681429386138916,-0.05126913691653923,-0.0,0.0,0.014655964948806674,0.014655964948806674,-0.0035879144173637727,0.011150796621837093,0.005818573501327829,-0.007175828834727545,0.014655964948806674,progress=1.4283;speed=0.0000;settled=False
3985.258686,control_sample,settle,6,1790843654.866,odom,base_footprint,1.703979730606079,0.32007864117622375,-0.04768122249917546,0.00800503690450405,0.007275871826200429,0.015267761424183846,1.716996192932129,0.32681429386138916,-0.05126913691653923,-0.0,0.0,0.014655964948806674,0.014655964948806674,-0.0035879144173637727,0.011150796621837093,0.005818573501327829,-0.007175828834727545,0.014655964948806674,progress=1.4283;speed=0.0000;settled=False
3985.278627,control_sample,settle,6,1790843654.866,odom,base_footprint,1.703979730606079,0.32007864117622375,-0.04768122249917546,0.00800503690450405,0.007275871826200429,0.015267761424183846,1.716996192932129,0.32681429386138916,-0.05126913691653923,-0.0,0.0,0.014655964948806674,0.014655964948806674,-0.0035879144173637727,0.011150796621837093,0.005818573501327829,-0.007175828834727545,0.014655964948806674,progress=1.4283;speed=0.0000;settled=False
3985.298660,control_sample,settle,6,1790843654.866,odom,base_footprint,1.703979730606079,0.32007864117622375,-0.04768122249917546,0.00800503690450405,0.007275871826200429,0.015267761424183846,1.716996192932129,0.32681429386138916,-0.05126913691653923,-0.0,0.0,0.014655964948806674,0.014655964948806674,-0.0035879144173637727,0.011150796621837093,0.005818573501327829,-0.007175828834727545,0.014655964948806674,progress=1.4283;speed=0.0000;settled=False
3985.318697,control_sample,settle,6,1790843654.957,odom,base_footprint,1.7051717042922974,0.3207186162471771,-0.04907058518089024,0.013108432255902303,0.007014611180024628,-0.015267759561538696,1.716996192932129,0.32681429386138916,-0.05126913691653923,-0.0,0.0,0.013303225818195787,0.013303225818195787,-0.002198551735648993,0.008961540746216445,0.005138512296086806,-0.004397103471297986,0.013303225818195787,progress=1.4283;speed=0.0000;settled=False
3985.338699,control_sample,settle,6,1790843654.957,odom,base_footprint,1.7051717042922974,0.3207186162471771,-0.04907058518089024,0.013108432255902303,0.007014611180024628,-0.015267759561538696,1.716996192932129,0.32681429386138916,-0.05126913691653923,-0.0,0.0,0.013303225818195787,0.013303225818195787,-0.002198551735648993,0.008961540746216445,0.005138512296086806,-0.004397103471297986,0.013303225818195787,progress=1.4283;speed=0.0000;settled=False
3985.358520,control_sample,settle,6,1790843654.957,odom,base_footprint,1.7051717042922974,0.3207186162471771,-0.04907058518089024,0.013108432255902303,0.007014611180024628,-0.015267759561538696,1.716996192932129,0.32681429386138916,-0.05126913691653923,-0.0,0.0,0.013303225818195787,0.013303225818195787,-0.002198551735648993,0.0,0.0,0.0,0.013303225818195787,progress=1.4283;speed=0.0000;settled=True
3985.359189,emergency_zero,,,,,,,,,,,,,,,,,,,,0.0,0.0,0.0,,
3985.379694,emergency_zero,,,,,,,,,,,,,,,,,,,,0.0,0.0,0.0,,
3985.400466,emergency_zero,,,,,,,,,,,,,,,,,,,,0.0,0.0,0.0,,
3985.421148,emergency_zero,,,,,,,,,,,,,,,,,,,,0.0,0.0,0.0,,
3985.441883,emergency_zero,,,,,,,,,,,,,,,,,,,,0.0,0.0,0.0,,
3985.462484,emergency_zero,,,,,,,,,,,,,,,,,,,,0.0,0.0,0.0,,
3985.483048,emergency_zero,,,,,,,,,,,,,,,,,,,,0.0,0.0,0.0,,
3985.503686,emergency_zero,,,,,,,,,,,,,,,,,,,,0.0,0.0,0.0,,
3985.524575,emergency_zero,,,,,,,,,,,,,,,,,,,,0.0,0.0,0.0,,
3985.545360,emergency_zero,,,,,,,,,,,,,,,,,,,,0.0,0.0,0.0,,
3985.566127,emergency_zero,,,,,,,,,,,,,,,,,,,,0.0,0.0,0.0,,
3985.586863,emergency_zero,,,,,,,,,,,,,,,,,,,,0.0,0.0,0.0,,
3985.607552,emergency_zero,,,,,,,,,,,,,,,,,,,,0.0,0.0,0.0,,
3985.628363,emergency_zero,,,,,,,,,,,,,,,,,,,,0.0,0.0,0.0,,
3985.648987,emergency_zero,,,,,,,,,,,,,,,,,,,,0.0,0.0,0.0,,
3985.670333,emergency_zero,,,,,,,,,,,,,,,,,,,,0.0,0.0,0.0,,
3985.691213,emergency_zero,,,,,,,,,,,,,,,,,,,,0.0,0.0,0.0,,
3985.711870,emergency_zero,,,,,,,,,,,,,,,,,,,,0.0,0.0,0.0,,
3985.732532,emergency_zero,,,,,,,,,,,,,,,,,,,,0.0,0.0,0.0,,
3985.753143,emergency_zero,,,,,,,,,,,,,,,,,,,,0.0,0.0,0.0,,
3985.773724,emergency_zero,,,,,,,,,,,,,,,,,,,,0.0,0.0,0.0,,
3985.794237,emergency_zero,,,,,,,,,,,,,,,,,,,,0.0,0.0,0.0,,
3985.814870,emergency_zero,,,,,,,,,,,,,,,,,,,,0.0,0.0,0.0,,
3985.835592,emergency_zero,,,,,,,,,,,,,,,,,,,,0.0,0.0,0.0,,
3985.856313,emergency_zero,,,,,,,,,,,,,,,,,,,,0.0,0.0,0.0,,
3985.859151,trial_stop,,,1790843654.957,,,1.7051717042922974,0.3207186162471771,-0.04907058518089024,,,,,,,,,,,,,,,,settled
