received_monotonic_s,record_type,source_stamp_s,frame_id,child_frame_id,reason,pose_x_m,pose_y_m,pose_yaw_rad,world_vx_mps,world_vy_mps,odom_wz_radps,imu_frame_id,imu_wz_radps,imu_ax_mps2,imu_ay_mps2,cmd_vx_mps,cmd_vy_mps,cmd_wz_radps,command_integral_m,odom_forward_path_m,odom_displacement_m,odom_lateral_path_m,warning,ros_now_s,odom_stamp_age_s,imu_stamp_age_s,ref_x_m,ref_y_m,ref_yaw_rad,pos_err_m,yaw_err_rad,settled
1401.066334,odom_raw,1790841070.696,odom,base_footprint,,0.06304778903722763,0.0012706058332696557,0.009725563163475528,0.0,0.0,0.0,,,,,,,,,,,,,,,,,,,,,
1401.073133,imu_data_raw,1790841070.672,,,,,,,,,,imu_frame,-0.0005992112564854324,0.06524199992418289,0.02214636653661728,,,,,,,,,,,,,,,,,
1401.074591,odom_raw,1790841070.801,odom,base_footprint,,0.06304778903722763,0.0012706058332696557,0.009725563163475528,0.0,0.0,0.0,,,,,,,,,,,,,,,,,,,,,
1401.075754,imu_data_raw,1790841070.707,,,,,,,,,,imu_frame,-0.0016644757706671953,-0.05446808785200119,0.07481880486011505,,,,,,,,,,,,,,,,,
1401.077091,imu_data_raw,1790841070.738,,,,,,,,,,imu_frame,-0.0027297402266412973,0.01735796220600605,-0.0017956512747332454,,,,,,,,,,,,,,,,,
1401.080699,imu_data_raw,1790841070.809,,,,,,,,,,imu_frame,0.0068576401099562645,0.06524199992418289,-0.10235211998224258,,,,,,,,,,,,,,,,,
1401.089609,imu_data_raw,1790841070.818,,,,,,,,,,imu_frame,0.0036618465092033148,0.07003039866685867,0.041299980133771896,,,,,,,,,,,,,,,,,
1401.129720,imu_data_raw,1790841070.858,,,,,,,,,,imu_frame,-0.0016644757706671953,0.03651157766580582,0.01735796220600605,,,,,,,,,,,,,,,,,
1401.149919,odom_raw,1790841070.876,odom,base_footprint,,0.06304778903722763,0.0012706058332696557,0.009725563163475528,0.0,0.0,0.0,,,,,,,,,,,,,,,,,,,,,
1401.187242,imu_data_raw,1790841070.916,,,,,,,,,,imu_frame,0.0025965820532292128,-0.09277531504631042,0.10354922711849213,,,,,,,,,,,,,,,,,
1401.218093,imu_data_raw,1790841070.947,,,,,,,,,,imu_frame,0.0057923756539821625,-0.04489128291606903,0.046088382601737976,,,,,,,,,,,,,,,,,
1401.240068,odom_raw,1790841070.966,odom,base_footprint,,0.06304778903722763,0.0012706058332696557,0.009725563163475528,0.0,0.0,0.0,,,,,,,,,,,,,,,,,,,,,
1401.249357,imu_data_raw,1790841070.978,,,,,,,,,,imu_frame,0.0036618465092033148,-0.05446808785200119,-0.020949264988303185,,,,,,,,,,,,,,,,,
1401.289599,imu_data_raw,1790841071.018,,,,,,,,,,imu_frame,0.0036618465092033148,-0.0975637212395668,0.01735796220600605,,,,,,,,,,,,,,,,,
1401.331697,odom_raw,1790841071.057,odom,base_footprint,,0.06304778903722763,0.0012706058332696557,0.009725563163475528,0.0,0.0,0.0,,,,,,,,,,,,,,,,,,,,,
1401.365260,imu_data_raw,1790841071.094,,,,,,,,,,imu_frame,-0.004860268905758858,0.11312603205442429,-0.13587094843387604,,,,,,,,,,,,,,,,,
1401.371832,imu_data_raw,1790841071.101,,,,,,,,,,imu_frame,0.0047271111980080605,-0.07841010391712189,0.02214636653661728,,,,,,,,,,,,,,,,,
1401.409789,imu_data_raw,1790841071.138,,,,,,,,,,imu_frame,0.0025965820532292128,0.07003039866685867,0.060453593730926514,,,,,,,,,,,,,,,,,
1401.419783,odom_raw,1790841071.146,odom,base_footprint,,0.06304778903722763,0.0012706058332696557,0.009725563163475528,0.0,0.0,0.0,,,,,,,,,,,,,,,,,,,,,
1401.467400,imu_data_raw,1790841071.196,,,,,,,,,,imu_frame,-0.009121326729655266,0.0077811554074287415,0.046088382601737976,,,,,,,,,,,,,,,,,
1401.498281,imu_data_raw,1790841071.227,,,,,,,,,,imu_frame,-0.009121326729655266,-0.04967968538403511,0.11312603205442429,,,,,,,,,,,,,,,,,
1401.509837,odom_raw,1790841071.236,odom,base_footprint,,0.06304778903722763,0.0012706058332696557,0.009725563163475528,0.0,0.0,0.0,,,,,,,,,,,,,,,,,,,,,
1401.529500,imu_data_raw,1790841071.258,,,,,,,,,,imu_frame,0.0068576401099562645,0.002992752008140087,0.050876785069704056,,,,,,,,,,,,,,,,,
1401.569570,imu_data_raw,1790841071.298,,,,,,,,,,imu_frame,-0.0016644757706671953,-0.030526071786880493,-0.025737667456269264,,,,,,,,,,,,,,,,,
1401.610443,odom_raw,1790841071.336,odom,base_footprint,,0.06304778903722763,0.0012706058332696557,0.009725563163475528,0.0,0.0,0.0,,,,,,,,,,,,,,,,,,,,,
1401.642078,imu_data_raw,1790841071.37,,,,,,,,,,imu_frame,-0.005992112681269646,0.03651157766580582,-0.04489128291606903,,,,,,,,,,,,,,,,,
1401.649284,imu_data_raw,1790841071.378,,,,,,,,,,imu_frame,-0.005992112681269646,0.03651157766580582,-0.04489128291606903,,,,,,,,,,,,,,,,,
1401.690430,odom_raw,1790841071.416,odom,base_footprint,,0.06304778903722763,0.0012706058332696557,0.009725563163475528,0.0,0.0,0.0,,,,,,,,,,,,,,,,,,,,,
1401.696895,imu_data_raw,1790841071.426,,,,,,,,,,imu_frame,0.0014647386269643903,-0.020949264988303185,-0.05446808785200119,,,,,,,,,,,,,,,,,
1401.747255,imu_data_raw,1790841071.476,,,,,,,,,,imu_frame,0.008921589702367783,-0.025737667456269264,-0.030526071786880493,,,,,,,,,,,,,,,,,
1401.780512,odom_raw,1790841071.506,odom,base_footprint,,0.06304778903722763,0.0012706058332696557,0.009725563163475528,0.0,0.0,0.0,,,,,,,,,,,,,,,,,,,,,
1401.785056,imu_data_raw,1790841071.514,,,,,,,,,,imu_frame,0.0035952674224972725,0.02214636653661728,0.09876082092523575,,,,,,,,,,,,,,,,,
1401.809797,imu_data_raw,1790841071.538,,,,,,,,,,imu_frame,0.0057257963344454765,0.012569558806717396,0.10833762586116791,,,,,,,,,,,,,,,,,
1401.849799,imu_data_raw,1790841071.578,,,,,,,,,,imu_frame,-0.004926848225295544,0.03172317147254944,0.11791443079710007,,,,,,,,,,,,,,,,,
1401.890751,odom_raw,1790841071.616,odom,base_footprint,,0.06304778903722763,0.0012706058332696557,0.009725563163475528,0.0,0.0,0.0,,,,,,,,,,,,,,,,,,,,,
1401.921577,imu_data_raw,1790841071.65,,,,,,,,,,imu_frame,0.0046605318784713745,-0.06404489278793335,-0.05446808785200119,,,,,,,,,,,,,,,,,
1401.929466,imu_data_raw,1790841071.658,,,,,,,,,,imu_frame,0.0046605318784713745,-0.06404489278793335,-0.05446808785200119,,,,,,,,,,,,,,,,,
1401.960146,odom_raw,1790841071.686,odom,base_footprint,,0.06304778903722763,0.0012706058332696557,0.009725563163475528,0.0,0.0,0.0,,,,,,,,,,,,,,,,,,,,,
1401.969714,imu_data_raw,1790841071.698,,,,,,,,,,imu_frame,-0.0006657902849838138,-0.020949264988303185,-0.09277531504631042,,,,,,,,,,,,,,,,,
1402.027995,imu_data_raw,1790841071.756,,,,,,,,,,imu_frame,-0.004926848225295544,0.046088382601737976,-0.10714052617549896,,,,,,,,,,,,,,,,,
1402.060716,odom_raw,1790841071.786,odom,base_footprint,,0.06304778903722763,0.0012706058332696557,0.009725563163475528,0.0,0.0,0.0,,,,,,,,,,,,,,,,,,,,,
1402.065667,imu_data_raw,1790841071.795,,,,,,,,,,imu_frame,0.0025300029665231705,0.03651157766580582,-0.09277531504631042,,,,,,,,,,,,,,,,,
1402.089894,imu_data_raw,1790841071.818,,,,,,,,,,imu_frame,-0.0006657902849838138,0.012569558806717396,-0.020949264988303185,,,,,,,,,,,,,,,,,
1402.091420,ground_trial_start,1790841071.786,odom,base_footprint,axis=x;distance=0.4000;speed=0.150;a_dec=0.200;kp_pos=1.000;kd_vel=0.000,0.06304778903722763,0.0012706058332696557,0.009725563163475528,,,,,,,,,,,,,,,,,,,0.4630288718705682,0.005160769771766769,0.009725563163475528,,,
1402.092350,ground_trial_sample,1790841071.786,odom,base_footprint,progress=0.0000;cross_track=0.0000;one_shot=true,0.06304778903722763,0.0012706058332696557,0.009725563163475528,0.0,0.0,0.0,,,,,,,,0.0,0.0,,0.0,imu_source_stamp_future,1790841071.6997285,-0.08627152442932129,-0.1182715892791748,0.06304778919152003,0.0012706058347702835,0.009725563163475528,0.4,0.0,False
1402.093038,cmd_vel_sent,,,,,,,,,,,,,,,7.856354299573882e-06,-3.1657856403629475e-20,0.0,,,,,,,,,,,,,,
1402.093689,cmd_vel_observed,,,,,,,,,,,,,,,7.856354299573882e-06,-3.1657856403629475e-20,0.0,,,,,,,,,,,,,,
1402.112846,ground_trial_sample,1790841071.786,odom,base_footprint,progress=0.0000;cross_track=0.0000;one_shot=true,0.06304778903722763,0.0012706058332696557,0.009725563163475528,0.0,0.0,0.0,,,,,,,,1.582155681667956e-07,0.0,,0.0,,1790841071.7202153,-0.06578469276428223,-0.09778475761413574,0.06308850159003643,0.0012710017982579473,0.009725563163475528,0.4,0.0,False
1402.113845,cmd_vel_sent,,,,,,,,,,,,,,,0.004076280278310537,2.710505431213761e-20,0.0,,,,,,,,,,,,,,
1402.132763,ground_trial_sample,1790841071.786,odom,base_footprint,progress=0.0000;cross_track=0.0000;one_shot=true,0.06304778903722763,0.0012706058332696557,0.009725563163475528,0.0,0.0,0.0,,,,,,,,8.175765479948897e-05,0.0,,0.0,,1790841071.740134,-0.04586601257324219,-0.0778660774230957,0.06320935277137345,0.0012721771811141358,0.009725563163475528,0.4,0.0,False
1402.133825,cmd_vel_sent,,,,,,,,,,,,,,,0.008200759775343833,0.0,0.0,,,,,,,,,,,,,,
1402.134946,cmd_vel_observed,,,,,,,,,,,,,,,0.004076280278310537,2.710505431213761e-20,0.0,,,,,,,,,,,,,,
1402.152648,ground_trial_sample,1790841071.786,odom,base_footprint,progress=0.0000;cross_track=0.0000;one_shot=true,0.06304778903722763,0.0012706058332696557,0.009725563163475528,0.0,0.0,0.0,,,,,,,,0.00024554149867056225,0.0,,0.0,,1790841071.7600296,-0.025970458984375,-0.057970523834228516,0.06340978750182194,0.0012741265832080793,0.009725563163475528,0.4,0.0,False
1402.153589,cmd_vel_sent,,,,,,,,,,,,,,,0.012395561785340202,-9.486769009248164e-20,0.0,,,,,,,,,,,,,,
1402.154451,imu_data_raw,1790841071.858,,,,,,,,,,imu_frame,0.0025300029665231705,0.02214636653661728,-0.04489128291606903,,,,,,,,,,,,,,,,,
1402.172740,ground_trial_sample,1790841071.786,odom,base_footprint,progress=0.0000;cross_track=0.0000;one_shot=true,0.06304778903722763,0.0012706058332696557,0.009725563163475528,0.0,0.0,0.0,,,,,,,,0.0004934570108486446,0.0,,0.0,,1790841071.7801461,-0.005853891372680664,-0.07785391807556152,0.0636904506834017,0.0012768562767728633,0.009725563163475528,0.4,0.0,False
1402.173762,cmd_vel_sent,,,,,,,,,,,,,,,0.016676307240967917,8.131516293641283e-20,0.0,,,,,,,,,,,,,,
1402.192487,ground_trial_sample,1790841071.786,odom,base_footprint,progress=0.0000;cross_track=0.0000;one_shot=true,0.06304778903722763,0.0012706058332696557,0.009725563163475528,0.0,0.0,0.0,,,,,,,,0.0008273081768939248,0.0,,0.0,,1790841071.7998953,0.013895273208618164,-0.058104753494262695,0.06405149640483279,0.0012803677604553182,0.009725563163475528,0.4,0.0,False
1402.193112,cmd_vel_sent,,,,,,,,,,,,,,,0.021041268038085335,1.0842021724855044e-19,0.0,,,,,,,,,,,,,,
1402.194305,cmd_vel_observed,,,,,,,,,,,,,,,0.008200759775343833,0.0,0.0,,,,,,,,,,,,,,
1402.213068,ground_trial_sample,1790841071.786,odom,base_footprint,progress=0.0000;cross_track=0.0000;one_shot=true,0.06304778903722763,0.0012706058332696557,0.009725563163475528,0.0,0.0,0.0,,,,,,,,0.0012483671378160394,0.0,,0.0,,1790841071.8204403,0.03444027900695801,-0.03755974769592285,0.06449249268864565,0.0012846568328988138,0.009725563163475528,0.4,0.0,False
1402.214052,cmd_vel_sent,,,,,,,,,,,,,,,0.025484505578910258,1.0842021724855044e-19,0.0,,,,,,,,,,,,,,
1402.215251,odom_raw,1790841071.866,odom,base_footprint,,0.06304778903722763,0.0012706058332696557,0.009725563163475528,0.0,0.0,0.0,,,,,,,,,,,,,,,,,,,,,
1402.232723,ground_trial_sample,1790841071.866,odom,base_footprint,progress=0.0000;cross_track=0.0000;one_shot=true,0.06304778903722763,0.0012706058332696557,0.009725563163475528,0.0,0.0,0.0,,,,,,,,0.001757868613079286,0.0,,0.0,,1790841071.8400996,-0.02590036392211914,-0.017900466918945312,0.06501305519592798,0.001289719756073126,0.009725563163475528,0.4,0.0,False
1402.233650,cmd_vel_sent,,,,,,,,,,,,,,,0.03000361230623961,1.0842021724855044e-19,0.0,,,,,,,,,,,,,,
1402.234494,imu_data_raw,1790841071.91,,,,,,,,,,imu_frame,0.058989018201828,-0.09277531504631042,0.13706804811954498,,,,,,,,,,,,,,,,,
1402.252682,ground_trial_sample,1790841071.866,odom,base_footprint,progress=0.0000;cross_track=0.0000;one_shot=true,0.06304778903722763,0.0012706058332696557,0.009725563163475528,0.0,0.0,0.0,,,,,,,,0.0023580002063555033,0.0,,0.0,,1790841071.8600655,-0.005934476852416992,-0.04993462562561035,0.06561385521706112,0.0012955630588611087,0.009725563163475528,0.4,0.0,False
1402.253587,cmd_vel_sent,,,,,,,,,,,,,,,0.03460483634234377,1.0842021724855044e-19,0.0,,,,,,,,,,,,,,
1402.272692,ground_trial_sample,1790841071.866,odom,base_footprint,progress=0.0000;cross_track=0.0000;one_shot=true,0.06304778903722763,0.0012706058332696557,0.009725563163475528,0.0,0.0,0.0,,,,,,,,0.003050532054407382,0.0,,0.0,,1790841071.8800702,0.014070272445678711,-0.02992987632751465,0.06629504914166341,0.00130218826228783,0.009725563163475528,0.4,0.0,False
1402.273668,cmd_vel_sent,,,,,,,,,,,,,,,0.039288577284075796,1.0842021724855044e-19,0.0,,,,,,,,,,,,,,
1402.274910,cmd_vel_observed,,,,,,,,,,,,,,,0.012395561785340202,-9.486769009248164e-20,0.0,,,,,,,,,,,,,,
1402.292730,ground_trial_sample,1790841071.866,odom,base_footprint,progress=0.0000;cross_track=0.0000;one_shot=true,0.06304778903722763,0.0012706058332696557,0.009725563163475528,0.0,0.0,0.0,,,,,,,,0.003835948667082619,0.0,,0.0,,1790841071.9001377,0.034137725830078125,-0.009862422943115234,0.06705547472550857,0.0013095840625172565,0.009725563163475528,0.4,0.0,False
1402.293334,cmd_vel_sent,,,,,,,,,,,,,,,0.04404723203237018,5.421010862427522e-20,0.0,,,,,,,,,,,,,,
1402.294064,odom_raw,1790841071.956,odom,base_footprint,,0.06258886307477951,0.0012661423534154892,0.009725563163475528,-0.00509919091024264,-4.959406693441928e-05,0.0,,,,,,,,,,,,,,,,,,,,,
1402.312707,ground_trial_sample,1790841071.956,odom,base_footprint,progress=-0.0005;cross_track=0.0000;one_shot=true,0.06258886307477951,0.0012661423534154892,0.009725563163475528,-0.00509919091024264,-4.959406693441928e-05,0.0,,,,,,,,0.004715058432189587,-0.0004589476676717524,,2.5689296409346196e-11,,1790841071.920084,-0.03591609001159668,0.010083913803100586,0.06789438781103381,0.0013177432219698133,0.009725563163475528,0.40045894766767176,0.0,False
1402.313700,cmd_vel_sent,,,,,,,,,,,,,,,0.04933680106210992,2.568929633904246e-11,0.0,,,,,,,,,,,,,,
1402.314547,imu_data_raw,1790841071.944,,,,,,,,,,imu_frame,0.13462279736995697,-0.09277531504631042,-0.27473464608192444,,,,,,,,,,,,,,,,,
1402.332444,ground_trial_sample,1790841071.956,odom,base_footprint,progress=-0.0005;cross_track=0.0000;one_shot=true,0.06258886307477951,0.0012661423534154892,0.009725563163475528,-0.00509919091024264,-4.959406693441928e-05,0.0,,,,,,,,0.005702212681490411,-0.0004589476676717524,,2.5689296409346196e-11,,1790841071.9398549,-0.01614522933959961,-0.004145145416259766,0.06881537192713318,0.0013267005935809883,0.009725563163475528,0.40045894766767176,0.0,False
1402.333737,cmd_vel_sent,,,,,,,,,,,,,,,0.05425952413627819,2.5689296284832353e-11,0.0,,,,,,,,,,,,,,
1402.352736,ground_trial_sample,1790841071.956,odom,base_footprint,progress=-0.0005;cross_track=0.0000;one_shot=true,0.06258886307477951,0.0012661423534154892,0.009725563163475528,-0.00509919091024264,-4.959406693441928e-05,0.0,,,,,,,,0.0067898259604890175,-0.0004589476676717524,,2.5689296409346196e-11,,1790841071.9601092,0.00410914421081543,0.016109228134155273,0.06981830247380934,0.001336454965507429,0.009725563163475528,0.40045894766767176,0.0,False
1402.353702,cmd_vel_sent,,,,,,,,,,,,,,,0.0592714325167132,2.5689296501672787e-11,0.0,,,,,,,,,,,,,,
1402.354864,cmd_vel_observed,,,,,,,,,,,,,,,0.016676307240967917,8.131516293641283e-20,0.0,,,,,,,,,,,,,,
1402.372709,ground_trial_sample,1790841071.956,odom,base_footprint,progress=-0.0005;cross_track=0.0000;one_shot=true,0.06258886307477951,0.0012661423534154892,0.009725563163475528,-0.00509919091024264,-4.959406693441928e-05,0.0,,,,,,,,0.007973770335605496,-0.0004589476676717524,,2.5689296409346196e-11,,1790841071.9800851,0.024085044860839844,0.03608512878417969,0.07089768111610706,0.0013469528616591828,0.009725563163475528,0.40045894766767176,0.0,False
1402.373643,cmd_vel_sent,,,,,,,,,,,,,,,0.0643458538083735,2.5689296176412135e-11,0.0,,,,,,,,,,,,,,
1402.374905,odom_raw,1790841072.074,odom,base_footprint,,0.06258886307477951,0.0012661423534154892,0.009725563163475528,0.0,0.0,0.0,,,,,,,,,,,,,,,,,,,,,
1402.392780,ground_trial_sample,1790841072.074,odom,base_footprint,progress=-0.0005;cross_track=0.0000;one_shot=true,0.06258886307477951,0.0012661423534154892,0.009725563163475528,0.0,0.0,0.0,,,,,,,,0.00926098359575018,-0.0004589476676717524,,2.5689296409346196e-11,,1790841072.0001771,-0.0738227367401123,0.05617713928222656,0.07205863541539174,0.0013582441520305385,0.009725563163475528,0.40045894766767176,0.0,False
1402.393436,cmd_vel_sent,,,,,,,,,,,,,,,0.06950778361520753,2.5689296501672787e-11,0.0,,,,,,,,,,,,,,
1402.394012,imu_data_raw,1790841071.978,,,,,,,,,,imu_frame,0.0451405830681324,0.11791443079710007,0.041299980133771896,,,,,,,,,,,,,,,,,
1402.412630,ground_trial_sample,1790841072.074,odom,base_footprint,progress=-0.0005;cross_track=0.0000;one_shot=true,0.06258886307477951,0.0012661423534154892,0.009725563163475528,0.0,0.0,0.0,,,,,,,,0.010647773075592247,-0.0004589476676717524,,2.5689296409346196e-11,,1790841072.0200095,-0.05399036407470703,0.042009592056274414,0.07329622711067317,0.0013702808077380119,0.009725563163475528,0.40045894766767176,0.0,False
1402.413629,cmd_vel_sent,,,,,,,,,,,,,,,0.07473574804255101,2.5689296284832353e-11,0.0,,,,,,,,,,,,,,
1402.432660,ground_trial_sample,1790841072.074,odom,base_footprint,progress=-0.0005;cross_track=0.0000;one_shot=true,0.06258886307477951,0.0012661423534154892,0.009725563163475528,0.0,0.0,0.0,,,,,,,,0.012146003979706617,-0.0004589476676717524,,2.5689296409346196e-11,,1790841072.0400374,-0.03396248817443848,0.06203746795654297,0.0746199226511111,0.0013831548982337033,0.009725563163475528,0.40045894766767176,0.0,False
1402.433629,cmd_vel_sent,,,,,,,,,,,,,,,0.08006891518736368,2.5689296284832353e-11,0.0,,,,,,,,,,,,,,
1402.434771,cmd_vel_observed,,,,,,,,,,,,,,,0.03460483634234377,1.0842021724855044e-19,0.0,,,,,,,,,,,,,,
1402.452385,ground_trial_sample,1790841072.074,odom,base_footprint,progress=-0.0005;cross_track=0.0000;one_shot=true,0.06258886307477951,0.0012661423534154892,0.009725563163475528,0.0,0.0,0.0,,,,,,,,0.013745171500639166,-0.0004589476676717524,,2.5689296409346196e-11,,1790841072.0597968,-0.014203071594238281,0.08179688453674316,0.07601861328654115,0.001396758381259751,0.009725563163475528,0.40045894766767176,0.0,False
1402.453042,cmd_vel_sent,,,,,,,,,,,,,,,0.08546214977408813,2.5689296284832353e-11,0.0,,,,,,,,,,,,,,
1402.453829,odom_raw,1790841072.136,odom,base_footprint,,0.06322116404771805,0.001272291992790997,0.009725563163475528,0.01019838182048528,9.918813386883855e-05,0.0,,,,,,,,,,,,,,,,,,,,,
1402.472638,ground_trial_sample,1790841072.136,odom,base_footprint,progress=0.0002;cross_track=0.0000;one_shot=true,0.06322116404771805,0.001272291992790997,0.009725563163475528,0.01019838182048528,9.918813386883855e-05,0.0,,,,,,,,0.015454913936926329,0.0001733832096729086,,6.325617632718696e-11,,1790841072.0800164,-0.055983543395996094,0.10201644897460938,0.07749962286301397,0.0014111624875893598,0.009725563163475528,0.3998266167903271,0.0,False
1402.473258,cmd_vel_sent,,,,,,,,,,,,,,,0.09031206731779631,6.32561763386219e-11,0.0,,,,,,,,,,,,,,
1402.473782,imu_data_raw,1790841072.038,,,,,,,,,,imu_frame,-0.1956091821193695,-0.12629413604736328,-0.011372458189725876,,,,,,,,,,,,,,,,,
1402.492802,ground_trial_sample,1790841072.136,odom,base_footprint,progress=0.0002;cross_track=0.0000;one_shot=true,0.06322116404771805,0.001272291992790997,0.009725563163475528,0.01019838182048528,9.918813386883855e-05,0.0,,,,,,,,0.017263258741655088,0.0001733832096729086,,6.325617632718696e-11,,1790841072.1001928,-0.035807132720947266,0.062192678451538086,0.07906207173206047,0.0014263586618760394,0.009725563163475528,0.3998266167903271,0.0,False
1402.493422,cmd_vel_sent,,,,,,,,,,,,,,,0.09587924828313035,6.325617623020169e-11,0.0,,,,,,,,,,,,,,
1402.512663,ground_trial_sample,1790841072.136,odom,base_footprint,progress=0.0002;cross_track=0.0000;one_shot=true,0.06322116404771805,0.001272291992790997,0.009725563163475528,0.01019838182048528,9.918813386883855e-05,0.0,,,,,,,,0.0191804677647697,0.0001733832096729086,,6.325617632718696e-11,,1790841072.1200361,-0.01596379280090332,0.08203601837158203,0.08070241646983277,0.0014423124412407606,0.009725563163475528,0.3998266167903271,0.0,False
1402.513631,cmd_vel_sent,,,,,,,,,,,,,,,0.10151888640122633,6.32561763386219e-11,0.0,,,,,,,,,,,,,,
1402.514810,cmd_vel_observed,,,,,,,,,,,,,,,0.05425952413627819,2.5689296284832353e-11,0.0,,,,,,,,,,,,,,
1402.532698,ground_trial_sample,1790841072.136,odom,base_footprint,progress=0.0002;cross_track=0.0000;one_shot=true,0.06322116404771805,0.001272291992790997,0.009725563163475528,0.01019838182048528,9.918813386883855e-05,0.0,,,,,,,,0.02121033048748053,0.0001733832096729086,,6.325617632718696e-11,,1790841072.1400774,0.004077434539794922,0.10207724571228027,0.0824226246481708,0.0014590429620310818,0.009725563163475528,0.3998266167903271,0.0,False
1402.533717,cmd_vel_sent,,,,,,,,,,,,,,,0.10723816133706812,6.32561763386219e-11,0.0,,,,,,,,,,,,,,
1402.534897,odom_raw,1790841072.226,odom,base_footprint,,0.06505241245031357,0.0017490729223936796,0.009725563163475528,0.020347169583093634,0.005297566246701787,0.0,,,,,,,,,,,,,,,,,,,,,
1402.552643,ground_trial_sample,1790841072.226,odom,base_footprint,progress=0.0020;cross_track=0.0005;one_shot=true,0.06505241245031357,0.0017490729223936796,0.009725563163475528,0.020347169583093634,0.005297566246701787,0.0,,,,,,,,0.02335605328130755,0.0020091818971376203,,0.00045894867674022406,,1790841072.1600287,-0.06597137451171875,0.12202858924865723,0.08422407884441213,0.001476563671014192,0.009725563163475528,0.3979910827243163,0.0,False
1402.553578,cmd_vel_sent,,,,,,,,,,,,,,,0.11120569164593085,-0.000458948676740224,0.0,,,,,,,,,,,,,,
1402.554393,imu_data_raw,1790841072.085,,,,,,,,,,imu_frame,0.19640813767910004,-0.04010287672281265,-0.09277531504631042,,,,,,,,,,,,,,,,,
1402.572618,ground_trial_sample,1790841072.226,odom,base_footprint,progress=0.0020;cross_track=0.0005;one_shot=true,0.06505241245031357,0.0017490729223936796,0.009725563163475528,0.020347169583093634,0.005297566246701787,0.0,,,,,,,,0.025578746151518388,0.0020091818971376203,,0.00045894867674022406,,1790841072.180004,-0.04599618911743164,0.09500384330749512,0.0861034981231432,0.001494842658239401,0.009725563163475528,0.3979910827243163,0.0,False
1402.573576,cmd_vel_sent,,,,,,,,,,,,,,,0.1170826102120916,-0.0004589486767402241,0.0,,,,,,,,,,,,,,
1402.592843,ground_trial_sample,1790841072.226,odom,base_footprint,progress=0.0020;cross_track=0.0005;one_shot=true,0.06505241245031357,0.0017490729223936796,0.009725563163475528,0.020347169583093634,0.005297566246701787,0.0,,,,,,,,0.027924590138836743,0.0020091818971376203,,0.00045894867674022406,,1790841072.2002363,-0.025763750076293945,0.11523628234863281,0.0880676712537658,0.0015139459503940873,0.009725563163475528,0.3979910827243163,0.0,False
1402.593485,cmd_vel_sent,,,,,,,,,,,,,,,0.12305400583857876,-0.0004589486767402241,0.0,,,,,,,,,,,,,,
1402.594231,cmd_vel_observed,,,,,,,,,,,,,,,0.07473574804255101,2.5689296284832353e-11,0.0,,,,,,,,,,,,,,
1402.612286,ground_trial_sample,1790841072.226,odom,base_footprint,progress=0.0020;cross_track=0.0005;one_shot=true,0.06505241245031357,0.0017490729223936796,0.009725563163475528,0.020347169583093634,0.005297566246701787,0.0,,,,,,,,0.030378015517377406,0.0020091818971376203,,0.00045894867674022406,,1790841072.2197127,-0.006287336349487305,0.13471269607543945,0.09010193136969502,0.0015337308994433107,0.009725563163475528,0.3979910827243163,0.0,False
1402.612866,cmd_vel_sent,,,,,,,,,,,,,,,0.12907589316513646,-0.000458948676740224,0.0,,,,,,,,,,,,,,
1402.614062,odom_raw,1790841072.318,odom,base_footprint,,0.06926997750997543,0.0022592623718082905,0.009725563163475528,0.045843122741917784,0.005545536102148378,0.0,,,,,,,,,,,,,,,,,,,,,
1402.632728,ground_trial_sample,1790841072.318,odom,base_footprint,progress=0.0062;cross_track=0.0009;one_shot=true,0.06926997750997543,0.0022592623718082905,0.009725563163475528,0.045843122741917784,0.005545536102148378,0.0,,,,,,,,0.03296288245986525,0.0062315092973414445,,0.0009280964490493237,,1790841072.2401078,-0.07789230346679688,0.15510773658752441,0.09222521340505836,0.0015543816640912749,0.009725563163475528,0.39376958444408633,0.0,False
1402.633676,cmd_vel_sent,,,,,,,,,,,,,,,0.13098211222124564,-0.0009280964490493238,0.0,,,,,,,,,,,,,,
1402.634521,imu_data_raw,1790841072.098,,,,,,,,,,imu_frame,-0.05179848521947861,0.012569558806717396,0.002992752008140087,,,,,,,,,,,,,,,,,
1402.652625,ground_trial_sample,1790841072.318,odom,base_footprint,progress=0.0062;cross_track=0.0009;one_shot=true,0.06926997750997543,0.0022592623718082905,0.009725563163475528,0.045843122741917784,0.005545536102148378,0.0,,,,,,,,0.03558309161548711,0.0062315092973414445,,0.0009280964490493237,,1790841072.2600133,-0.05798673629760742,0.16201329231262207,0.0944262342981112,0.0015757885067483825,0.009725563163475528,0.39376958444408633,0.0,False
1402.653614,cmd_vel_sent,,,,,,,,,,,,,,,0.13718400241191778,-0.0009280964490493238,0.0,,,,,,,,,,,,,,
1402.672615,ground_trial_sample,1790841072.318,odom,base_footprint,progress=0.0062;cross_track=0.0009;one_shot=true,0.06926997750997543,0.0022592623718082905,0.009725563163475528,0.045843122741917784,0.005545536102148378,0.0,,,,,,,,0.03832560264852872,0.0062315092973414445,,0.0009280964490493237,,1790841072.2799993,-0.03800082206726074,0.18199920654296875,0.09670579625843437,0.0015979592296005778,0.009725563163475528,0.39376958444408633,0.0,False
1402.673582,cmd_vel_sent,,,,,,,,,,,,,,,0.1434618763844527,-0.0009280964490493237,0.0,,,,,,,,,,,,,,
1402.674772,cmd_vel_observed,,,,,,,,,,,,,,,0.09587924828313035,6.325617623020169e-11,0.0,,,,,,,,,,,,,,
1402.692794,ground_trial_sample,1790841072.318,odom,base_footprint,progress=0.0062;cross_track=0.0009;one_shot=true,0.06926997750997543,0.0022592623718082905,0.009725563163475528,0.045843122741917784,0.005545536102148378,0.0,,,,,,,,0.041198163612457914,0.0062315092973414445,,0.0009280964490493237,,1790841072.3001754,-0.017824649810791016,0.20217537879943848,0.0990690906783736,0.0016209443234539533,0.009725563163475528,0.39376958444408633,0.0,False
1402.693379,cmd_vel_sent,,,,,,,,,,,,,,,0.14982983197680635,-0.0009280964490493237,0.0,,,,,,,,,,,,,,
1402.693913,imu_data_raw,1790841072.146,,,,,,,,,,imu_frame,0.07603324949741364,-0.06404489278793335,-0.25079262256622314,,,,,,,,,,,,,,,,,
1402.712252,ground_trial_sample,1790841072.318,odom,base_footprint,progress=0.0062;cross_track=0.0009;one_shot=true,0.06926997750997543,0.0022592623718082905,0.009725563163475528,0.045843122741917784,0.005545536102148378,0.0,,,,,,,,0.04418199400900714,0.0062315092973414445,,0.0009280964490493237,,1790841072.319641,0.0016410350799560547,0.17364120483398438,0.1014991271328679,0.001644578541646332,0.009725563163475528,0.39376958444408633,0.0,False
1402.713180,cmd_vel_sent,,,,,,,,,,,,,,,0.1562428659602323,-0.0009280964490493234,0.0,,,,,,,,,,,,,,
1402.732544,ground_trial_sample,1790841072.318,odom,base_footprint,progress=0.0062;cross_track=0.0009;one_shot=true,0.06926997750997543,0.0022592623718082905,0.009725563163475528,0.045843122741917784,0.005545536102148378,0.0,,,,,,,,0.04731764334414931,0.0062315092973414445,,0.0009280964490493237,,1790841072.3399453,0.02194523811340332,0.19394540786743164,0.10402822972488233,0.0016691762641949095,0.009725563163475528,0.39376958444408633,0.0,False
1402.733266,cmd_vel_sent,,,,,,,,,,,,,,,0.16278583176653125,-0.0009280964490493235,0.0,,,,,,,,,,,,,,
1402.734082,cmd_vel_observed,,,,,,,,,,,,,,,0.11120569164593085,-0.000458948676740224,0.0,,,,,,,,,,,,,,
1402.752753,ground_trial_sample,1790841072.318,odom,base_footprint,progress=0.0062;cross_track=0.0009;one_shot=true,0.06926997750997543,0.0022592623718082905,0.009725563163475528,0.045843122741917784,0.005545536102148378,0.0,,,,,,,,0.05057606829858383,0.0062315092973414445,,0.0009280964490493237,,1790841072.3601618,0.04216170310974121,0.21416187286376953,0.10663095965328945,0.0016944900766317726,0.009725563163475528,0.39376958444408633,0.0,False
1402.753319,cmd_vel_sent,,,,,,,,,,,,,,,0.16939194719146,-0.0009280964490493233,0.0,,,,,,,,,,,,,,
1402.754024,odom_raw,1790841072.406,odom,base_footprint,,0.07554781436920166,0.0027690911665558815,0.009725564094787073,0.07133907401014558,0.005793508334115209,1.1153564294374974e-08,,,,,,,,,,,,,,,,,,,,,
1402.772371,ground_trial_sample,1790841072.406,odom,base_footprint,progress=0.0125;cross_track=0.0014;one_shot=true,0.07554781436920166,0.0027690911665558815,0.009725564094787073,0.07133907401014558,0.005793508334115209,1.1153564294374974e-08,,,,,,,,0.05395533303309811,0.012514007553332691,,0.0013768465961023952,,1790841072.3797872,-0.026212692260742188,0.23378729820251465,0.10930467129266344,0.001720494247948461,0.009725563163475528,0.38748843860033805,9.313115452436183e-10,False
1402.772915,cmd_vel_sent,,,,,,,,,,,,,,,0.1697731036271683,-0.0013768467542140462,-1.8626230904872365e-09,,,,,,,,,,,,,,
1402.773858,imu_data_raw,1790841072.184,,,,,,,,,,imu_frame,0.11544803529977798,-0.15502455830574036,-0.06883329898118973,,,,,,,,,,,,,,,,,
1402.792762,ground_trial_sample,1790841072.406,odom,base_footprint,progress=0.0125;cross_track=0.0014;one_shot=true,0.07554781436920166,0.0027690911665558815,0.009725564094787073,0.07133907401014558,0.005793508334115209,1.1153564294374974e-08,,,,,,,,0.057358122189424654,0.012514007553332691,,0.0013768465961023952,,1790841072.4001334,-0.005866527557373047,0.21613335609436035,0.11207105251258673,0.0017473997115410112,0.009725563163475528,0.38748843860033805,9.313115452436183e-10,False
1402.793389,cmd_vel_sent,,,,,,,,,,,,,,,0.1765481154835268,-0.001376846760523693,-1.8626230904872365e-09,,,,,,,,,,,,,,
1402.812582,ground_trial_sample,1790841072.406,odom,base_footprint,progress=0.0125;cross_track=0.0014;one_shot=true,0.07554781436920166,0.0027690911665558815,0.009725564094787073,0.07133907401014558,0.005793508334115209,1.1153564294374974e-08,,,,,,,,0.060880535809433284,0.012514007553332691,,0.0013768465961023952,,1790841072.4199636,0.013963699340820312,0.2359635829925537,0.11490458773692236,0.0017749583062377625,0.009725563163475528,0.38748843860033805,9.313115452436183e-10,False
1402.813530,cmd_vel_sent,,,,,,,,,,,,,,,0.18337197912031206,-0.001376846766878836,-1.8626230904872365e-09,,,,,,,,,,,,,,
1402.814697,cmd_vel_observed,,,,,,,,,,,,,,,0.13098211222124564,-0.0009280964490493238,0.0,,,,,,,,,,,,,,
1402.832680,ground_trial_sample,1790841072.406,odom,base_footprint,progress=0.0125;cross_track=0.0014;one_shot=true,0.07554781436920166,0.0027690911665558815,0.009725564094787073,0.07133907401014558,0.005793508334115209,1.1153564294374974e-08,,,,,,,,0.06455613049463844,0.012514007553332691,,0.0013768465961023952,,1790841072.4400606,0.03406071662902832,0.2560606002807617,0.11783148376763847,0.0018034249159828198,0.009725563163475528,0.38748843860033805,9.313115452436183e-10,False
1402.833643,cmd_vel_sent,,,,,,,,,,,,,,,0.19030779517905722,-0.0013768467733382417,-1.8626230904872365e-09,,,,,,,,,,,,,,
1402.834817,odom_raw,1790841072.496,odom,base_footprint,,0.08380850404500961,0.002849433571100235,0.009725564094787073,0.09178543358970055,0.0008926932631278997,0.0,,,,,,,,,,,,,,,,,,,,,
1402.852625,ground_trial_sample,1790841072.496,odom,base_footprint,progress=0.0208;cross_track=0.0014;one_shot=true,0.08380850404500961,0.002849433571100235,0.009725564094787073,0.09178543358970055,0.0008926932631278997,0.0,,,,,,,,0.06836042731049591,0.020775087919844573,,0.0013768466083102482,,1790841072.460012,-0.03598809242248535,0.27601194381713867,0.12082015063452434,0.0018324923008385804,0.009725563163475528,0.37922741152082406,9.313115452436183e-10,False
1402.853575,cmd_vel_sent,,,,,,,,,,,,,,,0.1870000060288724,-0.0013768467824655127,-1.8626230904872365e-09,,,,,,,,,,,,,,
1402.854374,imu_data_raw,1790841072.218,,,,,,,,,,imu_frame,0.13142700493335724,-0.3321954905986786,0.02214636653661728,,,,,,,,,,,,,,,,,
1402.872573,ground_trial_sample,1790841072.496,odom,base_footprint,progress=0.0208;cross_track=0.0014;one_shot=true,0.08380850404500961,0.002849433571100235,0.009725564094787073,0.09178543358970055,0.0008926932631278997,0.0,,,,,,,,0.07209801770023994,0.020775087919844573,,0.0013768466083102482,,1790841072.4799633,-0.0160367488861084,0.2619633674621582,0.12381799465101373,0.001861648941456621,0.009725563163475528,0.37922741152082406,9.313115452436183e-10,False
1402.873333,cmd_vel_sent,,,,,,,,,,,,,,,0.18999799182885435,-0.0013768467852575711,-1.8626230904872365e-09,,,,,,,,,,,,,,
1402.892377,ground_trial_sample,1790841072.496,odom,base_footprint,progress=0.0208;cross_track=0.0014;one_shot=true,0.08380850404500961,0.002849433571100235,0.009725564094787073,0.09178543358970055,0.0008926932631278997,0.0,,,,,,,,0.07589648679567954,0.020775087919844573,,0.0013768466083102482,,1790841072.4997916,0.0037915706634521484,0.28179168701171875,0.12681659718165617,0.0018908129592845636,0.009725563163475528,0.37922741152082406,9.313115452436183e-10,False
1402.892960,cmd_vel_sent,,,,,,,,,,,,,,,0.19299673617886337,-0.0013768467880503367,-1.8626230904872365e-09,,,,,,,,,,,,,,
1402.893803,cmd_vel_observed,,,,,,,,,,,,,,,0.1562428659602323,-0.0009280964490493234,0.0,,,,,,,,,,,,,,
1402.912688,ground_trial_sample,1790841072.496,odom,base_footprint,progress=0.0208;cross_track=0.0014;one_shot=true,0.08380850404500961,0.002849433571100235,0.009725564094787073,0.09178543358970055,0.0008926932631278997,0.0,,,,,,,,0.07976122492999485,0.020775087919844573,,0.0013768466083102482,,1790841072.5200686,0.024068593978881836,0.30206871032714844,0.12982011197996401,0.0019200247531882967,0.009725563163475528,0.37922741152082406,9.313115452436183e-10,False
1402.913621,cmd_vel_sent,,,,,,,,,,,,,,,0.19600039302886427,-0.0013768467908476772,-1.8626230904872365e-09,,,,,,,,,,,,,,
1402.914795,odom_raw,1790841072.598,odom,base_footprint,,0.09654885530471802,0.003233427880331874,0.011282875463392223,0.1248993616567471,0.003959161387992736,0.015267756767570972,,,,,,,,,,,,,,,,,,,,,
1402.932650,ground_trial_sample,1790841072.598,odom,base_footprint,progress=0.0335;cross_track=0.0016;one_shot=true,0.09654885530471802,0.003233427880331874,0.011282875463392223,0.1248993616567471,0.003959161387992736,0.015267756767570972,,,,,,,,0.08368222388078014,0.033518571153218685,,0.0016369176197452674,,1790841072.5400312,-0.057968854904174805,0.32203125953674316,0.13282065451883385,0.0019492076392836916,0.009725563163475528,0.3664850845380645,0.0015573122999166956,False
1402.933558,cmd_vel_sent,,,,,,,,,,,,,,,0.1862548191979244,-0.0019269767600312755,-0.003114624599833391,,,,,,,,,,,,,,
1402.934378,imu_data_raw,1790841072.326,,,,,,,,,,imu_frame,0.19534286856651306,-0.17896658182144165,-0.4710591733455658,,,,,,,,,,,,,,,,,
1402.952536,ground_trial_sample,1790841072.598,odom,base_footprint,progress=0.0335;cross_track=0.0016;one_shot=true,0.09654885530471802,0.003233427880331874,0.011282875463392223,0.1248993616567471,0.003959161387992736,0.015267756767570972,,,,,,,,0.08740548356243204,0.033518571153218685,,0.0016369176197452674,,1790841072.5599298,-0.0380702018737793,0.23392987251281738,0.13581887306763907,0.001978367922554276,0.009725563163475528,0.3664850845380645,0.0015573122999166956,False
1402.953424,cmd_vel_sent,,,,,,,,,,,,,,,0.18925317591209231,-0.0019316461415965491,-0.003114624599833391,,,,,,,,,,,,,,
1402.972445,ground_trial_sample,1790841072.598,odom,base_footprint,progress=0.0335;cross_track=0.0016;one_shot=true,0.09654885530471802,0.003233427880331874,0.011282875463392223,0.1248993616567471,0.003959161387992736,0.015267756767570972,,,,,,,,0.09118573065467499,0.033518571153218685,,0.0016369176197452674,,1790841072.5798404,-0.01815962791442871,0.25384044647216797,0.1388147578768075,0.00200750550817698,0.009725563163475528,0.3664850845380645,0.0015573122999166956,False
1402.973297,cmd_vel_sent,,,,,,,,,,,,,,,0.19224919877907892,-0.0019363118886299635,-0.003114624599833391,,,,,,,,,,,,,,
1402.974408,cmd_vel_observed,,,,,,,,,,,,,,,0.1765481154835268,-0.001376846760523693,-1.8626230904872365e-09,,,,,,,,,,,,,,
1402.992661,ground_trial_sample,1790841072.598,odom,base_footprint,progress=0.0335;cross_track=0.0016;one_shot=true,0.09654885530471802,0.003233427880331874,0.011282875463392223,0.1248993616567471,0.003959161387992736,0.015267756767570972,,,,,,,,0.0950353873593484,0.033518571153218685,,0.0016369176197452674,,1790841072.600039,0.0020389556884765625,0.27403903007507324,0.1418181093328287,0.0020367157134348985,0.009725563163475528,0.3664850845380645,0.0015573122999166956,False
1402.993331,cmd_vel_sent,,,,,,,,,,,,,,,0.195252688637,-0.0019409892641096037,-0.003114624599833391,,,,,,,,,,,,,,
1402.994015,odom_raw,1790841072.676,odom,base_footprint,,0.10768530517816544,0.003359084017574787,0.013664647485629594,0.1427707586008437,0.0019510297974214405,0.030535535886883736,,,,,,,,,,,,,,,,,,,,,
1403.012281,ground_trial_sample,1790841072.676,odom,base_footprint,progress=0.0447;cross_track=0.0017;one_shot=true,0.10768530517816544,0.003359084017574787,0.013664647485629594,0.1427707586008437,0.0019510297974214405,0.030535535886883736,,,,,,,,0.09893266737602026,0.04465571640890485,,0.001654261275091541,,1790841072.6196988,-0.05630135536193848,0.293698787689209,0.14481184774353095,0.0020658324234655583,0.009725563163475528,0.35534813417441063,0.003939084322154066,False
1403.012949,cmd_vel_sent,,,,,,,,,,,,,,,0.18710424143260357,-0.0023912973052704475,-0.007878168644308133,,,,,,,,,,,,,,
1403.013533,imu_data_raw,1790841072.361,,,,,,,,,,imu_frame,0.19747339189052582,0.12749123573303223,-0.10714052617549896,,,,,,,,,,,,,,,,,
1403.032243,ground_trial_sample,1790841072.676,odom,base_footprint,progress=0.0447;cross_track=0.0017;one_shot=true,0.10768530517816544,0.003359084017574787,0.013664647485629594,0.1427707586008437,0.0019510297974214405,0.030535535886883736,,,,,,,,0.10267558212230414,0.04465571640890485,,0.001654261275091541,,1790841072.639668,-0.036332130432128906,0.2786679267883301,0.14781212614489003,0.002095012740593911,0.009725563163475528,0.35534813417441063,0.003939084322154066,False
1403.032731,cmd_vel_sent,,,,,,,,,,,,,,,0.1901046384547812,-0.002403116183269563,-0.007878168644308133,,,,,,,,,,,,,,
1403.052632,ground_trial_sample,1790841072.676,odom,base_footprint,progress=0.0447;cross_track=0.0017;one_shot=true,0.10768530517816544,0.003359084017574787,0.013664647485629594,0.1427707586008437,0.0019510297974214405,0.030535535886883736,,,,,,,,0.10648958262124941,0.04465571640890485,,0.001654261275091541,,1790841072.6600173,-0.015982866287231445,0.29901719093322754,0.1508211390831655,0.002124278008691172,0.009725563163475528,0.35534813417441063,0.003939084322154066,False
1403.053513,cmd_vel_sent,,,,,,,,,,,,,,,0.19311377035920915,-0.002414969468884368,-0.007878168644308133,,,,,,,,,,,,,,
1403.054673,cmd_vel_observed,,,,,,,,,,,,,,,0.18999799182885435,-0.0013768467852575711,-1.8626230904872365e-09,,,,,,,,,,,,,,
1403.072552,ground_trial_sample,1790841072.676,odom,base_footprint,progress=0.0447;cross_track=0.0017;one_shot=true,0.10768530517816544,0.003359084017574787,0.013664647485629594,0.1427707586008437,0.0019510297974214405,0.030535535886883736,,,,,,,,0.11034714909711403,0.04465571640890485,,0.001654261275091541,,1790841072.6799428,0.003942728042602539,0.3189427852630615,0.15381710548846456,0.0021534163879072194,0.009725563163475528,0.35534813417441063,0.003939084322154066,False
1403.073500,cmd_vel_sent,,,,,,,,,,,,,,,0.19610985521484506,-0.0024267713608080105,-0.007878168644308133,,,,,,,,,,,,,,
1403.074643,odom_raw,1790841072.768,odom,base_footprint,,0.12285331636667252,0.004040653817355633,0.013664647485629594,0.16309691208851276,0.007328707340653653,0.0,,,,,,,,,,,,,,,,,,,,,
1403.092720,ground_trial_sample,1790841072.768,odom,base_footprint,progress=0.0598;cross_track=0.0022;one_shot=true,0.12285331636667252,0.004040653817355633,0.013664647485629594,0.16309691208851276,0.007328707340653653,0.0,,,,,,,,0.11427179092131193,0.05982963880356476,,0.002188283716088028,,1790841072.7000952,-0.06790471076965332,0.3390951156616211,0.156818603632162,0.0021826085680907584,0.009725563163475528,0.34017739963456617,0.003939084322154066,False
1403.093385,cmd_vel_sent,,,,,,,,,,,,,,,0.18393556380100148,-0.0029128421364047956,-0.007878168644308133,,,,,,,,,,,,,,
1403.093891,imu_data_raw,1790841072.486,,,,,,,,,,imu_frame,-0.23928502202033997,-0.3561375141143799,-0.12629413604736328,,,,,,,,,,,,,,,,,
1403.112553,ground_trial_sample,1790841072.768,odom,base_footprint,progress=0.0598;cross_track=0.0022;one_shot=true,0.12285331636667252,0.004040653817355633,0.013664647485629594,0.16309691208851276,0.007328707340653653,0.0,,,,,,,,0.11794493016113967,0.05982963880356476,,0.002188283716088028,,1790841072.719936,-0.04806399345397949,0.23393583297729492,0.1598135424360837,0.002211736952989592,0.009725563163475528,0.34017739963456617,0.003939084322154066,False
1403.135883,cmd_vel_sent,,,,,,,,,,,,,,,0.1869306210146322,-0.0029246399803389907,-0.007878168644308133,,,,,,,,,,,,,,
1403.157424,ground_trial_sample,1790841072.768,odom,base_footprint,progress=0.0598;cross_track=0.0022;one_shot=true,0.12285331636667252,0.004040653817355633,0.013664647485629594,0.16309691208851276,0.007328707340653653,0.0,,,,,,,,0.12631006461720032,0.05982963880356476,,0.002188283716088028,,1790841072.764795,-0.003204822540283203,0.2787950038909912,0.1665248949216211,0.0022770106935196136,0.009725563163475528,0.34017739963456617,0.003939084322154066,False
1403.158420,cmd_vel_sent,,,,,,,,,,,,,,,0.19364223884425397,-0.002951077745647602,-0.007878168644308133,,,,,,,,,,,,,,
1403.159587,cmd_vel_observed,,,,,,,,,,,,,,,0.18925317591209231,-0.0019316461415965491,-0.003114624599833391,,,,,,,,,,,,,,
1403.177288,ground_trial_sample,1790841072.768,odom,base_footprint,progress=0.0598;cross_track=0.0022;one_shot=true,0.12285331636667252,0.004040653817355633,0.013664647485629594,0.16309691208851276,0.007328707340653653,0.0,,,,,,,,0.130178526591807,0.05982963880356476,,0.002188283716088028,,1790841072.7846973,0.016697406768798828,0.29869723320007324,0.16952101026990363,0.002306150521335728,0.009725563163475528,0.34017739963456617,0.003939084322154066,False
1403.177823,cmd_vel_sent,,,,,,,,,,,,,,,0.19663847264876208,-0.002962880224296446,-0.007878168644308133,,,,,,,,,,,,,,
1403.178528,odom_raw,1790841072.879,odom,base_footprint,,0.14219236373901367,0.005146415904164314,0.011985193785396751,0.1758261007217633,0.009757106230486413,-0.015267756767570972,,,,,,,,,,,,,,,,,,,,,
1403.197407,ground_trial_sample,1790841072.879,odom,base_footprint,progress=0.0792;cross_track=0.0031;one_shot=true,0.14219236373901367,0.005146415904164314,0.011985193785396751,0.1758261007217633,0.009757106230486413,-0.015267756767570972,,,,,,,,0.1341139240141276,0.07917852556543713,,0.0031059133464505823,,1790841072.8047798,-0.07422018051147461,0.31877970695495605,0.17252253226245967,0.0023353429334701608,0.009725563163475528,0.3208365084526425,0.002259630621921223,False
1403.198369,cmd_vel_sent,,,,,,,,,,,,,,,0.180293916770627,-0.0035133196244201874,-0.004519261243842446,,,,,,,,,,,,,,
1403.199218,imu_data_raw,1790841072.538,,,,,,,,,,imu_frame,0.05366269871592522,-0.15981295704841614,-0.06883329898118973,,,,,,,,,,,,,,,,,
1403.217221,ground_trial_sample,1790841072.879,odom,base_footprint,progress=0.0792;cross_track=0.0031;one_shot=true,0.14219236373901367,0.005146415904164314,0.011985193785396751,0.1758261007217633,0.009757106230486413,-0.015267756767570972,,,,,,,,0.13771622377422268,0.07917852556543713,,0.0031059133464505823,,1790841072.8246126,-0.05438733100891113,0.28661251068115234,0.1755188444014001,0.002364484675246593,0.009725563163475528,0.3208365084526425,0.002259630621921223,False
1403.218147,cmd_vel_sent,,,,,,,,,,,,,,,0.1832903629707702,-0.003520090497534844,-0.004519261243842446,,,,,,,,,,,,,,
1403.237248,ground_trial_sample,1790841072.879,odom,base_footprint,progress=0.0792;cross_track=0.0031;one_shot=true,0.14219236373901367,0.005146415904164314,0.011985193785396751,0.1758261007217633,0.009757106230486413,-0.015267756767570972,,,,,,,,0.1413864310515376,0.07917852556543713,,0.0031059133464505823,,1790841072.8446324,-0.03436756134033203,0.30663228034973145,0.17852174947854707,0.002393690539081695,0.009725563163475528,0.3208365084526425,0.002259630621921223,False
1403.238198,cmd_vel_sent,,,,,,,,,,,,,,,0.1862934024041017,-0.0035268762689464658,-0.004519261243842446,,,,,,,,,,,,,,
1403.239331,cmd_vel_observed,,,,,,,,,,,,,,,0.1901046384547812,-0.002403116183269563,-0.007878168644308133,,,,,,,,,,,,,,
1403.257171,ground_trial_sample,1790841072.879,odom,base_footprint,progress=0.0792;cross_track=0.0031;one_shot=true,0.14219236373901367,0.005146415904164314,0.011985193785396751,0.1758261007217633,0.009757106230486413,-0.015267756767570972,,,,,,,,0.1451071183171359,0.07917852556543713,,0.0031059133464505823,,1790841072.8645487,-0.014451265335083008,0.32654857635498047,0.18151689962245515,0.0024228209794457225,0.009725563163475528,0.3208365084526425,0.002259630621921223,False
1403.258036,cmd_vel_sent,,,,,,,,,,,,,,,0.1892886865572225,-0.0035336445162596174,-0.004519261243842446,,,,,,,,,,,,,,
1403.259140,odom_raw,1790841072.946,odom,base_footprint,,0.153635174036026,0.005454409867525101,0.013008134059767229,0.1707833607558885,0.004771629241627624,0.015267756767570972,,,,,,,,,,,,,,,,,,,,,
1403.276729,ground_trial_sample,1790841072.946,odom,base_footprint,progress=0.0906;cross_track=0.0033;one_shot=true,0.153635174036026,0.005454409867525101,0.013008134059767229,0.1707833607558885,0.004771629241627624,0.015267756767570972,,,,,,,,0.1488892212977449,0.0906237900660997,,0.0033026067239472793,,1790841072.8841777,-0.06182241439819336,0.3461775779724121,0.18451332695599104,0.0024519638415897937,0.009725563163475528,0.3093938371788259,0.0032825708962917004,False
1403.277134,cmd_vel_sent,,,,,,,,,,,,,,,0.18083567722310598,-0.0038962325804308834,-0.006565141792583401,,,,,,,,,,,,,,
1403.277582,imu_data_raw,1790841072.641,,,,,,,,,,imu_frame,0.20919130742549896,0.24241292476654053,-0.26994624733924866,,,,,,,,,,,,,,,,,
1403.297486,ground_trial_sample,1790841072.946,odom,base_footprint,progress=0.0906;cross_track=0.0033;one_shot=true,0.153635174036026,0.005454409867525101,0.013008134059767229,0.1707833607558885,0.004771629241627624,0.015267756767570972,,,,,,,,0.15251717124361466,0.0906237900660997,,0.0033026067239472793,,1790841072.9048543,-0.04114580154418945,0.2638542652130127,0.18752180681945457,0.002481223925070834,0.009725563163475528,0.3093938371788259,0.0032825708962917004,False
1403.298553,cmd_vel_sent,,,,,,,,,,,,,,,0.18384428316374007,-0.003906108578202232,-0.006565141792583401,,,,,,,,,,,,,,
1403.317879,ground_trial_sample,1790841072.946,odom,base_footprint,progress=0.0906;cross_track=0.0033;one_shot=true,0.153635174036026,0.005454409867525101,0.013008134059767229,0.1707833607558885,0.004771629241627624,0.015267756767570972,,,,,,,,0.1562299519159362,0.0906237900660997,,0.0033026067239472793,,1790841072.9252486,-0.020751476287841797,0.28424859046936035,0.19055026708795206,0.0025106783353700058,0.009725563163475528,0.3093938371788259,0.0032825708962917004,False
1403.320344,cmd_vel_sent,,,,,,,,,,,,,,,0.18687287034673233,-0.0039160501660538,-0.006565141792583401,,,,,,,,,,,,,,
1403.322077,cmd_vel_observed,,,,,,,,,,,,,,,0.1869306210146322,-0.0029246399803389907,-0.007878168644308133,,,,,,,,,,,,,,
1403.337549,ground_trial_sample,1790841072.946,odom,base_footprint,progress=0.0906;cross_track=0.0033;one_shot=true,0.153635174036026,0.005454409867525101,0.013008134059767229,0.1707833607558885,0.004771629241627624,0.015267756767570972,,,,,,,,0.15994138978016675,0.0906237900660997,,0.0033026067239472793,,1790841072.944912,-0.0010881423950195312,0.3039119243621826,0.19352858682788798,0.0025396450854161335,0.009725563163475528,0.3093938371788259,0.0032825708962917004,False
1403.338597,cmd_vel_sent,,,,,,,,,,,,,,,0.18985131489991047,-0.003925827156576882,-0.006565141792583401,,,,,,,,,,,,,,
1403.339507,imu_data_raw,1790841072.658,,,,,,,,,,imu_frame,-0.13275858759880066,-0.08798690885305405,-0.38486793637275696,,,,,,,,,,,,,,,,,
1403.357406,ground_trial_sample,1790841072.946,odom,base_footprint,progress=0.0906;cross_track=0.0033;one_shot=true,0.153635174036026,0.005454409867525101,0.013008134059767229,0.1707833607558885,0.004771629241627624,0.015267756767570972,,,,,,,,0.16373436162097846,0.0906237900660997,,0.0033026067239472793,,1790841072.9647813,0.018781185150146484,0.3067812919616699,0.19652460123092091,0.002568783931451892,0.009725563163475528,0.3093938371788259,0.0032825708962917004,False
1403.358424,cmd_vel_sent,,,,,,,,,,,,,,,0.1928474548577206,-0.003935662233728841,-0.006565141792583401,,,,,,,,,,,,,,
1403.377508,ground_trial_sample,1790841072.946,odom,base_footprint,progress=0.0906;cross_track=0.0033;one_shot=true,0.153635174036026,0.005454409867525101,0.013008134059767229,0.1707833607558885,0.004771629241627624,0.015267756767570972,,,,,,,,0.16759411176074698,0.0906237900660997,,0.0033026067239472793,,1790841072.98487,0.03886985778808594,0.3268699645996094,0.19952601297869735,0.0025979752713599508,0.009725563163475528,0.3093938371788259,0.0032825708962917004,False
1403.378635,cmd_vel_sent,,,,,,,,,,,,,,,0.19584899238646222,-0.0039455150288536895,-0.006565141792583401,,,,,,,,,,,,,,
1403.379898,cmd_vel_observed,,,,,,,,,,,,,,,0.180293916770627,-0.0035133196244201874,-0.004519261243842446,,,,,,,,,,,,,,
1403.397454,ground_trial_sample,1790841072.946,odom,base_footprint,progress=0.0906;cross_track=0.0033;one_shot=true,0.153635174036026,0.005454409867525101,0.013008134059767229,0.1707833607558885,0.004771629241627624,0.015267756767570972,,,,,,,,0.1715228573237285,0.0906237900660997,,0.0033026067239472793,,1790841073.004845,0.058844804763793945,0.3468449115753174,0.20253427160264498,0.002627233203094263,0.009725563163475528,0.3093938371788259,0.0032825708962917004,False
1403.398256,cmd_vel_sent,,,,,,,,,,,,,,,0.1988573770783089,-0.003955390300357598,-0.006565141792583401,,,,,,,,,,,,,,
1403.399121,odom_raw,1790841073.058,odom,base_footprint,,0.1749466061592102,0.006307931616902351,0.00955762092320637,0.1886216245210842,0.006902492481271792,-0.030535513535141945,,,,,,,,,,,,,,,,,,,,,
1403.417549,ground_trial_sample,1790841073.058,odom,base_footprint,progress=0.1119;cross_track=0.0039;one_shot=true,0.1749466061592102,0.006307931616902351,0.00955762092320637,0.1886216245210842,0.006902492481271792,-0.030535513535141945,,,,,,,,0.175489867533843,0.11194251515832622,,0.003948825695983229,,1790841073.024916,-0.03308415412902832,0.3669159412384033,0.2055258916634966,0.002656329310330061,0.009725563163475528,0.28808454973789965,0.00016794224026915779,False
1403.418570,cmd_vel_sent,,,,,,,,,,,,,,,0.180542986620228,-0.003918504957747798,0.00033588448053831557,,,,,,,,,,,,,,
1403.419437,imu_data_raw,1790841072.783,,,,,,,,,,imu_frame,0.16658073663711548,-0.03531447425484657,0.03172317147254944,,,,,,,,,,,,,,,,,
1403.437234,ground_trial_sample,1790841073.058,odom,base_footprint,progress=0.1119;cross_track=0.0039;one_shot=true,0.1749466061592102,0.006307931616902351,0.00955762092320637,0.1886216245210842,0.006902492481271792,-0.030535513535141945,,,,,,,,0.1790961223308968,0.11194251515832622,,0.003948825695983229,,1790841073.0446181,-0.0133819580078125,0.26161813735961914,0.20852121864904652,0.002685461470632874,0.009725563163475528,0.28808454973789965,0.00016794224026915779,False
1403.438132,cmd_vel_sent,,,,,,,,,,,,,,,0.1835384552279841,-0.003918001892034426,0.00033588448053831557,,,,,,,,,,,,,,
1403.457165,ground_trial_sample,1790841073.058,odom,base_footprint,progress=0.1119;cross_track=0.0039;one_shot=true,0.1749466061592102,0.006307931616902351,0.00955762092320637,0.1886216245210842,0.006902492481271792,-0.030535513535141945,,,,,,,,0.18276767704932098,0.11194251515832622,,0.003948825695983229,,1790841073.0645726,0.0065724849700927734,0.2815725803375244,0.2115210353722803,0.0027146372975398857,0.009725563163475528,0.28808454973789965,0.00016794224026915779,False
1403.457853,cmd_vel_sent,,,,,,,,,,,,,,,0.1865384137857036,-0.003917498072268791,0.00033588448053831557,,,,,,,,,,,,,,
1403.458647,cmd_vel_observed,,,,,,,,,,,,,,,0.18083567722310598,-0.0038962325804308834,-0.006565141792583401,,,,,,,,,,,,,,
1403.477410,ground_trial_sample,1790841073.058,odom,base_footprint,progress=0.1119;cross_track=0.0039;one_shot=true,0.1749466061592102,0.006307931616902351,0.00955762092320637,0.1886216245210842,0.006902492481271792,-0.030535513535141945,,,,,,,,0.18650054844453456,0.11194251515832622,,0.003948825695983229,,1790841073.0847862,0.026786088943481445,0.3017861843109131,0.21452192289483493,0.0027438235389016853,0.009725563163475528,0.28808454973789965,0.00016794224026915779,False
1403.478427,cmd_vel_sent,,,,,,,,,,,,,,,0.18953944319337243,-0.003916994072662215,0.00033588448053831557,,,,,,,,,,,,,,
1403.479664,odom_raw,1790841073.126,odom,base_footprint,,0.18707014620304108,0.006936323828995228,0.01058056032925,0.1809387627695328,0.00956407913241274,0.015267756767570972,,,,,,,,,,,,,,,,,,,,,
1403.497447,ground_trial_sample,1790841073.126,odom,base_footprint,progress=0.1241;cross_track=0.0045;one_shot=true,0.18707014620304108,0.006936323828995228,0.01058056032925,0.1809387627695328,0.00956407913241274,0.015267756767570972,,,,,,,,0.19029322939308413,0.1240715932163951,,0.004459281793862005,,1790841073.10482,-0.021179914474487305,0.3218200206756592,0.21752263762558158,0.0027730080997128564,0.009725563163475528,0.2759644376803932,0.000854997165774472,False
1403.498505,cmd_vel_sent,,,,,,,,,,,,,,,0.1804066826689106,-0.004613530663729572,-0.001709994331548944,,,,,,,,,,,,,,
1403.499360,imu_data_raw,1790841072.887,,,,,,,,,,imu_frame,0.27097663283348083,-0.5907692909240723,0.30466216802597046,,,,,,,,,,,,,,,,,
1403.517257,ground_trial_sample,1790841073.126,odom,base_footprint,progress=0.1241;cross_track=0.0045;one_shot=true,0.18707014620304108,0.006936323828995228,0.01058056032925,0.1809387627695328,0.00956407913241274,0.015267756767570972,,,,,,,,0.1938976282284401,0.1240715932163951,,0.004459281793862005,,1790841073.1246428,-0.0013570785522460938,0.23764276504516602,0.22051841113999704,0.0028021446028972823,0.009725563163475528,0.2759644376803932,0.000854997165774472,False
1403.518207,cmd_vel_sent,,,,,,,,,,,,,,,0.18340259677385679,-0.0046160921624223755,-0.001709994331548944,,,,,,,,,,,,,,
1403.537272,ground_trial_sample,1790841073.126,odom,base_footprint,progress=0.1241;cross_track=0.0045;one_shot=true,0.18707014620304108,0.006936323828995228,0.01058056032925,0.1809387627695328,0.00956407913241274,0.015267756767570972,,,,,,,,0.19756888794927846,0.1240715932163951,,0.004459281793862005,,1790841073.144637,0.01863718032836914,0.25763702392578125,0.2235199421321346,0.002831337102560473,0.009725563163475528,0.2759644376803932,0.000854997165774472,False
1403.538184,cmd_vel_sent,,,,,,,,,,,,,,,0.18640426862672133,-0.004618658583974528,-0.001709994331548944,,,,,,,,,,,,,,
1403.539653,cmd_vel_observed,,,,,,,,,,,,,,,0.1928474548577206,-0.003935662233728841,-0.006565141792583401,,,,,,,,,,,,,,
1403.557303,ground_trial_sample,1790841073.126,odom,base_footprint,progress=0.1241;cross_track=0.0045;one_shot=true,0.18707014620304108,0.006936323828995228,0.01058056032925,0.1809387627695328,0.00956407913241274,0.015267756767570972,,,,,,,,0.20130052531809683,0.1240715932163951,,0.004459281793862005,,1790841073.1646879,0.038687944412231445,0.27768778800964355,0.22652173711179163,0.00286053216973191,0.009725563163475528,0.2759644376803932,0.000854997165774472,False
1403.558241,cmd_vel_sent,,,,,,,,,,,,,,,0.1894062044794942,-0.004621225231245909,-0.001709994331548944,,,,,,,,,,,,,,
1403.559393,odom_raw,1790841073.216,odom,base_footprint,,0.2038281261920929,0.006425177678465843,0.011954659276830773,0.18620739777069917,-0.005423540591998916,0.015267756767570972,,,,,,,,,,,,,,,,,,,,,
1403.577357,ground_trial_sample,1790841073.216,odom,base_footprint,progress=0.1408;cross_track=0.0038;one_shot=true,0.2038281261920929,0.006425177678465843,0.011954659276830773,0.18620739777069917,-0.005423540591998916,0.015267756767570972,,,,,,,,0.20508632796186835,0.14082380956589086,,0.0037851815933362485,,1790841073.1847296,-0.031270503997802734,0.2977294921875,0.2295188649121577,0.002889681844525179,0.009725563163475528,0.2592038296160613,0.0022290961133552448,False
1403.578388,cmd_vel_sent,,,,,,,,,,,,,,,0.175646265653964,-0.004176724053979418,-0.0044581922267104895,,,,,,,,,,,,,,
1403.579258,imu_data_raw,1790841072.938,,,,,,,,,,imu_frame,0.032357409596443176,-0.5380968451499939,0.30466216802597046,,,,,,,,,,,,,,,,,
1403.597438,ground_trial_sample,1790841073.216,odom,base_footprint,progress=0.1408;cross_track=0.0038;one_shot=true,0.2038281261920929,0.006425177678465843,0.011954659276830773,0.18620739777069917,-0.005423540591998916,0.015267756767570972,,,,,,,,0.20860379749118307,0.14082380956589086,,0.0037851815933362485,,1790841073.2048173,-0.011182785034179688,0.2668173313140869,0.2325217546900195,0.0029188875595614248,0.009725563163475528,0.2592038296160613,0.0022290961133552448,False
1403.598403,cmd_vel_sent,,,,,,,,,,,,,,,0.17864928999312496,-0.004183418094949427,-0.0044581922267104895,,,,,,,,,,,,,,
1403.617298,ground_trial_sample,1790841073.216,odom,base_footprint,progress=0.1408;cross_track=0.0038;one_shot=true,0.2038281261920929,0.006425177678465843,0.011954659276830773,0.18620739777069917,-0.005423540591998916,0.015267756767570972,,,,,,,,0.2121761632567578,0.14082380956589086,,0.0037851815933362485,,1790841073.2246807,0.008680582046508789,0.2866806983947754,0.23552027022477565,0.002948050731278703,0.009725563163475528,0.2592038296160613,0.0022290961133552448,False
1403.618294,cmd_vel_sent,,,,,,,,,,,,,,,0.1816479398931678,-0.004190102384858051,-0.0044581922267104895,,,,,,,,,,,,,,
1403.619438,cmd_vel_observed,,,,,,,,,,,,,,,0.1835384552279841,-0.003918001892034426,0.00033588448053831557,,,,,,,,,,,,,,
1403.637244,ground_trial_sample,1790841073.216,odom,base_footprint,progress=0.1408;cross_track=0.0038;one_shot=true,0.2038281261920929,0.006425177678465843,0.011954659276830773,0.18620739777069917,-0.005423540591998916,0.015267756767570972,,,,,,,,0.21580508818268296,0.14082380956589086,,0.0037851815933362485,,1790841073.2446146,0.028614521026611328,0.30661463737487793,0.2385160005412476,0.0029771868143255546,0.009725563163475528,0.2592038296160613,0.0022290961133552448,False
1403.638209,cmd_vel_sent,,,,,,,,,,,,,,,0.18464380445011916,-0.004196780465958932,-0.0044581922267104895,,,,,,,,,,,,,,
1403.639356,odom_raw,1790841073.336,odom,base_footprint,,0.22603966295719147,0.006690721493214369,0.011954659276830773,0.1835664313169232,0.0021945786873042235,0.0,,,,,,,,,,,,,,,,,,,,,
1403.657241,ground_trial_sample,1790841073.336,odom,base_footprint,progress=0.1630;cross_track=0.0038;one_shot=true,0.22603966295719147,0.006690721493214369,0.011954659276830773,0.1835664313169232,0.0021945786873042235,0.0,,,,,,,,0.21950401700007577,0.16303687840506315,,0.003834696551387803,,1790841073.2646272,-0.07137274742126465,0.326627254486084,0.24151999966664284,0.0030064033187314856,0.009725563163475528,0.23699414738271085,0.0022290961133552448,False
1403.658170,cmd_vel_sent,,,,,,,,,,,,,,,0.16543481416073974,-0.004203476790511595,-0.0044581922267104895,,,,,,,,,,,,,,
1403.658963,imu_data_raw,1790841073.02,,,,,,,,,,imu_frame,0.008921589702367783,0.055665191262960434,0.5680243372917175,,,,,,,,,,,,,,,,,
1403.677297,ground_trial_sample,1790841073.336,odom,base_footprint,progress=0.1630;cross_track=0.0038;one_shot=true,0.22603966295719147,0.006690721493214369,0.011954659276830773,0.1835664313169232,0.0021945786873042235,0.0,,,,,,,,0.22281331166799936,0.16303687840506315,,0.003834696551387803,,1790841073.28467,-0.051329851150512695,0.26467013359069824,0.24451943225801406,0.0030355754096220116,0.009725563163475528,0.23699414738271085,0.0022290961133552448,False
1403.678200,cmd_vel_sent,,,,,,,,,,,,,,,0.16843438115849155,-0.0042101631247225425,-0.0044581922267104895,,,,,,,,,,,,,,
1403.697285,ground_trial_sample,1790841073.336,odom,base_footprint,progress=0.1630;cross_track=0.0038;one_shot=true,0.22603966295719147,0.006690721493214369,0.011954659276830773,0.1835664313169232,0.0021945786873042235,0.0,,,,,,,,0.2261851193343989,0.16303687840506315,,0.003834696551387803,,1790841073.3046713,-0.031328678131103516,0.2846713066101074,0.24752113124220324,0.003064769543154026,0.009725563163475528,0.23699414738271085,0.0022290961133552448,False
1403.698253,cmd_vel_sent,,,,,,,,,,,,,,,0.1714362146506197,-0.004216854511175664,-0.0044581922267104895,,,,,,,,,,,,,,
1403.699380,cmd_vel_observed,,,,,,,,,,,,,,,0.18340259677385679,-0.0046160921624223755,-0.001709994331548944,,,,,,,,,,,,,,
1403.717342,ground_trial_sample,1790841073.336,odom,base_footprint,progress=0.1630;cross_track=0.0038;one_shot=true,0.22603966295719147,0.006690721493214369,0.011954659276830773,0.1835664313169232,0.0021945786873042235,0.0,,,,,,,,0.22961421292507148,0.16303687840506315,,0.003834696551387803,,1790841073.3247218,-0.011278152465820312,0.3047218322753906,0.2505204052910782,0.0030939400920808745,0.009725563163475528,0.23699414738271085,0.0022290961133552448,False
1403.718344,cmd_vel_sent,,,,,,,,,,,,,,,0.17443562309877084,-0.004223540491963728,-0.0044581922267104895,,,,,,,,,,,,,,
1403.719519,odom_raw,1790841073.396,odom,base_footprint,,0.2370223104953766,0.00667157769203186,0.01105386135441598,0.18614608435793095,-0.0004921543020127385,-0.015267756767570972,,,,,,,,,,,,,,,,,,,,,
1403.737300,ground_trial_sample,1790841073.396,odom,base_footprint,progress=0.1740;cross_track=0.0037;one_shot=true,0.2370223104953766,0.00667157769203186,0.01105386135441598,0.18614608435793095,-0.0004921543020127385,-0.015267756767570972,,,,,,,,0.23310105644644422,0.17401882036050115,,0.003708742907065808,,1790841073.3446786,-0.05132126808166504,0.3246786594390869,0.2535177778799043,0.0031230921476548363,0.009725563163475528,0.2260116110406945,0.001328298190940453,False
1403.738312,cmd_vel_sent,,,,,,,,,,,,,,,0.16645510362530974,-0.003929848321930954,-0.002656596381880906,,,,,,,,,,,,,,
1403.739175,imu_data_raw,1790841073.069,,,,,,,,,,imu_frame,0.1942775994539261,0.1562216579914093,0.01735796220600605,,,,,,,,,,,,,,,,,
1403.757428,ground_trial_sample,1790841073.396,odom,base_footprint,progress=0.1740;cross_track=0.0037;one_shot=true,0.2370223104953766,0.00667157769203186,0.01105386135441598,0.18614608435793095,-0.0004921543020127385,-0.015267756767570972,,,,,,,,0.23643493137523663,0.17401882036050115,,0.003708742907065808,,1790841073.3647993,-0.031200647354125977,0.29579925537109375,0.25652109993731986,0.003152302066985744,0.009725563163475528,0.2260116110406945,0.001328298190940453,False
1403.758448,cmd_vel_sent,,,,,,,,,,,,,,,0.16945856507568294,-0.003933837816688367,-0.002656596381880906,,,,,,,,,,,,,,
1403.777416,ground_trial_sample,1790841073.396,odom,base_footprint,progress=0.1740;cross_track=0.0037;one_shot=true,0.2370223104953766,0.00667157769203186,0.01105386135441598,0.18614608435793095,-0.0004921543020127385,-0.015267756767570972,,,,,,,,0.23982681403130074,0.17401882036050115,,0.003708742907065808,,1790841073.384785,-0.011214971542358398,0.31578493118286133,0.2595225493332928,0.00318149377305526,0.009725563163475528,0.2260116110406945,0.001328298190940453,False
1403.778471,cmd_vel_sent,,,,,,,,,,,,,,,0.17246015377769774,-0.0039378248238760615,-0.002656596381880906,,,,,,,,,,,,,,
1403.779676,cmd_vel_observed,,,,,,,,,,,,,,,0.17864928999312496,-0.004183418094949427,-0.0044581922267104895,,,,,,,,,,,,,,
1403.797335,ground_trial_sample,1790841073.396,odom,base_footprint,progress=0.1740;cross_track=0.0037;one_shot=true,0.2370223104953766,0.00667157769203186,0.01105386135441598,0.18614608435793095,-0.0004921543020127385,-0.015267756767570972,,,,,,,,0.24327246704372216,0.17401882036050115,,0.003708742907065808,,1790841073.4047184,0.008718490600585938,0.33571839332580566,0.2625185389875192,0.0032106323783873485,0.009725563163475528,0.2260116110406945,0.001328298190940453,False
1403.798307,cmd_vel_sent,,,,,,,,,,,,,,,0.17545628248456352,-0.003941804578557811,-0.002656596381880906,,,,,,,,,,,,,,
1403.799481,odom_raw,1790841073.486,odom,base_footprint,,0.2539972960948944,0.007318201474845409,0.01105386135441598,0.18861108559969383,0.007184707950351015,0.0,,,,,,,,,,,,,,,,,,,,,
1403.817366,ground_trial_sample,1790841073.486,odom,base_footprint,progress=0.1910;cross_track=0.0042;one_shot=true,0.2539972960948944,0.007318201474845409,0.01105386135441598,0.18861108559969383,0.007184707950351015,0.0,,,,,,,,0.24678588496513637,0.19099929184474407,,0.004190247417065314,,1790841073.4247441,-0.06125593185424805,0.3557441234588623,0.2655213087710633,0.003239836926374482,0.009725563163475528,0.20904270899224087,0.001328298190940453,False
1403.818299,cmd_vel_sent,,,,,,,,,,,,,,,0.16147809554977482,-0.004404742301997193,-0.002656596381880906,,,,,,,,,,,,,,
1403.819106,imu_data_raw,1790841073.205,,,,,,,,,,imu_frame,0.22517026960849762,-0.375291109085083,-0.1885433793067932,,,,,,,,,,,,,,,,,
1403.837310,ground_trial_sample,1790841073.486,odom,base_footprint,progress=0.1910;cross_track=0.0042;one_shot=true,0.2539972960948944,0.007318201474845409,0.01105386135441598,0.18861108559969383,0.007184707950351015,0.0,,,,,,,,0.25001295265423334,0.19099929184474407,,0.004190247417065314,,1790841073.4446936,-0.041306495666503906,0.23969364166259766,0.2685177355045998,0.0032689797826830377,0.009725563163475528,0.20904270899224087,0.001328298190940453,False
1403.838286,cmd_vel_sent,,,,,,,,,,,,,,,0.1644746613562368,-0.004408722637277886,-0.002656596381880906,,,,,,,,,,,,,,
1403.857069,ground_trial_sample,1790841073.486,odom,base_footprint,progress=0.1910;cross_track=0.0042;one_shot=true,0.2539972960948944,0.007318201474845409,0.01105386135441598,0.18861108559969383,0.007184707950351015,0.0,,,,,,,,0.2533032290855281,0.19099929184474407,,0.004190247417065314,,1790841073.46448,-0.021520137786865234,0.25947999954223633,0.271517230493008,0.0032981524804390223,0.009725563163475528,0.20904270899224087,0.001328298190940453,False
1403.857996,cmd_vel_sent,,,,,,,,,,,,,,,0.1674742955599772,-0.004412707048307532,-0.002656596381880906,,,,,,,,,,,,,,
1403.859207,cmd_vel_observed,,,,,,,,,,,,,,,0.16843438115849155,-0.0042101631247225425,-0.0044581922267104895,,,,,,,,,,,,,,
1403.877422,ground_trial_sample,1790841073.486,odom,base_footprint,progress=0.1910;cross_track=0.0042;one_shot=true,0.2539972960948944,0.007318201474845409,0.01105386135441598,0.18861108559969383,0.007184707950351015,0.0,,,,,,,,0.2566580198865079,0.19099929184474407,,0.004190247417065314,,1790841073.4847949,-0.0012052059173583984,0.27979493141174316,0.2745207973388495,0.0033273647805502917,0.009725563163475528,0.20904270899224087,0.001328298190940453,False
1403.878452,cmd_vel_sent,,,,,,,,,,,,,,,0.1704780018101376,-0.00441669686823225,-0.002656596381880906,,,,,,,,,,,,,,
1403.879633,odom_raw,1790841073.582,odom,base_footprint,,0.27113035321235657,0.007507595233619213,0.01105386135441598,0.17846921457308576,0.0019728543075195775,0.0,,,,,,,,,,,,,,,,,,,,,
1403.897384,ground_trial_sample,1790841073.582,odom,base_footprint,progress=0.2081;cross_track=0.0042;one_shot=true,0.27113035321235657,0.007507595233619213,0.01105386135441598,0.17846921457308576,0.0019728543075195775,0.0,,,,,,,,0.2600659417145113,0.20813338062189043,,0.004213006216469464,,1790841073.5047636,-0.07723641395568848,0.29976367950439453,0.2775182083258627,0.003356517209580022,0.009725563163475528,0.1919128683881422,0.001328298190940453,False
1403.898355,cmd_vel_sent,,,,,,,,,,,,,,,0.15634144802363487,-0.004420678117849647,-0.002656596381880906,,,,,,,,,,,,,,
1403.899188,imu_data_raw,1790841073.258,,,,,,,,,,imu_frame,-0.1998702436685562,0.07481880486011505,-0.020949264988303185,,,,,,,,,,,,,,,,,
1403.917311,ground_trial_sample,1790841073.582,odom,base_footprint,progress=0.2081;cross_track=0.0042;one_shot=true,0.27113035321235657,0.007507595233619213,0.01105386135441598,0.17846921457308576,0.0019728543075195775,0.0,,,,,,,,0.2631947332960765,0.20813338062189043,,0.004213006216469464,,1790841073.5246937,-0.05730628967285156,0.2666938304901123,0.2805187501147759,0.0033857000883814365,0.009725563163475528,0.1919128683881422,0.001328298190940453,False
1403.918278,cmd_vel_sent,,,,,,,,,,,,,,,0.15934212907646528,-0.004424663919407861,-0.002656596381880906,,,,,,,,,,,,,,
1403.937281,ground_trial_sample,1790841073.582,odom,base_footprint,progress=0.2081;cross_track=0.0042;one_shot=true,0.27113035321235657,0.007507595233619213,0.01105386135441598,0.17846921457308576,0.0019728543075195775,0.0,,,,,,,,0.26638038741925635,0.20813338062189043,,0.004213006216469464,,1790841073.544666,-0.03733396530151367,0.2866661548614502,0.28351633404358845,0.003414854199420592,0.009725563163475528,0.1919128683881422,0.001328298190940453,False
1403.938211,cmd_vel_sent,,,,,,,,,,,,,,,0.16233985213191213,-0.004428645791861192,-0.002656596381880906,,,,,,,,,,,,,,
1403.939351,cmd_vel_observed,,,,,,,,,,,,,,,0.16945856507568294,-0.003933837816688367,-0.002656596381880906,,,,,,,,,,,,,,
1403.957194,ground_trial_sample,1790841073.582,odom,base_footprint,progress=0.2081;cross_track=0.0042;one_shot=true,0.27113035321235657,0.007507595233619213,0.01105386135441598,0.17846921457308576,0.0019728543075195775,0.0,,,,,,,,0.26962658502339,0.20813338062189043,,0.004213006216469464,,1790841073.564586,-0.017414093017578125,0.30658602714538574,0.2865145228937713,0.0034440141938462416,0.009725563163475528,0.1919128683881422,0.001328298190940453,False
1403.958152,cmd_vel_sent,,,,,,,,,,,,,,,0.16533818013680537,-0.004432628467868251,-0.002656596381880906,,,,,,,,,,,,,,
1403.958983,imu_data_raw,1790841073.3,,,,,,,,,,imu_frame,0.19534286856651306,-0.6338648796081543,-0.36092591285705566,,,,,,,,,,,,,,,,,
1403.977269,ground_trial_sample,1790841073.582,odom,base_footprint,progress=0.2081;cross_track=0.0042;one_shot=true,0.27113035321235657,0.007507595233619213,0.01105386135441598,0.17846921457308576,0.0019728543075195775,0.0,,,,,,,,0.27293763632753554,0.20813338062189043,,0.004213006216469464,,1790841073.584659,0.0026590824127197266,0.28465914726257324,0.28951719188209124,0.003473217761512148,0.009725563163475528,0.1919128683881422,0.001328298190940453,False
1403.978290,cmd_vel_sent,,,,,,,,,,,,,,,0.16834098848777213,-0.004436617095114395,-0.002656596381880906,,,,,,,,,,,,,,
1403.997419,ground_trial_sample,1790841073.582,odom,base_footprint,progress=0.2081;cross_track=0.0042;one_shot=true,0.27113035321235657,0.007507595233619213,0.01105386135441598,0.17846921457308576,0.0019728543075195775,0.0,,,,,,,,0.27630740093430595,0.20813338062189043,,0.004213006216469464,,1790841073.6047897,0.022789716720581055,0.30478978157043457,0.2925186316785173,0.0035024093742177216,0.009725563163475528,0.1919128683881422,0.001328298190940453,False
1403.998433,cmd_vel_sent,,,,,,,,,,,,,,,0.1713425675897946,-0.004440604089550428,-0.002656596381880906,,,,,,,,,,,,,,
1403.999560,cmd_vel_observed,,,,,,,,,,,,,,,0.16147809554977482,-0.004404742301997193,-0.002656596381880906,,,,,,,,,,,,,,
1404.017344,ground_trial_sample,1790841073.582,odom,base_footprint,progress=0.2081;cross_track=0.0042;one_shot=true,0.27113035321235657,0.007507595233619213,0.01105386135441598,0.17846921457308576,0.0019728543075195775,0.0,,,,,,,,0.2797339782656139,0.20813338062189043,,0.004213006216469464,,1790841073.624722,0.04272198677062988,0.3247220516204834,0.29551724305874993,0.003531573478115626,0.009725563163475528,0.1919128683881422,0.001328298190940453,False
1404.018298,cmd_vel_sent,,,,,,,,,,,,,,,0.17434131814434853,-0.004444587326829766,-0.002656596381880906,,,,,,,,,,,,,,
1404.019487,odom_raw,1790841073.666,odom,base_footprint,,0.28548163175582886,0.007452049758285284,0.012336352720246068,0.170849419590611,-0.0004421437403566014,0.015267756767570972,,,,,,,,,,,,,,,,,,,,,
1404.037321,ground_trial_sample,1790841073.666,odom,base_footprint,progress=0.2225;cross_track=0.0040;one_shot=true,0.28548163175582886,0.007452049758285284,0.012336352720246068,0.170849419590611,-0.0004421437403566014,0.015267756767570972,,,,,,,,0.28322165500491353,0.22248344024903005,,0.004017891302390212,,1790841073.6446996,-0.021300315856933594,0.3446996212005615,0.2985168581914672,0.003560747344379519,0.009725563163475528,0.1775620241953147,0.00261078955677054,False
1404.038252,cmd_vel_sent,,,,,,,,,,,,,,,0.16298572008345175,-0.0044434273785642665,-0.00522157911354108,,,,,,,,,,,,,,
1404.039078,imu_data_raw,1790841073.378,,,,,,,,,,imu_frame,-0.020905815064907074,0.39564183354377747,-0.03531447425484657,,,,,,,,,,,,,,,,,
1404.057237,ground_trial_sample,1790841073.666,odom,base_footprint,progress=0.2225;cross_track=0.0040;one_shot=true,0.28548163175582886,0.007452049758285284,0.012336352720246068,0.170849419590611,-0.0004421437403566014,0.015267756767570972,,,,,,,,0.28648243106550153,0.22248344024903005,,0.004017891302390212,,1790841073.6646292,-0.0013706684112548828,0.28662919998168945,0.30151657876924187,0.003589922236188312,0.009725563163475528,0.1775620241953147,0.00261078955677054,False
1404.058166,cmd_vel_sent,,,,,,,,,,,,,,,0.16598557230961267,-0.004451259379223076,-0.00522157911354108,,,,,,,,,,,,,,
1404.077249,ground_trial_sample,1790841073.666,odom,base_footprint,progress=0.2225;cross_track=0.0040;one_shot=true,0.28548163175582886,0.007452049758285284,0.012336352720246068,0.170849419590611,-0.0004421437403566014,0.015267756767570972,,,,,,,,0.28980356663475587,0.22248344024903005,,0.004017891302390212,,1790841073.6846359,0.018635988235473633,0.30663585662841797,0.3045166452306492,0.0036191004920162867,0.009725563163475528,0.1775620241953147,0.00261078955677054,False
1404.078287,cmd_vel_sent,,,,,,,,,,,,,,,0.16898577043458599,-0.004459092282952944,-0.00522157911354108,,,,,,,,,,,,,,
1404.079453,cmd_vel_observed,,,,,,,,,,,,,,,0.15634144802363487,-0.004420678117849647,-0.002656596381880906,,,,,,,,,,,,,,
1404.097274,ground_trial_sample,1790841073.666,odom,base_footprint,progress=0.2225;cross_track=0.0040;one_shot=true,0.28548163175582886,0.007452049758285284,0.012336352720246068,0.170849419590611,-0.0004421437403566014,0.015267756767570972,,,,,,,,0.29318404381008223,0.22248344024903005,,0.004017891302390212,,1790841073.7046611,0.03866124153137207,0.3266611099243164,0.30751613541930106,0.003648273143090466,0.009725563163475528,0.1775620241953147,0.00261078955677054,False
1404.098289,cmd_vel_sent,,,,,,,,,,,,,,,0.171985392261513,-0.004466923682086472,-0.00522157911354108,,,,,,,,,,,,,,
1404.099451,odom_raw,1790841073.756,odom,base_footprint,,0.30102893710136414,0.007411814760416746,0.01372571811852037,0.17084986899124327,-0.00020477111808723256,0.015267756767570972,,,,,,,,,,,,,,,,,,,,,
1404.116980,ground_trial_sample,1790841073.756,odom,base_footprint,progress=0.2380;cross_track=0.0038;one_shot=true,0.30102893710136414,0.007411814760416746,0.01372571811852037,0.17084986899124327,-0.00020477111808723256,0.015267756767570972,,,,,,,,0.29662028178034006,0.2380296190153051,,0.0038264542908620623,,1790841073.7244003,-0.03159976005554199,0.34640026092529297,0.31051195708144175,0.0036774101145533996,0.009725563163475528,0.16201557353775375,0.004000154955044842,False
1404.117648,cmd_vel_sent,,,,,,,,,,,,,,,0.15942967084826778,-0.004464231694480495,-0.008000309910089685,,,,,,,,,,,,,,
1404.118219,imu_data_raw,1790841073.476,,,,,,,,,,imu_frame,0.012117383070290089,0.7308300733566284,-0.011372458189725876,,,,,,,,,,,,,,,,,
1404.137223,ground_trial_sample,1790841073.756,odom,base_footprint,progress=0.2380;cross_track=0.0038;one_shot=true,0.30102893710136414,0.007411814760416746,0.01372571811852037,0.17084986899124327,-0.00020477111808723256,0.015267756767570972,,,,,,,,0.2998133282340504,0.2380296190153051,,0.0038264542908620623,,1790841073.7446134,-0.011386632919311523,0.268613338470459,0.31351482766021005,0.003706615642861761,0.009725563163475528,0.16201557353775375,0.004000154955044842,False
1404.137963,cmd_vel_sent,,,,,,,,,,,,,,,0.1624326594223305,-0.004476244178176587,-0.008000309910089685,,,,,,,,,,,,,,
1404.157453,ground_trial_sample,1790841073.756,odom,base_footprint,progress=0.2380;cross_track=0.0038;one_shot=true,0.30102893710136414,0.007411814760416746,0.01372571811852037,0.17084986899124327,-0.00020477111808723256,0.015267756767570972,,,,,,,,0.3030693862655546,0.2380296190153051,,0.0038264542908620623,,1790841073.7648268,0.008826732635498047,0.28882670402526855,0.316520382512047,0.003735847278060526,0.009725563163475528,0.16201557353775375,0.004000154955044842,False
1404.158510,cmd_vel_sent,,,,,,,,,,,,,,,0.1654383323749382,-0.00448826739986009,-0.008000309910089685,,,,,,,,,,,,,,
1404.159718,cmd_vel_observed,,,,,,,,,,,,,,,0.16834098848777213,-0.004436617095114395,-0.002656596381880906,,,,,,,,,,,,,,
1404.177400,ground_trial_sample,1790841073.756,odom,base_footprint,progress=0.2380;cross_track=0.0038;one_shot=true,0.30102893710136414,0.007411814760416746,0.01372571811852037,0.17084986899124327,-0.00020477111808723256,0.015267756767570972,,,,,,,,0.3063763948256289,0.2380296190153051,,0.0038264542908620623,,1790841073.7847743,0.028774261474609375,0.3087742328643799,0.3195175439108438,0.0037649972796277575,0.009725563163475528,0.16201557353775375,0.004000154955044842,False
1404.178371,cmd_vel_sent,,,,,,,,,,,,,,,0.168435611544692,-0.00450025704493243,-0.008000309910089685,,,,,,,,,,,,,,
1404.179590,odom_raw,1790841073.86,odom,base_footprint,,0.3190588355064392,0.007659303490072489,0.010550024222757278,0.17337103902601667,0.0018291365245536,-0.030535513535141945,,,,,,,,,,,,,,,,,,,,,
1404.197377,ground_trial_sample,1790841073.86,odom,base_footprint,progress=0.2561;cross_track=0.0039;one_shot=true,0.3190588355064392,0.007659303490072489,0.010550024222757278,0.17337103902601667,0.0018291365245536,-0.030535513535141945,,,,,,,,0.3097452054037203,0.2560610716632259,,0.0038985831645784673,,1790841073.8047564,-0.055243492126464844,0.32875633239746094,0.3225164194285531,0.003794163952492373,0.009725563163475528,0.14399171518330536,0.0008244610592817499,False
1404.198349,cmd_vel_sent,,,,,,,,,,,,,,,0.1534165639646374,-0.004025070501079266,-0.0016489221185634999,,,,,,,,,,,,,,
1404.199228,imu_data_raw,1790841073.538,,,,,,,,,,imu_frame,-0.09334379434585571,-0.6769605278968811,0.5823895931243896,,,,,,,,,,,,,,,,,
1404.217302,ground_trial_sample,1790841073.86,odom,base_footprint,progress=0.2561;cross_track=0.0039;one_shot=true,0.3190588355064392,0.007659303490072489,0.010550024222757278,0.17337103902601667,0.0018291365245536,-0.030535513535141945,,,,,,,,0.3128132924887236,0.2560610716632259,,0.0038985831645784673,,1790841073.8246894,-0.03531050682067871,0.28668928146362305,0.325515006959893,0.0038233278244390522,0.009725563163475528,0.14399171518330536,0.0008244610592817499,False
1404.218210,cmd_vel_sent,,,,,,,,,,,,,,,0.1564152922954624,-0.004027542836375574,-0.0016489221185634999,,,,,,,,,,,,,,
1404.237254,ground_trial_sample,1790841073.86,odom,base_footprint,progress=0.2561;cross_track=0.0039;one_shot=true,0.3190588355064392,0.007659303490072489,0.010550024222757278,0.17337103902601667,0.0018291365245536,-0.030535513535141945,,,,,,,,0.31594138973780933,0.2560610716632259,,0.0038985831645784673,,1790841073.8446403,-0.015359640121459961,0.3066401481628418,0.32851367113761587,0.0038524924418384733,0.009725563163475528,0.14399171518330536,0.0008244610592817499,False
1404.238176,cmd_vel_sent,,,,,,,,,,,,,,,0.15941409727626926,-0.004030015234866823,-0.0016489221185634999,,,,,,,,,,,,,,
1404.239295,cmd_vel_observed,,,,,,,,,,,,,,,0.16598557230961267,-0.004451259379223076,-0.00522157911354108,,,,,,,,,,,,,,
1404.257279,ground_trial_sample,1790841073.86,odom,base_footprint,progress=0.2561;cross_track=0.0039;one_shot=true,0.3190588355064392,0.007659303490072489,0.010550024222757278,0.17337103902601667,0.0018291365245536,-0.030535513535141945,,,,,,,,0.3191319583811646,0.2560610716632259,,0.0038985831645784673,,1790841073.8646598,0.004659891128540039,0.3266596794128418,0.3315147220024571,0.0038816802718460875,0.009725563163475528,0.14399171518330536,0.0008244610592817499,False
1404.258197,cmd_vel_sent,,,,,,,,,,,,,,,0.162415289056262,-0.0040324896011815015,-0.0016489221185634999,,,,,,,,,,,,,,
1404.259344,odom_raw,1790841073.936,odom,base_footprint,,0.33149003982543945,0.007599218282848597,0.009404943248240115,0.16574818426824303,-0.0009909298793592703,-0.015267756767570972,,,,,,,,,,,,,,,,,,,,,
1404.277106,ground_trial_sample,1790841073.936,odom,base_footprint,progress=0.2685;cross_track=0.0037;one_shot=true,0.33149003982543945,0.007599218282848597,0.009404943248240115,0.16574818426824303,-0.0009909298793592703,-0.015267756767570972,,,,,,,,0.32238293664859663,0.2684911037210505,,0.0037176022420746116,,1790841073.8845122,-0.05148792266845703,0.3465120792388916,0.3345161232507047,0.003910871509637096,0.009725563163475528,0.1315614319127676,0.0003206199152354129,False
1404.277861,cmd_vel_sent,,,,,,,,,,,,,,,0.1529912537027548,-0.0036685503886792993,0.0006412398304708258,,,,,,,,,,,,,,
1404.278547,imu_data_raw,1790841073.624,,,,,,,,,,imu_frame,0.1569933444261551,0.6733692288398743,0.49140989780426025,,,,,,,,,,,,,,,,,
1404.297373,ground_trial_sample,1790841073.936,odom,base_footprint,progress=0.2685;cross_track=0.0037;one_shot=true,0.33149003982543945,0.007599218282848597,0.009404943248240115,0.16574818426824303,-0.0009909298793592703,-0.015267756767570972,,,,,,,,0.32544163452053204,0.2684911037210505,,0.0037176022420746116,,1790841073.9047508,-0.031249284744262695,0.28075075149536133,0.33751401451500557,0.003940028609781199,0.009725563163475528,0.1315614319127676,0.0003206199152354129,False
1404.298414,cmd_vel_sent,,,,,,,,,,,,,,,0.15598928659868824,-0.003667589159593395,0.0006412398304708258,,,,,,,,,,,,,,
1404.318134,ground_trial_sample,1790841073.936,odom,base_footprint,progress=0.2685;cross_track=0.0037;one_shot=true,0.33149003982543945,0.007599218282848597,0.009404943248240115,0.16574818426824303,-0.0009909298793592703,-0.015267756767570972,,,,,,,,0.3285667749344033,0.2684911037210505,,0.0037176022420746116,,1790841073.9254887,-0.010511398315429688,0.30148863792419434,0.3405181912319992,0.0039692468414198965,0.009725563163475528,0.1315614319127676,0.0003206199152354129,False
1404.319885,cmd_vel_sent,,,,,,,,,,,,,,,0.1589936052442628,-0.0036666259151709045,0.0006412398304708258,,,,,,,,,,,,,,
1404.321365,cmd_vel_observed,,,,,,,,,,,,,,,0.1624326594223305,-0.004476244178176587,-0.008000309910089685,,,,,,,,,,,,,,
1404.337449,ground_trial_sample,1790841073.936,odom,base_footprint,progress=0.2685;cross_track=0.0037;one_shot=true,0.33149003982543945,0.007599218282848597,0.009404943248240115,0.16574818426824303,-0.0009909298793592703,-0.015267756767570972,,,,,,,,0.3317479475062918,0.2684911037210505,,0.0037176022420746116,,1790841073.9448195,0.008819341659545898,0.3208193778991699,0.3435184784829484,0.003998427244618211,0.009725563163475528,0.1315614319127676,0.0003206199152354129,False
1404.338467,cmd_vel_sent,,,,,,,,,,,,,,,0.16199403424003997,-0.003665663917847645,0.0006412398304708258,,,,,,,,,,,,,,
1404.339725,odom_raw,1790841074.037,odom,base_footprint,,0.34822577238082886,0.008014153689146042,0.010946986703670704,0.16569370787382767,0.004363787397748964,0.015267756767570972,,,,,,,,,,,,,,,,,,,,,
1404.357265,ground_trial_sample,1790841074.037,odom,base_footprint,progress=0.2852;cross_track=0.0040;one_shot=true,0.34822577238082886,0.008014153689146042,0.010946986703670704,0.16569370787382767,0.004363787397748964,0.015267756767570972,,,,,,,,0.33498413094180274,0.2852300802117211,,0.003969756166688203,,1790841073.9646456,-0.07235431671142578,0.34064555168151855,0.34651414640238337,0.004027562720799604,0.009725563163475528,0.11483855385814881,0.001221423540195176,False
1404.358241,cmd_vel_sent,,,,,,,,,,,,,,,0.14824472440083838,-0.004150828814018367,-0.002442847080390352,,,,,,,,,,,,,,
1404.359037,imu_data_raw,1790841073.72,,,,,,,,,,imu_frame,0.20386499166488647,-0.46148237586021423,0.5057750940322876,,,,,,,,,,,,,,,,,
1404.377349,ground_trial_sample,1790841074.037,odom,base_footprint,progress=0.2852;cross_track=0.0040;one_shot=true,0.34822577238082886,0.008014153689146042,0.010946986703670704,0.16569370787382767,0.004363787397748964,0.015267756767570972,,,,,,,,0.337951509102362,0.2852300802117211,,0.003969756166688203,,1790841073.9847245,-0.05227541923522949,0.2647244930267334,0.34951534126039224,0.00405675195126602,0.009725563163475528,0.11483855385814881,0.001221423540195176,False
1404.378371,cmd_vel_sent,,,,,,,,,,,,,,,0.1512460589620083,-0.004154494716526406,-0.002442847080390352,,,,,,,,,,,,,,
1404.397276,ground_trial_sample,1790841074.037,odom,base_footprint,progress=0.2852;cross_track=0.0040;one_shot=true,0.34822577238082886,0.008014153689146042,0.010946986703670704,0.16569370787382767,0.004363787397748964,0.015267756767570972,,,,,,,,0.34097804255088293,0.2852300802117211,,0.003969756166688203,,1790841074.0046592,-0.03234076499938965,0.28465914726257324,0.352515666609546,0.004085932725002512,0.009725563163475528,0.11483855385814881,0.001221423540195176,False
1404.398239,cmd_vel_sent,,,,,,,,,,,,,,,0.15424652397384814,-0.004158159556945894,-0.002442847080390352,,,,,,,,,,,,,,
1404.399382,cmd_vel_observed,,,,,,,,,,,,,,,0.1564152922954624,-0.004027542836375574,-0.0016489221185634999,,,,,,,,,,,,,,
1404.417078,ground_trial_sample,1790841074.037,odom,base_footprint,progress=0.2852;cross_track=0.0040;one_shot=true,0.34822577238082886,0.008014153689146042,0.010946986703670704,0.16569370787382767,0.004363787397748964,0.015267756767570972,,,,,,,,0.3440591161321982,0.2852300802117211,,0.003969756166688203,,1790841074.0244863,-0.01251363754272461,0.3044862747192383,0.3555106861096503,0.004115061894741912,0.009725563163475528,0.11483855385814881,0.001221423540195176,False
1404.417743,cmd_vel_sent,,,,,,,,,,,,,,,0.15724168288965562,-0.004161817916371559,-0.002442847080390352,,,,,,,,,,,,,,
1404.418506,imu_data_raw,1790841073.765,,,,,,,,,,imu_frame,0.14101438224315643,-0.07841010391712189,0.33339259028434753,,,,,,,,,,,,,,,,,
1404.437282,ground_trial_sample,1790841074.037,odom,base_footprint,progress=0.2852;cross_track=0.0040;one_shot=true,0.34822577238082886,0.008014153689146042,0.010946986703670704,0.16569370787382767,0.004363787397748964,0.015267756767570972,,,,,,,,0.3472073742482664,0.2852300802117211,,0.003969756166688203,,1790841074.0446677,0.0076677799224853516,0.27966761589050293,0.3585127594761299,0.004144259669467342,0.009725563163475528,0.11483855385814881,0.001221423540195176,False
1404.438273,cmd_vel_sent,,,,,,,,,,,,,,,0.16024389600019012,-0.004165484891961007,-0.002442847080390352,,,,,,,,,,,,,,
1404.457278,ground_trial_sample,1790841074.037,odom,base_footprint,progress=0.2852;cross_track=0.0040;one_shot=true,0.34822577238082886,0.008014153689146042,0.010946986703670704,0.16569370787382767,0.004363787397748964,0.015267756767570972,,,,,,,,0.35041441920502886,0.2852300802117211,,0.003969756166688203,,1790841074.0646603,0.027660369873046875,0.29966020584106445,0.3615136322993988,0.004173445767865803,0.009725563163475528,0.11483855385814881,0.001221423540195176,False
1404.458202,cmd_vel_sent,,,,,,,,,,,,,,,0.16324490851162957,-0.004169150401109727,-0.002442847080390352,,,,,,,,,,,,,,
1404.459352,cmd_vel_observed,,,,,,,,,,,,,,,0.1529912537027548,-0.0036685503886792993,0.0006412398304708258,,,,,,,,,,,,,,
1404.477211,ground_trial_sample,1790841074.037,odom,base_footprint,progress=0.2852;cross_track=0.0040;one_shot=true,0.34822577238082886,0.008014153689146042,0.010946986703670704,0.16569370787382767,0.004363787397748964,0.015267756767570972,,,,,,,,0.35367953151419496,0.2852300802117211,,0.003969756166688203,,1790841074.0846055,0.04760551452636719,0.31960535049438477,0.36451270925759915,0.004202614399914408,0.009725563163475528,0.11483855385814881,0.001221423540195176,False
1404.478160,cmd_vel_sent,,,,,,,,,,,,,,,0.16624412507440445,-0.00417281371664338,-0.002442847080390352,,,,,,,,,,,,,,
1404.479347,odom_raw,1790841074.142,odom,base_footprint,,0.3661648631095886,0.007942804135382175,0.012550101789013396,0.17084951019548217,-0.0004056248261972745,0.015267756767570972,,,,,,,,,,,,,,,,,,,,,
1404.497441,ground_trial_sample,1790841074.142,odom,base_footprint,progress=0.3032;cross_track=0.0037;one_shot=true,0.3661648631095886,0.007942804135382175,0.012550101789013396,0.17084951019548217,-0.0004056248261972745,0.015267756767570972,,,,,,,,0.3570055801506095,0.3031676286449056,,0.003723944977646712,,1790841074.1048114,-0.03718852996826172,0.3398113250732422,0.36751267462376563,0.004231791672503232,0.009725563163475528,0.09690395197538365,0.0028245386255378677,False
1404.498408,cmd_vel_sent,,,,,,,,,,,,,,,0.15130053465945792,-0.004151315173240659,-0.0056490772510757355,,,,,,,,,,,,,,
1404.499250,imu_data_raw,1790841073.868,,,,,,,,,,imu_frame,0.0067910607904195786,0.12270283699035645,-0.49978959560394287,,,,,,,,,,,,,,,,,
1404.517239,ground_trial_sample,1790841074.142,odom,base_footprint,progress=0.3032;cross_track=0.0037;one_shot=true,0.3661648631095886,0.007942804135382175,0.012550101789013396,0.17084951019548217,-0.0004056248261972745,0.015267756767570972,,,,,,,,0.36003057976687586,0.3031676286449056,,0.003723944977646712,,1790841074.1246245,-0.017375469207763672,0.2566244602203369,0.37051040224576304,0.004260947181083597,0.009725563163475528,0.09690395197538365,0.0028245386255378677,False
1404.518166,cmd_vel_sent,,,,,,,,,,,,,,,0.15429839210092222,-0.004159782759896131,-0.0056490772510757355,,,,,,,,,,,,,,
1404.537278,ground_trial_sample,1790841074.142,odom,base_footprint,progress=0.3032;cross_track=0.0037;one_shot=true,0.3661648631095886,0.007942804135382175,0.012550101789013396,0.17084951019548217,-0.0004056248261972745,0.015267756767570972,,,,,,,,0.3631201362111313,0.3031676286449056,,0.003723944977646712,,1790841074.1446614,0.002661466598510742,0.27666139602661133,0.37351265800363154,0.0042901467297239305,0.009725563163475528,0.09690395197538365,0.0028245386255378677,False
1404.538203,cmd_vel_sent,,,,,,,,,,,,,,,0.1573007778743529,-0.0041682631370341654,-0.0056490772510757355,,,,,,,,,,,,,,
1404.539347,cmd_vel_observed,,,,,,,,,,,,,,,0.14824472440083838,-0.004150828814018367,-0.002442847080390352,,,,,,,,,,,,,,
1404.557435,ground_trial_sample,1790841074.142,odom,base_footprint,progress=0.3032;cross_track=0.0037;one_shot=true,0.3661648631095886,0.007942804135382175,0.012550101789013396,0.17084951019548217,-0.0004056248261972745,0.015267756767570972,,,,,,,,0.36627334295413116,0.3031676286449056,,0.003723944977646712,,1790841074.164813,0.022813081741333008,0.2968130111694336,0.3765183181504663,0.0043193793890081355,0.009725563163475528,0.09690395197538365,0.0028245386255378677,False
1404.558500,cmd_vel_sent,,,,,,,,,,,,,,,0.1603065681841802,-0.004176753130442327,-0.0056490772510757355,,,,,,,,,,,,,,
1404.559691,odom_raw,1790841074.206,odom,base_footprint,,0.3767687976360321,0.008239086717367172,0.013527237773460477,0.16568189665039265,0.0047913037639764015,0.015267756767570972,,,,,,,,,,,,,,,,,,,,,
1404.577334,ground_trial_sample,1790841074.206,odom,base_footprint,progress=0.3138;cross_track=0.0039;one_shot=true,0.3767687976360321,0.008239086717367172,0.013527237773460477,0.16568189665039265,0.0047913037639764015,0.015267756767570972,,,,,,,,0.3694752045568158,0.3137739431498974,,0.003917085938311867,,1790841074.184705,-0.02129507064819336,0.31670498847961426,0.3795131648587286,0.004348506878196576,0.009725563163475528,0.08631498387977168,0.0038016746099849494,False
1404.578358,cmd_vel_sent,,,,,,,,,,,,,,,0.1526904049889617,-0.004497596277128954,-0.007603349219969899,,,,,,,,,,,,,,
1404.579195,imu_data_raw,1790841073.902,,,,,,,,,,imu_frame,0.18788601458072662,-0.657806932926178,-0.5045779943466187,,,,,,,,,,,,,,,,,
1404.597304,ground_trial_sample,1790841074.206,odom,base_footprint,progress=0.3138;cross_track=0.0039;one_shot=true,0.3767687976360321,0.008239086717367172,0.013527237773460477,0.16568189665039265,0.0047913037639764015,0.015267756767570972,,,,,,,,0.37253072012679933,0.3137739431498974,,0.003917085938311867,,1790841074.2046883,-0.0013117790222167969,0.3026883602142334,0.382513399012205,0.004377686764975781,0.009725563163475528,0.08631498387977168,0.0038016746099849494,False
1404.598233,cmd_vel_sent,,,,,,,,,,,,,,,0.1556907593571864,-0.004509002703102976,-0.007603349219969899,,,,,,,,,,,,,,
1404.617231,ground_trial_sample,1790841074.206,odom,base_footprint,progress=0.3138;cross_track=0.0039;one_shot=true,0.3767687976360321,0.008239086717367172,0.013527237773460477,0.16568189665039265,0.0047913037639764015,0.015267756767570972,,,,,,,,0.3756453688082915,0.3137739431498974,,0.003917085938311867,,1790841074.2246163,0.018616199493408203,0.3226163387298584,0.3855128025049532,0.004406858572856888,0.009725563163475528,0.08631498387977168,0.0038016746099849494,False
1404.618143,cmd_vel_sent,,,,,,,,,,,,,,,0.15869028303139962,-0.00452040597103345,-0.007603349219969899,,,,,,,,,,,,,,
1404.619279,cmd_vel_observed,,,,,,,,,,,,,,,0.16024389600019012,-0.004165484891961007,-0.002442847080390352,,,,,,,,,,,,,,
1404.637254,ground_trial_sample,1790841074.206,odom,base_footprint,progress=0.3138;cross_track=0.0039;one_shot=true,0.3767687976360321,0.008239086717367172,0.013527237773460477,0.16568189665039265,0.0047913037639764015,0.015267756767570972,,,,,,,,0.37881824264641617,0.3137739431498974,,0.003917085938311867,,1790841074.24464,0.03864002227783203,0.3426401615142822,0.38851056387537275,0.0044360144096700135,0.009725563163475528,0.08631498387977168,0.0038016746099849494,False
1404.638168,cmd_vel_sent,,,,,,,,,,,,,,,0.16168816451748694,-0.004531802995868945,-0.007603349219969899,,,,,,,,,,,,,,
1404.639308,odom_raw,1790841074.315,odom,base_footprint,,0.39444050192832947,0.008197656832635403,0.015206691223277708,0.16065231761691964,-0.0001068316568170885,0.015267756767570972,,,,,,,,,,,,,,,,,,,,,
1404.657243,ground_trial_sample,1790841074.315,odom,base_footprint,progress=0.3314;cross_track=0.0037;one_shot=true,0.39444050192832947,0.008197656832635403,0.015206691223277708,0.16065231761691964,-0.0001068316568170885,0.015267756767570972,,,,,,,,0.38205531247832253,0.3314444087731478,,0.0037037934459959836,,1790841074.2646303,-0.0503697395324707,0.36263036727905273,0.39151231055731317,0.004465209007104147,0.009725563163475528,0.0686555691430336,0.005481128059802181,False
1404.658148,cmd_vel_sent,,,,,,,,,,,,,,,0.147013137989167,-0.004509654988144052,-0.010962256119604361,,,,,,,,,,,,,,
1404.658927,imu_data_raw,1790841074.048,,,,,,,,,,imu_frame,0.10479538887739182,0.3381809890270233,0.74040687084198,,,,,,,,,,,,,,,,,
1404.677321,ground_trial_sample,1790841074.315,odom,base_footprint,progress=0.3314;cross_track=0.0037;one_shot=true,0.39444050192832947,0.008197656832635403,0.015206691223277708,0.16065231761691964,-0.0001068316568170885,0.015267756767570972,,,,,,,,0.3849992764217341,0.3314444087731478,,0.0037037934459959836,,1790841074.2847056,-0.030294418334960938,0.23670554161071777,0.39451453271675085,0.004494408228970516,0.009725563163475528,0.0686555691430336,0.005481128059802181,False
1404.678270,cmd_vel_sent,,,,,,,,,,,,,,,0.15001545703961505,-0.004526111248133454,-0.010962256119604361,,,,,,,,,,,,,,
1404.697446,ground_trial_sample,1790841074.315,odom,base_footprint,progress=0.3314;cross_track=0.0037;one_shot=true,0.39444050192832947,0.008197656832635403,0.015206691223277708,0.16065231761691964,-0.0001068316568170885,0.015267756767570972,,,,,,,,0.3880004526954951,0.3314444087731478,,0.0037037934459959836,,1790841074.304817,-0.010183095932006836,0.2568168640136719,0.3975138930115215,0.004523579616713717,0.009725563163475528,0.0686555691430336,0.005481128059802181,False
1404.698454,cmd_vel_sent,,,,,,,,,,,,,,,0.15301491413303484,-0.00454255182121279,-0.010962256119604361,,,,,,,,,,,,,,
1404.699628,cmd_vel_observed,,,,,,,,,,,,,,,0.15429839210092222,-0.004159782759896131,-0.0056490772510757355,,,,,,,,,,,,,,
1404.718232,ground_trial_sample,1790841074.315,odom,base_footprint,progress=0.3314;cross_track=0.0037;one_shot=true,0.39444050192832947,0.008197656832635403,0.015206691223277708,0.16065231761691964,-0.0001068316568170885,0.015267756767570972,,,,,,,,0.39117696225549387,0.3314444087731478,,0.0037037934459959836,,1790841074.3256078,0.010607719421386719,0.27760767936706543,0.4006262960599424,0.004553850443561996,0.009725563163475528,0.0686555691430336,0.005481128059802181,False
1404.719211,cmd_vel_sent,,,,,,,,,,,,,,,0.15612741762834476,-0.004559612022302711,-0.010962256119604361,,,,,,,,,,,,,,
1404.720419,odom_raw,1790841074.386,odom,base_footprint,,0.4056861698627472,0.00819017831236124,0.01627543511643142,0.16065234004296372,6.486455488364596e-05,0.015267756767570972,,,,,,,,,,,,,,,,,,,,,
1404.737347,ground_trial_sample,1790841074.386,odom,base_footprint,progress=0.3427;cross_track=0.0036;one_shot=true,0.4056861698627472,0.00819017831236124,0.01627543511643142,0.16065234004296372,6.486455488364596e-05,0.015267756767570972,,,,,,,,0.3941813421330778,0.3426894721354545,,0.003586946549745894,,1790841074.3447242,-0.041275739669799805,0.2967240810394287,0.403511398658583,0.004581910575827733,0.009725563163475528,0.057422667907922775,0.006549871952955893,False
1404.738300,cmd_vel_sent,,,,,,,,,,,,,,,0.14776357574182306,-0.004554869833527561,-0.013099743905911785,,,,,,,,,,,,,,
1404.739141,imu_data_raw,1790841074.098,,,,,,,,,,imu_frame,-0.25313347578048706,0.055665191262960434,0.8361749649047852,,,,,,,,,,,,,,,,,
1404.757247,ground_trial_sample,1790841074.386,odom,base_footprint,progress=0.3427;cross_track=0.0036;one_shot=true,0.4056861698627472,0.00819017831236124,0.01627543511643142,0.16065234004296372,6.486455488364596e-05,0.015267756767570972,,,,,,,,0.39713769243231895,0.3426894721354545,,0.003586946549745894,,1790841074.364637,-0.021363019943237305,0.26663684844970703,0.4065109270954307,0.0046110835988988855,0.009725563163475528,0.057422667907922775,0.006549871952955893,False
1404.758198,cmd_vel_sent,,,,,,,,,,,,,,,0.15076318169789657,-0.004574517149411974,-0.013099743905911785,,,,,,,,,,,,,,
1404.777336,ground_trial_sample,1790841074.386,odom,base_footprint,progress=0.3427;cross_track=0.0036;one_shot=true,0.4056861698627472,0.00819017831236124,0.01627543511643142,0.16065234004296372,6.486455488364596e-05,0.015267756767570972,,,,,,,,0.40015702028923933,0.3426894721354545,,0.003586946549745894,,1790841074.3847153,-0.0012845993041992188,0.2867152690887451,0.40948027479124105,0.00463996308801191,0.009725563163475528,0.057422667907922775,0.006549871952955893,False
1404.778388,cmd_vel_sent,,,,,,,,,,,,,,,0.15008995900398128,-0.004570107563912542,-0.013099743905911785,,,,,,,,,,,,,,
1404.779643,cmd_vel_observed,,,,,,,,,,,,,,,0.1556907593571864,-0.004509002703102976,-0.007603349219969899,,,,,,,,,,,,,,
1404.797359,ground_trial_sample,1790841074.386,odom,base_footprint,progress=0.3427;cross_track=0.0036;one_shot=true,0.4056861698627472,0.00819017831236124,0.01627543511643142,0.16065234004296372,6.486455488364596e-05,0.015267756767570972,,,,,,,,0.4031588615213125,0.3426894721354545,,0.003586946549745894,,1790841074.4047422,0.01874232292175293,0.30674219131469727,0.4123660047167089,0.0046680293215766964,0.009725563163475528,0.057422667907922775,0.006549871952955893,False
1404.798333,cmd_vel_sent,,,,,,,,,,,,,,,0.14897764627044333,-0.004562821953749706,-0.013099743905911785,,,,,,,,,,,,,,
1404.799493,odom_raw,1790841074.476,odom,base_footprint,,0.4201374053955078,0.008654903620481491,0.014901335676397441,0.16057627708984426,0.004942976577540708,-0.015267756767570972,,,,,,,,,,,,,,,,,,,,,
1404.817471,ground_trial_sample,1790841074.476,odom,base_footprint,progress=0.3571;cross_track=0.0039;one_shot=true,0.4201374053955078,0.008654903620481491,0.014901335676397441,0.16057627708984426,0.004942976577540708,-0.015267756767570972,,,,,,,,0.406141091918266,0.357144543871225,,0.0039111056913102,,1790841074.4248462,-0.05115389823913574,0.3268461227416992,0.4151742418323984,0.004695341870162292,0.009725563163475528,0.043033555137055104,0.005175772512921914,False
1404.818429,cmd_vel_sent,,,,,,,,,,,,,,,0.13333388742236155,-0.004601270110415112,-0.010351545025843827,,,,,,,,,,,,,,
1404.819263,imu_data_raw,1790841074.15,,,,,,,,,,imu_frame,-0.01344896387308836,-0.13587094843387604,0.3860650360584259,,,,,,,,,,,,,,,,,
1404.837173,ground_trial_sample,1790841074.476,odom,base_footprint,progress=0.3571;cross_track=0.0039;one_shot=true,0.4201374053955078,0.008654903620481491,0.014901335676397441,0.16057627708984426,0.004942976577540708,-0.015267756767570972,,,,,,,,0.40880658660443747,0.357144543871225,,0.0039111056913102,,1790841074.444569,-0.031430959701538086,0.2945690155029297,0.4178984699563411,0.004721837358231205,0.009725563163475528,0.043033555137055104,0.005175772512921914,False
1404.837838,cmd_vel_sent,,,,,,,,,,,,,,,0.13206241461979332,-0.00459468919766802,-0.010351545025843827,,,,,,,,,,,,,,
1404.857509,ground_trial_sample,1790841074.476,odom,base_footprint,progress=0.3571;cross_track=0.0039;one_shot=true,0.4201374053955078,0.008654903620481491,0.014901335676397441,0.16057627708984426,0.004942976577540708,-0.015267756767570972,,,,,,,,0.41145383385629986,0.357144543871225,,0.0039111056913102,,1790841074.464875,-0.01112508773803711,0.31487488746643066,0.4205499161431926,0.004747624978655376,0.009725563163475528,0.043033555137055104,0.005175772512921914,False
1404.858625,cmd_vel_sent,,,,,,,,,,,,,,,0.13070734355760252,-0.004587675595482921,-0.010351545025843827,,,,,,,,,,,,,,
1404.859782,cmd_vel_observed,,,,,,,,,,,,,,,0.15001545703961505,-0.004526111248133454,-0.010962256119604361,,,,,,,,,,,,,,
1404.877472,ground_trial_sample,1790841074.476,odom,base_footprint,progress=0.3571;cross_track=0.0039;one_shot=true,0.4201374053955078,0.008654903620481491,0.014901335676397441,0.16057627708984426,0.004942976577540708,-0.015267756767570972,,,,,,,,0.4140786103660126,0.357144543871225,,0.0039111056913102,,1790841074.4848452,0.008845090866088867,0.33484506607055664,0.4231256049609267,0.004772675792770289,0.009725563163475528,0.043033555137055104,0.005175772512921914,False
1404.878524,cmd_vel_sent,,,,,,,,,,,,,,,0.12926938025371112,-0.004580232958080599,-0.010351545025843827,,,,,,,,,,,,,,
1404.879453,imu_data_raw,1790841074.219,,,,,,,,,,imu_frame,0.1836249679327011,-0.322618693113327,-0.11671733111143112,,,,,,,,,,,,,,,,,
1404.897349,ground_trial_sample,1790841074.476,odom,base_footprint,progress=0.3571;cross_track=0.0039;one_shot=true,0.4201374053955078,0.008654903620481491,0.014901335676397441,0.16057627708984426,0.004942976577540708,-0.015267756767570972,,,,,,,,0.41665242876435926,0.357144543871225,,0.0039111056913102,,1790841074.5047276,0.02872753143310547,0.28572750091552734,0.4255998312530346,0.004796739795570265,0.009725563163475528,0.043033555137055104,0.005175772512921914,False
1404.898379,cmd_vel_sent,,,,,,,,,,,,,,,0.12776414032659517,-0.004572442109071656,-0.010351545025843827,,,,,,,,,,,,,,
1404.917443,ground_trial_sample,1790841074.476,odom,base_footprint,progress=0.3571;cross_track=0.0039;one_shot=true,0.4201374053955078,0.008654903620481491,0.014901335676397441,0.16057627708984426,0.004942976577540708,-0.015267756767570972,,,,,,,,0.41921304039731283,0.357144543871225,,0.0039111056913102,,1790841074.5248156,0.04881548881530762,0.3058154582977295,0.42801036514253327,0.004820184334354516,0.009725563163475528,0.043033555137055104,0.005175772512921914,False
1404.918469,cmd_vel_sent,,,,,,,,,,,,,,,0.12616903238825522,-0.00456418611952693,-0.010351545025843827,,,,,,,,,,,,,,
1404.919655,cmd_vel_observed,,,,,,,,,,,,,,,0.14776357574182306,-0.004554869833527561,-0.013099743905911785,,,,,,,,,,,,,,
1404.937419,ground_trial_sample,1790841074.476,odom,base_footprint,progress=0.3571;cross_track=0.0039;one_shot=true,0.4201374053955078,0.008654903620481491,0.014901335676397441,0.16057627708984426,0.004942976577540708,-0.015267756767570972,,,,,,,,0.4217365087392392,0.357144543871225,,0.0039111056913102,,1790841074.5447953,0.06879520416259766,0.32579517364501953,0.4303359529759664,0.004842802698856516,0.009725563163475528,0.043033555137055104,0.005175772512921914,False
1404.938400,cmd_vel_sent,,,,,,,,,,,,,,,0.12449722840364782,-0.004555533165149362,-0.010351545025843827,,,,,,,,,,,,,,
1404.939651,odom_raw,1790841074.597,odom,base_footprint,,0.4383332133293152,0.009234615601599216,0.016748733715617328,0.15036944047246292,0.005068809971194159,0.015267756767570972,,,,,,,,,,,,,,,,,,,,,
1404.957448,ground_trial_sample,1790841074.597,odom,base_footprint,progress=0.3753;cross_track=0.0043;one_shot=true,0.4383332133293152,0.009234615601599216,0.016748733715617328,0.15036944047246292,0.005068809971194159,0.015267756767570972,,,,,,,,0.4242290382173767,0.3753451292088135,,0.004313828566517729,,1790841074.5648203,-0.03217959403991699,0.34582018852233887,0.43258382329045175,0.004864665192887197,0.009725563163475528,0.025029418104131094,0.0070231705521418,False
1404.958515,cmd_vel_sent,,,,,,,,,,,,,,,0.10453218051532497,-0.005048094361110521,-0.0140463411042836,,,,,,,,,,,,,,
1404.959370,imu_data_raw,1790841074.323,,,,,,,,,,imu_frame,0.21451762318611145,0.12270283699035645,0.3477577865123749,,,,,,,,,,,,,,,,,
1404.977531,ground_trial_sample,1790841074.597,odom,base_footprint,progress=0.3753;cross_track=0.0043;one_shot=true,0.4383332133293152,0.009234615601599216,0.016748733715617328,0.15036944047246292,0.005068809971194159,0.015267756767570972,,,,,,,,0.4263222968907908,0.3753451292088135,,0.004313828566517729,,1790841074.5848978,-0.012102127075195312,0.2618978023529053,0.43475103581300867,0.00488574321973434,0.009725563163475528,0.025029418104131094,0.0070231705521418,False
1404.978640,cmd_vel_sent,,,,,,,,,,,,,,,0.10269919934331026,-0.00503522081005759,-0.0140463411042836,,,,,,,,,,,,,,
1404.997410,ground_trial_sample,1790841074.597,odom,base_footprint,progress=0.3753;cross_track=0.0043;one_shot=true,0.4383332133293152,0.009234615601599216,0.016748733715617328,0.15036944047246292,0.005068809971194159,0.015267756767570972,,,,,,,,0.4283787821396015,0.3753451292088135,,0.004313828566517729,,1790841074.6047866,0.007786750793457031,0.2817866802215576,0.43683809762771436,0.004906041711231663,0.009725563163475528,0.025029418104131094,0.0070231705521418,False
1404.998405,cmd_vel_sent,,,,,,,,,,,,,,,0.10078634084267095,-0.005021786257678664,-0.0140463411042836,,,,,,,,,,,,,,
1404.999706,cmd_vel_observed,,,,,,,,,,,,,,,0.13333388742236155,-0.004601270110415112,-0.010351545025843827,,,,,,,,,,,,,,
1405.017406,ground_trial_sample,1790841074.597,odom,base_footprint,progress=0.3753;cross_track=0.0043;one_shot=true,0.4383332133293152,0.009234615601599216,0.016748733715617328,0.15036944047246292,0.005068809971194159,0.015267756767570972,,,,,,,,0.4303962449581703,0.3753451292088135,,0.004313828566517729,,1790841074.62478,0.02778005599975586,0.30177998542785645,0.4388443828076552,0.004925554579695492,0.009725563163475528,0.025029418104131094,0.0070231705521418,False
1405.018420,cmd_vel_sent,,,,,,,,,,,,,,,0.09879428544016286,-0.005007795482805473,-0.0140463411042836,,,,,,,,,,,,,,
1405.019594,odom_raw,1790841074.656,odom,base_footprint,,0.4470571279525757,0.009380743838846684,0.016748731853037522,0.1478627927704143,0.00247674586374945,-2.2307128588749947e-08,,,,,,,,,,,,,,,,,,,,,
1405.037335,ground_trial_sample,1790841074.656,odom,base_footprint,progress=0.3841;cross_track=0.0044;one_shot=true,0.4470571279525757,0.009380743838846684,0.016748731853037522,0.1478627927704143,0.00247674586374945,-2.2307128588749947e-08,,,,,,,,0.43237484896628947,0.38407005240970427,,0.004375106247759813,,1790841074.6447165,-0.011283397674560547,0.3217165470123291,0.4407716204315054,0.004944298641919908,0.009725563163475528,0.016519830050843662,0.007023168689561994,False
1405.038309,cmd_vel_sent,,,,,,,,,,,,,,,0.0879961599645947,-0.004993236187602954,-0.014046337379123988,,,,,,,,,,,,,,
1405.039145,imu_data_raw,1790841074.378,,,,,,,,,,imu_frame,-0.16684705018997192,0.25677812099456787,0.12270283699035645,,,,,,,,,,,,,,,,,
1405.057304,ground_trial_sample,1790841074.656,odom,base_footprint,progress=0.3841;cross_track=0.0044;one_shot=true,0.4470571279525757,0.009380743838846684,0.016748731853037522,0.1478627927704143,0.00247674586374945,-2.2307128588749947e-08,,,,,,,,0.4341376238645012,0.38407005240970427,,0.004375106247759813,,1790841074.6646874,0.008687496185302734,0.28668737411499023,0.44261870250377255,0.004962263121684997,0.009725563163475528,0.016519830050843662,0.007023168689561994,False
1405.058262,cmd_vel_sent,,,,,,,,,,,,,,,0.08584333568990064,-0.004978116290966188,-0.014046337379123988,,,,,,,,,,,,,,
1405.077261,ground_trial_sample,1790841074.656,odom,base_footprint,progress=0.3841;cross_track=0.0044;one_shot=true,0.4470571279525757,0.009380743838846684,0.016748731853037522,0.1478627927704143,0.00247674586374945,-2.2307128588749947e-08,,,,,,,,0.43585699605330636,0.38407005240970427,,0.004375106247759813,,1790841074.6846433,0.028643369674682617,0.3066432476043701,0.44438538572002256,0.004979445652643511,0.009725563163475528,0.016519830050843662,0.007023168689561994,False
1405.078335,cmd_vel_sent,,,,,,,,,,,,,,,0.08361103891674644,-0.004962438236389496,-0.014046337379123988,,,,,,,,,,,,,,
1405.079530,cmd_vel_observed,,,,,,,,,,,,,,,0.12776414032659517,-0.004572442109071656,-0.010351545025843827,,,,,,,,,,,,,,
1405.097370,ground_trial_sample,1790841074.656,odom,base_footprint,progress=0.3841;cross_track=0.0044;one_shot=true,0.4470571279525757,0.009380743838846684,0.016748731853037522,0.1478627927704143,0.00247674586374945,-2.2307128588749947e-08,,,,,,,,0.4375326671808715,0.38407005240970427,,0.004375106247759813,,1790841074.7047467,0.04874682426452637,0.32674670219421387,0.44607297005380303,0.0049958588781689305,0.009725563163475528,0.016519830050843662,0.007023168689561994,False
1405.098349,cmd_vel_sent,,,,,,,,,,,,,,,0.0812975479226129,-0.004946189931726378,-0.014046337379123988,,,,,,,,,,,,,,
1405.099526,odom_raw,1790841074.746,odom,base_footprint,,0.4603724777698517,0.009144766256213188,0.019496932017735082,0.14795482994012626,-0.002215372951111764,0.030535558238625526,,,,,,,,,,,,,,,,,,,,,
1405.117345,ground_trial_sample,1790841074.746,odom,base_footprint,progress=0.3974;cross_track=0.0040;one_shot=true,0.4603724777698517,0.009144766256213188,0.019496932017735082,0.14795482994012626,-0.002215372951111764,0.030535558238625526,,,,,,,,0.43916093706735065,0.3973824775265456,,0.004009642590975361,,1790841074.7247255,-0.021274566650390625,0.3467254638671875,0.4476793733161426,0.0050114825471624,0.009725563163475528,0.00478838778780529,0.009771368854259554,False
1405.118288,cmd_vel_sent,,,,,,,,,,,,,,,0.06558371107233855,-0.0046506970465330115,-0.01954273770851911,,,,,,,,,,,,,,
1405.119124,imu_data_raw,1790841074.428,,,,,,,,,,imu_frame,0.16018913686275482,0.23762452602386475,-0.25079262256622314,,,,,,,,,,,,,,,,,
1405.137409,ground_trial_sample,1790841074.746,odom,base_footprint,progress=0.3974;cross_track=0.0040;one_shot=true,0.4603724777698517,0.009144766256213188,0.019496932017735082,0.14795482994012626,-0.002215372951111764,0.030535558238625526,,,,,,,,0.4404763119900534,0.3973824775265456,,0.004009642590975361,,1790841074.7447703,-0.0012297630310058594,0.3167703151702881,0.4492069357748296,0.005026339420763751,0.009725563163475528,0.00478838778780529,0.009771368854259554,False
1405.138563,cmd_vel_sent,,,,,,,,,,,,,,,0.06311022606576189,-0.0046265269429223675,-0.01954273770851911,,,,,,,,,,,,,,
1405.157393,ground_trial_sample,1790841074.746,odom,base_footprint,progress=0.3974;cross_track=0.0040;one_shot=true,0.4603724777698517,0.009144766256213188,0.019496932017735082,0.14795482994012626,-0.002215372951111764,0.030535558238625526,,,,,,,,0.44174305087109517,0.3973824775265456,,0.004009642590975361,,1790841074.7647665,0.018766403198242188,0.33676648139953613,0.45065529256962644,0.005040425950389811,0.009725563163475528,0.00478838778780529,0.009771368854259554,False
1405.158730,cmd_vel_sent,,,,,,,,,,,,,,,0.06055514734464783,-0.004601559531655078,-0.01954273770851911,,,,,,,,,,,,,,
1405.159921,cmd_vel_observed,,,,,,,,,,,,,,,0.10269919934331026,-0.00503522081005759,-0.0140463411042836,,,,,,,,,,,,,,
1405.177317,ground_trial_sample,1790841074.746,odom,base_footprint,progress=0.3974;cross_track=0.0040;one_shot=true,0.4603724777698517,0.009144766256213188,0.019496932017735082,0.14795482994012626,-0.002215372951111764,0.030535558238625526,,,,,,,,0.4429559994105343,0.3973824775265456,,0.004009642590975361,,1790841074.7847013,0.03870129585266113,0.3567013740539551,0.45202050663339893,0.0050537038446382,0.009725563163475528,0.00478838778780529,0.009771368854259554,False
1405.178226,cmd_vel_sent,,,,,,,,,,,,,,,0.05792597249778665,-0.004575868076768483,-0.01954273770851911,,,,,,,,,,,,,,
1405.179411,odom_raw,1790841074.842,odom,base_footprint,,0.47236883640289307,0.009133868850767612,0.01803122877333145,0.12496174409379687,-0.0002966718650294505,-0.015267756767570972,,,,,,,,,,,,,,,,,,,,,
1405.197383,ground_trial_sample,1790841074.842,odom,base_footprint,progress=0.4094;cross_track=0.0039;one_shot=true,0.47236883640289307,0.009133868850767612,0.01803122877333145,0.12496174409379687,-0.0002966718650294505,-0.015267756767570972,,,,,,,,0.4441181136563174,0.40937816283506384,,0.0038820761965310327,,1790841074.80476,-0.037240028381347656,0.37676000595092773,0.45330761606564346,0.005066222103408711,0.009725563163475528,0.010149899199334157,0.008305665609855925,False
1405.198355,cmd_vel_sent,,,,,,,,,,,,,,,0.043225718170769444,-0.00424123671772707,-0.01661133121971185,,,,,,,,,,,,,,
1405.199195,imu_data_raw,1790841074.56,,,,,,,,,,imu_frame,0.15805861353874207,0.03651157766580582,0.20889410376548767,,,,,,,,,,,,,,,,,
1405.217436,ground_trial_sample,1790841074.842,odom,base_footprint,progress=0.4094;cross_track=0.0039;one_shot=true,0.47236883640289307,0.009133868850767612,0.01803122877333145,0.12496174409379687,-0.0002966718650294505,-0.015267756767570972,,,,,,,,0.4449880049108373,0.40937816283506384,,0.0038820761965310327,,1790841074.824814,-0.01718592643737793,0.2648141384124756,0.45451639199763927,0.005077978500753965,0.009725563163475528,0.010149899199334157,0.008305665609855925,False
1405.218437,cmd_vel_sent,,,,,,,,,,,,,,,0.04042900493914316,-0.004218007618670048,-0.01661133121971185,,,,,,,,,,,,,,
1405.237342,ground_trial_sample,1790841074.842,odom,base_footprint,progress=0.4094;cross_track=0.0039;one_shot=true,0.47236883640289307,0.009133868850767612,0.01803122877333145,0.12496174409379687,-0.0002966718650294505,-0.015267756767570972,,,,,,,,0.4457998655181414,0.40937816283506384,,0.0038820761965310327,,1790841074.8447206,0.0027205944061279297,0.28472065925598145,0.4556419305121287,0.0050889253418131475,0.009725563163475528,0.010149899199334157,0.008305665609855925,False
1405.238305,cmd_vel_sent,,,,,,,,,,,,,,,0.03756014864169944,-0.0041941793096535625,-0.01661133121971185,,,,,,,,,,,,,,
1405.239490,cmd_vel_observed,,,,,,,,,,,,,,,0.08584333568990064,-0.004978116290966188,-0.014046337379123988,,,,,,,,,,,,,,
1405.257512,ground_trial_sample,1790841074.842,odom,base_footprint,progress=0.4094;cross_track=0.0039;one_shot=true,0.47236883640289307,0.009133868850767612,0.01803122877333145,0.12496174409379687,-0.0002966718650294505,-0.015267756767570972,,,,,,,,0.44655982243653314,0.40937816283506384,,0.0038820761965310327,,1790841074.864886,0.022886037826538086,0.3048861026763916,0.4566945055653658,0.00509916254974723,0.009725563163475528,0.010149899199334157,0.008305665609855925,False
1405.258517,cmd_vel_sent,,,,,,,,,,,,,,,0.03459125848267334,-0.004169520133727494,-0.01661133121971185,,,,,,,,,,,,,,
1405.259743,odom_raw,1790841074.926,odom,base_footprint,,0.4826476275920868,0.009319228120148182,0.01803122877333145,0.12236647122139802,0.002206656988568367,0.0,,,,,,,,,,,,,,,,,,,,,
1405.277271,ground_trial_sample,1790841074.926,odom,base_footprint,progress=0.4197;cross_track=0.0040;one_shot=true,0.4826476275920868,0.009319228120148182,0.01803122877333145,0.12236647122139802,0.002206656988568367,0.0,,,,,,,,0.4472528744832403,0.4196582706051061,,0.003967461242692268,,1790841074.884659,-0.04134106636047363,0.3246591091156006,0.45765618112179596,0.005108515681009484,0.009725563163475528,0.02005463417506892,0.008305665609855925,False
1405.278266,cmd_vel_sent,,,,,,,,,,,,,,,0.02129432400729077,-0.004144465694087614,-0.01661133121971185,,,,,,,,,,,,,,
1405.279122,imu_data_raw,1790841074.618,,,,,,,,,,imu_frame,-0.0219710785895586,0.08439560979604721,-0.45669397711753845,,,,,,,,,,,,,,,,,
1405.297318,ground_trial_sample,1790841074.926,odom,base_footprint,progress=0.4197;cross_track=0.0040;one_shot=true,0.4826476275920868,0.009319228120148182,0.01803122877333145,0.12236647122139802,0.002206656988568367,0.0,,,,,,,,0.4476867462373551,0.4196582706051061,,0.003967461242692268,,1790841074.9047008,-0.021299362182617188,0.2867007255554199,0.4585433119316107,0.005117143799771063,0.009725563163475528,0.02005463417506892,0.008305665609855925,False
1405.298258,cmd_vel_sent,,,,,,,,,,,,,,,0.018181659739282926,-0.004118612351029354,-0.01661133121971185,,,,,,,,,,,,,,
1405.318128,ground_trial_sample,1790841074.926,odom,base_footprint,progress=0.4197;cross_track=0.0040;one_shot=true,0.4826476275920868,0.009319228120148182,0.01803122877333145,0.12236647122139802,0.002206656988568367,0.0,,,,,,,,0.44805984805879373,0.4196582706051061,,0.003967461242692268,,1790841074.9254825,-0.0005176067352294922,0.3074824810028076,0.45935098535091434,0.005124999126297011,0.009725563163475528,0.02005463417506892,0.008305665609855925,False
1405.320157,cmd_vel_sent,,,,,,,,,,,,,,,0.014986739160160991,-0.004092075798846423,-0.01661133121971185,,,,,,,,,,,,,,
1405.321963,cmd_vel_observed,,,,,,,,,,,,,,,0.06311022606576189,-0.0046265269429223675,-0.01954273770851911,,,,,,,,,,,,,,
1405.337449,ground_trial_sample,1790841074.926,odom,base_footprint,progress=0.4197;cross_track=0.0040;one_shot=true,0.4826476275920868,0.009319228120148182,0.01803122877333145,0.12236647122139802,0.002206656988568367,0.0,,,,,,,,0.4483706484402314,0.4196582706051061,,0.003967461242692268,,1790841074.944824,0.018823862075805664,0.3268239498138428,0.46007828779227694,0.005132072775154921,0.009725563163475528,0.02005463417506892,0.008305665609855925,False
1405.338505,cmd_vel_sent,,,,,,,,,,,,,,,0.011712989520955687,-0.004064884503794419,-0.01661133121971185,,,,,,,,,,,,,,
1405.339714,odom_raw,1790841075.018,odom,base_footprint,,0.49088597297668457,0.007825507782399654,0.016626592642327253,0.08952446252669821,-0.016361852565614763,-0.015267767943441868,,,,,,,,,,,,,,,,,,,,,
1405.357273,ground_trial_sample,1790841075.018,odom,base_footprint,progress=0.4279;cross_track=0.0024;one_shot=true,0.49088597297668457,0.007825507782399654,0.016626592642327253,0.08952446252669821,-0.016361852565614763,-0.015267767943441868,,,,,,,,0.4486184455236648,0.427881699331842,,0.0023936902620150533,,1790841074.9646583,-0.05334162712097168,0.34665822982788086,0.46072495129719593,0.005138362140215283,0.009725563163475528,0.02798426183950012,0.006901029478851726,False
1405.358221,cmd_vel_sent,,,,,,,,,,,,,,,0.00015580836435314112,-0.0023948225171323287,-0.013802058957703452,,,,,,,,,,,,,,
1405.359091,imu_data_raw,1790841074.702,,,,,,,,,,imu_frame,0.05579322576522827,-0.016160860657691956,0.228047713637352,,,,,,,,,,,,,,,,,
1405.377429,ground_trial_sample,1790841075.018,odom,base_footprint,progress=0.4279;cross_track=0.0024;one_shot=true,0.49088597297668457,0.007825507782399654,0.016626592642327253,0.08952446252669821,-0.016361852565614763,-0.015267767943441868,,,,,,,,0.44866646308372715,0.427881699331842,,0.0023936902620150533,,1790841074.9848125,-0.0331873893737793,0.28281259536743164,0.4612923036411663,0.0051438801352497,0.009725563163475528,0.02798426183950012,0.006901029478851726,False
1405.378490,cmd_vel_sent,,,,,,,,,,,,,,,-0.0032783846816882988,-0.002371122673455574,-0.013802058957703452,,,,,,,,,,,,,,
1405.397540,ground_trial_sample,1790841075.018,odom,base_footprint,progress=0.4279;cross_track=0.0024;one_shot=true,0.49088597297668457,0.007825507782399654,0.016626592642327253,0.08952446252669821,-0.016361852565614763,-0.015267767943441868,,,,,,,,0.44874744377665976,0.427881699331842,,0.0023936902620150533,,1790841075.0049047,-0.01309514045715332,0.3029048442840576,0.461779745240882,0.005148620928788998,0.009725563163475528,0.02798426183950012,0.006901029478851726,False
1405.398568,cmd_vel_sent,,,,,,,,,,,,,,,-0.00679384711611765,-0.00234686197843043,-0.013802058957703452,,,,,,,,,,,,,,
1405.399740,cmd_vel_observed,,,,,,,,,,,,,,,0.04042900493914316,-0.004218007618670048,-0.01661133121971185,,,,,,,,,,,,,,
1405.417405,ground_trial_sample,1790841075.018,odom,base_footprint,progress=0.4279;cross_track=0.0024;one_shot=true,0.49088597297668457,0.007825507782399654,0.016626592642327253,0.08952446252669821,-0.016361852565614763,-0.015267767943441868,,,,,,,,0.44889100057059905,0.427881699331842,,0.0023936902620150533,,1790841075.024767,0.0067670345306396484,0.3227670192718506,0.4621862864273638,0.0051525748954415265,0.009725563163475528,0.02798426183950012,0.006901029478851726,False
1405.418346,cmd_vel_sent,,,,,,,,,,,,,,,-0.01038167186684835,-0.0023221019009997453,-0.013802058957703452,,,,,,,,,,,,,,
1405.419522,odom_raw,1790841075.12,odom,base_footprint,,0.4972054660320282,0.006879960652440786,0.007191117788508824,0.06126493773782508,-0.009758557816371536,-0.09160654991865158,,,,,,,,,,,,,,,,,,,,,
1405.437359,ground_trial_sample,1790841075.12,odom,base_footprint,progress=0.4342;cross_track=0.0014;one_shot=true,0.4972054660320282,0.006879960652440786,0.007191117788508824,0.06126493773782508,-0.009758557816371536,-0.09160654991865158,,,,,,,,0.4491036563613822,0.4341916976865595,,0.0013867281897540877,,1790841075.044739,-0.07526087760925293,0.3427391052246094,0.46251330342946473,0.005155755420229941,0.009725563163475528,0.03421980721397091,0.0025344453749667046,False
1405.438278,cmd_vel_sent,,,,,,,,,,,,,,,-0.02034275204869623,-0.0014382903477663052,0.005068890749933409,,,,,,,,,,,,,,
1405.439113,imu_data_raw,1790841074.778,,,,,,,,,,imu_frame,0.09840380400419235,0.08918401598930359,0.7164648771286011,,,,,,,,,,,,,,,,,
1405.457254,ground_trial_sample,1790841075.12,odom,base_footprint,progress=0.4342;cross_track=0.0014;one_shot=true,0.4972054660320282,0.006879960652440786,0.007191117788508824,0.06126493773782508,-0.009758557816371536,-0.09160654991865158,,,,,,,,0.4495115220707697,0.4341916976865595,,0.0013867281897540877,,1790841075.0646465,-0.055353403091430664,0.28664636611938477,0.4627605083804566,0.0051581597033999215,0.009725563163475528,0.03421980721397091,0.0025344453749667046,False
1405.458193,cmd_vel_sent,,,,,,,,,,,,,,,-0.02409547455344427,-0.0014478014383265609,0.005068890749933409,,,,,,,,,,,,,,
1405.477277,ground_trial_sample,1790841075.12,odom,base_footprint,progress=0.4342;cross_track=0.0014;one_shot=true,0.4972054660320282,0.006879960652440786,0.007191117788508824,0.06126493773782508,-0.009758557816371536,-0.09160654991865158,,,,,,,,0.4499949075813824,0.4341916976865595,,0.0013867281897540877,,1790841075.0846648,-0.03533506393432617,0.30666470527648926,0.4629278804701141,0.0051597875425539235,0.009725563163475528,0.03421980721397091,0.0025344453749667046,False
1405.478262,cmd_vel_sent,,,,,,,,,,,,,,,-0.0002542750126588284,-1.3267870220346485e-05,0.005068890749933409,,,,,,,,,,,,,,
1405.479453,cmd_vel_observed,,,,,,,,,,,,,,,0.018181659739282926,-0.004118612351029354,-0.01661133121971185,,,,,,,,,,,,,,
1405.497371,ground_trial_sample,1790841075.12,odom,base_footprint,progress=0.4342;cross_track=0.0014;one_shot=true,0.4972054660320282,0.006879960652440786,0.007191117788508824,0.06126493773782508,-0.009758557816371536,-0.09160654991865158,,,,,,,,0.4499999973213878,0.4341916976865595,,0.0013867281897540877,,1790841075.104752,-0.015247821807861328,0.3267519474029541,0.463014971137846,0.005160634575050037,0.009725563163475528,0.03421980721397091,0.0025344453749667046,False
1405.498317,cmd_vel_sent,,,,,,,,,,,,,,,-1.3378863119031056e-07,-6.165285018718358e-09,0.005068890749933409,,,,,,,,,,,,,,
1405.499502,odom_raw,1790841075.196,odom,base_footprint,,0.5008428692817688,0.006332417018711567,-0.0031146202545310015,0.04842054350912795,-0.007799997078079576,-0.13740983605384827,,,,,,,,,,,,,,,,,,,,,
1405.517277,ground_trial_sample,1790841075.196,odom,base_footprint,progress=0.4378;cross_track=0.0008;one_shot=true,0.5008428692817688,0.006332417018711567,-0.0031146202545310015,0.04842054350912795,-0.007799997078079576,-0.13740983605384827,,,,,,,,0.4500000000002716,0.4378236038266447,,0.0008038352135805163,,1790841075.1246634,-0.07133674621582031,0.346663236618042,0.4630288718705682,0.005160769771766769,0.009725563163475528,0.037832144500220447,0.012840183418006529,False
1405.517681,ground_trial_stop,1790841075.196,,,error:RuntimeError,0.5008428692817688,0.006332417018711567,-0.0031146202545310015,,,,,,,,,,,0.4500000000002716,,,,,1790841075.1251128,-0.07088732719421387,0.34711265563964844,,,,,,
1405.518132,cmd_vel_sent,,,,,,,,,,,,,,,0.0,0.0,0.0,,,,,,,,,,,,,,
1405.538931,cmd_vel_sent,,,,,,,,,,,,,,,0.0,0.0,0.0,,,,,,,,,,,,,,
1405.559602,cmd_vel_sent,,,,,,,,,,,,,,,0.0,0.0,0.0,,,,,,,,,,,,,,
1405.580352,cmd_vel_sent,,,,,,,,,,,,,,,0.0,0.0,0.0,,,,,,,,,,,,,,
1405.601028,cmd_vel_sent,,,,,,,,,,,,,,,0.0,0.0,0.0,,,,,,,,,,,,,,
1405.621678,cmd_vel_sent,,,,,,,,,,,,,,,0.0,0.0,0.0,,,,,,,,,,,,,,
1405.642297,cmd_vel_sent,,,,,,,,,,,,,,,0.0,0.0,0.0,,,,,,,,,,,,,,
1405.662918,cmd_vel_sent,,,,,,,,,,,,,,,0.0,0.0,0.0,,,,,,,,,,,,,,
1405.683587,cmd_vel_sent,,,,,,,,,,,,,,,0.0,0.0,0.0,,,,,,,,,,,,,,
1405.704323,cmd_vel_sent,,,,,,,,,,,,,,,0.0,0.0,0.0,,,,,,,,,,,,,,
1405.724976,cmd_vel_sent,,,,,,,,,,,,,,,0.0,0.0,0.0,,,,,,,,,,,,,,
1405.745602,cmd_vel_sent,,,,,,,,,,,,,,,0.0,0.0,0.0,,,,,,,,,,,,,,
1405.766262,cmd_vel_sent,,,,,,,,,,,,,,,0.0,0.0,0.0,,,,,,,,,,,,,,
1405.786953,cmd_vel_sent,,,,,,,,,,,,,,,0.0,0.0,0.0,,,,,,,,,,,,,,
1405.807609,cmd_vel_sent,,,,,,,,,,,,,,,0.0,0.0,0.0,,,,,,,,,,,,,,
1405.828282,cmd_vel_sent,,,,,,,,,,,,,,,0.0,0.0,0.0,,,,,,,,,,,,,,
1405.848946,cmd_vel_sent,,,,,,,,,,,,,,,0.0,0.0,0.0,,,,,,,,,,,,,,
1405.869569,cmd_vel_sent,,,,,,,,,,,,,,,0.0,0.0,0.0,,,,,,,,,,,,,,
1405.890258,cmd_vel_sent,,,,,,,,,,,,,,,0.0,0.0,0.0,,,,,,,,,,,,,,
1405.910835,cmd_vel_sent,,,,,,,,,,,,,,,0.0,0.0,0.0,,,,,,,,,,,,,,
1405.931404,cmd_vel_sent,,,,,,,,,,,,,,,0.0,0.0,0.0,,,,,,,,,,,,,,
1405.951971,cmd_vel_sent,,,,,,,,,,,,,,,0.0,0.0,0.0,,,,,,,,,,,,,,
1405.972584,cmd_vel_sent,,,,,,,,,,,,,,,0.0,0.0,0.0,,,,,,,,,,,,,,
1405.993248,cmd_vel_sent,,,,,,,,,,,,,,,0.0,0.0,0.0,,,,,,,,,,,,,,
1406.013881,cmd_vel_sent,,,,,,,,,,,,,,,0.0,0.0,0.0,,,,,,,,,,,,,,
