received_monotonic_s,record_type,source_stamp_s,frame_id,child_frame_id,reason,pose_x_m,pose_y_m,pose_yaw_rad,world_vx_mps,world_vy_mps,odom_wz_radps,imu_frame_id,imu_wz_radps,imu_ax_mps2,imu_ay_mps2,cmd_vx_mps,cmd_vy_mps,cmd_wz_radps,command_integral_m,odom_forward_path_m,odom_displacement_m,odom_lateral_path_m,warning,ros_now_s,odom_stamp_age_s,imu_stamp_age_s,ref_x_m,ref_y_m,ref_yaw_rad,pos_err_m,yaw_err_rad,settled
1797.068816,odom_raw,1790841466.606,odom,base_footprint,,0.5036451816558838,0.0055587706156075,-0.013802051720677829,0.0,0.0,0.0,,,,,,,,,,,,,,,,,,,,,
1797.076699,imu_data_raw,1790841466.558,,,,,,,,,,imu_frame,-0.0005659217713400722,0.02693476900458336,0.11312603205442429,,,,,,,,,,,,,,,,,
1797.077486,imu_data_raw,1790841466.589,,,,,,,,,,imu_frame,-0.006957508623600006,0.07003039866685867,0.21847090125083923,,,,,,,,,,,,,,,,,
1797.078026,imu_data_raw,1790841466.618,,,,,,,,,,imu_frame,0.0004993426846340299,-0.025737667456269264,0.16579847037792206,,,,,,,,,,,,,,,,,
1797.078509,imu_data_raw,1790841466.658,,,,,,,,,,imu_frame,0.007956193760037422,0.002992752008140087,0.17058686912059784,,,,,,,,,,,,,,,,,
1797.088147,odom_raw,1790841466.697,odom,base_footprint,,0.5036451816558838,0.0055587706156075,-0.013802051720677829,0.0,0.0,0.0,,,,,,,,,,,,,,,,,,,,,
1797.118281,imu_data_raw,1790841466.73,,,,,,,,,,imu_frame,-0.005892244167625904,-0.10714052617549896,0.055665191262960434,,,,,,,,,,,,,,,,,
1797.126395,imu_data_raw,1790841466.738,,,,,,,,,,imu_frame,-0.005892244167625904,-0.10714052617549896,0.055665191262960434,,,,,,,,,,,,,,,,,
1797.166672,imu_data_raw,1790841466.778,,,,,,,,,,imu_frame,-0.0016311862273141742,-0.10235211998224258,0.10354922711849213,,,,,,,,,,,,,,,,,
1797.177161,odom_raw,1790841466.786,odom,base_footprint,,0.5036451816558838,0.0055587706156075,-0.013802051720677829,0.0,0.0,0.0,,,,,,,,,,,,,,,,,,,,,
1797.225178,imu_data_raw,1790841466.837,,,,,,,,,,imu_frame,-0.004826979711651802,0.055665191262960434,0.17058686912059784,,,,,,,,,,,,,,,,,
1797.256614,imu_data_raw,1790841466.868,,,,,,,,,,imu_frame,0.00689092930406332,-0.04010287672281265,0.16101007163524628,,,,,,,,,,,,,,,,,
1797.267004,odom_raw,1790841466.876,odom,base_footprint,,0.5036451816558838,0.0055587706156075,-0.013802051720677829,0.0,0.0,0.0,,,,,,,,,,,,,,,,,,,,,
1797.286517,imu_data_raw,1790841466.898,,,,,,,,,,imu_frame,-0.010153301991522312,-0.0736217051744461,0.17058686912059784,,,,,,,,,,,,,,,,,
1797.326384,imu_data_raw,1790841466.938,,,,,,,,,,imu_frame,-0.0037617150228470564,-0.0065840547904372215,0.1562216579914093,,,,,,,,,,,,,,,,,
1797.368594,odom_raw,1790841466.977,odom,base_footprint,,0.5036451816558838,0.0055587706156075,-0.013802051720677829,0.0,0.0,0.0,,,,,,,,,,,,,,,,,,,,,
1797.398959,imu_data_raw,1790841467.011,,,,,,,,,,imu_frame,-0.0016311862273141742,-0.0065840547904372215,0.16101007163524628,,,,,,,,,,,,,,,,,
1797.406002,imu_data_raw,1790841467.018,,,,,,,,,,imu_frame,-0.0016311862273141742,-0.0065840547904372215,0.16101007163524628,,,,,,,,,,,,,,,,,
1797.446956,odom_raw,1790841467.056,odom,base_footprint,,0.5036451816558838,0.0055587706156075,-0.013802051720677829,0.0,0.0,0.0,,,,,,,,,,,,,,,,,,,,,
1797.458250,imu_data_raw,1790841467.07,,,,,,,,,,imu_frame,0.005825664848089218,0.11312603205442429,0.2041056901216507,,,,,,,,,,,,,,,,,
1797.505263,imu_data_raw,1790841467.117,,,,,,,,,,imu_frame,-0.005892244167625904,-0.06883329898118973,0.17058686912059784,,,,,,,,,,,,,,,,,
1797.538215,odom_raw,1790841467.147,odom,base_footprint,,0.5036451816558838,0.0055587706156075,-0.013802051720677829,0.0,0.0,0.0,,,,,,,,,,,,,,,,,,,,,
1797.542747,imu_data_raw,1790841467.155,,,,,,,,,,imu_frame,0.01221725158393383,-0.05925649031996727,0.16101007163524628,,,,,,,,,,,,,,,,,
1797.566149,imu_data_raw,1790841467.178,,,,,,,,,,imu_frame,0.005825664848089218,0.14185644686222076,0.15143325924873352,,,,,,,,,,,,,,,,,
1797.606582,imu_data_raw,1790841467.218,,,,,,,,,,imu_frame,-0.0016311862273141742,-0.06404489278793335,0.03651157766580582,,,,,,,,,,,,,,,,,
1797.647177,odom_raw,1790841467.256,odom,base_footprint,,0.5036451816558838,0.0055587706156075,-0.013802051720677829,0.0,0.0,0.0,,,,,,,,,,,,,,,,,,,,,
1797.678015,imu_data_raw,1790841467.29,,,,,,,,,,imu_frame,0.0036951361689716578,-0.030526071786880493,0.1322796493768692,,,,,,,,,,,,,,,,,
1797.686390,imu_data_raw,1790841467.298,,,,,,,,,,imu_frame,0.0036951361689716578,-0.030526071786880493,0.1322796493768692,,,,,,,,,,,,,,,,,
1797.716660,odom_raw,1790841467.326,odom,base_footprint,,0.5036451816558838,0.0055587706156075,-0.013802051720677829,0.0,0.0,0.0,,,,,,,,,,,,,,,,,,,,,
1797.726018,imu_data_raw,1790841467.338,,,,,,,,,,imu_frame,-0.0037617150228470564,0.0077811554074287415,0.050876785069704056,,,,,,,,,,,,,,,,,
1797.785144,imu_data_raw,1790841467.397,,,,,,,,,,imu_frame,0.005825664848089218,0.02214636653661728,0.10833762586116791,,,,,,,,,,,,,,,,,
1797.819123,odom_raw,1790841467.428,odom,base_footprint,,0.5036451816558838,0.0055587706156075,-0.013802051720677829,0.0,0.0,0.0,,,,,,,,,,,,,,,,,,,,,
1797.823650,imu_data_raw,1790841467.436,,,,,,,,,,imu_frame,0.007956193760037422,-0.04489128291606903,0.02214636653661728,,,,,,,,,,,,,,,,,
1797.846600,imu_data_raw,1790841467.458,,,,,,,,,,imu_frame,-0.0005659217713400722,0.055665191262960434,0.17537526786327362,,,,,,,,,,,,,,,,,
1797.886620,imu_data_raw,1790841467.498,,,,,,,,,,imu_frame,-0.010153301991522312,0.050876785069704056,0.12270283699035645,,,,,,,,,,,,,,,,,
1797.896878,odom_raw,1790841467.506,odom,base_footprint,,0.5036451816558838,0.0055587706156075,-0.013802051720677829,0.0,0.0,0.0,,,,,,,,,,,,,,,,,,,,,
1797.928523,imu_data_raw,1790841467.541,,,,,,,,,,imu_frame,-0.006957508623600006,-0.016160860657691956,0.14664486050605774,,,,,,,,,,,,,,,,,
1797.966012,imu_data_raw,1790841467.578,,,,,,,,,,imu_frame,-0.00908803753554821,0.07003039866685867,0.13706804811954498,,,,,,,,,,,,,,,,,
1797.987020,odom_raw,1790841467.596,odom,base_footprint,,0.5036451816558838,0.0055587706156075,-0.013802051720677829,0.0,0.0,0.0,,,,,,,,,,,,,,,,,,,,,
1798.006103,imu_data_raw,1790841467.618,,,,,,,,,,imu_frame,0.013282516039907932,0.10354922711849213,0.02214636653661728,,,,,,,,,,,,,,,,,
1798.064309,imu_data_raw,1790841467.676,,,,,,,,,,imu_frame,-0.0016311862273141742,-0.0017956512747332454,0.18974047899246216,,,,,,,,,,,,,,,,,
1798.098381,odom_raw,1790841467.707,odom,base_footprint,,0.5036451816558838,0.0055587706156075,-0.013802051720677829,0.0,0.0,0.0,,,,,,,,,,,,,,,,,,,,,
1798.099807,ground_trial_start,1790841467.707,odom,base_footprint,axis=x;distance=0.4000;speed=0.150;a_dec=0.200;kp_pos=1.000;kd_vel=0.000,0.5036451816558838,0.0055587706156075,-0.013802051720677829,,,,,,,,,,,,,,,,,,,0.9036070829343561,3.8125208624391164e-05,-0.013802051720677829,,,
1798.100708,ground_trial_sample,1790841467.707,odom,base_footprint,progress=0.0000;cross_track=0.0000;one_shot=true,0.5036451816558838,0.0055587706156075,-0.013802051720677829,0.0,0.0,0.0,,,,,,,,0.0,0.0,,0.0,,1790841467.708074,0.001074075698852539,0.032073974609375,0.5036451817255521,0.005558770614645874,-0.013802051720677829,0.4000000000000001,0.0,False
1798.101627,cmd_vel_sent,,,,,,,,,,,,,,,5.2792696882269554e-06,4.003289466960637e-19,0.0,0.0,,,,,,,,,,,,,
1798.102694,cmd_vel_observed,,,,,,,,,,,,,,,5.2792696882269554e-06,4.003289466960637e-19,0.0,,,,,,,,,,,,,,
1798.121634,ground_trial_sample,1790841467.707,odom,base_footprint,progress=0.0000;cross_track=0.0000;one_shot=true,0.5036451816558838,0.0055587706156075,-0.013802051720677829,0.0,0.0,0.0,,,,,,,,1.074365538428359e-07,0.0,,0.0,,1790841467.7289896,0.02198958396911621,0.05298948287963867,0.5036867000891516,0.005558197539654034,-0.013802051720677829,0.4000000000000001,0.0,False
1798.122894,cmd_vel_sent,,,,,,,,,,,,,,,0.004116930988153219,-1.3552527156068805e-19,0.0,1.074365538428359e-07,,,,,,,,,,,,,
1798.141021,ground_trial_sample,1790841467.707,odom,base_footprint,progress=0.0000;cross_track=0.0000;one_shot=true,0.5036451816558838,0.0055587706156075,-0.013802051720677829,0.0,0.0,0.0,,,,,,,,8.169455996815791e-05,0.0,,0.0,,1790841467.748395,0.041394948959350586,0.07239484786987305,0.5038067260910468,0.005556540829367471,-0.013802051720677829,0.4000000000000001,0.0,False
1798.142028,cmd_vel_sent,,,,,,,,,,,,,,,0.00820046082322881,-3.7947076036992655e-19,0.0,8.169455996815791e-05,,,,,,,,,,,,,
1798.143356,cmd_vel_observed,,,,,,,,,,,,,,,0.004116930988153219,-1.3552527156068805e-19,0.0,,,,,,,,,,,,,,
1798.161029,ground_trial_sample,1790841467.707,odom,base_footprint,progress=0.0000;cross_track=0.0000;one_shot=true,0.5036451816558838,0.0055587706156075,-0.013802051720677829,0.0,0.0,0.0,,,,,,,,0.00024576508307636247,0.0,,0.0,,1790841467.7684095,0.06140947341918945,0.09240937232971191,0.5040075749874201,0.005553768526471329,-0.013802051720677829,0.4000000000000001,0.0,False
1798.161978,cmd_vel_sent,,,,,,,,,,,,,,,0.012402824051603546,-3.7947076036992655e-19,0.0,0.00024576508307636247,,,,,,,,,,,,,
1798.162800,imu_data_raw,1790841467.716,,,,,,,,,,imu_frame,-0.0016311862273141742,-0.03531447425484657,0.041299980133771896,,,,,,,,,,,,,,,,,
1798.181034,ground_trial_sample,1790841467.707,odom,base_footprint,progress=0.0000;cross_track=0.0000;one_shot=true,0.5036451816558838,0.0055587706156075,-0.013802051720677829,0.0,0.0,0.0,,,,,,,,0.0004936861252721059,0.0,,0.0,,1790841467.7884116,0.08141160011291504,0.07241153717041016,0.5042881810328459,0.0055498953413732,-0.013802051720677829,0.4000000000000001,0.0,False
1798.181961,cmd_vel_sent,,,,,,,,,,,,,,,0.01668127282644153,5.421010862427522e-19,0.0,0.0004936861252721059,,,,,,,,,,,,,
1798.201059,ground_trial_sample,1790841467.707,odom,base_footprint,progress=0.0000;cross_track=0.0000;one_shot=true,0.5036451816558838,0.0055587706156075,-0.013802051720677829,0.0,0.0,0.0,,,,,,,,0.0008274837992606081,0.0,,0.0,,1790841467.808417,0.10141706466674805,0.09241700172424316,0.5046491177806598,0.005544913357357569,-0.013802051720677829,0.4000000000000001,0.0,False
1798.202019,cmd_vel_sent,,,,,,,,,,,,,,,0.021044308755589904,-2.168404344971009e-19,0.0,0.0008274837992606081,,,,,,,,,,,,,
1798.203242,cmd_vel_observed,,,,,,,,,,,,,,,0.00820046082322881,-3.7947076036992655e-19,0.0,,,,,,,,,,,,,,
1798.220982,ground_trial_sample,1790841467.707,odom,base_footprint,progress=0.0000;cross_track=0.0000;one_shot=true,0.5036451816558838,0.0055587706156075,-0.013802051720677829,0.0,0.0,0.0,,,,,,,,0.0012482775056811208,0.0,,0.0,,1790841467.8283658,0.12136578559875488,0.11236572265625,0.5050897757143571,0.005538830987536992,-0.013802051720677829,0.4000000000000001,0.0,False
1798.221878,cmd_vel_sent,,,,,,,,,,,,,,,0.025484129864558152,-5.963111948670274e-19,0.0,0.0012482775056811208,,,,,,,,,,,,,
1798.223073,odom_raw,1790841467.776,odom,base_footprint,,0.5036451816558838,0.0055587706156075,-0.013802051720677829,0.0,0.0,0.0,,,,,,,,,,,,,,,,,,,,,
1798.241146,ground_trial_sample,1790841467.776,odom,base_footprint,progress=0.0000;cross_track=0.0000;one_shot=true,0.5036451816558838,0.0055587706156075,-0.013802051720677829,0.0,0.0,0.0,,,,,,,,0.0017582492968728413,0.0,,0.0,,1790841467.8485134,0.07251334190368652,0.13251328468322754,0.5056108322486232,0.005531638881605202,-0.013802051720677829,0.4000000000000001,0.0,False
1798.242156,cmd_vel_sent,,,,,,,,,,,,,,,0.030007505632480867,-3.2526065174565133e-19,0.0,0.0017582492968728413,,,,,,,,,,,,,
1798.243105,imu_data_raw,1790841467.738,,,,,,,,,,imu_frame,0.009021458216011524,-0.05925649031996727,0.09876082092523575,,,,,,,,,,,,,,,,,
1798.262173,ground_trial_sample,1790841467.776,odom,base_footprint,progress=0.0000;cross_track=0.0000;one_shot=true,0.5036451816558838,0.0055587706156075,-0.013802051720677829,0.0,0.0,0.0,,,,,,,,0.002387625519714855,0.0,,0.0,,1790841467.8695338,0.09353375434875488,0.13153386116027832,0.5062429075583207,0.005522914391487033,-0.013802051720677829,0.4000000000000001,0.0,False
1798.263227,cmd_vel_sent,,,,,,,,,,,,,,,0.03483443315110993,8.673617379884035e-19,0.0,0.002387625519714855,,,,,,,,,,,,,
1798.281005,ground_trial_sample,1790841467.776,odom,base_footprint,progress=0.0000;cross_track=0.0000;one_shot=true,0.5036451816558838,0.0055587706156075,-0.013802051720677829,0.0,0.0,0.0,,,,,,,,0.003049911348210717,0.0,,0.0,,1790841467.8883865,0.11238646507263184,0.15038657188415527,0.5068918849826936,0.005513956602693531,-0.013802051720677829,0.4000000000000001,0.0,False
1798.281999,cmd_vel_sent,,,,,,,,,,,,,,,0.03928595039438497,0.0,0.0,0.003049911348210717,,,,,,,,,,,,,
1798.283201,cmd_vel_observed,,,,,,,,,,,,,,,0.012402824051603546,-3.7947076036992655e-19,0.0,,,,,,,,,,,,,,
1798.302373,ground_trial_sample,1790841467.776,odom,base_footprint,progress=0.0000;cross_track=0.0000;one_shot=true,0.5036451816558838,0.0055587706156075,-0.013802051720677829,0.0,0.0,0.0,,,,,,,,0.0038526864300343177,0.0,,0.0,,1790841467.9097419,0.1337418556213379,0.17174196243286133,0.5076699914531996,0.005503216454947428,-0.013802051720677829,0.4000000000000001,0.0,False
1798.303369,cmd_vel_sent,,,,,,,,,,,,,,,0.044150961384106374,-4.336808689942018e-19,0.0,0.0038526864300343177,,,,,,,,,,,,,
1798.305171,odom_raw,1790841467.87,odom,base_footprint,,0.5036451816558838,0.0055587706156075,-0.013802051720677829,0.0,0.0,0.0,,,,,,,,,,,,,,,,,,,,,
1798.321036,ground_trial_sample,1790841467.87,odom,base_footprint,progress=0.0000;cross_track=0.0000;one_shot=true,0.5036451816558838,0.0055587706156075,-0.013802051720677829,0.0,0.0,0.0,,,,,,,,0.004715187513884148,0.0,,0.0,,1790841467.9282844,0.05828452110290527,0.19028449058532715,0.5084919436826586,0.005491871107338525,-0.013802051720677829,0.4000000000000001,0.0,False
1798.321931,cmd_vel_sent,,,,,,,,,,,,,,,0.048880046509340365,8.673617379884035e-19,0.0,0.004715187513884148,,,,,,,,,,,,,
1798.322763,imu_data_raw,1790841467.79,,,,,,,,,,imu_frame,0.025000425055623055,0.012569558806717396,0.060453593730926514,,,,,,,,,,,,,,,,,
1798.346717,ground_trial_sample,1790841467.87,odom,base_footprint,progress=0.0000;cross_track=0.0000;one_shot=true,0.5036451816558838,0.0055587706156075,-0.013802051720677829,0.0,0.0,0.0,,,,,,,,0.005705031575961892,0.0,,0.0,,1790841467.9540234,0.08402347564697266,0.16402339935302734,0.5094245485014681,0.005478998429983422,-0.013802051720677829,0.4000000000000001,0.0,False
1798.358907,cmd_vel_sent,,,,,,,,,,,,,,,0.05386283476424603,2.168404344971009e-19,0.0,0.005705031575961892,,,,,,,,,,,,,
1798.362064,ground_trial_sample,1790841467.87,odom,base_footprint,progress=0.0000;cross_track=0.0000;one_shot=true,0.5036451816558838,0.0055587706156075,-0.013802051720677829,0.0,0.0,0.0,,,,,,,,0.006815206219535212,0.0,,0.0,,1790841467.9694326,0.09943270683288574,0.17943263053894043,0.510457975921603,0.005464734105501061,-0.013802051720677829,0.4000000000000001,0.0,False
1798.366568,cmd_vel_sent,,,,,,,,,,,,,,,0.05901858942441295,0.0,0.0,0.006815206219535212,,,,,,,,,,,,,
1798.369046,cmd_vel_observed,,,,,,,,,,,,,,,0.01668127282644153,5.421010862427522e-19,0.0,,,,,,,,,,,,,,
1798.381998,ground_trial_sample,1790841467.87,odom,base_footprint,progress=0.0000;cross_track=0.0000;one_shot=true,0.5036451816558838,0.0055587706156075,-0.013802051720677829,0.0,0.0,0.0,,,,,,,,0.007947796912137414,0.0,,0.0,,1790841467.9893694,0.1193695068359375,0.1993694305419922,0.5114965421111825,0.005450398850953008,-0.013802051720677829,0.4000000000000001,0.0,False
1798.383318,cmd_vel_sent,,,,,,,,,,,,,,,0.06389533574352661,-9.75781955236954e-19,0.0,0.007947796912137414,,,,,,,,,,,,,
1798.385114,odom_raw,1790841467.96,odom,base_footprint,,0.5045693516731262,0.006005007307976484,-0.013802051720677829,0.01026827312956632,0.004958185125657531,0.0,,,,,,,,,,,,,,,,,,,,,
1798.401537,ground_trial_sample,1790841467.96,odom,base_footprint,progress=0.0009;cross_track=0.0005;one_shot=true,0.5045693516731262,0.006005007307976484,-0.013802051720677829,0.01026827312956632,0.004958185125657531,0.0,,,,,,,,0.009238196634737503,0.0009179232066367181,,0.00045894922715269146,,1790841468.0089123,0.04891228675842285,0.21891236305236816,0.5126690386268734,0.005434214965729535,-0.013802051720677829,0.3990823406918641,0.0,False
1798.402937,cmd_vel_sent,,,,,,,,,,,,,,,0.0681891253397611,-0.000458949227152692,0.0,0.009238196634737503,,,,,,,,,,,,,
1798.404429,imu_data_raw,1790841467.827,,,,,,,,,,imu_frame,0.04097939282655716,0.23762452602386475,0.10354922711849213,,,,,,,,,,,,,,,,,
1798.421078,ground_trial_sample,1790841467.96,odom,base_footprint,progress=0.0009;cross_track=0.0005;one_shot=true,0.5045693516731262,0.006005007307976484,-0.013802051720677829,0.01026827312956632,0.004958185125657531,0.0,,,,,,,,0.010590601868241113,0.0009179232066367181,,0.00045894922715269146,,1790841468.0284636,0.06846356391906738,0.2014636993408203,0.5138998499777444,0.0054172261650229465,-0.013802051720677829,0.3990823406918641,0.0,False
1798.421957,cmd_vel_sent,,,,,,,,,,,,,,,0.07338659433265242,-0.0004589492271526907,0.0,0.010590601868241113,,,,,,,,,,,,,
1798.441010,ground_trial_sample,1790841467.96,odom,base_footprint,progress=0.0009;cross_track=0.0005;one_shot=true,0.5045693516731262,0.006005007307976484,-0.013802051720677829,0.01026827312956632,0.004958185125657531,0.0,,,,,,,,0.012055246694455622,0.0009179232066367181,,0.00045894922715269146,,1790841468.0483918,0.08839178085327148,0.22139191627502441,0.5152178129793418,0.005399034416338672,-0.013802051720677829,0.3990823406918641,0.0,False
1798.441934,cmd_vel_sent,,,,,,,,,,,,,,,0.07869619167795247,-0.0004589492271526918,0.0,0.012055246694455622,,,,,,,,,,,,,
1798.443066,cmd_vel_observed,,,,,,,,,,,,,,,0.03483443315110993,8.673617379884035e-19,0.0,,,,,,,,,,,,,,
1798.461205,ground_trial_sample,1790841467.96,odom,base_footprint,progress=0.0009;cross_track=0.0005;one_shot=true,0.5045693516731262,0.006005007307976484,-0.013802051720677829,0.01026827312956632,0.004958185125657531,0.0,,,,,,,,0.013629882197905445,0.0009179232066367181,,0.00045894922715269146,,1790841468.068567,0.1085669994354248,0.24156713485717773,0.5166191140961892,0.005379692357633091,-0.013802051720677829,0.3990823406918641,0.0,False
1798.462266,cmd_vel_sent,,,,,,,,,,,,,,,0.08409936687697232,-0.0004589492271526918,0.0,0.013629882197905445,,,,,,,,,,,,,
1798.463384,odom_raw,1790841468.046,odom,base_footprint,,0.5058695673942566,0.005987060256302357,-0.011206532547085703,0.015297335147439186,-0.00017143726100140542,0.03053552284836769,,,,,,,,,,,,,,,,,,,,,
1798.480654,ground_trial_sample,1790841468.046,odom,base_footprint,progress=0.0022;cross_track=0.0005;one_shot=true,0.5058695673942566,0.005987060256302357,-0.011206532547085703,0.015297335147439186,-0.00017143726100140542,0.03053552284836769,,,,,,,,0.015307839669790263,0.00221826278464636,,0.0004589489597502378,,1790841468.0880733,0.04207324981689453,0.26107335090637207,0.5180961496974247,0.005359304941277067,-0.013802051720677829,0.39778200197622365,0.0025955191735921265,False
1798.481184,cmd_vel_sent,,,,,,,,,,,,,,,0.08826507207363159,-0.0006880447070334906,-0.005191038347184253,0.015307839669790263,,,,,,,,,,,,,
1798.481686,imu_data_raw,1790841467.863,,,,,,,,,,imu_frame,-0.02400173991918564,0.1322796493768692,0.10354922711849213,,,,,,,,,,,,,,,,,
1798.500972,ground_trial_sample,1790841468.046,odom,base_footprint,progress=0.0022;cross_track=0.0005;one_shot=true,0.5058695673942566,0.005987060256302357,-0.011206532547085703,0.015297335147439186,-0.00017143726100140542,0.03053552284836769,,,,,,,,0.017075355186524175,0.00221826278464636,,0.0004589489597502378,,1790841468.1083558,0.062355756759643555,0.24535584449768066,0.5196586093748258,0.005337738422530986,-0.013802051720677829,0.39778200197622365,0.0025955191735921265,False
1798.501932,cmd_vel_sent,,,,,,,,,,,,,,,0.0938325570311767,-0.0007024952534392594,-0.005191038347184253,0.017075355186524175,,,,,,,,,,,,,
1798.520825,ground_trial_sample,1790841468.046,odom,base_footprint,progress=0.0022;cross_track=0.0005;one_shot=true,0.5058695673942566,0.005987060256302357,-0.011206532547085703,0.015297335147439186,-0.00017143726100140542,0.03053552284836769,,,,,,,,0.018949456119644603,0.00221826278464636,,0.0004589489597502378,,1790841468.1282182,0.08221817016601562,0.26521825790405273,0.5212968698491486,0.0053151256308273205,-0.013802051720677829,0.39778200197622365,0.0025955191735921265,False
1798.521736,cmd_vel_sent,,,,,,,,,,,,,,,0.09946540698592007,-0.0007171154563295145,-0.005191038347184253,0.018949456119644603,,,,,,,,,,,,,
1798.522859,cmd_vel_observed,,,,,,,,,,,,,,,0.05386283476424603,2.168404344971009e-19,0.0,,,,,,,,,,,,,,
1798.540911,ground_trial_sample,1790841468.046,odom,base_footprint,progress=0.0022;cross_track=0.0005;one_shot=true,0.5058695673942566,0.005987060256302357,-0.011206532547085703,0.015297335147439186,-0.00017143726100140542,0.03053552284836769,,,,,,,,0.020942593555934478,0.00221826278464636,,0.0004589489597502378,,1790841468.1483123,0.10231232643127441,0.2853124141693115,0.5230206855904951,0.005291331925915601,-0.013802051720677829,0.39778200197622365,0.0025955191735921265,False
1798.541637,cmd_vel_sent,,,,,,,,,,,,,,,0.10519696322482606,-0.0007319918538481734,-0.005191038347184253,0.020942593555934478,,,,,,,,,,,,,
1798.542256,imu_data_raw,1790841467.898,,,,,,,,,,imu_frame,-0.0580902025103569,-0.11192893236875534,0.03172317147254944,,,,,,,,,,,,,,,,,
1798.560865,ground_trial_sample,1790841468.046,odom,base_footprint,progress=0.0022;cross_track=0.0005;one_shot=true,0.5058695673942566,0.005987060256302357,-0.011206532547085703,0.015297335147439186,-0.00017143726100140542,0.03053552284836769,,,,,,,,0.02304515998383402,0.00221826278464636,,0.0004589489597502378,,1790841468.1682725,0.12227249145507812,0.27027249336242676,0.5248200569865829,0.0052664953317262155,-0.013802051720677829,0.39778200197622365,0.0025955191735921265,False
1798.561521,cmd_vel_sent,,,,,,,,,,,,,,,0.11099377969581292,-0.0007470376359308348,-0.005191038347184253,0.02304515998383402,,,,,,,,,,,,,
1798.581176,ground_trial_sample,1790841468.046,odom,base_footprint,progress=0.0022;cross_track=0.0005;one_shot=true,0.5058695673942566,0.005987060256302357,-0.011206532547085703,0.015297335147439186,-0.00017143726100140542,0.03053552284836769,,,,,,,,0.02526856259305152,0.00221826278464636,,0.0004589489597502378,,1790841468.1885402,0.14254021644592285,0.2905402183532715,0.526703620126269,0.005240496644944718,-0.013802051720677829,0.39778200197622365,0.0025955191735921265,False
1798.582222,cmd_vel_sent,,,,,,,,,,,,,,,0.11688376701630683,-0.0007623252452828532,-0.005191038347184253,0.02526856259305152,,,,,,,,,,,,,
1798.583419,cmd_vel_observed,,,,,,,,,,,,,,,0.0681891253397611,-0.000458949227152692,0.0,,,,,,,,,,,,,,
1798.601288,ground_trial_sample,1790841468.046,odom,base_footprint,progress=0.0022;cross_track=0.0005;one_shot=true,0.5058695673942566,0.005987060256302357,-0.011206532547085703,0.015297335147439186,-0.00017143726100140542,0.03053552284836769,,,,,,,,0.02760899906271911,0.00221826278464636,,0.0004589489597502378,,1790841468.208627,0.1626269817352295,0.3106269836425781,0.5286666134864281,0.005213401588532944,-0.013802051720677829,0.39778200197622365,0.0025955191735921265,False
1798.602496,cmd_vel_sent,,,,,,,,,,,,,,,0.12285156666136593,-0.0007778148184687482,-0.005191038347184253,0.02760899906271911,,,,,,,,,,,,,
1798.604173,odom_raw,1790841468.136,odom,base_footprint,,0.5086230635643005,0.00595620134845376,-0.011206532547085703,0.030594670294878373,-0.00034287452200281083,0.0,,,,,,,,,,,,,,,,,,,,,
1798.621085,ground_trial_sample,1790841468.136,odom,base_footprint,progress=0.0050;cross_track=0.0005;one_shot=true,0.5086230635643005,0.00595620134845376,-0.011206532547085703,0.030594670294878373,-0.00034287452200281083,0.0,,,,,,,,0.030060356732296924,0.004971922595700477,,0.0004660956810747299,,1790841468.2284644,0.09246444702148438,0.33046436309814453,0.5307025253046047,0.005185300043880536,-0.013802051720677829,0.3950283523785619,0.0025955191735921265,False
1798.622092,cmd_vel_sent,,,,,,,,,,,,,,,0.12612466642653006,-0.0007934569761406786,-0.005191038347184253,0.030060356732296924,,,,,,,,,,,,,
1798.623030,imu_data_raw,1790841467.969,,,,,,,,,,imu_frame,0.1315268725156784,-0.020949264988303185,-0.07841010391712189,,,,,,,,,,,,,,,,,
1798.641346,ground_trial_sample,1790841468.136,odom,base_footprint,progress=0.0050;cross_track=0.0005;one_shot=true,0.5086230635643005,0.00595620134845376,-0.011206532547085703,0.030594670294878373,-0.00034287452200281083,0.0,,,,,,,,0.032592988384352144,0.004971922595700477,,0.0004660956810747299,,1790841468.2486453,0.11264538764953613,0.2796452045440674,0.5328317307287396,0.005155910774283357,-0.013802051720677829,0.3950283523785619,0.0025955191735921265,False
1798.642659,cmd_vel_sent,,,,,,,,,,,,,,,0.1322700511700996,-0.0008094074758897448,-0.005191038347184253,0.032592988384352144,,,,,,,,,,,,,
1798.661116,ground_trial_sample,1790841468.136,odom,base_footprint,progress=0.0050;cross_track=0.0005;one_shot=true,0.5086230635643005,0.00595620134845376,-0.011206532547085703,0.030594670294878373,-0.00034287452200281083,0.0,,,,,,,,0.03523148166738074,0.004971922595700477,,0.0004660956810747299,,1790841468.2684886,0.13248872756958008,0.29948854446411133,0.5350267140842524,0.005125613576622072,-0.013802051720677829,0.3950283523785619,0.0025955191735921265,False
1798.662192,cmd_vel_sent,,,,,,,,,,,,,,,0.1384547031784526,-0.0008254598948063214,-0.005191038347184253,0.03523148166738074,,,,,,,,,,,,,
1798.663298,cmd_vel_observed,,,,,,,,,,,,,,,0.08826507207363159,-0.0006880447070334906,-0.005191038347184253,,,,,,,,,,,,,,
1798.680582,ground_trial_sample,1790841468.136,odom,base_footprint,progress=0.0050;cross_track=0.0005;one_shot=true,0.5086230635643005,0.00595620134845376,-0.011206532547085703,0.030594670294878373,-0.00034287452200281083,0.0,,,,,,,,0.03798921815059231,0.004971922595700477,,0.0004660956810747299,,1790841468.2880094,0.1520094871520996,0.31900930404663086,0.5372978137645774,0.005094265750794388,-0.013802051720677829,0.3950283523785619,0.0025955191735921265,False
1798.681124,cmd_vel_sent,,,,,,,,,,,,,,,0.14470952112586508,-0.0008416944311720152,-0.005191038347184253,0.03798921815059231,,,,,,,,,,,,,
1798.681869,odom_raw,1790841468.242,odom,base_footprint,,0.5137971639633179,0.0050797052681446075,-0.012840184300171037,0.04834239912166113,-0.008270536983304246,-0.015267767943441868,,,,,,,,,,,,,,,,,,,,,
1798.700969,ground_trial_sample,1790841468.242,odom,base_footprint,progress=0.0102;cross_track=0.0003;one_shot=true,0.5137971639633179,0.0050797052681446075,-0.012840184300171037,0.04834239912166113,-0.008270536983304246,-0.015267767943441868,,,,,,,,0.040891800753194235,0.010157627238342156,,0.0003389059817764517,,1790841468.3083916,0.0663914680480957,0.33939146995544434,0.5396650547214848,0.005061590893828764,-0.013802051720677829,0.3898425200740729,0.0009618674205067925,False
1798.701500,cmd_vel_sent,,,,,,,,,,,,,,,0.14590476941978106,0.00019856505107042452,-0.001923734841013585,0.040891800753194235,,,,,,,,,,,,,
1798.702008,imu_data_raw,1790841468.009,,,,,,,,,,imu_frame,-0.19337879121303558,0.3669114112854004,0.1562216579914093,,,,,,,,,,,,,,,,,
1798.721024,ground_trial_sample,1790841468.242,odom,base_footprint,progress=0.0102;cross_track=0.0003;one_shot=true,0.5137971639633179,0.0050797052681446075,-0.012840184300171037,0.04834239912166113,-0.008270536983304246,-0.015267767943441868,,,,,,,,0.043808115740077314,0.010157627238342156,,0.0003389059817764517,,1790841468.3284018,0.08640170097351074,0.31940174102783203,0.5421040832060423,0.005027925158773168,-0.013802051720677829,0.3898425200740729,0.0009618674205067925,False
1798.721974,cmd_vel_sent,,,,,,,,,,,,,,,0.15234158305851456,0.00019237368783005856,-0.001923734841013585,0.043808115740077314,,,,,,,,,,,,,
1798.740985,ground_trial_sample,1790841468.242,odom,base_footprint,progress=0.0102;cross_track=0.0003;one_shot=true,0.5137971639633179,0.0050797052681446075,-0.012840184300171037,0.04834239912166113,-0.008270536983304246,-0.015267767943441868,,,,,,,,0.04685427724188413,0.010157627238342156,,0.0003389059817764517,,1790841468.3483639,0.10636377334594727,0.33936381340026855,0.5446240056859134,0.004993142849708267,-0.013802051720677829,0.3898425200740729,0.0009618674205067925,False
1798.741924,cmd_vel_sent,,,,,,,,,,,,,,,0.15886085956004026,0.0001861030062241119,-0.001923734841013585,0.04685427724188413,,,,,,,,,,,,,
1798.743134,cmd_vel_observed,,,,,,,,,,,,,,,0.11099377969581292,-0.0007470376359308348,-0.005191038347184253,,,,,,,,,,,,,,
1798.761158,ground_trial_sample,1790841468.242,odom,base_footprint,progress=0.0102;cross_track=0.0003;one_shot=true,0.5137971639633179,0.0050797052681446075,-0.012840184300171037,0.04834239912166113,-0.008270536983304246,-0.015267767943441868,,,,,,,,0.05003669120806487,0.010157627238342156,,0.0003389059817764517,,1790841468.3685284,0.12652826309204102,0.3595283031463623,0.5472287852373148,0.004957189264577578,-0.013802051720677829,0.3898425200740729,0.0009618674205067925,False
1798.762286,cmd_vel_sent,,,,,,,,,,,,,,,0.16547242397352938,0.0001797435558549621,-0.001923734841013585,0.05003669120806487,,,,,,,,,,,,,
1798.763343,odom_raw,1790841468.316,odom,base_footprint,,0.5188246369361877,0.005201292689889669,-0.01172563794384252,0.06886749290689038,0.0017423383325616362,0.015267756767570972,,,,,,,,,,,,,,,,,,,,,
1798.780633,ground_trial_sample,1790841468.316,odom,base_footprint,progress=0.0152;cross_track=0.0001;one_shot=true,0.5188246369361877,0.005201292689889669,-0.01172563794384252,0.06886749290689038,0.0017423383325616362,0.015267756767570972,,,,,,,,0.053336162157683345,0.015182943257876566,,0.00014794290190368122,,1790841468.3880627,0.07206273078918457,0.3790626525878906,0.549901167413136,0.004920302565275739,-0.013802051720677829,0.38481708518044383,0.002076413776835309,False
1798.781161,cmd_vel_sent,,,,,,,,,,,,,,,0.1671073804030811,-0.00019904134472220267,-0.004152827553670618,0.053336162157683345,,,,,,,,,,,,,
1798.781648,imu_data_raw,1790841468.018,,,,,,,,,,imu_frame,-0.07939548790454865,0.13706804811954498,0.33339259028434753,,,,,,,,,,,,,,,,,
1798.801010,ground_trial_sample,1790841468.316,odom,base_footprint,progress=0.0152;cross_track=0.0001;one_shot=true,0.5188246369361877,0.005201292689889669,-0.01172563794384252,0.06886749290689038,0.0017423383325616362,0.015267756767570972,,,,,,,,0.05668436443589569,0.015182943257876566,,0.00014794290190368122,,1790841468.4083896,0.09238958358764648,0.39038968086242676,0.5526665754249158,0.004882131837039208,-0.013802051720677829,0.38481708518044383,0.002076413776835309,False
1798.801943,cmd_vel_sent,,,,,,,,,,,,,,,0.1738802808355106,-0.00021310470870061033,-0.004152827553670618,0.05668436443589569,,,,,,,,,,,,,
1798.820762,ground_trial_sample,1790841468.316,odom,base_footprint,progress=0.0152;cross_track=0.0001;one_shot=true,0.5188246369361877,0.005201292689889669,-0.01172563794384252,0.06886749290689038,0.0017423383325616362,0.015267756767570972,,,,,,,,0.06016079897159766,0.015182943257876566,,0.00014794290190368122,,1790841468.4281707,0.11217069625854492,0.4101707935333252,0.5555060772669385,0.004842938396983606,-0.013802051720677829,0.38481708518044383,0.002076413776835309,False
1798.821410,cmd_vel_sent,,,,,,,,,,,,,,,0.18071868841486077,-0.00022730409281684774,-0.004152827553670618,0.06016079897159766,,,,,,,,,,,,,
1798.822205,cmd_vel_observed,,,,,,,,,,,,,,,0.1322700511700996,-0.0008094074758897448,-0.005191038347184253,,,,,,,,,,,,,,
1798.840651,ground_trial_sample,1790841468.316,odom,base_footprint,progress=0.0152;cross_track=0.0001;one_shot=true,0.5188246369361877,0.005201292689889669,-0.01172563794384252,0.06886749290689038,0.0017423383325616362,0.015267756767570972,,,,,,,,0.0637684049678777,0.015182943257876566,,0.00014794290190368122,,1790841468.4480433,0.13204336166381836,0.43004345893859863,0.5584209711503596,0.00480270432599356,-0.013802051720677829,0.38481708518044383,0.002076413776835309,False
1798.841655,cmd_vel_sent,,,,,,,,,,,,,,,0.1876263520678724,-0.00024164728140523613,-0.004152827553670618,0.0637684049678777,,,,,,,,,,,,,
1798.842868,odom_raw,1790841468.416,odom,base_footprint,,0.5285188555717468,0.0055975946597754955,-0.008672086834647158,0.09692978417046735,0.004259017859979022,0.030535513535141945,,,,,,,,,,,,,,,,,,,,,
1798.861167,ground_trial_sample,1790841468.416,odom,base_footprint,progress=0.0249;cross_track=0.0004;one_shot=true,0.5285188555717468,0.0055975946597754955,-0.008672086834647158,0.09692978417046735,0.004259017859979022,0.030535513535141945,,,,,,,,0.06753239497329262,0.02487076894347051,,0.0003821171804478891,,1790841468.4685416,0.05254173278808594,0.45054173469543457,0.5614201290026257,0.00476130716549151,-0.013802051720677829,0.37512942567413016,0.0051299648860306715,False
1798.862226,cmd_vel_sent,,,,,,,,,,,,,,,0.18290531479773223,-0.0013204282818888833,-0.010259929772061343,0.06753239497329262,,,,,,,,,,,,,
1798.863090,imu_data_raw,1790841468.102,,,,,,,,,,imu_frame,-0.03678491339087486,0.0077811554074287415,-0.0736217051744461,,,,,,,,,,,,,,,,,
1798.880640,ground_trial_sample,1790841468.416,odom,base_footprint,progress=0.0249;cross_track=0.0004;one_shot=true,0.5285188555717468,0.0055975946597754955,-0.008672086834647158,0.09692978417046735,0.004259017859979022,0.030535513535141945,,,,,,,,0.07117962399939345,0.02487076894347051,,0.0003821171804478891,,1790841468.4880648,0.07206487655639648,0.3860647678375244,0.5644108457692809,0.0047200265166880955,-0.013802051720677829,0.37512942567413016,0.0051299648860306715,False
1798.881177,cmd_vel_sent,,,,,,,,,,,,,,,0.18589627709141424,-0.00133577194802855,-0.010259929772061343,0.07117962399939345,,,,,,,,,,,,,
1798.901026,ground_trial_sample,1790841468.416,odom,base_footprint,progress=0.0249;cross_track=0.0004;one_shot=true,0.5285188555717468,0.0055975946597754955,-0.008672086834647158,0.09692978417046735,0.004259017859979022,0.030535513535141945,,,,,,,,0.07490863116106986,0.02487076894347051,,0.0003821171804478891,,1790841468.5084069,0.0924069881439209,0.40640687942504883,0.5674194232845715,0.004678499337253629,-0.013802051720677829,0.37512942567413016,0.0051299648860306715,False
1798.901961,cmd_vel_sent,,,,,,,,,,,,,,,0.1889051016000345,-0.0013512072475074617,-0.010259929772061343,0.07490863116106986,,,,,,,,,,,,,
1798.903132,cmd_vel_observed,,,,,,,,,,,,,,,0.15234158305851456,0.00019237368783005856,-0.001923734841013585,,,,,,,,,,,,,,
1798.921578,ground_trial_sample,1790841468.416,odom,base_footprint,progress=0.0249;cross_track=0.0004;one_shot=true,0.5285188555717468,0.0055975946597754955,-0.008672086834647158,0.09692978417046735,0.004259017859979022,0.030535513535141945,,,,,,,,0.07868518594725786,0.02487076894347051,,0.0003821171804478891,,1790841468.5287468,0.1127469539642334,0.42674684524536133,0.5704178323685082,0.004637112511947069,-0.013802051720677829,0.37512942567413016,0.0051299648860306715,False
1798.923606,cmd_vel_sent,,,,,,,,,,,,,,,0.19190375684250938,-0.0013665903785505004,-0.010259929772061343,0.07868518594725786,,,,,,,,,,,,,
1798.924859,imu_data_raw,1790841468.149,,,,,,,,,,imu_frame,-0.15289874374866486,0.17058686912059784,0.08918401598930359,,,,,,,,,,,,,,,,,
1798.941005,ground_trial_sample,1790841468.416,odom,base_footprint,progress=0.0249;cross_track=0.0004;one_shot=true,0.5285188555717468,0.0055975946597754955,-0.008672086834647158,0.09692978417046735,0.004259017859979022,0.030535513535141945,,,,,,,,0.08252184808002683,0.02487076894347051,,0.0003821171804478891,,1790841468.548385,0.1323850154876709,0.3993849754333496,0.5734163662405343,0.004595723964199471,-0.013802051720677829,0.37512942567413016,0.0051299648860306715,False
1798.942000,cmd_vel_sent,,,,,,,,,,,,,,,0.19490253688331835,-0.0013819741498102259,-0.010259929772061343,0.08252184808002683,,,,,,,,,,,,,
1798.961391,ground_trial_sample,1790841468.416,odom,base_footprint,progress=0.0249;cross_track=0.0004;one_shot=true,0.5285188555717468,0.0055975946597754955,-0.008672086834647158,0.09692978417046735,0.004259017859979022,0.030535513535141945,,,,,,,,0.0864393844441676,0.02487076894347051,,0.0003821171804478891,,1790841468.568741,0.1527411937713623,0.419741153717041,0.5764309997289586,0.004554113194602644,-0.013802051720677829,0.37512942567413016,0.0051299648860306715,False
1798.962539,cmd_vel_sent,,,,,,,,,,,,,,,0.19791741786224584,-0.0013974405190416966,-0.010259929772061343,0.0864393844441676,,,,,,,,,,,,,
1798.964443,cmd_vel_observed,,,,,,,,,,,,,,,0.1671073804030811,-0.00019904134472220267,-0.004152827553670618,,,,,,,,,,,,,,
1798.980779,ground_trial_sample,1790841468.416,odom,base_footprint,progress=0.0249;cross_track=0.0004;one_shot=true,0.5285188555717468,0.0055975946597754955,-0.008672086834647158,0.09692978417046735,0.004259017859979022,0.030535513535141945,,,,,,,,0.09037153946449646,0.02487076894347051,,0.0003821171804478891,,1790841468.5881546,0.17215466499328613,0.43915462493896484,0.5794107898864506,0.004512983365001005,-0.013802051720677829,0.37512942567413016,0.0051299648860306715,False
1798.981760,cmd_vel_sent,,,,,,,,,,,,,,,0.19999505516030147,-0.001406382390381986,-0.010259929772061343,0.09037153946449646,,,,,,,,,,,,,
1798.982899,odom_raw,1790841468.518,odom,base_footprint,,0.5412641167640686,0.0057471445761621,-0.007114775517012218,0.12495105984749184,0.00166076613272039,0.015267756767570972,,,,,,,,,,,,,,,,,,,,,
1799.000941,ground_trial_sample,1790841468.518,odom,base_footprint,progress=0.0376;cross_track=0.0007;one_shot=true,0.5412641167640686,0.0057471445761621,-0.007114775517012218,0.12495105984749184,0.00166076613272039,0.015267756767570972,,,,,,,,0.09437494366450803,0.03761275216025234,,0.0007075580218384244,,1790841468.608327,0.09032702445983887,0.45932698249816895,0.5824130570528684,0.00447154328685896,-0.013802051720677829,0.36238793858960183,0.006687276203665611,False
1799.001884,cmd_vel_sent,,,,,,,,,,,,,,,0.19115362039091066,-0.0019858899552414443,-0.013374552407331222,0.09437494366450803,,,,,,,,,,,,,
1799.002677,imu_data_raw,1790841468.25,,,,,,,,,,imu_frame,-0.06448178738355637,0.5297171473503113,-0.2890998423099518,,,,,,,,,,,,,,,,,
1799.020927,ground_trial_sample,1790841468.518,odom,base_footprint,progress=0.0376;cross_track=0.0007;one_shot=true,0.5412641167640686,0.0057471445761621,-0.007114775517012218,0.12495105984749184,0.00166076613272039,0.015267756767570972,,,,,,,,0.09819632049033492,0.03761275216025234,,0.0007075580218384244,,1790841468.6283147,0.11031484603881836,0.378314733505249,0.5854112791045868,0.00443015904314468,-0.013802051720677829,0.36238793858960183,0.006687276203665611,False
1799.021834,cmd_vel_sent,,,,,,,,,,,,,,,0.19415206099502297,-0.002005941654644069,-0.013374552407331222,0.09819632049033492,,,,,,,,,,,,,
1799.040981,ground_trial_sample,1790841468.518,odom,base_footprint,progress=0.0376;cross_track=0.0007;one_shot=true,0.5412641167640686,0.0057471445761621,-0.007114775517012218,0.12495105984749184,0.00166076613272039,0.015267756767570972,,,,,,,,0.10208527791247402,0.03761275216025234,,0.0007075580218384244,,1790841468.6483576,0.1303577423095703,0.398357629776001,0.5884154033941061,0.004388693331265802,-0.013802051720677829,0.36238793858960183,0.006687276203665611,False
1799.041934,cmd_vel_sent,,,,,,,,,,,,,,,0.19715640426717393,-0.0020260328274066177,-0.013374552407331222,0.10208527791247402,,,,,,,,,,,,,
1799.043212,cmd_vel_observed,,,,,,,,,,,,,,,0.18290531479773223,-0.0013204282818888833,-0.010259929772061343,,,,,,,,,,,,,,
1799.061072,ground_trial_sample,1790841468.518,odom,base_footprint,progress=0.0376;cross_track=0.0007;one_shot=true,0.5412641167640686,0.0057471445761621,-0.007114775517012218,0.12495105984749184,0.00166076613272039,0.015267756767570972,,,,,,,,0.10603125110192979,0.03761275216025234,,0.0007075580218384244,,1790841468.66845,0.1504502296447754,0.41845011711120605,0.591417123562616,0.0043472608032966075,-0.013802051720677829,0.36238793858960183,0.006687276203665611,False
1799.062090,cmd_vel_sent,,,,,,,,,,,,,,,0.19998955097802112,-0.0020443824518656165,-0.013374552407331222,0.10603125110192979,,,,,,,,,,,,,
1799.063202,odom_raw,1790841468.587,odom,base_footprint,,0.5512906312942505,0.005499871913343668,-0.0039543465886355,0.14532259292832833,-0.003124394169921607,0.045803315937519073,,,,,,,,,,,,,,,,,,,,,
1799.080601,ground_trial_sample,1790841468.587,odom,base_footprint,progress=0.0476;cross_track=0.0006;one_shot=true,0.5512906312942505,0.005499871913343668,-0.0039543465886355,0.14532259292832833,-0.003124394169921607,0.045803315937519073,,,,,,,,0.11001936850189724,0.04764172445869743,,0.0005986909894235429,,1790841468.688027,0.10102701187133789,0.43802690505981445,0.594407926721015,0.004305978962034158,-0.013802051720677829,0.352358784158053,0.00984770513204233,False
1799.081109,cmd_vel_sent,,,,,,,,,,,,,,,0.19311440613347997,-0.0025005152260485597,-0.01969541026408466,0.11001936850189724,,,,,,,,,,,,,
1799.081600,imu_data_raw,1790841468.298,,,,,,,,,,imu_frame,-0.008022773079574108,-0.05925649031996727,0.041299980133771896,,,,,,,,,,,,,,,,,
1799.101081,ground_trial_sample,1790841468.587,odom,base_footprint,progress=0.0476;cross_track=0.0006;one_shot=true,0.5512906312942505,0.005499871913343668,-0.0039543465886355,0.14532259292832833,-0.003124394169921607,0.045803315937519073,,,,,,,,0.1138947835932674,0.04764172445869743,,0.0005986909894235429,,1790841468.7084548,0.12145495414733887,0.41045475006103516,0.5974175839834931,0.004264436878926785,-0.013802051720677829,0.352358784158053,0.00984770513204233,False
1799.102122,cmd_vel_sent,,,,,,,,,,,,,,,0.19612420413656526,-0.0025301557874499846,-0.01969541026408466,0.1138947835932674,,,,,,,,,,,,,
1799.120536,ground_trial_sample,1790841468.587,odom,base_footprint,progress=0.0476;cross_track=0.0006;one_shot=true,0.5512906312942505,0.005499871913343668,-0.0039543465886355,0.14532259292832833,-0.003124394169921607,0.045803315937519073,,,,,,,,0.11780142248225284,0.04764172445869743,,0.0005986909894235429,,1790841468.7279627,0.14096283912658691,0.4299626350402832,0.6004049320710224,0.004223202727759481,-0.013802051720677829,0.352358784158053,0.00984770513204233,False
1799.121497,cmd_vel_sent,,,,,,,,,,,,,,,0.19911169192145772,-0.002559576637298825,-0.01969541026408466,0.11780142248225284,,,,,,,,,,,,,
1799.122656,cmd_vel_observed,,,,,,,,,,,,,,,0.19490253688331835,-0.0013819741498102259,-0.010259929772061343,,,,,,,,,,,,,,
1799.141114,ground_trial_sample,1790841468.587,odom,base_footprint,progress=0.0476;cross_track=0.0006;one_shot=true,0.5512906312942505,0.005499871913343668,-0.0039543465886355,0.14532259292832833,-0.003124394169921607,0.045803315937519073,,,,,,,,0.12180200265365358,0.04764172445869743,,0.0005986909894235429,,1790841468.7484858,0.16148591041564941,0.4504857063293457,0.6034182171879258,0.0041816105696379485,-0.013802051720677829,0.352358784158053,0.00984770513204233,False
1799.142132,cmd_vel_sent,,,,,,,,,,,,,,,0.1999835920270087,-0.0025618196608935707,-0.01969541026408466,0.12180200265365358,,,,,,,,,,,,,
1799.143366,odom_raw,1790841468.697,odom,base_footprint,,0.5686795711517334,0.005431109573692083,-0.0005954404074867423,0.15808236776800855,-9.412864060466623e-05,0.030535513535141945,,,,,,,,,,,,,,,,,,,,,
1799.161292,ground_trial_sample,1790841468.697,odom,base_footprint,progress=0.0650;cross_track=0.0008;one_shot=true,0.5686795711517334,0.005431109573692083,-0.0005954404074867423,0.15808236776800855,-9.412864060466623e-05,0.030535513535141945,,,,,,,,0.12580981565365193,0.06502995710647354,,0.0007699306265563295,,1790841468.768656,0.0716559886932373,0.4706559181213379,0.6064237906393907,0.004140124855080783,-0.013802051720677829,0.3349709277374094,0.013206611313191088,False
1799.162391,cmd_vel_sent,,,,,,,,,,,,,,,0.18773190059743441,-0.003249444169489435,-0.026413222626382175,0.12580981565365193,,,,,,,,,,,,,
1799.163193,imu_data_raw,1790841468.382,,,,,,,,,,imu_frame,-0.11774501204490662,-0.3034650683403015,-0.2890998423099518,,,,,,,,,,,,,,,,,
1799.180730,ground_trial_sample,1790841468.697,odom,base_footprint,progress=0.0650;cross_track=0.0008;one_shot=true,0.5686795711517334,0.005431109573692083,-0.0005954404074867423,0.15808236776800855,-9.412864060466623e-05,0.030535513535141945,,,,,,,,0.1295470425527299,0.06502995710647354,,0.0007699306265563295,,1790841468.788147,0.09114694595336914,0.4061470031738281,0.6094091473665927,0.004098918190517102,-0.013802051720677829,0.3349709277374094,0.013206611313191088,False
1799.181291,cmd_vel_sent,,,,,,,,,,,,,,,0.19071728133152008,-0.0032888732248271225,-0.026413222626382175,0.1295470425527299,,,,,,,,,,,,,
1799.201052,ground_trial_sample,1790841468.697,odom,base_footprint,progress=0.0650;cross_track=0.0008;one_shot=true,0.5686795711517334,0.005431109573692083,-0.0005954404074867423,0.15808236776800855,-9.412864060466623e-05,0.030535513535141945,,,,,,,,0.13336746002377617,0.06502995710647354,,0.0007699306265563295,,1790841468.8084304,0.11143040657043457,0.42643046379089355,0.6124131900638945,0.004057453604849746,-0.013802051720677829,0.3349709277374094,0.013206611313191088,False
1799.202029,cmd_vel_sent,,,,,,,,,,,,,,,0.19372134818596967,-0.003328549074841769,-0.026413222626382175,0.13336746002377617,,,,,,,,,,,,,
1799.203214,cmd_vel_observed,,,,,,,,,,,,,,,0.19415206099502297,-0.002005941654644069,-0.013374552407331222,,,,,,,,,,,,,,
1799.220937,ground_trial_sample,1790841468.697,odom,base_footprint,progress=0.0650;cross_track=0.0008;one_shot=true,0.5686795711517334,0.005431109573692083,-0.0005954404074867423,0.15808236776800855,-9.412864060466623e-05,0.030535513535141945,,,,,,,,0.13723999184354954,0.06502995710647354,,0.0007699306265563295,,1790841468.8283234,0.13132333755493164,0.4463233947753906,0.6154109945554046,0.004016075124689041,-0.013802051720677829,0.3349709277374094,0.013206611313191088,False
1799.221835,cmd_vel_sent,,,,,,,,,,,,,,,0.1967191767844627,-0.003368142533844608,-0.026413222626382175,0.13723999184354954,,,,,,,,,,,,,
1799.222990,odom_raw,1790841468.766,odom,base_footprint,,0.5804669857025146,0.005600021220743656,-0.0016489155655978912,0.17083495196863394,0.0022680261396311905,-0.015267756767570972,,,,,,,,,,,,,,,,,,,,,
1799.240902,ground_trial_sample,1790841468.766,odom,base_footprint,progress=0.0768;cross_track=0.0011;one_shot=true,0.5804669857025146,0.005600021220743656,-0.0016489155655978912,0.17083495196863394,0.0022680261396311905,-0.015267756767570972,,,,,,,,0.14117573271216924,0.07681391769042233,,0.0011015115253133337,,1790841468.8483047,0.08230471611022949,0.4663047790527344,0.6184113039582806,0.003974662069416601,-0.013802051720677829,0.32318795943885903,0.012153136155079939,False
1799.241672,cmd_vel_sent,,,,,,,,,,,,,,,0.18793586948319854,-0.003385715541596783,-0.024306272310159877,0.14117573271216924,,,,,,,,,,,,,
1799.242350,imu_data_raw,1790841468.458,,,,,,,,,,imu_frame,-0.2061619609594345,-0.29867666959762573,-0.13108254969120026,,,,,,,,,,,,,,,,,
1799.261281,ground_trial_sample,1790841468.766,odom,base_footprint,progress=0.0768;cross_track=0.0011;one_shot=true,0.5804669857025146,0.005600021220743656,-0.0016489155655978912,0.17083495196863394,0.0022680261396311905,-0.015267756767570972,,,,,,,,0.14494517540805946,0.07681391769042233,,0.0011015115253133337,,1790841468.8686428,0.10264277458190918,0.4106428623199463,0.6214190896990105,0.003933145818789547,-0.013802051720677829,0.32318795943885903,0.012153136155079939,False
1799.262383,cmd_vel_sent,,,,,,,,,,,,,,,0.19094371959172202,-0.003422272153305696,-0.024306272310159877,0.14494517540805946,,,,,,,,,,,,,
1799.280774,ground_trial_sample,1790841468.766,odom,base_footprint,progress=0.0768;cross_track=0.0011;one_shot=true,0.5804669857025146,0.005600021220743656,-0.0016489155655978912,0.17083495196863394,0.0022680261396311905,-0.015267756767570972,,,,,,,,0.1487503350780643,0.07681391769042233,,0.0011015115253133337,,1790841468.888145,0.12214493751525879,0.4301450252532959,0.6244075511305128,0.00389189630021532,-0.013802051720677829,0.32318795943885903,0.012153136155079939,False
1799.281870,cmd_vel_sent,,,,,,,,,,,,,,,0.1939322449774701,-0.0034585938974642347,-0.024306272310159877,0.1487503350780643,,,,,,,,,,,,,
1799.283101,cmd_vel_observed,,,,,,,,,,,,,,,0.19612420413656526,-0.0025301557874499846,-0.01969541026408466,,,,,,,,,,,,,,
1799.301026,ground_trial_sample,1790841468.766,odom,base_footprint,progress=0.0768;cross_track=0.0011;one_shot=true,0.5804669857025146,0.005600021220743656,-0.0016489155655978912,0.17083495196863394,0.0022680261396311905,-0.015267756767570972,,,,,,,,0.1526384647274493,0.07681391769042233,,0.0011015115253133337,,1790841468.9084046,0.14240455627441406,0.45040464401245117,0.6274141227368795,0.0038503968081977117,-0.013802051720677829,0.32318795943885903,0.012153136155079939,False
1799.302024,cmd_vel_sent,,,,,,,,,,,,,,,0.19693888092564737,-0.0034951357525906277,-0.024306272310159877,0.1526384647274493,,,,,,,,,,,,,
1799.303210,odom_raw,1790841468.856,odom,base_footprint,,0.5963010787963867,0.005803386680781841,-0.00027481745755563526,0.17593108978512825,0.002501366500403725,0.015267756767570972,,,,,,,,,,,,,,,,,,,,,
1799.320910,ground_trial_sample,1790841468.856,odom,base_footprint,progress=0.0926;cross_track=0.0015;one_shot=true,0.5963010787963867,0.005803386680781841,-0.00027481745755563526,0.17593108978512825,0.002501366500403725,0.015267756767570972,,,,,,,,0.15656939918742258,0.09264369586605357,,0.0015233936487225124,,1790841468.9282975,0.07229757308959961,0.47029757499694824,0.6304073924103666,0.0038090809218045887,-0.013802051720677829,0.30736007941677784,0.013527234263122193,False
1799.321882,cmd_vel_sent,,,,,,,,,,,,,,,0.18409313665034022,-0.0040139559310413304,-0.027054468526244387,0.15656939918742258,,,,,,,,,,,,,
1799.322655,imu_data_raw,1790841468.565,,,,,,,,,,imu_frame,0.06867627054452896,-0.5045779943466187,-0.0736217051744461,,,,,,,,,,,,,,,,,
1799.340968,ground_trial_sample,1790841468.856,odom,base_footprint,progress=0.0926;cross_track=0.0015;one_shot=true,0.5963010787963867,0.005803386680781841,-0.00027481745755563526,0.17593108978512825,0.002501366500403725,0.015267756767570972,,,,,,,,0.1602551005161728,0.09264369586605357,,0.0015233936487225124,,1790841468.9483514,0.09235143661499023,0.38335132598876953,0.6334095205400325,0.0037676427627768485,-0.013802051720677829,0.30736007941677784,0.013527234263122193,False
1799.341936,cmd_vel_sent,,,,,,,,,,,,,,,0.1870952760545682,-0.004054569051294804,-0.027054468526244387,0.1602551005161728,,,,,,,,,,,,,
1799.361987,ground_trial_sample,1790841468.856,odom,base_footprint,progress=0.0926;cross_track=0.0015;one_shot=true,0.5963010787963867,0.005803386680781841,-0.00027481745755563526,0.17593108978512825,0.002501366500403725,0.015267756767570972,,,,,,,,0.16405180128188937,0.09264369586605357,,0.0015233936487225124,,1790841468.9690826,0.1130826473236084,0.4040825366973877,0.6364524471833741,0.0037256414647940835,-0.013802051720677829,0.30736007941677784,0.013527234263122193,False
1799.364157,cmd_vel_sent,,,,,,,,,,,,,,,0.1901382141256916,-0.004095734098338378,-0.027054468526244387,0.16405180128188937,,,,,,,,,,,,,
1799.365980,cmd_vel_observed,,,,,,,,,,,,,,,0.19071728133152008,-0.0032888732248271225,-0.026413222626382175,,,,,,,,,,,,,,
1799.381034,ground_trial_sample,1790841468.856,odom,base_footprint,progress=0.0926;cross_track=0.0015;one_shot=true,0.5963010787963867,0.005803386680781841,-0.00027481745755563526,0.17593108978512825,0.002501366500403725,0.015267756767570972,,,,,,,,0.16779713743681887,0.09264369586605357,,0.0015233936487225124,,1790841468.9883955,0.13239550590515137,0.42339539527893066,0.6394061755234025,0.0036848713645877126,-0.013802051720677829,0.30736007941677784,0.013527234263122193,False
1799.381606,cmd_vel_sent,,,,,,,,,,,,,,,0.19309195355851552,-0.004135692460902675,-0.027054468526244387,0.16779713743681887,,,,,,,,,,,,,
1799.382775,imu_data_raw,1790841468.618,,,,,,,,,,imu_frame,0.2859902083873749,0.10354922711849213,-0.7631517648696899,,,,,,,,,,,,,,,,,
1799.401108,ground_trial_sample,1790841468.856,odom,base_footprint,progress=0.0926;cross_track=0.0015;one_shot=true,0.5963010787963867,0.005803386680781841,-0.00027481745755563526,0.17593108978512825,0.002501366500403725,0.015267756767570972,,,,,,,,0.17166797855677338,0.09264369586605357,,0.0015233936487225124,,1790841469.0084813,0.1524813175201416,0.39048123359680176,0.6424121927825707,0.0036433795241846826,-0.013802051720677829,0.30736007941677784,0.013527234263122193,False
1799.402139,cmd_vel_sent,,,,,,,,,,,,,,,0.19609798210685145,-0.004176358193728744,-0.027054468526244387,0.17166797855677338,,,,,,,,,,,,,
1799.420995,ground_trial_sample,1790841468.856,odom,base_footprint,progress=0.0926;cross_track=0.0015;one_shot=true,0.5963010787963867,0.005803386680781841,-0.00027481745755563526,0.17593108978512825,0.002501366500403725,0.015267756767570972,,,,,,,,0.17558440957268592,0.09264369586605357,,0.0015233936487225124,,1790841469.0283718,0.17237186431884766,0.4103717803955078,0.6454069993596725,0.0036020424240213135,-0.013802051720677829,0.30736007941677784,0.013527234263122193,False
1799.421951,cmd_vel_sent,,,,,,,,,,,,,,,0.19909279993101905,-0.004216872267212097,-0.027054468526244387,0.17558440957268592,,,,,,,,,,,,,
1799.422732,cmd_vel_observed,,,,,,,,,,,,,,,0.18793586948319854,-0.003385715541596783,-0.024306272310159877,,,,,,,,,,,,,,
1799.441045,ground_trial_sample,1790841468.856,odom,base_footprint,progress=0.0926;cross_track=0.0015;one_shot=true,0.5963010787963867,0.005803386680781841,-0.00027481745755563526,0.17593108978512825,0.002501366500403725,0.015267756767570972,,,,,,,,0.1795702313139413,0.09264369586605357,,0.0015233936487225124,,1790841469.0484118,0.1924118995666504,0.43041181564331055,0.6484090278987868,0.0035606056396348057,-0.013802051720677829,0.30736007941677784,0.013527234263122193,False
1799.442119,cmd_vel_sent,,,,,,,,,,,,,,,0.19995563391774598,-0.004212417898589716,-0.027054468526244387,0.1795702313139413,,,,,,,,,,,,,
1799.443338,odom_raw,1790841468.976,odom,base_footprint,,0.6180244088172913,0.00487951934337616,-0.005771210096216602,0.18098268196017567,-0.008693774084463656,-0.04580327123403549,,,,,,,,,,,,,,,,,,,,,
1799.461135,ground_trial_sample,1790841468.976,odom,base_footprint,progress=0.1144;cross_track=0.0009;one_shot=true,0.6180244088172913,0.00487951934337616,-0.005771210096216602,0.18098268196017567,-0.008693774084463656,-0.04580327123403549,,,,,,,,0.18357681131397333,0.11437770766913759,,0.0008994313119885843,,1790841469.0685043,0.09250426292419434,0.4505043029785156,0.6514136766883565,0.003519132688119392,-0.013802051720677829,0.28562370849252283,0.008030841624461226,False
1799.462140,cmd_vel_sent,,,,,,,,,,,,,,,0.183391725804998,-0.002372281885152751,-0.016061683248922452,0.18357681131397333,,,,,,,,,,,,,
1799.463014,imu_data_raw,1790841468.663,,,,,,,,,,imu_frame,-0.11454921960830688,-0.2651578485965729,0.314238965511322,,,,,,,,,,,,,,,,,
1799.480632,ground_trial_sample,1790841468.976,odom,base_footprint,progress=0.1144;cross_track=0.0009;one_shot=true,0.6180244088172913,0.00487951934337616,-0.005771210096216602,0.18098268196017567,-0.008693774084463656,-0.04580327123403549,,,,,,,,0.18723250228064153,0.11437770766913759,,0.0008994313119885843,,1790841469.088055,0.11205482482910156,0.42505478858947754,0.6544032093177805,0.0034778683838771604,-0.013802051720677829,0.28562370849252283,0.008030841624461226,False
1799.481159,cmd_vel_sent,,,,,,,,,,,,,,,0.18638144679222615,-0.0023962923770856235,-0.016061683248922452,0.18723250228064153,,,,,,,,,,,,,
1799.500927,ground_trial_sample,1790841468.976,odom,base_footprint,progress=0.1144;cross_track=0.0009;one_shot=true,0.6180244088172913,0.00487951934337616,-0.005771210096216602,0.18098268196017567,-0.008693774084463656,-0.04580327123403549,,,,,,,,0.1909655340784262,0.11437770766913759,,0.0008994313119885843,,1790841469.1083107,0.1323106288909912,0.4453105926513672,0.6574070231368835,0.003436406957399149,-0.013802051720677829,0.28562370849252283,0.008030841624461226,False
1799.501861,cmd_vel_sent,,,,,,,,,,,,,,,0.18938544986893066,-0.0024204175686829846,-0.016061683248922452,0.1909655340784262,,,,,,,,,,,,,
1799.503156,cmd_vel_observed,,,,,,,,,,,,,,,0.18409313665034022,-0.0040139559310413304,-0.027054468526244387,,,,,,,,,,,,,,
1799.520852,ground_trial_sample,1790841468.976,odom,base_footprint,progress=0.1144;cross_track=0.0009;one_shot=true,0.6180244088172913,0.00487951934337616,-0.005771210096216602,0.18098268196017567,-0.008693774084463656,-0.04580327123403549,,,,,,,,0.19474821546264315,0.11437770766913759,,0.0008994313119885843,,1790841469.1282423,0.15224218368530273,0.4652421474456787,0.660402511099035,0.0033950604521268603,-0.013802051720677829,0.28562370849252283,0.008030841624461226,False
1799.521739,cmd_vel_sent,,,,,,,,,,,,,,,0.19238112656410666,-0.002444475890991415,-0.016061683248922452,0.19474821546264315,,,,,,,,,,,,,
1799.522879,odom_raw,1790841469.036,odom,base_footprint,,0.6294970512390137,0.004660321865230799,-0.0066872751078609375,0.1912073763192959,-0.0038284477411806997,-0.015267756767570972,,,,,,,,,,,,,,,,,,,,,
1799.541245,ground_trial_sample,1790841469.036,odom,base_footprint,progress=0.1259;cross_track=0.0008;one_shot=true,0.6294970512390137,0.004660321865230799,-0.0066872751078609375,0.1912073763192959,-0.0038284477411806997,-0.015267756767570972,,,,,,,,0.1986104805985496,0.12585228263721535,,0.0008385956884310254,,1790841469.1486084,0.11260843276977539,0.4856083393096924,0.6634133980943621,0.0033535013951052645,-0.013802051720677829,0.27414899995796804,0.007114776612816892,False
1799.542339,cmd_vel_sent,,,,,,,,,,,,,,,0.1839205310100338,-0.0021471924865285414,-0.014229553225633783,0.1986104805985496,,,,,,,,,,,,,
1799.543300,imu_data_raw,1790841468.806,,,,,,,,,,imu_frame,0.1368531882762909,0.1562216579914093,0.5249287486076355,,,,,,,,,,,,,,,,,
1799.560957,ground_trial_sample,1790841469.036,odom,base_footprint,progress=0.1259;cross_track=0.0008;one_shot=true,0.6294970512390137,0.004660321865230799,-0.0066872751078609375,0.1912073763192959,-0.0038284477411806997,-0.015267756767570972,,,,,,,,0.20230153695088235,0.12585228263721535,,0.0008385956884310254,,1790841469.1683657,0.13236570358276367,0.36236572265625,0.6664232197411484,0.0033119570430130882,-0.013802051720677829,0.27414899995796804,0.007114776612816892,False
1799.561711,cmd_vel_sent,,,,,,,,,,,,,,,0.18693056317442902,-0.0021686085543376073,-0.014229553225633783,0.20230153695088235,,,,,,,,,,,,,
1799.580977,ground_trial_sample,1790841469.036,odom,base_footprint,progress=0.1259;cross_track=0.0008;one_shot=true,0.6294970512390137,0.004660321865230799,-0.0066872751078609375,0.1912073763192959,-0.0038284477411806997,-0.015267756767570972,,,,,,,,0.20602250596570626,0.12585228263721535,,0.0008385956884310254,,1790841469.1883824,0.15238237380981445,0.3823823928833008,0.6694085776682916,0.0032707503618867053,-0.013802051720677829,0.27414899995796804,0.007114776612816892,False
1799.581617,cmd_vel_sent,,,,,,,,,,,,,,,0.18991612990810183,-0.002189850553135209,-0.014229553225633783,0.20602250596570626,,,,,,,,,,,,,
1799.582332,cmd_vel_observed,,,,,,,,,,,,,,,0.19609798210685145,-0.004176358193728744,-0.027054468526244387,,,,,,,,,,,,,,
1799.601266,ground_trial_sample,1790841469.036,odom,base_footprint,progress=0.1259;cross_track=0.0008;one_shot=true,0.6294970512390137,0.004660321865230799,-0.0066872751078609375,0.1912073763192959,-0.0038284477411806997,-0.015267756767570972,,,,,,,,0.20982880014323196,0.12585228263721535,,0.0008385956884310254,,1790841469.2086256,0.17262554168701172,0.40262556076049805,0.672414387647214,0.0032292613825580263,-0.013802051720677829,0.27414899995796804,0.007114776612816892,False
1799.602376,cmd_vel_sent,,,,,,,,,,,,,,,0.19292215012404276,-0.0022112380763455973,-0.014229553225633783,0.20982880014323196,,,,,,,,,,,,,
1799.603885,odom_raw,1790841469.126,odom,base_footprint,,0.6471646428108215,0.004312692675739527,-0.008061373877138078,0.1963011852271272,-0.0041322897165497795,-0.015267756767570972,,,,,,,,,,,,,,,,,,,,,
1799.621549,ground_trial_sample,1790841469.126,odom,base_footprint,progress=0.1435;cross_track=0.0007;one_shot=true,0.6471646428108215,0.004312692675739527,-0.008061373877138078,0.1963011852271272,-0.0041322897165497795,-0.015267756767570972,,,,,,,,0.21369327614093125,0.14352298927111554,,0.0007348408801673529,,1790841469.2288747,0.102874755859375,0.42287468910217285,0.6754185948788081,0.003187794525835646,-0.013802051720677829,0.2564780634353424,0.0057406778435397515,False
1799.622929,cmd_vel_sent,,,,,,,,,,,,,,,0.17825963050031549,-0.001758195341596145,-0.011481355687079503,0.21369327614093125,,,,,,,,,,,,,
1799.624092,imu_data_raw,1790841468.869,,,,,,,,,,imu_frame,-0.20509669184684753,0.13706804811954498,0.1801636815071106,,,,,,,,,,,,,,,,,
1799.641249,ground_trial_sample,1790841469.126,odom,base_footprint,progress=0.1435;cross_track=0.0007;one_shot=true,0.6471646428108215,0.004312692675739527,-0.008061373877138078,0.1963011852271272,-0.0041322897165497795,-0.015267756767570972,,,,,,,,0.21724655770796822,0.14352298927111554,,0.0007348408801673529,,1790841469.248616,0.12261605262756348,0.37961602210998535,0.6784081419068788,0.0031465300228499284,-0.013802051720677829,0.2564780634353424,0.0057406778435397515,False
1799.642371,cmd_vel_sent,,,,,,,,,,,,,,,0.18124941303491973,-0.0017753589084939327,-0.011481355687079503,0.21724655770796822,,,,,,,,,,,,,
1799.661235,ground_trial_sample,1790841469.126,odom,base_footprint,progress=0.1435;cross_track=0.0007;one_shot=true,0.6471646428108215,0.004312692675739527,-0.008061373877138078,0.1963011852271272,-0.0041322897165497795,-0.015267756767570972,,,,,,,,0.220884468289468,0.14352298927111554,,0.0007348408801673529,,1790841469.2686,0.14260005950927734,0.3996000289916992,0.6814184051116406,0.0031049795759647185,-0.013802051720677829,0.2564780634353424,0.0057406778435397515,False
1799.662543,cmd_vel_sent,,,,,,,,,,,,,,,0.18425991337816633,-0.0017926414109632849,-0.011481355687079503,0.220884468289468,,,,,,,,,,,,,
1799.663880,cmd_vel_observed,,,,,,,,,,,,,,,0.18638144679222615,-0.0023962923770856235,-0.016061683248922452,,,,,,,,,,,,,,
1799.681042,ground_trial_sample,1790841469.126,odom,base_footprint,progress=0.1435;cross_track=0.0007;one_shot=true,0.6471646428108215,0.004312692675739527,-0.008061373877138078,0.1963011852271272,-0.0041322897165497795,-0.015267756767570972,,,,,,,,0.22454893107354146,0.14352298927111554,,0.0007348408801673529,,1790841469.2884576,0.16245770454406738,0.41945767402648926,0.6844010997424409,0.0030638096561265383,-0.013802051720677829,0.2564780634353424,0.0057406778435397515,False
1799.682179,cmd_vel_sent,,,,,,,,,,,,,,,0.1872428429756911,-0.001809765636924852,-0.011481355687079503,0.22454893107354146,,,,,,,,,,,,,
1799.684112,odom_raw,1790841469.222,odom,base_footprint,,0.6654658913612366,0.004165156278759241,-0.008061373877138078,0.18867284918446423,-0.0015209953255569727,0.0,,,,,,,,,,,,,,,,,,,,,
1799.701151,ground_trial_sample,1790841469.222,odom,base_footprint,progress=0.1618;cross_track=0.0008;one_shot=true,0.6654658913612366,0.004165156278759241,-0.008061373877138078,0.18867284918446423,-0.0015209953255569727,0.0,,,,,,,,0.22830287321580076,0.16182453092643112,,0.0008399052949370892,,1790841469.3085256,0.08652567863464355,0.4395256042480469,0.687407951072171,0.003022306303107427,-0.013802051720677829,0.23817694999583625,0.0057406778435397515,False
1799.702185,cmd_vel_sent,,,,,,,,,,,,,,,0.17194808794849,-0.0018270285570985674,-0.011481355687079503,0.22830287321580076,,,,,,,,,,,,,
1799.702762,imu_data_raw,1790841468.942,,,,,,,,,,imu_frame,-0.10176604241132736,-0.3274070918560028,-0.10714052617549896,,,,,,,,,,,,,,,,,
1799.721278,ground_trial_sample,1790841469.222,odom,base_footprint,progress=0.1618;cross_track=0.0008;one_shot=true,0.6654658913612366,0.004165156278759241,-0.008061373877138078,0.18867284918446423,-0.0015209953255569727,0.0,,,,,,,,0.2317483244744402,0.16182453092643112,,0.0008399052949370892,,1790841469.3286166,0.10661673545837402,0.38661670684814453,0.6904131563087168,0.002980825670994353,-0.013802051720677829,0.23817694999583625,0.0057406778435397515,False
1799.722500,cmd_vel_sent,,,,,,,,,,,,,,,0.17495352992507068,-0.0018442820207954808,-0.011481355687079503,0.2317483244744402,,,,,,,,,,,,,
1799.741054,ground_trial_sample,1790841469.222,odom,base_footprint,progress=0.1618;cross_track=0.0008;one_shot=true,0.6654658913612366,0.004165156278759241,-0.008061373877138078,0.18867284918446423,-0.0015209953255569727,0.0,,,,,,,,0.23523918879801622,0.16182453092643112,,0.0008399052949370892,,1790841469.3484285,0.12642860412597656,0.40642857551574707,0.6934056691542858,0.002939520231042645,-0.013802051720677829,0.23817694999583625,0.0057406778435397515,False
1799.742123,cmd_vel_sent,,,,,,,,,,,,,,,0.17794627851081038,-0.001861462615024353,-0.011481355687079503,0.23523918879801622,,,,,,,,,,,,,
1799.743541,cmd_vel_observed,,,,,,,,,,,,,,,0.18693056317442902,-0.0021686085543376073,-0.014229553225633783,,,,,,,,,,,,,,
1799.761183,ground_trial_sample,1790841469.222,odom,base_footprint,progress=0.1618;cross_track=0.0008;one_shot=true,0.6654658913612366,0.004165156278759241,-0.008061373877138078,0.18867284918446423,-0.0015209953255569727,0.0,,,,,,,,0.23880569532936857,0.16182453092643112,,0.0008399052949370892,,1790841469.3685505,0.14655065536499023,0.42655062675476074,0.696411608720892,0.0028980294630244706,-0.013802051720677829,0.23817694999583625,0.0057406778435397515,False
1799.762240,cmd_vel_sent,,,,,,,,,,,,,,,0.18095245487529957,-0.0018787202946519731,-0.011481355687079503,0.23880569532936857,,,,,,,,,,,,,
1799.763254,odom_raw,1790841469.307,odom,base_footprint,,0.6817427277565002,0.0040339394472539425,-0.008061373877138078,0.19377211417047593,-0.0015621032975891183,0.0,,,,,,,,,,,,,,,,,,,,,
1799.780652,ground_trial_sample,1790841469.307,odom,base_footprint,progress=0.1781;cross_track=0.0009;one_shot=true,0.6817427277565002,0.0040339394472539425,-0.008061373877138078,0.19377211417047593,-0.0015621032975891183,0.0,,,,,,,,0.2424095806723722,0.17810162800904727,,0.0009333475666299187,,1790841469.388074,0.08107399940490723,0.4460740089416504,0.6993985932430443,0.002856800330123963,-0.013802051720677829,0.22190033490266617,0.0057406778435397515,False
1799.781203,cmd_vel_sent,,,,,,,,,,,,,,,0.1676623094087115,-0.0018958688243461386,-0.011481355687079503,0.2424095806723722,,,,,,,,,,,,,
1799.781722,imu_data_raw,1790841468.989,,,,,,,,,,imu_frame,0.26468491554260254,-0.7439981698989868,0.5297171473503113,,,,,,,,,,,,,,,,,
1799.801060,ground_trial_sample,1790841469.307,odom,base_footprint,progress=0.1781;cross_track=0.0009;one_shot=true,0.6817427277565002,0.0040339394472539425,-0.008061373877138078,0.19377211417047593,-0.0015621032975891183,0.0,,,,,,,,0.2457697270264748,0.17810162800904727,,0.0009333475666299187,,1790841469.4084406,0.1014406681060791,0.41944050788879395,0.7024042880329637,0.002815312940740822,-0.013802051720677829,0.22190033490266617,0.0057406778435397515,False
1799.801996,cmd_vel_sent,,,,,,,,,,,,,,,0.17066824097723118,-0.0019131250986635232,-0.011481355687079503,0.2457697270264748,,,,,,,,,,,,,
1799.821019,ground_trial_sample,1790841469.307,odom,base_footprint,progress=0.1781;cross_track=0.0009;one_shot=true,0.6817427277565002,0.0040339394472539425,-0.008061373877138078,0.19377211417047593,-0.0015621032975891183,0.0,,,,,,,,0.24918461301135814,0.17810162800904727,,0.0009333475666299187,,1790841469.4283986,0.1213986873626709,0.43939852714538574,0.705405150583165,0.002773892250415565,-0.013802051720677829,0.22190033490266617,0.0057406778435397515,False
1799.821989,cmd_vel_sent,,,,,,,,,,,,,,,0.173669339925365,-0.0019303536301593749,-0.011481355687079503,0.24918461301135814,,,,,,,,,,,,,
1799.823171,cmd_vel_observed,,,,,,,,,,,,,,,0.18124941303491973,-0.0017753589084939327,-0.011481355687079503,,,,,,,,,,,,,,
1799.841006,ground_trial_sample,1790841469.307,odom,base_footprint,progress=0.1781;cross_track=0.0009;one_shot=true,0.6817427277565002,0.0040339394472539425,-0.008061373877138078,0.19377211417047593,-0.0015621032975891183,0.0,,,,,,,,0.25265252026312146,0.17810162800904727,,0.0009333475666299187,,1790841469.448366,0.14136600494384766,0.4593658447265625,0.7083999475611462,0.0027325552827481676,-0.013802051720677829,0.22190033490266617,0.0057406778435397515,False
1799.842033,cmd_vel_sent,,,,,,,,,,,,,,,0.17666437282345326,-0.0019475473380335894,-0.011481355687079503,0.25265252026312146,,,,,,,,,,,,,
1799.842958,odom_raw,1790841469.396,odom,base_footprint,,0.6985346078872681,0.003898570779711008,-0.005343712741735262,0.1886762859908508,-0.0010082414703986133,0.030535513535141945,,,,,,,,,,,,,,,,,,,,,
1799.861104,ground_trial_sample,1790841469.396,odom,base_footprint,progress=0.1949;cross_track=0.0010;one_shot=true,0.6985346078872681,0.003898570779711008,-0.005343712741735262,0.1886762859908508,-0.0010082414703986133,0.030535513535141945,,,,,,,,0.2561922023291896,0.19489377707293432,,0.0010297468323162407,,1790841469.4684796,0.0724797248840332,0.4794795513153076,0.7114049081709893,0.0026910780271999063,-0.013802051720677829,0.2051088078604765,0.008458338978942567,False
1799.862121,cmd_vel_sent,,,,,,,,,,,,,,,0.16287120326005294,-0.0024074363705294134,-0.016916677957885134,0.2561922023291896,,,,,,,,,,,,,
1799.862959,imu_data_raw,1790841469.116,,,,,,,,,,imu_frame,0.08252470940351486,-0.5907692909240723,-0.23163901269435883,,,,,,,,,,,,,,,,,
1799.880638,ground_trial_sample,1790841469.396,odom,base_footprint,progress=0.1949;cross_track=0.0010;one_shot=true,0.6985346078872681,0.003898570779711008,-0.005343712741735262,0.1886762859908508,-0.0010082414703986133,0.030535513535141945,,,,,,,,0.2594416348142043,0.19489377707293432,,0.0010297468323162407,,1790841469.488062,0.09206199645996094,0.37206196784973145,0.7143969362627451,0.002649779278270279,-0.013802051720677829,0.2051088078604765,0.008458338978942567,False
1799.881207,cmd_vel_sent,,,,,,,,,,,,,,,0.16586340932043214,-0.0024327460672672408,-0.016916677957885134,0.2594416348142043,,,,,,,,,,,,,
1799.901010,ground_trial_sample,1790841469.396,odom,base_footprint,progress=0.1949;cross_track=0.0010;one_shot=true,0.6985346078872681,0.003898570779711008,-0.005343712741735262,0.1886762859908508,-0.0010082414703986133,0.030535513535141945,,,,,,,,0.2627679758606703,0.19489377707293432,,0.0010297468323162407,,1790841469.50839,0.11239004135131836,0.39239001274108887,0.7174045313716378,0.0026082656589207875,-0.013802051720677829,0.2051088078604765,0.008458338978942567,False
1799.902078,cmd_vel_sent,,,,,,,,,,,,,,,0.16887118332388898,-0.0024581874460851707,-0.016916677957885134,0.2627679758606703,,,,,,,,,,,,,
1799.903284,cmd_vel_observed,,,,,,,,,,,,,,,0.17495352992507068,-0.0018442820207954808,-0.011481355687079503,,,,,,,,,,,,,,
1799.921005,ground_trial_sample,1790841469.396,odom,base_footprint,progress=0.1949;cross_track=0.0010;one_shot=true,0.6985346078872681,0.003898570779711008,-0.005343712741735262,0.1886762859908508,-0.0010082414703986133,0.030535513535141945,,,,,,,,0.2661445538327334,0.19489377707293432,,0.0010297468323162407,,1790841469.528388,0.13238811492919922,0.4123880863189697,0.7204031768330139,0.002566875570913405,-0.013802051720677829,0.2051088078604765,0.008458338978942567,False
1799.921955,cmd_vel_sent,,,,,,,,,,,,,,,0.17187000714749576,-0.002483553119442586,-0.016916677957885134,0.2661445538327334,,,,,,,,,,,,,
1799.923129,odom_raw,1790841469.502,odom,base_footprint,,0.7179059982299805,0.0040678782388567924,-0.006977363167266516,0.1810432099745582,0.0012865526815854732,-0.015267756767570972,,,,,,,,,,,,,,,,,,,,,
1799.941276,ground_trial_sample,1790841469.502,odom,base_footprint,progress=0.2143;cross_track=0.0015;one_shot=true,0.7179059982299805,0.0040678782388567924,-0.006977363167266516,0.1810432099745582,0.0012865526815854732,-0.015267756767570972,,,,,,,,0.26962265304606514,0.21426098563651427,,0.0014663946082736094,,1790841469.5486555,0.04665541648864746,0.43265557289123535,0.7234380910896052,0.002524984867329682,-0.013802051720677829,0.18574480280714817,0.006824688553411313,False
1799.942246,cmd_vel_sent,,,,,,,,,,,,,,,0.15553923022463426,-0.0025279520434148667,-0.013649377106822626,0.26962265304606514,,,,,,,,,,,,,
1799.943125,imu_data_raw,1790841469.178,,,,,,,,,,imu_frame,-0.047437556087970734,-0.40880993008613586,0.4818331003189087,,,,,,,,,,,,,,,,,
1799.960979,ground_trial_sample,1790841469.502,odom,base_footprint,progress=0.2143;cross_track=0.0015;one_shot=true,0.7179059982299805,0.0040678782388567924,-0.006977363167266516,0.1810432099745582,0.0012865526815854732,-0.015267756767570972,,,,,,,,0.272699319040031,0.21426098563651427,,0.0014663946082736094,,1790841469.5683749,0.0663747787475586,0.39037489891052246,0.7264045131704675,0.002484039556329964,-0.013802051720677829,0.18574480280714817,0.006824688553411313,False
1799.961735,cmd_vel_sent,,,,,,,,,,,,,,,0.15850586578572806,-0.0025481987215107316,-0.013649377106822626,0.272699319040031,,,,,,,,,,,,,
1799.980966,ground_trial_sample,1790841469.502,odom,base_footprint,progress=0.2143;cross_track=0.0015;one_shot=true,0.7179059982299805,0.0040678782388567924,-0.006977363167266516,0.1810432099745582,0.0012865526815854732,-0.015267756767570972,,,,,,,,0.2758740722995168,0.21426098563651427,,0.0014663946082736094,,1790841469.588309,0.08630895614624023,0.4103090763092041,0.7294082260491618,0.002442579523125166,-0.013802051720677829,0.18574480280714817,0.006824688553411313,False
1799.982052,cmd_vel_sent,,,,,,,,,,,,,,,0.16150979482830705,-0.0025686999199543634,-0.013649377106822626,0.2758740722995168,,,,,,,,,,,,,
1799.983133,cmd_vel_observed,,,,,,,,,,,,,,,0.17066824097723118,-0.0019131250986635232,-0.011481355687079503,,,,,,,,,,,,,,
1800.001007,ground_trial_sample,1790841469.502,odom,base_footprint,progress=0.2143;cross_track=0.0015;one_shot=true,0.7179059982299805,0.0040678782388567924,-0.006977363167266516,0.1810432099745582,0.0012865526815854732,-0.015267756767570972,,,,,,,,0.27909881234931744,0.21426098563651427,,0.0014663946082736094,,1790841469.6083882,0.10638809204101562,0.4303882122039795,0.7324024950774579,0.002401249842709367,-0.013802051720677829,0.18574480280714817,0.006824688553411313,False
1800.002038,cmd_vel_sent,,,,,,,,,,,,,,,0.1645042793408559,-0.0025891366614212777,-0.013649377106822626,0.27909881234931744,,,,,,,,,,,,,
1800.003214,odom_raw,1790841469.576,odom,base_footprint,,0.7311169505119324,0.0034172977320849895,-0.005862816687801361,0.18098186989287748,-0.008710353167230366,0.015267756767570972,,,,,,,,,,,,,,,,,,,,,
1800.020951,ground_trial_sample,1790841469.576,odom,base_footprint,progress=0.2275;cross_track=0.0010;one_shot=true,0.7311169505119324,0.0034172977320849895,-0.005862816687801361,0.18098186989287748,-0.008710353167230366,0.015267756767570972,,,,,,,,0.28238732256457827,0.22747965867820236,,0.0009982085248087806,,1790841469.6283197,0.05231976509094238,0.450319766998291,0.7354004017092155,0.0023598699527141594,-0.013802051720677829,0.17252322913175658,0.007939235032876468,False
1800.021862,cmd_vel_sent,,,,,,,,,,,,,,,0.15428484971635337,-0.0022231694052804916,-0.015878470065752937,0.28238732256457827,,,,,,,,,,,,,
1800.022657,imu_data_raw,1790841469.23,,,,,,,,,,imu_frame,-0.057024937123060226,-0.2172738015651703,0.5392939448356628,,,,,,,,,,,,,,,,,
1800.041011,ground_trial_sample,1790841469.576,odom,base_footprint,progress=0.2275;cross_track=0.0010;one_shot=true,0.7311169505119324,0.0034172977320849895,-0.005862816687801361,0.18098186989287748,-0.008710353167230366,0.015267756767570972,,,,,,,,0.28547748317700367,0.22747965867820236,,0.0009982085248087806,,1790841469.648391,0.07239103317260742,0.41839098930358887,0.7384041433851691,0.0023184095220228585,-0.013802051720677829,0.17252322913175658,0.007939235032876468,False
1800.041988,cmd_vel_sent,,,,,,,,,,,,,,,0.15728878284273243,-0.0022470188374840846,-0.015878470065752937,0.28547748317700367,,,,,,,,,,,,,
1800.061019,ground_trial_sample,1790841469.576,odom,base_footprint,progress=0.2275;cross_track=0.0010;one_shot=true,0.7311169505119324,0.0034172977320849895,-0.005862816687801361,0.18098186989287748,-0.008710353167230366,0.015267756767570972,,,,,,,,0.28862199088926155,0.22747965867820236,,0.0009982085248087806,,1790841469.668396,0.09239602088928223,0.43839597702026367,0.7414023426390958,0.0022770255929848633,-0.013802051720677829,0.17252322913175658,0.007939235032876468,False
1800.062028,cmd_vel_sent,,,,,,,,,,,,,,,0.16028717319382538,-0.002270824263367348,-0.015878470065752937,0.28862199088926155,,,,,,,,,,,,,
1800.063095,cmd_vel_observed,,,,,,,,,,,,,,,0.16586340932043214,-0.0024327460672672408,-0.016916677957885134,,,,,,,,,,,,,,
1800.080562,ground_trial_sample,1790841469.576,odom,base_footprint,progress=0.2275;cross_track=0.0010;one_shot=true,0.7311169505119324,0.0034172977320849895,-0.005862816687801361,0.18098186989287748,-0.008710353167230366,0.015267756767570972,,,,,,,,0.29181810746923714,0.22747965867820236,,0.0009982085248087806,,1790841469.6879923,0.11199235916137695,0.4579923152923584,0.7443927486353322,0.0022357492337232265,-0.013802051720677829,0.17252322913175658,0.007939235032876468,False
1800.081083,cmd_vel_sent,,,,,,,,,,,,,,,0.16327776979050687,-0.002294567811502465,-0.015878470065752937,0.29181810746923714,,,,,,,,,,,,,
1800.081632,imu_data_raw,1790841469.298,,,,,,,,,,imu_frame,0.22100909054279327,0.6302735805511475,0.42437225580215454,,,,,,,,,,,,,,,,,
1800.100833,ground_trial_sample,1790841469.576,odom,base_footprint,progress=0.2275;cross_track=0.0010;one_shot=true,0.7311169505119324,0.0034172977320849895,-0.005862816687801361,0.18098186989287748,-0.008710353167230366,0.015267756767570972,,,,,,,,0.2950920378200056,0.22747965867820236,,0.0009982085248087806,,1790841469.708247,0.1322469711303711,0.4102468490600586,0.7473998591403958,0.002194242303325596,-0.013802051720677829,0.17252322913175658,0.007939235032876468,False
1800.101507,cmd_vel_sent,,,,,,,,,,,,,,,0.1662850719607159,-0.002318443991898855,-0.015878470065752937,0.2950920378200056,,,,,,,,,,,,,
1800.120891,ground_trial_sample,1790841469.576,odom,base_footprint,progress=0.2275;cross_track=0.0010;one_shot=true,0.7311169505119324,0.0034172977320849895,-0.005862816687801361,0.18098186989287748,-0.008710353167230366,0.015267756767570972,,,,,,,,0.29841511630190964,0.22747965867820236,,0.0009982085248087806,,1790841469.7282789,0.15227890014648438,0.4302787780761719,0.7503969162530901,0.0021528741391810256,-0.013802051720677829,0.17252322913175658,0.007939235032876468,False
1800.121804,cmd_vel_sent,,,,,,,,,,,,,,,0.16928232009777963,-0.0023422403492859493,-0.015878470065752937,0.29841511630190964,,,,,,,,,,,,,
1800.122450,cmd_vel_observed,,,,,,,,,,,,,,,0.15553923022463426,-0.0025279520434148667,-0.013649377106822626,,,,,,,,,,,,,,
1800.141087,ground_trial_sample,1790841469.576,odom,base_footprint,progress=0.2275;cross_track=0.0010;one_shot=true,0.7311169505119324,0.0034172977320849895,-0.005862816687801361,0.18098186989287748,-0.008710353167230366,0.015267756767570972,,,,,,,,0.30180729037344617,0.22747965867820236,,0.0009982085248087806,,1790841469.7484646,0.17246460914611816,0.45046448707580566,0.7534021264391462,0.0021113934387502163,-0.013802051720677829,0.17252322913175658,0.007939235032876468,False
1800.142035,cmd_vel_sent,,,,,,,,,,,,,,,0.17228772182785998,-0.002366101441324477,-0.015878470065752937,0.30180729037344617,,,,,,,,,,,,,
1800.143234,odom_raw,1790841469.674,odom,base_footprint,,0.7481050491333008,0.0028179457876831293,-0.0028703364142400965,0.17336533654474376,-0.005597069892070767,0.030535513535141945,,,,,,,,,,,,,,,,,,,,,
1800.161281,ground_trial_sample,1790841469.674,odom,base_footprint,progress=0.2445;cross_track=0.0006;one_shot=true,0.7481050491333008,0.0028179457876831293,-0.0028703364142400965,0.17336533654474376,-0.005597069892070767,0.030535513535141945,,,,,,,,0.3052607198842567,0.2444744112613717,,0.0006333768383325715,,1790841469.7685723,0.09457230567932129,0.47057223320007324,0.7564082387892739,0.0020699002858134996,-0.013802051720677829,0.15552687844458368,0.010931715306437733,False
1800.162380,cmd_vel_sent,,,,,,,,,,,,,,,0.1582963400002923,-0.002363934142469051,-0.021863430612875465,0.3052607198842567,,,,,,,,,,,,,
1800.163700,imu_data_raw,1790841469.408,,,,,,,,,,imu_frame,-0.0719386413693428,-0.2890998423099518,-0.5141547918319702,,,,,,,,,,,,,,,,,
1800.181120,ground_trial_sample,1790841469.674,odom,base_footprint,progress=0.2445;cross_track=0.0006;one_shot=true,0.7481050491333008,0.0028179457876831293,-0.0028703364142400965,0.17336533654474376,-0.005597069892070767,0.030535513535141945,,,,,,,,0.3084210038593107,0.2444744112613717,,0.0006333768383325715,,1790841469.7885134,0.11451339721679688,0.38051342964172363,0.7594022726399695,0.002028573851537234,-0.013802051720677829,0.15552687844458368,0.010931715306437733,False
1800.182395,cmd_vel_sent,,,,,,,,,,,,,,,0.16129048013793304,-0.0023966665339181467,-0.021863430612875465,0.3084210038593107,,,,,,,,,,,,,
1800.200949,ground_trial_sample,1790841469.674,odom,base_footprint,progress=0.2445;cross_track=0.0006;one_shot=true,0.7481050491333008,0.0028179457876831293,-0.0028703364142400965,0.17336533654474376,-0.005597069892070767,0.030535513535141945,,,,,,,,0.3116431041179987,0.2444744112613717,,0.0006333768383325715,,1790841469.8083339,0.13433384895324707,0.40033388137817383,0.7623982068096387,0.001987221187294617,-0.013802051720677829,0.15552687844458368,0.010931715306437733,False
1800.201998,cmd_vel_sent,,,,,,,,,,,,,,,0.16428652066200783,-0.002429419700678283,-0.021863430612875465,0.3116431041179987,,,,,,,,,,,,,
1800.203395,cmd_vel_observed,,,,,,,,,,,,,,,0.15428484971635337,-0.0022231694052804916,-0.015878470065752937,,,,,,,,,,,,,,
1800.220873,ground_trial_sample,1790841469.674,odom,base_footprint,progress=0.2445;cross_track=0.0006;one_shot=true,0.7481050491333008,0.0028179457876831293,-0.0028703364142400965,0.17336533654474376,-0.005597069892070767,0.030535513535141945,,,,,,,,0.31492486894430605,0.2444744112613717,,0.0006333768383325715,,1790841469.8282673,0.1542673110961914,0.42026734352111816,0.7653939731452964,0.001945870839652807,-0.013802051720677829,0.15552687844458368,0.010931715306437733,False
1800.221827,cmd_vel_sent,,,,,,,,,,,,,,,0.16728239334611322,-0.0024621710325865684,-0.021863430612875465,0.31492486894430605,,,,,,,,,,,,,
1800.223159,odom_raw,1790841469.783,odom,base_footprint,,0.7657737135887146,0.002486760728061199,-0.0011908831796870825,0.16062896826588915,-0.002741007575053083,0.015267756767570972,,,,,,,,,,,,,,,,,,,,,
1800.240984,ground_trial_sample,1790841469.783,odom,base_footprint,progress=0.2621;cross_track=0.0005;one_shot=true,0.7657737135887146,0.002486760728061199,-0.0011908831796870825,0.16062896826588915,-0.002741007575053083,0.015267756767570972,,,,,,,,0.31829641309600243,0.26214596372116405,,0.0005460794012123078,,1790841469.8483899,0.06538987159729004,0.44038987159729004,0.7684165786743316,0.0019041500325518036,-0.013802051720677829,0.13785511786320837,0.012611168540990746,False
1800.241842,cmd_vel_sent,,,,,,,,,,,,,,,0.15263162907286185,-0.002471088078592304,-0.025222337081981492,0.31829641309600243,,,,,,,,,,,,,
1800.243228,imu_data_raw,1790841469.458,,,,,,,,,,imu_frame,-0.06554705649614334,0.18974047899246216,-0.011372458189725876,,,,,,,,,,,,,,,,,
1800.261283,ground_trial_sample,1790841469.783,odom,base_footprint,progress=0.2621;cross_track=0.0005;one_shot=true,0.7657737135887146,0.002486760728061199,-0.0011908831796870825,0.16062896826588915,-0.002741007575053083,0.015267756767570972,,,,,,,,0.32133647506108515,0.26214596372116405,,0.0005460794012123078,,1790841469.8686788,0.0856788158416748,0.4106788635253906,0.7714035487979054,0.0018629210983938404,-0.013802051720677829,0.13785511786320837,0.012611168540990746,False
1800.261956,cmd_vel_sent,,,,,,,,,,,,,,,0.15561864617720395,-0.002508759851877174,-0.025222337081981492,0.32133647506108515,,,,,,,,,,,,,
1800.281045,ground_trial_sample,1790841469.783,odom,base_footprint,progress=0.2621;cross_track=0.0005;one_shot=true,0.7657737135887146,0.002486760728061199,-0.0011908831796870825,0.16062896826588915,-0.002741007575053083,0.015267756767570972,,,,,,,,0.3244353459122212,0.26214596372116405,,0.0005460794012123078,,1790841469.888465,0.10546493530273438,0.4304649829864502,0.7743898616840446,0.0018217012360370027,-0.013802051720677829,0.13785511786320837,0.012611168540990746,False
1800.282097,cmd_vel_sent,,,,,,,,,,,,,,,0.15860500603377392,-0.0025464233360601722,-0.025222337081981492,0.3244353459122212,,,,,,,,,,,,,
1800.283579,cmd_vel_observed,,,,,,,,,,,,,,,0.1662850719607159,-0.002318443991898855,-0.015878470065752937,,,,,,,,,,,,,,
1800.300931,ground_trial_sample,1790841469.783,odom,base_footprint,progress=0.2621;cross_track=0.0005;one_shot=true,0.7657737135887146,0.002486760728061199,-0.0011908831796870825,0.16062896826588915,-0.002741007575053083,0.015267756767570972,,,,,,,,0.32761052069728563,0.26214596372116405,,0.0005460794012123078,,1790841469.9083285,0.12532854080200195,0.4503285884857178,0.777392096603534,0.001780261602996993,-0.013802051720677829,0.13785511786320837,0.012611168540990746,False
1800.301942,cmd_vel_sent,,,,,,,,,,,,,,,0.16160728817412504,-0.0025842876294932815,-0.025222337081981492,0.32761052069728563,,,,,,,,,,,,,
1800.303172,odom_raw,1790841469.846,odom,base_footprint,,0.7760488986968994,0.0023164418525993824,-0.002137484023495841,0.16572572069119468,-0.002903957784509839,-0.015267756767570972,,,,,,,,,,,,,,,,,,,,,
1800.320984,ground_trial_sample,1790841469.846,odom,base_footprint,progress=0.2724;cross_track=0.0005;one_shot=true,0.7760488986968994,0.0023164418525993824,-0.002137484023495841,0.16572572069119468,-0.002903957784509839,-0.015267756767570972,,,,,,,,0.33084232618235165,0.2724225208261025,,0.0005175908817625133,,1790841469.9283805,0.08238053321838379,0.4703805446624756,0.7803911116297203,0.0017388664139130683,-0.013802051720677829,0.12757852912103648,0.011664567697181988,False
1800.322171,cmd_vel_sent,,,,,,,,,,,,,,,0.15433323302596152,-0.0023179381927558246,-0.023329135394363976,0.33084232618235165,,,,,,,,,,,,,
1800.323110,imu_data_raw,1790841469.545,,,,,,,,,,imu_frame,0.009021458216011524,-0.1646013706922531,0.8553285598754883,,,,,,,,,,,,,,,,,
1800.340937,ground_trial_sample,1790841469.846,odom,base_footprint,progress=0.2724;cross_track=0.0005;one_shot=true,0.7760488986968994,0.0023164418525993824,-0.002137484023495841,0.16572572069119468,-0.002903957784509839,-0.015267756767570972,,,,,,,,0.3339346243844123,0.2724225208261025,,0.0005175908817625133,,1790841469.9483252,0.1023252010345459,0.40332508087158203,0.7833959618500865,0.0016973906820628298,-0.013802051720677829,0.12757852912103648,0.011664567697181988,False
1800.342311,cmd_vel_sent,,,,,,,,,,,,,,,0.15733816503564016,-0.002352991015409922,-0.023329135394363976,0.3339346243844123,,,,,,,,,,,,,
1800.361401,ground_trial_sample,1790841469.846,odom,base_footprint,progress=0.2724;cross_track=0.0005;one_shot=true,0.7760488986968994,0.0023164418525993824,-0.002137484023495841,0.16572572069119468,-0.002903957784509839,-0.015267756767570972,,,,,,,,0.33710461278809956,0.2724225208261025,,0.0005175908817625133,,1790841469.968669,0.12266898155212402,0.42366886138916016,0.786417478032882,0.0016556849111297616,-0.013802051720677829,0.12757852912103648,0.011664567697181988,False
1800.363391,cmd_vel_sent,,,,,,,,,,,,,,,0.16035976346138053,-0.002388238253420041,-0.023329135394363976,0.33710461278809956,,,,,,,,,,,,,
1800.365412,cmd_vel_observed,,,,,,,,,,,,,,,0.16129048013793304,-0.0023966665339181467,-0.021863430612875465,,,,,,,,,,,,,,
1800.380985,ground_trial_sample,1790841469.846,odom,base_footprint,progress=0.2724;cross_track=0.0005;one_shot=true,0.7760488986968994,0.0023164418525993824,-0.002137484023495841,0.16572572069119468,-0.002903957784509839,-0.015267756767570972,,,,,,,,0.34028425658149597,0.2724225208261025,,0.0005175908817625133,,1790841469.988403,0.14240312576293945,0.4434030055999756,0.78939109342855,0.0016146403113222454,-0.013802051720677829,0.12757852912103648,0.011664567697181988,False
1800.381907,cmd_vel_sent,,,,,,,,,,,,,,,0.1633334597961772,-0.002422926708904232,-0.023329135394363976,0.34028425658149597,,,,,,,,,,,,,
1800.383326,odom_raw,1790841469.957,odom,base_footprint,,0.7944444417953491,0.00199410249479115,-0.00044276296834775433,0.16573038919741806,-0.0026230948739209294,0.015267756767570972,,,,,,,,,,,,,,,,,,,,,
1800.401121,ground_trial_sample,1790841469.957,odom,base_footprint,progress=0.2908;cross_track=0.0004;one_shot=true,0.7944444417953491,0.00199410249479115,-0.00044276296834775433,0.16573038919741806,-0.0026230948739209294,0.015267756767570972,,,,,,,,0.3435619507218261,0.2908207606111055,,0.00044917040203639813,,1790841470.0085015,0.05150151252746582,0.4635014533996582,0.7924006005553142,0.0015731003005273496,-0.013802051720677829,0.10918016334292424,0.013359288752330075,False
1800.402292,cmd_vel_sent,,,,,,,,,,,,,,,0.14794296026885126,-0.00242574079755784,-0.02671857750466015,0.3435619507218261,,,,,,,,,,,,,
1800.402966,imu_data_raw,1790841469.641,,,,,,,,,,imu_frame,-0.11241868883371353,-0.6338648796081543,-0.1933317929506302,,,,,,,,,,,,,,,,,
1800.420940,ground_trial_sample,1790841469.957,odom,base_footprint,progress=0.2908;cross_track=0.0004;one_shot=true,0.7944444417953491,0.00199410249479115,-0.00044276296834775433,0.16573038919741806,-0.0026230948739209294,0.015267756767570972,,,,,,,,0.34651572798007446,0.2908207606111055,,0.00044917040203639813,,1790841470.0283246,0.07132458686828613,0.38732457160949707,0.7953947602440224,0.0015317721293180327,-0.013802051720677829,0.10918016334292424,0.013359288752330075,False
1800.421939,cmd_vel_sent,,,,,,,,,,,,,,,0.15093713796265654,-0.002465743261728025,-0.02671857750466015,0.34651572798007446,,,,,,,,,,,,,
1800.441006,ground_trial_sample,1790841469.957,odom,base_footprint,progress=0.2908;cross_track=0.0004;one_shot=true,0.7944444417953491,0.00199410249479115,-0.00044276296834775433,0.16573038919741806,-0.0026230948739209294,0.015267756767570972,,,,,,,,0.3495393916731567,0.2908207606111055,,0.00044917040203639813,,1790841470.0483837,0.09138369560241699,0.40738368034362793,0.798398963575995,0.001490305326421847,-0.013802051720677829,0.10918016334292424,0.013359288752330075,False
1800.442142,cmd_vel_sent,,,,,,,,,,,,,,,0.15394135936012268,-0.0025058799106183302,-0.02671857750466015,0.3495393916731567,,,,,,,,,,,,,
1800.443716,cmd_vel_observed,,,,,,,,,,,,,,,0.15561864617720395,-0.002508759851877174,-0.025222337081981492,,,,,,,,,,,,,,
1800.461437,ground_trial_sample,1790841469.957,odom,base_footprint,progress=0.2908;cross_track=0.0004;one_shot=true,0.7944444417953491,0.00199410249479115,-0.00044276296834775433,0.16573038919741806,-0.0026230948739209294,0.015267756767570972,,,,,,,,0.35262468806439856,0.2908207606111055,,0.00044917040203639813,,1790841470.068809,0.11180901527404785,0.4278090000152588,0.8014045826231119,0.0014488189825111715,-0.013802051720677829,0.10918016334292424,0.013359288752330075,False
1800.463345,cmd_vel_sent,,,,,,,,,,,,,,,0.15694699648124635,-0.0025460354736949907,-0.02671857750466015,0.35262468806439856,,,,,,,,,,,,,
1800.464532,odom_raw,1790841470.027,odom,base_footprint,,0.8058671951293945,0.0019890449475497007,-0.00044276296834775433,0.16318181047727787,-7.225086750861066e-05,0.0,,,,,,,,,,,,,,,,,,,,,
1800.480592,ground_trial_sample,1790841470.027,odom,base_footprint,progress=0.3022;cross_track=0.0006;one_shot=true,0.8058671951293945,0.0019890449475497007,-0.00044276296834775433,0.16318181047727787,-7.225086750861066e-05,0.0,,,,,,,,0.355745963655483,0.3022424957667174,,0.0006017657633319053,,1790841470.088018,0.06101799011230469,0.4470179080963135,0.8043870236280937,0.001407652563451954,-0.013802051720677829,0.0977593563601674,0.013359288752330075,False
1800.481118,cmd_vel_sent,,,,,,,,,,,,,,,0.14850670096716886,-0.0025858813995918817,-0.02671857750466015,0.355745963655483,,,,,,,,,,,,,
1800.481702,imu_data_raw,1790841469.698,,,,,,,,,,imu_frame,-0.09430919587612152,-0.016160860657691956,0.09397241473197937,,,,,,,,,,,,,,,,,
1800.500910,ground_trial_sample,1790841470.027,odom,base_footprint,progress=0.3022;cross_track=0.0006;one_shot=true,0.8058671951293945,0.0019890449475497007,-0.00044276296834775433,0.16318181047727787,-7.225086750861066e-05,0.0,,,,,,,,0.3587207416310837,0.3022424957667174,,0.0006017657633319053,,1790841470.1082978,0.0812978744506836,0.41029787063598633,0.8073909727342772,0.0013661892696160824,-0.013802051720677829,0.0977593563601674,0.013359288752330075,False
1800.501831,cmd_vel_sent,,,,,,,,,,,,,,,0.15151066813731717,-0.002626014651983978,-0.02671857750466015,0.3587207416310837,,,,,,,,,,,,,
1800.520838,ground_trial_sample,1790841470.027,odom,base_footprint,progress=0.3022;cross_track=0.0006;one_shot=true,0.8058671951293945,0.0019890449475497007,-0.00044276296834775433,0.16318181047727787,-7.225086750861066e-05,0.0,,,,,,,,0.36174846944837785,0.3022424957667174,,0.0006017657633319053,,1790841470.1282237,0.10122370719909668,0.4302237033843994,0.8103877763711032,0.001324824604180725,-0.013802051720677829,0.0977593563601674,0.013359288752330075,False
1800.521784,cmd_vel_sent,,,,,,,,,,,,,,,0.15450748979513934,-0.0026660524397343474,-0.02671857750466015,0.36174846944837785,,,,,,,,,,,,,
1800.522625,cmd_vel_observed,,,,,,,,,,,,,,,0.15733816503564016,-0.002352991015409922,-0.023329135394363976,,,,,,,,,,,,,,
1800.540867,ground_trial_sample,1790841470.027,odom,base_footprint,progress=0.3022;cross_track=0.0006;one_shot=true,0.8058671951293945,0.0019890449475497007,-0.00044276296834775433,0.16318181047727787,-7.225086750861066e-05,0.0,,,,,,,,0.36484425817666283,0.3022424957667174,,0.0006017657633319053,,1790841470.1482852,0.12128520011901855,0.4502851963043213,0.8133925172518814,0.0012833503815369686,-0.013802051720677829,0.0977593563601674,0.013359288752330075,False
1800.541422,cmd_vel_sent,,,,,,,,,,,,,,,0.1575122487446437,-0.002706196270364799,-0.02671857750466015,0.36484425817666283,,,,,,,,,,,,,
1800.542114,odom_raw,1790841470.116,odom,base_footprint,,0.8208442330360413,0.001982413697987795,-0.003160423527495949,0.1682804167333624,-0.0005318391589810446,-0.030535513535141945,,,,,,,,,,,,,,,,,,,,,
1800.561060,ground_trial_sample,1790841470.116,odom,base_footprint,progress=0.3172;cross_track=0.0008;one_shot=true,0.8208442330360413,0.001982413697987795,-0.003160423527495949,0.1682804167333624,-0.0005318391589810446,-0.030535513535141945,,,,,,,,0.3679983021463309,0.3172181986803164,,0.0008018424341991789,,1790841470.1684391,0.052439212799072266,0.47043919563293457,0.8163954058091185,0.0012419017263820605,-0.013802051720677829,0.08278568463823237,0.01064162819318188,False
1800.562166,cmd_vel_sent,,,,,,,,,,,,,,,0.1455450420800355,-0.002350782529788718,-0.02128325638636376,0.3679983021463309,,,,,,,,,,,,,
1800.562933,imu_data_raw,1790841469.791,,,,,,,,,,imu_frame,-0.1411808282136917,-0.0017956512747332454,0.2950853705406189,,,,,,,,,,,,,,,,,
1800.580660,ground_trial_sample,1790841470.116,odom,base_footprint,progress=0.3172;cross_track=0.0008;one_shot=true,0.8208442330360413,0.001982413697987795,-0.003160423527495949,0.1682804167333624,-0.0005318391589810446,-0.030535513535141945,,,,,,,,0.3709063806798525,0.3172181986803164,,0.0008018424341991789,,1790841470.1880798,0.07207989692687988,0.3970799446105957,0.8193918208329796,0.0012005424249435567,-0.013802051720677829,0.08278568463823237,0.01064162819318188,False
1800.581148,cmd_vel_sent,,,,,,,,,,,,,,,0.14854157285208927,-0.002382671699898488,-0.02128325638636376,0.3709063806798525,,,,,,,,,,,,,
1800.600893,ground_trial_sample,1790841470.116,odom,base_footprint,progress=0.3172;cross_track=0.0008;one_shot=true,0.8208442330360413,0.001982413697987795,-0.003160423527495949,0.1682804167333624,-0.0005318391589810446,-0.030535513535141945,,,,,,,,0.37387529131557806,0.3172181986803164,,0.0008018424341991789,,1790841470.2082794,0.09227943420410156,0.4172794818878174,0.8223892100140433,0.0011591696772831252,-0.013802051720677829,0.08278568463823237,0.01064162819318188,False
1800.601828,cmd_vel_sent,,,,,,,,,,,,,,,0.1515390778189764,-0.0024145712374188154,-0.02128325638636376,0.37387529131557806,,,,,,,,,,,,,
1800.602977,cmd_vel_observed,,,,,,,,,,,,,,,0.15093713796265654,-0.002465743261728025,-0.02671857750466015,,,,,,,,,,,,,,
1800.620866,ground_trial_sample,1790841470.116,odom,base_footprint,progress=0.3172;cross_track=0.0008;one_shot=true,0.8208442330360413,0.001982413697987795,-0.003160423527495949,0.1682804167333624,-0.0005318391589810446,-0.030535513535141945,,,,,,,,0.3769068525379229,0.3172181986803164,,0.0008018424341991789,,1790841470.2282572,0.11225724220275879,0.4372572898864746,0.82538931513639,0.001117759441680164,-0.013802051720677829,0.08278568463823237,0.01064162819318188,False
1800.621743,cmd_vel_sent,,,,,,,,,,,,,,,0.15453929883206027,-0.0024464996791840115,-0.02128325638636376,0.3769068525379229,,,,,,,,,,,,,
1800.622548,imu_data_raw,1790841469.826,,,,,,,,,,imu_frame,-0.12946292757987976,-0.2890998423099518,0.3190273642539978,,,,,,,,,,,,,,,,,
1800.640969,ground_trial_sample,1790841470.116,odom,base_footprint,progress=0.3172;cross_track=0.0008;one_shot=true,0.8208442330360413,0.001982413697987795,-0.003160423527495949,0.1682804167333624,-0.0005318391589810446,-0.030535513535141945,,,,,,,,0.3799986216174033,0.3172181986803164,,0.0008018424341991789,,1790841470.2483528,0.1323528289794922,0.42235279083251953,0.8283896075908892,0.001076346620344954,-0.013802051720677829,0.08278568463823237,0.01064162819318188,False
1800.641985,cmd_vel_sent,,,,,,,,,,,,,,,0.15753970718453308,-0.0024784301146205862,-0.02128325638636376,0.3799986216174033,,,,,,,,,,,,,
1800.660922,ground_trial_sample,1790841470.116,odom,base_footprint,progress=0.3172;cross_track=0.0008;one_shot=true,0.8208442330360413,0.001982413697987795,-0.003160423527495949,0.1682804167333624,-0.0005318391589810446,-0.030535513535141945,,,,,,,,0.38315524238383114,0.3172181986803164,,0.0008018424341991789,,1790841470.2683218,0.15232181549072266,0.44232177734375,0.83139449725749,0.001034870344021172,-0.013802051720677829,0.08278568463823237,0.01064162819318188,False
1800.661681,cmd_vel_sent,,,,,,,,,,,,,,,0.16054471292669276,-0.0025104094756157303,-0.02128325638636376,0.38315524238383114,,,,,,,,,,,,,
1800.662551,cmd_vel_observed,,,,,,,,,,,,,,,0.14850670096716886,-0.0025858813995918817,-0.02671857750466015,,,,,,,,,,,,,,
1800.681120,ground_trial_sample,1790841470.116,odom,base_footprint,progress=0.3172;cross_track=0.0008;one_shot=true,0.8208442330360413,0.001982413697987795,-0.003160423527495949,0.1682804167333624,-0.0005318391589810446,-0.030535513535141945,,,,,,,,0.38636485175107144,0.3172181986803164,,0.0008018424341991789,,1790841470.2884915,0.17249155044555664,0.462491512298584,0.8343926446163631,0.000993487131286874,-0.013802051720677829,0.08278568463823237,0.01064162819318188,False
1800.682209,cmd_vel_sent,,,,,,,,,,,,,,,0.16354297610067675,-0.0025423170819986623,-0.02128325638636376,0.38636485175107144,,,,,,,,,,,,,
1800.682961,odom_raw,1790841470.236,odom,base_footprint,,0.8398140072822571,0.0019224609714001417,-0.006824685597829585,0.15807871435710227,-0.0010788542749405148,-0.030535513535141945,,,,,,,,,,,,,,,,,,,,,
1800.701020,ground_trial_sample,1790841470.236,odom,base_footprint,progress=0.3362;cross_track=0.0010;one_shot=true,0.8398140072822571,0.0019224609714001417,-0.006824685597829585,0.15807871435710227,-0.0010788542749405148,-0.030535513535141945,,,,,,,,0.38963758457528114,0.3361869935605278,,0.0010037089105768083,,1790841470.3084018,0.07240176200866699,0.48240184783935547,0.8373937142968262,0.0009520635819574861,-0.013802051720677829,0.06382089957389589,0.006977366122848244,False
1800.701974,cmd_vel_sent,,,,,,,,,,,,,,,0.14758273472617733,-0.0020334888275707675,-0.013954732245696488,0.38963758457528114,,,,,,,,,,,,,
1800.702783,imu_data_raw,1790841469.968,,,,,,,,,,imu_frame,-0.20722723007202148,0.07481880486011505,0.20889410376548767,,,,,,,,,,,,,,,,,
1800.721007,ground_trial_sample,1790841470.236,odom,base_footprint,progress=0.3362;cross_track=0.0010;one_shot=true,0.8398140072822571,0.0019224609714001417,-0.006824685597829585,0.15807871435710227,-0.0010788542749405148,-0.030535513535141945,,,,,,,,0.39258639555847413,0.3361869935605278,,0.0010037089105768083,,1790841470.328389,0.09238886833190918,0.36038899421691895,0.8403902541088106,0.0009107025580774733,-0.013802051720677829,0.06382089957389589,0.006977366122848244,False
1800.721951,cmd_vel_sent,,,,,,,,,,,,,,,0.15057948702830656,-0.0020543986048846565,-0.013954732245696488,0.39258639555847413,,,,,,,,,,,,,
1800.741086,ground_trial_sample,1790841470.236,odom,base_footprint,progress=0.3362;cross_track=0.0010;one_shot=true,0.8398140072822571,0.0019224609714001417,-0.006824685597829585,0.15807871435710227,-0.0010788542749405148,-0.030535513535141945,,,,,,,,0.39560106721489585,0.3361869935605278,,0.0010037089105768083,,1790841470.3484566,0.1124565601348877,0.38045668601989746,0.8433927587025908,0.0008692592027425925,-0.013802051720677829,0.06382089957389589,0.006977366122848244,False
1800.742079,cmd_vel_sent,,,,,,,,,,,,,,,0.15358220453520513,-0.00207535000429166,-0.013954732245696488,0.39560106721489585,,,,,,,,,,,,,
1800.743337,cmd_vel_observed,,,,,,,,,,,,,,,0.1455450420800355,-0.002350782529788718,-0.02128325638636376,,,,,,,,,,,,,,
1800.761153,ground_trial_sample,1790841470.236,odom,base_footprint,progress=0.3362;cross_track=0.0010;one_shot=true,0.8398140072822571,0.0019224609714001417,-0.006824685597829585,0.15807871435710227,-0.0010788542749405148,-0.030535513535141945,,,,,,,,0.39867530381797217,0.3361869935605278,,0.0010037089105768083,,1790841470.3685184,0.13251829147338867,0.40051841735839844,0.8463947306971096,0.000827823198837078,-0.013802051720677829,0.06382089957389589,0.006977366122848244,False
1800.762181,cmd_vel_sent,,,,,,,,,,,,,,,0.15658438940507477,-0.0020962976872347895,-0.013954732245696488,0.39867530381797217,,,,,,,,,,,,,
1800.763150,odom_raw,1790841470.296,odom,base_footprint,,0.8494527339935303,0.0020096651278436184,-0.007740750368302848,0.16064702774357198,0.0013062383536638369,-0.015267756767570972,,,,,,,,,,,,,,,,,,,,,
1800.780600,ground_trial_sample,1790841470.296,odom,base_footprint,progress=0.3458;cross_track=0.0012;one_shot=true,0.8494527339935303,0.0020096651278436184,-0.007740750368302848,0.16064702774357198,0.0013062383536638369,-0.015267756767570972,,,,,,,,0.4017957810464504,0.3458235986558245,,0.0012239347419724929,,1790841470.3880234,0.09202337265014648,0.42002344131469727,0.8493652842328416,0.0007868208616624208,-0.013802051720677829,0.05419022493824692,0.0060613013523749815,False
1800.781102,cmd_vel_sent,,,,,,,,,,,,,,,0.147224391290377,-0.0021163395561953147,-0.012122602704749963,0.4017957810464504,,,,,,,,,,,,,
1800.781805,imu_data_raw,1790841470.018,,,,,,,,,,imu_frame,0.1357879340648651,-0.33698388934135437,-0.3992331326007843,,,,,,,,,,,,,,,,,
1800.800774,ground_trial_sample,1790841470.296,odom,base_footprint,progress=0.3458;cross_track=0.0012;one_shot=true,0.8494527339935303,0.0020096651278436184,-0.007740750368302848,0.16064702774357198,0.0013062383536638369,-0.015267756767570972,,,,,,,,0.4047460493612677,0.3458235986558245,,0.0012239347419724929,,1790841470.408187,0.11218690872192383,0.39018702507019043,0.8522764383104375,0.0007466384109436706,-0.013802051720677829,0.05419022493824692,0.0060613013523749815,False
1800.801403,cmd_vel_sent,,,,,,,,,,,,,,,0.1461284042057531,-0.0021096963668413584,-0.012122602704749963,0.4047460493612677,,,,,,,,,,,,,
1800.820981,ground_trial_sample,1790841470.296,odom,base_footprint,progress=0.3458;cross_track=0.0012;one_shot=true,0.8494527339935303,0.0020096651278436184,-0.007740750368302848,0.16064702774357198,0.0013062383536638369,-0.015267756767570972,,,,,,,,0.4076684146015596,0.3458235986558245,,0.0012239347419724929,,1790841470.4283593,0.13235926628112793,0.41035938262939453,0.8551016383535986,0.0007076423775909174,-0.013802051720677829,0.05419022493824692,0.0060613013523749815,False
1800.821915,cmd_vel_sent,,,,,,,,,,,,,,,0.1449545893287445,-0.0021025814340069693,-0.012122602704749963,0.4076684146015596,,,,,,,,,,,,,
1800.822609,cmd_vel_observed,,,,,,,,,,,,,,,0.15753970718453308,-0.0024784301146205862,-0.02128325638636376,,,,,,,,,,,,,,
1800.841002,ground_trial_sample,1790841470.296,odom,base_footprint,progress=0.3458;cross_track=0.0012;one_shot=true,0.8494527339935303,0.0020096651278436184,-0.007740750368302848,0.16064702774357198,0.0013062383536638369,-0.015267756767570972,,,,,,,,0.4105662087121724,0.3458235986558245,,0.0012239347419724929,,1790841470.4483805,0.15238046646118164,0.43038058280944824,0.8578458479068722,0.0006697642501551472,-0.013802051720677829,0.05419022493824692,0.0060613013523749815,False
1800.842017,cmd_vel_sent,,,,,,,,,,,,,,,0.14370129430709,-0.0020949847421644933,-0.012122602704749963,0.4105662087121724,,,,,,,,,,,,,
1800.843247,odom_raw,1790841470.392,odom,base_footprint,,0.8646281957626343,0.0018921933369711041,-0.010672159940065944,0.15807339348039173,-0.0016870485867763977,-0.030535513535141945,,,,,,,,,,,,,,,,,,,,,
1800.861223,ground_trial_sample,1790841470.392,odom,base_footprint,progress=0.3610;cross_track=0.0013;one_shot=true,0.8646281957626343,0.0018921933369711041,-0.010672159940065944,0.15807339348039173,-0.0016870485867763977,-0.030535513535141945,,,,,,,,0.4134483268555018,0.3609992363109554,,0.0013159199981987277,,1790841470.468595,0.07659506797790527,0.4505951404571533,0.8605187180435356,0.0006328708155648368,-0.013802051720677829,0.039022957522083984,0.0031298917806118847,False
1800.862254,cmd_vel_sent,,,,,,,,,,,,,,,0.1271932618016625,-0.0017140288883774274,-0.006259783561223769,0.4134483268555018,,,,,,,,,,,,,
1800.862973,imu_data_raw,1790841470.069,,,,,,,,,,imu_frame,-0.15715979039669037,-0.08798690885305405,0.414795458316803,,,,,,,,,,,,,,,,,
1800.880998,ground_trial_sample,1790841470.392,odom,base_footprint,progress=0.3610;cross_track=0.0013;one_shot=true,0.8646281957626343,0.0018921933369711041,-0.010672159940065944,0.15807339348039173,-0.0016870485867763977,-0.030535513535141945,,,,,,,,0.41598163571036073,0.3609992363109554,,0.0013159199981987277,,1790841470.4883888,0.0963888168334961,0.4193887710571289,0.8630934716974332,0.0005973316757416011,-0.013802051720677829,0.039022957522083984,0.0031298917806118847,False
1800.882214,cmd_vel_sent,,,,,,,,,,,,,,,0.1257852282127007,-0.0017096218812298275,-0.006259783561223769,0.41598163571036073,,,,,,,,,,,,,
1800.901006,ground_trial_sample,1790841470.392,odom,base_footprint,progress=0.3610;cross_track=0.0013;one_shot=true,0.8646281957626343,0.0018921933369711041,-0.010672159940065944,0.15807339348039173,-0.0016870485867763977,-0.030535513535141945,,,,,,,,0.41850758832203966,0.3609992363109554,,0.0013159199981987277,,1790841470.50839,0.11638998985290527,0.4393899440765381,0.8656091822524082,0.0005626075035736339,-0.013802051720677829,0.039022957522083984,0.0031298917806118847,False
1800.902145,cmd_vel_sent,,,,,,,,,,,,,,,0.12428526215092979,-0.0017049271344516212,-0.006259783561223769,0.41850758832203966,,,,,,,,,,,,,
1800.903585,cmd_vel_observed,,,,,,,,,,,,,,,0.15057948702830656,-0.0020543986048846565,-0.013954732245696488,,,,,,,,,,,,,,
1800.920808,ground_trial_sample,1790841470.392,odom,base_footprint,progress=0.3610;cross_track=0.0013;one_shot=true,0.8646281957626343,0.0018921933369711041,-0.010672159940065944,0.15807339348039173,-0.0016870485867763977,-0.030535513535141945,,,,,,,,0.42098546031245665,0.3609992363109554,,0.0013159199981987277,,1790841470.528201,0.1362011432647705,0.4592010974884033,0.8680270242321737,0.000529234204322538,-0.013802051720677829,0.039022957522083984,0.0031298917806118847,False
1800.921786,cmd_vel_sent,,,,,,,,,,,,,,,0.12271632252924378,-0.0017000165071902214,-0.006259783561223769,0.42098546031245665,,,,,,,,,,,,,
1800.923150,odom_raw,1790841470.479,odom,base_footprint,,0.8785338401794434,0.001295008696615696,-0.010672159940065944,0.15801897257362713,-0.006786188869984586,0.0,,,,,,,,,,,,,,,,,,,,,
1800.941093,ground_trial_sample,1790841470.479,odom,base_footprint,progress=0.3749;cross_track=0.0009;one_shot=true,0.8785338401794434,0.001295008696615696,-0.010672159940065944,0.15801897257362713,-0.006786188869984586,0.0,,,,,,,,0.4234445006071024,0.37491179837118344,,0.0009107125677235975,,1790841470.5484073,0.06940722465515137,0.47940731048583984,0.8703770822058567,0.0004967965228406604,-0.013802051720677829,0.025104725817048257,0.0031298917806118847,False
1800.942191,cmd_vel_sent,,,,,,,,,,,,,,,0.10714808881429787,-0.0012460800460990836,-0.006259783561223769,0.4234445006071024,,,,,,,,,,,,,
1800.943415,imu_data_raw,1790841470.202,,,,,,,,,,imu_frame,-0.12946292757987976,0.6494272351264954,-0.0975637212395668,,,,,,,,,,,,,,,,,
1800.961267,ground_trial_sample,1790841470.479,odom,base_footprint,progress=0.3749;cross_track=0.0009;one_shot=true,0.8785338401794434,0.001295008696615696,-0.010672159940065944,0.15801897257362713,-0.006786188869984586,0.0,,,,,,,,0.4255887779635458,0.37491179837118344,,0.0009107125677235975,,1790841470.5682344,0.0892343521118164,0.36623454093933105,0.8726440107397992,0.00046550627104701564,-0.013802051720677829,0.025104725817048257,0.0031298917806118847,False
1800.963646,cmd_vel_sent,,,,,,,,,,,,,,,0.10541305678492949,-0.001240649565878522,-0.006259783561223769,0.4255887779635458,,,,,,,,,,,,,
1800.980964,ground_trial_sample,1790841470.479,odom,base_footprint,progress=0.3749;cross_track=0.0009;one_shot=true,0.8785338401794434,0.001295008696615696,-0.010672159940065944,0.15801897257362713,-0.006786188869984586,0.0,,,,,,,,0.4276918980695571,0.37491179837118344,,0.0009107125677235975,,1790841470.5883317,0.10933160781860352,0.38633179664611816,0.8748243066520325,0.00043541180311079675,-0.013802051720677829,0.025104725817048257,0.0031298917806118847,False
1800.981920,cmd_vel_sent,,,,,,,,,,,,,,,0.10360359964614047,-0.001234986142359058,-0.006259783561223769,0.4276918980695571,,,,,,,,,,,,,
1800.983844,cmd_vel_observed,,,,,,,,,,,,,,,0.1461284042057531,-0.0021096963668413584,-0.012122602704749963,,,,,,,,,,,,,,
1801.001034,ground_trial_sample,1790841470.479,odom,base_footprint,progress=0.3749;cross_track=0.0009;one_shot=true,0.8785338401794434,0.001295008696615696,-0.010672159940065944,0.15801897257362713,-0.006786188869984586,0.0,,,,,,,,0.42977088140925207,0.37491179837118344,,0.0009107125677235975,,1790841470.6083984,0.12939834594726562,0.4063985347747803,0.8769369345805049,0.00040625135149601616,-0.013802051720677829,0.025104725817048257,0.0031298917806118847,False
1801.002036,cmd_vel_sent,,,,,,,,,,,,,,,0.10170338132233482,-0.0012290386452249984,-0.006259783561223769,0.42977088140925207,,,,,,,,,,,,,
1801.003598,odom_raw,1790841470.566,odom,base_footprint,,0.8914680480957031,0.0009376794332638383,-0.011985188197561718,0.1503918798473963,-0.00435246349691324,-0.015267779119312763,,,,,,,,,,,,,,,,,,,,,
1801.021205,ground_trial_sample,1790841470.566,odom,base_footprint,progress=0.3878;cross_track=0.0007;one_shot=true,0.8914680480957031,0.0009376794332638383,-0.011985188197561718,0.1503918798473963,-0.00435246349691324,-0.015267779119312763,,,,,,,,0.43180073202439917,0.3878497060658705,,0.0007319302776566446,,1790841470.6285937,0.06259369850158691,0.4265937805175781,0.8789583045132598,0.000378350527444009,-0.013802051720677829,0.012172319607087931,0.0018168635231161114,False
1801.022289,cmd_vel_sent,,,,,,,,,,,,,,,0.08679749582730913,-0.0008896308632947078,-0.0036337270462322227,0.43180073202439917,,,,,,,,,,,,,
1801.023162,imu_data_raw,1790841470.258,,,,,,,,,,imu_frame,0.09743840992450714,-0.26994624733924866,0.7260416746139526,,,,,,,,,,,,,,,,,
1801.041281,ground_trial_sample,1790841470.566,odom,base_footprint,progress=0.3878;cross_track=0.0007;one_shot=true,0.8914680480957031,0.0009376794332638383,-0.011985188197561718,0.1503918798473963,-0.00435246349691324,-0.015267779119312763,,,,,,,,0.43353872399743326,0.3878497060658705,,0.0007319302776566446,,1790841470.6486547,0.08265471458435059,0.3906548023223877,0.8809062567985371,0.00035146308190891346,-0.013802051720677829,0.012172319607087931,0.0018168635231161114,False
1801.042664,cmd_vel_sent,,,,,,,,,,,,,,,0.08474114206051733,-0.0008858947450342341,-0.0036337270462322227,0.43353872399743326,,,,,,,,,,,,,
1801.061133,ground_trial_sample,1790841470.566,odom,base_footprint,progress=0.3878;cross_track=0.0007;one_shot=true,0.8914680480957031,0.0009376794332638383,-0.011985188197561718,0.1503918798473963,-0.00435246349691324,-0.015267779119312763,,,,,,,,0.43523794648308445,0.3878497060658705,,0.0007319302776566446,,1790841470.6685004,0.10250043869018555,0.41050052642822266,0.8827766244047558,0.0003256465321284591,-0.013802051720677829,0.012172319607087931,0.0018168635231161114,False
1801.062175,cmd_vel_sent,,,,,,,,,,,,,,,0.08260152676167058,-0.0008820073517668366,-0.0036337270462322227,0.43523794648308445,,,,,,,,,,,,,
1801.063268,cmd_vel_observed,,,,,,,,,,,,,,,0.1257852282127007,-0.0017096218812298275,-0.006259783561223769,,,,,,,,,,,,,,
1801.081069,ground_trial_sample,1790841470.566,odom,base_footprint,progress=0.3878;cross_track=0.0007;one_shot=true,0.8914680480957031,0.0009376794332638383,-0.011985188197561718,0.1503918798473963,-0.00435246349691324,-0.015267779119312763,,,,,,,,0.4368846147228404,0.3878497060658705,,0.0007319302776566446,,1790841470.6884446,0.12244462966918945,0.43044471740722656,0.8845563917370631,0.0003010805314239062,-0.013802051720677829,0.012172319607087931,0.0018168635231161114,False
1801.082090,cmd_vel_sent,,,,,,,,,,,,,,,0.080394678069669,-0.0008779978044654726,-0.0036337270462322227,0.4368846147228404,,,,,,,,,,,,,
1801.083334,odom_raw,1790841470.656,odom,base_footprint,,0.9045444130897522,0.000551458157133311,-0.010611088355146871,0.14529857498642948,-0.004091696500409949,0.015267779119312763,,,,,,,,,,,,,,,,,,,,,
1801.100827,ground_trial_sample,1790841470.656,odom,base_footprint,progress=0.4009;cross_track=0.0005;one_shot=true,0.9045444130897522,0.000551458157133311,-0.010611088355146871,0.14529857498642948,-0.004091696500409949,0.015267779119312763,,,,,,,,0.4384933977111256,0.4009301560547337,,0.0005262207237293152,,1790841470.7082558,0.052255868911743164,0.4502558708190918,0.8862630183665092,0.00027752408658961083,-0.013802051720677829,0.0010686901029951276,0.0031909633655309577,False
1801.101357,cmd_vel_sent,,,,,,,,,,,,,,,0.06501849561132748,-0.0007336957445518098,-0.0063819267310619154,0.4384933977111256,,,,,,,,,,,,,
1801.101820,imu_data_raw,1790841470.348,,,,,,,,,,imu_frame,-0.05169861391186714,-0.36571431159973145,0.37648820877075195,,,,,,,,,,,,,,,,,
1801.120993,ground_trial_sample,1790841470.656,odom,base_footprint,progress=0.4009;cross_track=0.0005;one_shot=true,0.9045444130897522,0.000551458157133311,-0.010611088355146871,0.14529857498642948,-0.004091696500409949,0.015267779119312763,,,,,,,,0.43979378480615466,0.4009301560547337,,0.0005262207237293152,,1790841470.7283792,0.07237935066223145,0.38037919998168945,0.8878887110702418,0.00025508476692106315,-0.013802051720677829,0.0010686901029951276,0.0031909633655309577,False
1801.122000,cmd_vel_sent,,,,,,,,,,,,,,,0.0626445570579164,-0.0007261205678850632,-0.0063819267310619154,0.43979378480615466,,,,,,,,,,,,,
1801.141103,ground_trial_sample,1790841470.656,odom,base_footprint,progress=0.4009;cross_track=0.0005;one_shot=true,0.9045444130897522,0.000551458157133311,-0.010611088355146871,0.14529857498642948,-0.004091696500409949,0.015267779119312763,,,,,,,,0.44104809603226197,0.4009301560547337,,0.0005262207237293152,,1790841470.7484777,0.09247779846191406,0.40047764778137207,0.8894361008577476,0.00023372625678322236,-0.013802051720677829,0.0010686901029951276,0.0031909633655309577,False
1801.142122,cmd_vel_sent,,,,,,,,,,,,,,,0.06018784195088088,-0.0007182812533716689,-0.0063819267310619154,0.44104809603226197,,,,,,,,,,,,,
1801.143341,cmd_vel_observed,,,,,,,,,,,,,,,0.10541305678492949,-0.001240649565878522,-0.006259783561223769,,,,,,,,,,,,,,
1801.161122,ground_trial_sample,1790841470.656,odom,base_footprint,progress=0.4009;cross_track=0.0005;one_shot=true,0.9045444130897522,0.000551458157133311,-0.010611088355146871,0.14529857498642948,-0.004091696500409949,0.015267779119312763,,,,,,,,0.44225252497956474,0.4009301560547337,,0.0005262207237293152,,1790841470.7685013,0.11250138282775879,0.4205012321472168,0.8909025020053317,0.00021348562702741894,-0.013802051720677829,0.0010686901029951276,0.0031909633655309577,False
1801.162128,cmd_vel_sent,,,,,,,,,,,,,,,0.057652447289862865,-0.0007101908744317656,-0.0063819267310619154,0.44225252497956474,,,,,,,,,,,,,
1801.162923,imu_data_raw,1790841470.385,,,,,,,,,,imu_frame,-0.0016311862273141742,0.6685808300971985,0.5153518915176392,,,,,,,,,,,,,,,,,
1801.180643,ground_trial_sample,1790841470.656,odom,base_footprint,progress=0.4009;cross_track=0.0005;one_shot=true,0.9045444130897522,0.000551458157133311,-0.010611088355146871,0.14529857498642948,-0.004091696500409949,0.015267779119312763,,,,,,,,0.4434016186834664,0.4009301560547337,,0.0005262207237293152,,1790841470.7880678,0.13206791877746582,0.40306782722473145,0.8922834591134092,0.00019442437521423588,-0.013802051720677829,0.0010686901029951276,0.0031909633655309577,False
1801.181170,cmd_vel_sent,,,,,,,,,,,,,,,0.055047572604009234,-0.0007018787865254763,-0.0063819267310619154,0.4434016186834664,,,,,,,,,,,,,
1801.200979,ground_trial_sample,1790841470.656,odom,base_footprint,progress=0.4009;cross_track=0.0005;one_shot=true,0.9045444130897522,0.000551458157133311,-0.010611088355146871,0.14529857498642948,-0.004091696500409949,0.015267779119312763,,,,,,,,0.4445052355646184,0.4009301560547337,,0.0005262207237293152,,1790841470.808365,0.15236520767211914,0.42336511611938477,0.8935923840980713,0.00017635737762880955,-0.013802051720677829,0.0010686901029951276,0.0031909633655309577,False
1801.201916,cmd_vel_sent,,,,,,,,,,,,,,,0.05234727781907834,-0.0006932622155452573,-0.0063819267310619154,0.4445052355646184,,,,,,,,,,,,,
1801.203078,cmd_vel_observed,,,,,,,,,,,,,,,0.08679749582730913,-0.0008896308632947078,-0.0036337270462322227,,,,,,,,,,,,,,
1801.221013,ground_trial_sample,1790841470.656,odom,base_footprint,progress=0.4009;cross_track=0.0005;one_shot=true,0.9045444130897522,0.000551458157133311,-0.010611088355146871,0.14529857498642948,-0.004091696500409949,0.015267779119312763,,,,,,,,0.44555143121596524,0.4009301560547337,,0.0005262207237293152,,1790841470.82838,0.1723802089691162,0.44338011741638184,0.8948172147010554,0.00015945112875589973,-0.013802051720677829,0.0010686901029951276,0.0031909633655309577,False
1801.221987,cmd_vel_sent,,,,,,,,,,,,,,,0.04957545480609564,-0.0006844173998350395,-0.0063819267310619154,0.44555143121596524,,,,,,,,,,,,,
1801.223175,odom_raw,1790841470.759,odom,base_footprint,,0.9182054996490479,0.0009317647200077772,-0.013756245927475043,0.13264282966092078,0.003275130721326513,-0.030535513535141945,,,,,,,,,,,,,,,,,,,,,
1801.240694,ground_trial_sample,1790841470.759,odom,base_footprint,progress=0.4146;cross_track=0.0011;one_shot=true,0.9182054996490479,0.0009317647200077772,-0.013756245927475043,0.13264282966092078,0.003275130721326513,-0.030535513535141945,,,,,,,,0.44654299587486007,0.4145846925949989,,0.0010950361005391315,,1790841470.8481214,0.08912134170532227,0.4631214141845703,0.8959630271051634,0.0001436355624087459,-0.013802051720677829,0.01462574313161889,4.5805793202785897e-05,False
1801.241283,cmd_vel_sent,,,,,,,,,,,,,,,0.033068878174229634,-0.0010965508478840748,-9.161158640557179e-05,0.44654299587486007,,,,,,,,,,,,,
1801.241797,imu_data_raw,1790841470.49,,,,,,,,,,imu_frame,0.0622846819460392,-0.5428852438926697,-0.05925649031996727,,,,,,,,,,,,,,,,,
1801.261151,ground_trial_sample,1790841470.759,odom,base_footprint,progress=0.4146;cross_track=0.0011;one_shot=true,0.9182054996490479,0.0009317647200077772,-0.013756245927475043,0.13264282966092078,0.003275130721326513,-0.030535513535141945,,,,,,,,0.4472065921414517,0.4145846925949989,,0.0010950361005391315,,1790841470.8685236,0.10952353477478027,0.378523588180542,0.897031769387028,0.00012888378942545707,-0.013802051720677829,0.01462574313161889,4.5805793202785897e-05,False
1801.262202,cmd_vel_sent,,,,,,,,,,,,,,,0.030126508263162058,-0.0010964160702963085,-9.161158640557179e-05,0.4472065921414517,,,,,,,,,,,,,
1801.280628,ground_trial_sample,1790841470.759,odom,base_footprint,progress=0.4146;cross_track=0.0011;one_shot=true,0.9182054996490479,0.0009317647200077772,-0.013756245927475043,0.13264282966092078,0.003275130721326513,-0.030535513535141945,,,,,,,,0.4478072473147458,0.4145846925949989,,0.0010950361005391315,,1790841470.8880515,0.12905144691467285,0.39805150032043457,0.898013852309351,0.00011532816935997531,-0.013802051720677829,0.01462574313161889,4.5805793202785897e-05,False
1801.281147,cmd_vel_sent,,,,,,,,,,,,,,,0.027123770337797667,-0.0010962785275037594,-9.161158640557179e-05,0.4478072473147458,,,,,,,,,,,,,
1801.282004,cmd_vel_observed,,,,,,,,,,,,,,,0.06501849561132748,-0.0007336957445518098,-0.0063819267310619154,,,,,,,,,,,,,,
1801.300992,ground_trial_sample,1790841470.759,odom,base_footprint,progress=0.4146;cross_track=0.0011;one_shot=true,0.9182054996490479,0.0009317647200077772,-0.013756245927475043,0.13264282966092078,0.003275130721326513,-0.030535513535141945,,,,,,,,0.44835095468083186,0.4145846925949989,,0.0010950361005391315,,1790841470.9083774,0.14937734603881836,0.4183773994445801,0.8989210700049837,0.00010280590864334468,-0.013802051720677829,0.01462574313161889,4.5805793202785897e-05,False
1801.301944,cmd_vel_sent,,,,,,,,,,,,,,,0.024025261054498624,-0.001096136597828193,-9.161158640557179e-05,0.44835095468083186,,,,,,,,,,,,,
1801.303093,odom_raw,1790841470.836,odom,base_footprint,,0.9276283383369446,0.0008021334069781005,-0.013756245927475043,0.12237478646224367,-0.0016835238527236548,0.0,,,,,,,,,,,,,,,,,,,,,
1801.320850,ground_trial_sample,1790841470.836,odom,base_footprint,progress=0.4240;cross_track=0.0011;one_shot=true,0.9276283383369446,0.0008021334069781005,-0.013756245927475043,0.12237478646224367,-0.0016835238527236548,0.0,,,,,,,,0.448831196007147,0.4240084229089099,,0.0010954675122853957,,1790841470.9282393,0.0922393798828125,0.43823933601379395,0.8997456727200677,9.14239765716562e-05,-0.013802051720677829,0.024033402165393437,4.5805793202785897e-05,False
1801.321751,cmd_vel_sent,,,,,,,,,,,,,,,0.011432563197379116,-0.0010959911910605996,-9.161158640557179e-05,0.448831196007147,,,,,,,,,,,,,
1801.322513,imu_data_raw,1790841470.538,,,,,,,,,,imu_frame,0.00689092930406332,0.3621230125427246,0.19452889263629913,,,,,,,,,,,,,,,,,
1801.340914,ground_trial_sample,1790841470.836,odom,base_footprint,progress=0.4240;cross_track=0.0011;one_shot=true,0.9276283383369446,0.0008021334069781005,-0.013756245927475043,0.12237478646224367,-0.0016835238527236548,0.0,,,,,,,,0.44906101772543244,0.4240084229089099,,0.0010954675122853957,,1790841470.9482987,0.11229872703552246,0.41029858589172363,0.9004920334515121,8.112201298255024e-05,-0.013802051720677829,0.024033402165393437,4.5805793202785897e-05,False
1801.341904,cmd_vel_sent,,,,,,,,,,,,,,,0.008176867427478649,-0.001095842061333326,-9.161158640557179e-05,0.44906101772543244,,,,,,,,,,,,,
1801.361199,ground_trial_sample,1790841470.836,odom,base_footprint,progress=0.4240;cross_track=0.0011;one_shot=true,0.9276283383369446,0.0008021334069781005,-0.013756245927475043,0.12237478646224367,-0.0016835238527236548,0.0,,,,,,,,0.4492282952130403,0.4240084229089099,,0.0010954675122853957,,1790841470.9685924,0.13259243965148926,0.43059229850769043,0.9011666183306083,7.181076633005958e-05,-0.013802051720677829,0.024033402165393437,4.5805793202785897e-05,False
1801.362076,cmd_vel_sent,,,,,,,,,,,,,,,0.004796290768301991,-0.0010956872113378618,-9.161158640557179e-05,0.4492282952130403,,,,,,,,,,,,,
1801.363205,cmd_vel_observed,,,,,,,,,,,,,,,0.055047572604009234,-0.0007018787865254763,-0.0063819267310619154,,,,,,,,,,,,,,
1801.380877,ground_trial_sample,1790841470.836,odom,base_footprint,progress=0.4240;cross_track=0.0011;one_shot=true,0.9276283383369446,0.0008021334069781005,-0.013756245927475043,0.12237478646224367,-0.0016835238527236548,0.0,,,,,,,,0.4493256530951242,0.4240084229089099,,0.0010954675122853957,,1790841470.988288,0.15228796005249023,0.4502878189086914,0.9017457133031532,6.381756000173582e-05,-0.013802051720677829,0.024033402165393437,4.5805793202785897e-05,False
1801.381461,cmd_vel_sent,,,,,,,,,,,,,,,0.0014176837066035397,-0.0010955324515613727,-9.161158640557179e-05,0.4493256530951242,,,,,,,,,,,,,
1801.382490,odom_raw,1790841470.932,odom,base_footprint,,0.9376596808433533,0.0004193349741399288,-0.015221949546434731,0.10448743021879556,-0.004140636009381551,-0.015267756767570972,,,,,,,,,,,,,,,,,,,,,
1801.401245,ground_trial_sample,1790841470.932,odom,base_footprint,progress=0.4340;cross_track=0.0009;one_shot=true,0.9376596808433533,0.0004193349741399288,-0.015221949546434731,0.10448743021879556,-0.004140636009381551,-0.015267756767570972,,,,,,,,0.44936150494182225,0.43404409319803194,,0.0008511542521091571,,1790841471.0086129,0.07661294937133789,0.4706127643585205,0.9022516635066693,5.6833965668690034e-05,-0.013802051720677829,0.03405473161305435,0.001419897825756902,False
1801.402325,cmd_vel_sent,,,,,,,,,,,,,,,-0.012112815640745466,-0.0008683540822705368,0.002839795651513804,0.44936150494182225,,,,,,,,,,,,,
1801.402944,imu_data_raw,1790841470.618,,,,,,,,,,imu_frame,-0.14011555910110474,-0.375291109085083,-0.31783026456832886,,,,,,,,,,,,,,,,,
1801.421204,ground_trial_sample,1790841470.932,odom,base_footprint,progress=0.4340;cross_track=0.0009;one_shot=true,0.9376596808433533,0.0004193349741399288,-0.015221949546434731,0.10448743021879556,-0.004140636009381551,-0.015267756767570972,,,,,,,,0.4496042208004477,0.43404409319803194,,0.0008511542521091571,,1790841471.0285738,0.0965738296508789,0.41057372093200684,0.902677077532344,5.096200641606895e-05,-0.013802051720677829,0.03405473161305435,0.001419897825756902,False
1801.422212,cmd_vel_sent,,,,,,,,,,,,,,,-0.015684686691240905,-0.000873425777617386,0.002839795651513804,0.4496042208004477,,,,,,,,,,,,,
1801.441032,ground_trial_sample,1790841470.932,odom,base_footprint,progress=0.4340;cross_track=0.0009;one_shot=true,0.9376596808433533,0.0004193349741399288,-0.015221949546434731,0.10448743021879556,-0.004140636009381551,-0.015267756767570972,,,,,,,,0.4499183837453947,0.43404409319803194,,0.0008511542521091571,,1790841471.048418,0.11641812324523926,0.4304180145263672,0.9030227937802278,4.6190109868178564e-05,-0.013802051720677829,0.03405473161305435,0.001419897825756902,False
1801.441840,cmd_vel_sent,,,,,,,,,,,,,,,-0.019338720028412675,-0.0008786141350948455,0.002839795651513804,0.4499183837453947,,,,,,,,,,,,,
1801.442822,cmd_vel_observed,,,,,,,,,,,,,,,0.030126508263162058,-0.0010964160702963085,-9.161158640557179e-05,,,,,,,,,,,,,,
1801.461277,ground_trial_sample,1790841470.932,odom,base_footprint,progress=0.4340;cross_track=0.0009;one_shot=true,0.9376596808433533,0.0004193349741399288,-0.015221949546434731,0.10448743021879556,-0.004140636009381551,-0.015267756767570972,,,,,,,,0.4503063583560056,0.43404409319803194,,0.0008511542521091571,,1790841471.0686445,0.13664460182189941,0.45064449310302734,0.9032890052686903,4.251561180631559e-05,-0.013802051720677829,0.03405473161305435,0.001419897825756902,False
1801.462949,cmd_vel_sent,,,,,,,,,,,,,,,-0.023080757209553496,-0.0008839274491229912,0.002839795651513804,0.4503063583560056,,,,,,,,,,,,,
1801.463725,odom_raw,1790841471.039,odom,base_footprint,,0.9452811479568481,-0.0007880922639742494,-0.0217565514120855,0.07115328130900386,-0.01174957275866585,-0.061071038246154785,,,,,,,,,,,,,,,,,,,,,
1801.480734,ground_trial_sample,1790841471.039,odom,base_footprint,progress=0.4417;cross_track=0.0003;one_shot=true,0.9452811479568481,-0.0007880922639742494,-0.0217565514120855,0.07115328130900386,-0.01174957275866585,-0.061071038246154785,,,,,,,,0.4507658196790222,0.4416814988352348,,0.0002509694388832754,,1790841471.088155,0.04915499687194824,0.4701550006866455,0.9034738052162467,3.996483139841536e-05,-0.013802051720677829,0.041682254387339975,0.007954499691407671,False
1801.481291,cmd_vel_sent,,,,,,,,,,,,,,,-0.03451390174767232,-2.356923236468899e-05,0.015908999382815342,0.4507658196790222,,,,,,,,,,,,,
1801.482046,imu_data_raw,1790841470.698,,,,,,,,,,imu_frame,0.08145944029092789,-0.05925649031996727,0.5632359385490417,,,,,,,,,,,,,,,,,
1801.501051,ground_trial_sample,1790841471.039,odom,base_footprint,progress=0.4417;cross_track=0.0003;one_shot=true,0.9452811479568481,-0.0007880922639742494,-0.0217565514120855,0.07115328130900386,-0.01174957275866585,-0.061071038246154785,,,,,,,,0.45145694660648483,0.4416814988352348,,0.0002509694388832754,,1790841471.1084309,0.06943082809448242,0.410430908203125,0.9035799120815052,3.850024595548462e-05,-0.013802051720677829,0.041682254387339975,0.007954499691407671,False
1801.502016,cmd_vel_sent,,,,,,,,,,,,,,,-0.038412579629267384,-5.458191847307033e-05,0.015908999382815342,0.45145694660648483,,,,,,,,,,,,,
1801.521063,ground_trial_sample,1790841471.039,odom,base_footprint,progress=0.4417;cross_track=0.0003;one_shot=true,0.9452811479568481,-0.0007880922639742494,-0.0217565514120855,0.07115328130900386,-0.01174957275866585,-0.061071038246154785,,,,,,,,0.45222617308023944,0.4416814988352348,,0.0002509694388832754,,1790841471.12844,0.08943986892700195,0.43043994903564453,0.9036070829343561,3.8125208624391164e-05,-0.013802051720677829,0.041682254387339975,0.007954499691407671,False
1801.521723,cmd_vel_sent,,,,,,,,,,,,,,,-0.041682176478518934,-8.059047415946631e-05,0.015908999382815342,0.45222617308023944,,,,,,,,,,,,,
1801.522430,cmd_vel_observed,,,,,,,,,,,,,,,0.008176867427478649,-0.001095842061333326,-9.161158640557179e-05,,,,,,,,,,,,,,
1801.540636,ground_trial_sample,1790841471.039,odom,base_footprint,progress=0.4417;cross_track=0.0003;one_shot=true,0.9452811479568481,-0.0007880922639742494,-0.0217565514120855,0.07115328130900386,-0.01174957275866585,-0.061071038246154785,,,,,,,,0.4530572490822336,0.4416814988352348,,0.0002509694388832754,,1790841471.1480606,0.10906052589416504,0.4500606060028076,0.9036070829343561,3.8125208624391164e-05,-0.013802051720677829,0.041682254387339975,0.007954499691407671,False
1801.541319,cmd_vel_sent,,,,,,,,,,,,,,,-0.041682176478518934,-8.059047415946631e-05,0.015908999382815342,0.4530572490822336,,,,,,,,,,,,,
1801.542587,odom_raw,1790841471.108,odom,base_footprint,,0.9494948387145996,-0.0012317257933318615,-0.025970450537692744,0.06104012826570084,-0.006686747911261174,-0.06107102707028389,,,,,,,,,,,,,,,,,,,,,
1801.561301,ground_trial_sample,1790841471.108,odom,base_footprint,progress=0.4459;cross_track=0.0006;one_shot=true,0.9494948387145996,-0.0012317257933318615,-0.025970450537692744,0.06104012826570084,-0.006686747911261174,-0.06107102707028389,,,,,,,,0.45389548530357127,0.44590091111092484,,0.0006364049822445792,,1790841471.1685905,0.060590505599975586,0.47059059143066406,0.9036070829343561,3.8125208624391164e-05,-0.013802051720677829,0.04590532269916465,0.012168398817014913,False
1801.562445,cmd_vel_sent,,,,,,,,,,,,,,,-0.04590525671903893,7.783105788568951e-05,0.024336797634029825,0.45389548530357127,,,,,,,,,,,,,
1801.563871,imu_data_raw,1790841470.806,,,,,,,,,,imu_frame,0.11980896443128586,0.5057750940322876,0.11312603205442429,,,,,,,,,,,,,,,,,
1801.581038,ground_trial_sample,1790841471.108,odom,base_footprint,progress=0.4459;cross_track=0.0006;one_shot=true,0.9494948387145996,-0.0012317257933318615,-0.025970450537692744,0.06104012826570084,-0.006686747911261174,-0.06107102707028389,,,,,,,,0.45480865477781474,0.44590091111092484,,0.0006364049822445792,,1790841471.1884615,0.08046150207519531,0.3824615478515625,0.9036070829343561,3.8125208624391164e-05,-0.013802051720677829,0.04590532269916465,0.012168398817014913,False
1801.582228,cmd_vel_sent,,,,,,,,,,,,,,,-0.04590525671903893,7.783105788568951e-05,0.024336797634029825,0.45480865477781474,,,,,,,,,,,,,
1801.600965,ground_trial_sample,1790841471.108,odom,base_footprint,progress=0.4459;cross_track=0.0006;one_shot=true,0.9494948387145996,-0.0012317257933318615,-0.025970450537692744,0.06104012826570084,-0.006686747911261174,-0.06107102707028389,,,,,,,,0.45572902542002797,0.44590091111092484,,0.0006364049822445792,,1790841471.2083483,0.10034823417663574,0.40234827995300293,0.9036070829343561,3.8125208624391164e-05,-0.013802051720677829,0.04590532269916465,0.012168398817014913,False
1801.601979,cmd_vel_sent,,,,,,,,,,,,,,,-0.04590525671903893,7.783105788568951e-05,0.024336797634029825,0.45572902542002797,,,,,,,,,,,,,
1801.603397,cmd_vel_observed,,,,,,,,,,,,,,,-0.015684686691240905,-0.000873425777617386,0.002839795651513804,,,,,,,,,,,,,,
1801.620958,ground_trial_sample,1790841471.108,odom,base_footprint,progress=0.4459;cross_track=0.0006;one_shot=true,0.9494948387145996,-0.0012317257933318615,-0.025970450537692744,0.06104012826570084,-0.006686747911261174,-0.06107102707028389,,,,,,,,0.456648600018046,0.44590091111092484,,0.0006364049822445792,,1790841471.2283475,0.12034749984741211,0.4223475456237793,0.9036070829343561,3.8125208624391164e-05,-0.013802051720677829,0.04590532269916465,0.012168398817014913,False
1801.621922,cmd_vel_sent,,,,,,,,,,,,,,,-0.04590525671903893,7.783105788568951e-05,0.024336797634029825,0.456648600018046,,,,,,,,,,,,,
1801.622847,imu_data_raw,1790841470.858,,,,,,,,,,imu_frame,-0.0719386413693428,0.16101007163524628,0.07003039866685867,,,,,,,,,,,,,,,,,
1801.641017,ground_trial_sample,1790841471.108,odom,base_footprint,progress=0.4459;cross_track=0.0006;one_shot=true,0.9494948387145996,-0.0012317257933318615,-0.025970450537692744,0.06104012826570084,-0.006686747911261174,-0.06107102707028389,,,,,,,,0.4575642824873684,0.44590091111092484,,0.0006364049822445792,,1790841471.2484071,0.14040708541870117,0.39040708541870117,0.9036070829343561,3.8125208624391164e-05,-0.013802051720677829,0.04590532269916465,0.012168398817014913,False
1801.642095,cmd_vel_sent,,,,,,,,,,,,,,,-0.04590525671903893,7.783105788568951e-05,0.024336797634029825,0.4575642824873684,,,,,,,,,,,,,
1801.660838,ground_trial_sample,1790841471.108,odom,base_footprint,progress=0.4459;cross_track=0.0006;one_shot=true,0.9494948387145996,-0.0012317257933318615,-0.025970450537692744,0.06104012826570084,-0.006686747911261174,-0.06107102707028389,,,,,,,,0.45848410823340213,0.44590091111092484,,0.0006364049822445792,,1790841471.2682562,0.16025614738464355,0.41025614738464355,0.9036070829343561,3.8125208624391164e-05,-0.013802051720677829,0.04590532269916465,0.012168398817014913,False
1801.661876,cmd_vel_sent,,,,,,,,,,,,,,,-0.04590525671903893,7.783105788568951e-05,0.024336797634029825,0.45848410823340213,,,,,,,,,,,,,
1801.663999,cmd_vel_observed,,,,,,,,,,,,,,,-0.03451390174767232,-2.356923236468899e-05,0.015908999382815342,,,,,,,,,,,,,,
1801.681113,ground_trial_sample,1790841471.108,odom,base_footprint,progress=0.4459;cross_track=0.0006;one_shot=true,0.9494948387145996,-0.0012317257933318615,-0.025970450537692744,0.06104012826570084,-0.006686747911261174,-0.06107102707028389,,,,,,,,0.4593998964685863,0.44590091111092484,,0.0006364049822445792,,1790841471.288491,0.18049097061157227,0.43049097061157227,0.9036070829343561,3.8125208624391164e-05,-0.013802051720677829,0.04590532269916465,0.012168398817014913,False
1801.682284,cmd_vel_sent,,,,,,,,,,,,,,,-0.04590525671903893,7.783105788568951e-05,0.024336797634029825,0.4593998964685863,,,,,,,,,,,,,
1801.683546,odom_raw,1790841471.218,odom,base_footprint,,0.9511479735374451,-0.0023969211615622044,-0.032688266641326465,0.014956800313124935,-0.01069340152984288,-0.06107104569673538,,,,,,,,,,,,,,,,,,,,,
1801.701000,ground_trial_sample,1790841471.218,odom,base_footprint,progress=0.4476;cross_track=0.0018;one_shot=true,0.9511479735374451,-0.0023969211615622044,-0.032688266641326465,0.014956800313124935,-0.01069340152984288,-0.06107104569673538,,,,,,,,0.4603198587829616,0.4475699700541068,,0.0017786734414231078,,1790841471.3083837,0.09038376808166504,0.45038366317749023,0.9036070829343561,3.8125208624391164e-05,-0.013802051720677829,0.047603211342931814,0.018886214920648636,False
1801.701993,cmd_vel_sent,,,,,,,,,,,,,,,-0.04759507687295804,0.0008799929642032936,0.03777242984129727,0.4603198587829616,,,,,,,,,,,,,
1801.702827,imu_data_raw,1790841470.901,,,,,,,,,,imu_frame,0.0345878042280674,0.18974047899246216,0.6685808300971985,,,,,,,,,,,,,,,,,
1801.720969,ground_trial_sample,1790841471.218,odom,base_footprint,progress=0.4476;cross_track=0.0018;one_shot=true,0.9511479735374451,-0.0023969211615622044,-0.032688266641326465,0.014956800313124935,-0.01069340152984288,-0.06107104569673538,,,,,,,,0.46127126599029583,0.4475699700541068,,0.0017786734414231078,,1790841471.3283515,0.1103515625,0.4273514747619629,0.9036070829343561,3.8125208624391164e-05,-0.013802051720677829,0.047603211342931814,0.018886214920648636,False
1801.721913,cmd_vel_sent,,,,,,,,,,,,,,,-0.04759507687295804,0.0008799929642032936,0.03777242984129727,0.46127126599029583,,,,,,,,,,,,,
1801.740950,ground_trial_sample,1790841471.218,odom,base_footprint,progress=0.4476;cross_track=0.0018;one_shot=true,0.9511479735374451,-0.0023969211615622044,-0.032688266641326465,0.014956800313124935,-0.01069340152984288,-0.06107104569673538,,,,,,,,0.46222351544124923,0.4475699700541068,,0.0017786734414231078,,1790841471.3483317,0.13033175468444824,0.44733166694641113,0.9036070829343561,3.8125208624391164e-05,-0.013802051720677829,0.047603211342931814,0.018886214920648636,False
1801.741920,cmd_vel_sent,,,,,,,,,,,,,,,-0.04759507687295804,0.0008799929642032936,0.03777242984129727,0.46222351544124923,,,,,,,,,,,,,
1801.743077,cmd_vel_observed,,,,,,,,,,,,,,,-0.04590525671903893,7.783105788568951e-05,0.024336797634029825,,,,,,,,,,,,,,
1801.761216,ground_trial_sample,1790841471.218,odom,base_footprint,progress=0.4476;cross_track=0.0018;one_shot=true,0.9511479735374451,-0.0023969211615622044,-0.032688266641326465,0.014956800313124935,-0.01069340152984288,-0.06107104569673538,,,,,,,,0.46317651421435097,0.4475699700541068,,0.0017786734414231078,,1790841471.368583,0.15058302879333496,0.46758294105529785,0.9036070829343561,3.8125208624391164e-05,-0.013802051720677829,0.047603211342931814,0.018886214920648636,False
1801.762333,cmd_vel_sent,,,,,,,,,,,,,,,-0.04759507687295804,0.0008799929642032936,0.03777242984129727,0.46317651421435097,,,,,,,,,,,,,
1801.763221,odom_raw,1790841471.286,odom,base_footprint,,0.9509690403938293,-0.002564542694017291,-0.035802890420273556,-0.0026393497344510313,-0.002456814105144588,-0.04580328240990639,,,,,,,,,,,,,,,,,,,,,
1801.780777,ground_trial_sample,1790841471.286,odom,base_footprint,progress=0.4474;cross_track=0.0019;one_shot=true,0.9509690403938293,-0.002564542694017291,-0.035802890420273556,-0.0026393497344510313,-0.002456814105144588,-0.04580328240990639,,,,,,,,0.46412617443143117,0.44739336740090924,,0.0019487485745566255,,1790841471.3881867,0.10218667984008789,0.4871866703033447,0.9036070829343561,3.8125208624391164e-05,-0.013802051720677829,0.047433415379923835,0.022000838699595727,False
1801.781427,cmd_vel_sent,,,,,,,,,,,,,,,-0.04742476843852576,0.0009056672438625334,0.044001677399191454,0.46412617443143117,,,,,,,,,,,,,
1801.782053,imu_data_raw,1790841471.053,,,,,,,,,,imu_frame,-0.19124825298786163,0.8026561141014099,0.7356184720993042,,,,,,,,,,,,,,,,,
1801.800662,ground_trial_sample,1790841471.286,odom,base_footprint,progress=0.4474;cross_track=0.0019;one_shot=true,0.9509690403938293,-0.002564542694017291,-0.035802890420273556,-0.0026393497344510313,-0.002456814105144588,-0.04580328240990639,,,,,,,,0.465074590250965,0.44739336740090924,,0.0019487485745566255,,1790841471.4080865,0.1220865249633789,0.3550865650177002,0.9036070829343561,3.8125208624391164e-05,-0.013802051720677829,0.047433415379923835,0.022000838699595727,False
1801.801559,cmd_vel_sent,,,,,,,,,,,,,,,-0.04742476843852576,0.0009056672438625334,0.044001677399191454,0.465074590250965,,,,,,,,,,,,,
1801.821002,ground_trial_sample,1790841471.286,odom,base_footprint,progress=0.4474;cross_track=0.0019;one_shot=true,0.9509690403938293,-0.002564542694017291,-0.035802890420273556,-0.0026393497344510313,-0.002456814105144588,-0.04580328240990639,,,,,,,,0.46602600025740076,0.44739336740090924,,0.0019487485745566255,,1790841471.4283822,0.14238214492797852,0.3753821849822998,0.9036070829343561,3.8125208624391164e-05,-0.013802051720677829,0.047433415379923835,0.022000838699595727,False
1801.821939,cmd_vel_sent,,,,,,,,,,,,,,,-0.04742476843852576,0.0009056672438625334,0.044001677399191454,0.46602600025740076,,,,,,,,,,,,,
1801.823114,cmd_vel_observed,,,,,,,,,,,,,,,-0.04590525671903893,7.783105788568951e-05,0.024336797634029825,,,,,,,,,,,,,,
1801.841186,ground_trial_sample,1790841471.286,odom,base_footprint,progress=0.4474;cross_track=0.0019;one_shot=true,0.9509690403938293,-0.002564542694017291,-0.035802890420273556,-0.0026393497344510313,-0.002456814105144588,-0.04580328240990639,,,,,,,,0.4669741413900298,0.44739336740090924,,0.0019487485745566255,,1790841471.4485507,0.162550687789917,0.3955507278442383,0.9036070829343561,3.8125208624391164e-05,-0.013802051720677829,0.047433415379923835,0.022000838699595727,False
1801.842281,cmd_vel_sent,,,,,,,,,,,,,,,-0.04742476843852576,0.0009056672438625334,0.044001677399191454,0.4669741413900298,,,,,,,,,,,,,
1801.843772,odom_raw,1790841471.376,odom,base_footprint,,0.9500517249107361,-0.002531686332076788,-0.033054693691782995,-0.010193292957175661,0.0003370589436553953,0.030535519123077393,,,,,,,,,,,,,,,,,,,,,
1801.861704,ground_trial_sample,1790841471.376,odom,base_footprint,progress=0.4465;cross_track=0.0019;one_shot=true,0.9500517249107361,-0.002531686332076788,-0.033054693691782995,-0.010193292957175661,0.0003370589436553953,0.030535519123077393,,,,,,,,0.46792769277800567,0.44647568581837477,,0.001928555775850817,,1790841471.4690292,0.09302926063537598,0.4160292148590088,0.9036070829343561,3.8125208624391164e-05,-0.013802051720677829,0.04651568229821894,0.019252641971105166,False
1801.863302,cmd_vel_sent,,,,,,,,,,,,,,,-0.046504200147581304,0.0010334739002693274,0.03850528394221033,0.46792769277800567,,,,,,,,,,,,,
1801.864297,imu_data_raw,1790841471.098,,,,,,,,,,imu_frame,-0.09857024997472763,-0.31783026456832886,0.4770447015762329,,,,,,,,,,,,,,,,,
1801.881060,ground_trial_sample,1790841471.376,odom,base_footprint,progress=0.4465;cross_track=0.0019;one_shot=true,0.9500517249107361,-0.002531686332076788,-0.033054693691782995,-0.010193292957175661,0.0003370589436553953,0.030535519123077393,,,,,,,,0.46885022523411257,0.44647568581837477,,0.001928555775850817,,1790841471.4884868,0.1124868392944336,0.3904867172241211,0.9036070829343561,3.8125208624391164e-05,-0.013802051720677829,0.04651568229821894,0.019252641971105166,False
1801.882289,cmd_vel_sent,,,,,,,,,,,,,,,-0.046504200147581304,0.0010334739002693274,0.03850528394221033,0.46885022523411257,,,,,,,,,,,,,
1801.900943,ground_trial_sample,1790841471.376,odom,base_footprint,progress=0.4465;cross_track=0.0019;one_shot=true,0.9500517249107361,-0.002531686332076788,-0.033054693691782995,-0.010193292957175661,0.0003370589436553953,0.030535519123077393,,,,,,,,0.46978284061558845,0.44647568581837477,,0.001928555775850817,,1790841471.5083294,0.13232946395874023,0.41032934188842773,0.9036070829343561,3.8125208624391164e-05,-0.013802051720677829,0.04651568229821894,0.019252641971105166,False
1801.901946,cmd_vel_sent,,,,,,,,,,,,,,,-0.046504200147581304,0.0010334739002693274,0.03850528394221033,0.46978284061558845,,,,,,,,,,,,,
1801.903229,cmd_vel_observed,,,,,,,,,,,,,,,-0.04759507687295804,0.0008799929642032936,0.03777242984129727,,,,,,,,,,,,,,
1801.921061,ground_trial_sample,1790841471.376,odom,base_footprint,progress=0.4465;cross_track=0.0019;one_shot=true,0.9500517249107361,-0.002531686332076788,-0.033054693691782995,-0.010193292957175661,0.0003370589436553953,0.030535519123077393,,,,,,,,0.4707158072369792,0.44647568581837477,,0.001928555775850817,,1790841471.528445,0.15244507789611816,0.43044495582580566,0.9036070829343561,3.8125208624391164e-05,-0.013802051720677829,0.04651568229821894,0.019252641971105166,False
1801.922053,cmd_vel_sent,,,,,,,,,,,,,,,-0.046504200147581304,0.0010334739002693274,0.03850528394221033,0.4707158072369792,,,,,,,,,,,,,
1801.923284,odom_raw,1790841471.494,odom,base_footprint,,0.9476063251495361,-0.003654948901385069,-0.033054693691782995,-0.020723642965600073,-0.00951917420060899,1.3941955367968717e-09,,,,,,,,,,,,,,,,,,,,,
1801.940576,ground_trial_sample,1790841471.494,odom,base_footprint,progress=0.4440;cross_track=0.0031;one_shot=true,0.9476063251495361,-0.003654948901385069,-0.033054693691782995,-0.020723642965600073,-0.00951917420060899,1.3941955367968717e-09,,,,,,,,0.47164104532426937,0.44404602180954633,,0.0030854618203892863,,1790841471.5480018,0.054001808166503906,0.45000171661376953,0.9036070829343561,3.8125208624391164e-05,-0.013802051720677829,0.04415395918705482,0.019252641971105166,False
1801.941524,cmd_vel_sent,,,,,,,,,,,,,,,-0.044097258541501955,0.0022369401011283234,0.03850528394221033,0.47164104532426937,,,,,,,,,,,,,
1801.942646,imu_data_raw,1790841471.182,,,,,,,,,,imu_frame,-0.1880524605512619,-0.22206220030784607,0.5105634927749634,,,,,,,,,,,,,,,,,
1801.961206,ground_trial_sample,1790841471.494,odom,base_footprint,progress=0.4440;cross_track=0.0031;one_shot=true,0.9476063251495361,-0.003654948901385069,-0.033054693691782995,-0.020723642965600073,-0.00951917420060899,1.3941955367968717e-09,,,,,,,,0.4725286827419906,0.44404602180954633,,0.0030854618203892863,,1790841471.568579,0.07457900047302246,0.3865790367126465,0.9036070829343561,3.8125208624391164e-05,-0.013802051720677829,0.04415395918705482,0.019252641971105166,False
1801.962232,cmd_vel_sent,,,,,,,,,,,,,,,-0.044097258541501955,0.0022369401011283234,0.03850528394221033,0.4725286827419906,,,,,,,,,,,,,
1801.980617,ground_trial_sample,1790841471.494,odom,base_footprint,progress=0.4440;cross_track=0.0031;one_shot=true,0.9476063251495361,-0.003654948901385069,-0.033054693691782995,-0.020723642965600073,-0.00951917420060899,1.3941955367968717e-09,,,,,,,,0.473407843924154,0.44404602180954633,,0.0030854618203892863,,1790841471.588041,0.09404110908508301,0.40604114532470703,0.9036070829343561,3.8125208624391164e-05,-0.013802051720677829,0.04415395918705482,0.019252641971105166,False
1801.981140,cmd_vel_sent,,,,,,,,,,,,,,,-0.044097258541501955,0.0022369401011283234,0.03850528394221033,0.473407843924154,,,,,,,,,,,,,
1801.982216,cmd_vel_observed,,,,,,,,,,,,,,,-0.04742476843852576,0.0009056672438625334,0.044001677399191454,,,,,,,,,,,,,,
1802.000968,ground_trial_sample,1790841471.494,odom,base_footprint,progress=0.4440;cross_track=0.0031;one_shot=true,0.9476063251495361,-0.003654948901385069,-0.033054693691782995,-0.020723642965600073,-0.00951917420060899,1.3941955367968717e-09,,,,,,,,0.47429294412291517,0.44404602180954633,,0.0030854618203892863,,1790841471.6083555,0.11435556411743164,0.42635560035705566,0.9036070829343561,3.8125208624391164e-05,-0.013802051720677829,0.04415395918705482,0.019252641971105166,False
1802.001897,cmd_vel_sent,,,,,,,,,,,,,,,-0.044097258541501955,0.0022369401011283234,0.03850528394221033,0.47429294412291517,,,,,,,,,,,,,
1802.003175,odom_raw,1790841471.556,odom,base_footprint,,0.9463423490524292,-0.0036131537053734064,-0.03116149176123981,-0.020387825627200963,0.0006355205457480765,0.03053552471101284,,,,,,,,,,,,,,,,,,,,,
1802.020924,ground_trial_sample,1790841471.556,odom,base_footprint,progress=0.4428;cross_track=0.0031;one_shot=true,0.9463423490524292,-0.0036131537053734064,-0.03116149176123981,-0.020387825627200963,0.0006355205457480765,0.03053552471101284,,,,,,,,0.4751751341783853,0.44278158926098055,,0.0030611155148240338,,1790841471.6283119,0.0723118782043457,0.44631195068359375,0.9036070829343561,3.8125208624391164e-05,-0.013802051720677829,0.04289096417534038,0.01735944004056198,False
1802.021878,cmd_vel_sent,,,,,,,,,,,,,,,-0.042828279885860986,0.002318027158746675,0.03471888008112396,0.4751751341783853,,,,,,,,,,,,,
1802.022683,imu_data_raw,1790841471.258,,,,,,,,,,imu_frame,-0.07087337225675583,-0.20769700407981873,0.6494272351264954,,,,,,,,,,,,,,,,,
1802.040970,ground_trial_sample,1790841471.556,odom,base_footprint,progress=0.4428;cross_track=0.0031;one_shot=true,0.9463423490524292,-0.0036131537053734064,-0.03116149176123981,-0.020387825627200963,0.0006355205457480765,0.03053552471101284,,,,,,,,0.47603284589134975,0.44278158926098055,,0.0030611155148240338,,1790841471.6483526,0.09235262870788574,0.390352725982666,0.9036070829343561,3.8125208624391164e-05,-0.013802051720677829,0.04289096417534038,0.01735944004056198,False
1802.041928,cmd_vel_sent,,,,,,,,,,,,,,,-0.042828279885860986,0.002318027158746675,0.03471888008112396,0.47603284589134975,,,,,,,,,,,,,
1802.060797,ground_trial_sample,1790841471.556,odom,base_footprint,progress=0.4428;cross_track=0.0031;one_shot=true,0.9463423490524292,-0.0036131537053734064,-0.03116149176123981,-0.020387825627200963,0.0006355205457480765,0.03053552471101284,,,,,,,,0.4768908608434423,0.44278158926098055,,0.0030611155148240338,,1790841471.668204,0.11220407485961914,0.4102041721343994,0.9036070829343561,3.8125208624391164e-05,-0.013802051720677829,0.04289096417534038,0.01735944004056198,False
1802.061502,cmd_vel_sent,,,,,,,,,,,,,,,-0.042828279885860986,0.002318027158746675,0.03471888008112396,0.4768908608434423,,,,,,,,,,,,,
1802.062338,cmd_vel_observed,,,,,,,,,,,,,,,-0.046504200147581304,0.0010334739002693274,0.03850528394221033,,,,,,,,,,,,,,
1802.080785,ground_trial_sample,1790841471.556,odom,base_footprint,progress=0.4428;cross_track=0.0031;one_shot=true,0.9463423490524292,-0.0036131537053734064,-0.03116149176123981,-0.020387825627200963,0.0006355205457480765,0.03053552471101284,,,,,,,,0.47774881407542696,0.44278158926098055,,0.0030611155148240338,,1790841471.6881971,0.13219714164733887,0.43019723892211914,0.9036070829343561,3.8125208624391164e-05,-0.013802051720677829,0.04289096417534038,0.01735944004056198,False
1802.081401,cmd_vel_sent,,,,,,,,,,,,,,,-0.042828279885860986,0.002318027158746675,0.03471888008112396,0.47774881407542696,,,,,,,,,,,,,
1802.082138,odom_raw,1790841471.646,odom,base_footprint,,0.9438264966011047,-0.0033051450736820698,-0.03253559116957447,-0.02794909090908983,0.0034607271172919065,-0.015267756767570972,,,,,,,,,,,,,,,,,,,,,
1802.100797,ground_trial_sample,1790841471.646,odom,base_footprint,progress=0.4403;cross_track=0.0028;one_shot=true,0.9438264966011047,-0.0033051450736820698,-0.03253559116957447,-0.02794909090908983,0.0034607271172919065,-0.015267756767570972,,,,,,,,0.47860778965643724,0.4402617254204663,,0.002787859043170542,,1790841471.708221,0.06222105026245117,0.45022106170654297,0.9036070829343561,3.8125208624391164e-05,-0.013802051720677829,0.04035813043090079,0.01873353944889664,False
1802.101356,cmd_vel_sent,,,,,,,,,,,,,,,-0.04030688420403599,0.002033169358424015,0.03746707889779328,0.47860778965643724,,,,,,,,,,,,,
1802.101859,imu_data_raw,1790841471.359,,,,,,,,,,imu_frame,-0.01974068209528923,-0.07841010391712189,0.23762452602386475,,,,,,,,,,,,,,,,,
1802.121054,ground_trial_sample,1790841471.646,odom,base_footprint,progress=0.4403;cross_track=0.0028;one_shot=true,0.9438264966011047,-0.0033051450736820698,-0.03253559116957447,-0.02794909090908983,0.0034607271172919065,-0.015267756767570972,,,,,,,,0.4794146883228832,0.4402617254204663,,0.002787859043170542,,1790841471.728431,0.08243107795715332,0.3694310188293457,0.9036070829343561,3.8125208624391164e-05,-0.013802051720677829,0.04035813043090079,0.01873353944889664,False
1802.122081,cmd_vel_sent,,,,,,,,,,,,,,,-0.04030688420403599,0.002033169358424015,0.03746707889779328,0.4794146883228832,,,,,,,,,,,,,
1802.141467,ground_trial_sample,1790841471.646,odom,base_footprint,progress=0.4403;cross_track=0.0028;one_shot=true,0.9438264966011047,-0.0033051450736820698,-0.03253559116957447,-0.02794909090908983,0.0034607271172919065,-0.015267756767570972,,,,,,,,0.4802263504190997,0.4402617254204663,,0.002787859043170542,,1790841471.7488034,0.10280346870422363,0.389803409576416,0.9036070829343561,3.8125208624391164e-05,-0.013802051720677829,0.04035813043090079,0.01873353944889664,False
1802.142816,cmd_vel_sent,,,,,,,,,,,,,,,-0.04030688420403599,0.002033169358424015,0.03746707889779328,0.4802263504190997,,,,,,,,,,,,,
1802.144243,cmd_vel_observed,,,,,,,,,,,,,,,-0.044097258541501955,0.0022369401011283234,0.03850528394221033,,,,,,,,,,,,,,
1802.161212,ground_trial_sample,1790841471.646,odom,base_footprint,progress=0.4403;cross_track=0.0028;one_shot=true,0.9438264966011047,-0.0033051450736820698,-0.03253559116957447,-0.02794909090908983,0.0034607271172919065,-0.015267756767570972,,,,,,,,0.4810298286129168,0.4402617254204663,,0.002787859043170542,,1790841471.7685814,0.12258148193359375,0.40958142280578613,0.9036070829343561,3.8125208624391164e-05,-0.013802051720677829,0.04035813043090079,0.01873353944889664,False
1802.162410,cmd_vel_sent,,,,,,,,,,,,,,,-0.04030688420403599,0.002033169358424015,0.03746707889779328,0.4810298286129168,,,,,,,,,,,,,
1802.164213,odom_raw,1790841471.739,odom,base_footprint,,0.9407532215118408,-0.0029678703285753727,-0.03395549181122256,-0.03304064003554651,0.0036735294178173792,-0.01526776235550642,,,,,,,,,,,,,,,,,,,,,
1802.180918,ground_trial_sample,1790841471.739,odom,base_footprint,progress=0.4372;cross_track=0.0025;one_shot=true,0.9407532215118408,-0.0029678703285753727,-0.03395549181122256,-0.03304064003554651,0.0036735294178173792,-0.01526776235550642,,,,,,,,0.48183911478564734,0.4371840881151507,,0.002493032577420176,,1790841471.7883399,0.04933977127075195,0.4293398857116699,0.9036070829343561,3.8125208624391164e-05,-0.013802051720677829,0.037267567943016666,0.02015344009054473,False
1802.181980,cmd_vel_sent,,,,,,,,,,,,,,,-0.037226776786411724,0.0017431897435565913,0.04030688018108946,0.48183911478564734,,,,,,,,,,,,,
1802.182992,imu_data_raw,1790841471.418,,,,,,,,,,imu_frame,0.0484362430870533,-0.2172738015651703,0.26156654953956604,,,,,,,,,,,,,,,,,
1802.200973,ground_trial_sample,1790841471.739,odom,base_footprint,progress=0.4372;cross_track=0.0025;one_shot=true,0.9407532215118408,-0.0029678703285753727,-0.03395549181122256,-0.03304064003554651,0.0036735294178173792,-0.01526776235550642,,,,,,,,0.48258122722017943,0.4371840881151507,,0.002493032577420176,,1790841471.8083603,0.06936025619506836,0.39036035537719727,0.9036070829343561,3.8125208624391164e-05,-0.013802051720677829,0.037267567943016666,0.02015344009054473,False
1802.201984,cmd_vel_sent,,,,,,,,,,,,,,,-0.037226776786411724,0.0017431897435565913,0.04030688018108946,0.48258122722017943,,,,,,,,,,,,,
1802.220707,ground_trial_sample,1790841471.739,odom,base_footprint,progress=0.4372;cross_track=0.0025;one_shot=true,0.9407532215118408,-0.0029678703285753727,-0.03395549181122256,-0.03304064003554651,0.0036735294178173792,-0.01526776235550642,,,,,,,,0.48332605586412575,0.4371840881151507,,0.002493032577420176,,1790841471.828122,0.08912181854248047,0.4101219177246094,0.9036070829343561,3.8125208624391164e-05,-0.013802051720677829,0.037267567943016666,0.02015344009054473,False
1802.221338,cmd_vel_sent,,,,,,,,,,,,,,,-0.037226776786411724,0.0017431897435565913,0.04030688018108946,0.48332605586412575,,,,,,,,,,,,,
1802.222120,cmd_vel_observed,,,,,,,,,,,,,,,-0.042828279885860986,0.002318027158746675,0.03471888008112396,,,,,,,,,,,,,,
1802.240974,ground_trial_sample,1790841471.739,odom,base_footprint,progress=0.4372;cross_track=0.0025;one_shot=true,0.9407532215118408,-0.0029678703285753727,-0.03395549181122256,-0.03304064003554651,0.0036735294178173792,-0.01526776235550642,,,,,,,,0.48407081530221,0.4371840881151507,,0.002493032577420176,,1790841471.8483524,0.10935235023498535,0.43035244941711426,0.9036070829343561,3.8125208624391164e-05,-0.013802051720677829,0.037267567943016666,0.02015344009054473,False
1802.242047,cmd_vel_sent,,,,,,,,,,,,,,,-0.037226776786411724,0.0017431897435565913,0.04030688018108946,0.48407081530221,,,,,,,,,,,,,
1802.242998,odom_raw,1790841471.827,odom,base_footprint,,0.93783038854599,-0.003093091072514653,-0.029924803392911255,-0.033207755179784505,-0.0015568255801521513,0.045803286135196686,,,,,,,,,,,,,,,,,,,,,
1802.261173,ground_trial_sample,1790841471.827,odom,base_footprint,progress=0.4343;cross_track=0.0027;one_shot=true,0.93783038854599,-0.003093091072514653,-0.029924803392911255,-0.033207755179784505,-0.0015568255801521513,0.045803286135196686,,,,,,,,0.48482112287492607,0.4342632617881102,,0.002658581205454583,,1790841471.8685458,0.041545867919921875,0.4505457878112793,0.9036070829343561,3.8125208624391164e-05,-0.013802051720677829,0.03436625033934546,0.016122751672233426,False
1802.262335,cmd_vel_sent,,,,,,,,,,,,,,,-0.03430167042254639,0.002105841544268669,0.03224550334446685,0.48482112287492607,,,,,,,,,,,,,
1802.263489,imu_data_raw,1790841471.462,,,,,,,,,,imu_frame,-0.035719648003578186,0.050876785069704056,0.1322796493768692,,,,,,,,,,,,,,,,,
1802.281013,ground_trial_sample,1790841471.827,odom,base_footprint,progress=0.4343;cross_track=0.0027;one_shot=true,0.93783038854599,-0.003093091072514653,-0.029924803392911255,-0.033207755179784505,-0.0015568255801521513,0.045803286135196686,,,,,,,,0.4855054479142563,0.4342632617881102,,0.002658581205454583,,1790841471.8883958,0.061395883560180664,0.42639589309692383,0.9036070829343561,3.8125208624391164e-05,-0.013802051720677829,0.03436625033934546,0.016122751672233426,False
1802.281999,cmd_vel_sent,,,,,,,,,,,,,,,-0.03430167042254639,0.002105841544268669,0.03224550334446685,0.4855054479142563,,,,,,,,,,,,,
1802.300935,ground_trial_sample,1790841471.827,odom,base_footprint,progress=0.4343;cross_track=0.0027;one_shot=true,0.93783038854599,-0.003093091072514653,-0.029924803392911255,-0.033207755179784505,-0.0015568255801521513,0.045803286135196686,,,,,,,,0.48619239094016986,0.4342632617881102,,0.002658581205454583,,1790841471.90832,0.08132004737854004,0.4463200569152832,0.9036070829343561,3.8125208624391164e-05,-0.013802051720677829,0.03436625033934546,0.016122751672233426,False
1802.301904,cmd_vel_sent,,,,,,,,,,,,,,,-0.03430167042254639,0.002105841544268669,0.03224550334446685,0.48619239094016986,,,,,,,,,,,,,
1802.303059,cmd_vel_observed,,,,,,,,,,,,,,,-0.04030688420403599,0.002033169358424015,0.03746707889779328,,,,,,,,,,,,,,
1802.320899,ground_trial_sample,1790841471.827,odom,base_footprint,progress=0.4343;cross_track=0.0027;one_shot=true,0.93783038854599,-0.003093091072514653,-0.029924803392911255,-0.033207755179784505,-0.0015568255801521513,0.045803286135196686,,,,,,,,0.48687961655976414,0.4342632617881102,,0.002658581205454583,,1790841471.928291,0.10129117965698242,0.4662911891937256,0.9036070829343561,3.8125208624391164e-05,-0.013802051720677829,0.03436625033934546,0.016122751672233426,False
1802.321798,cmd_vel_sent,,,,,,,,,,,,,,,-0.03430167042254639,0.002105841544268669,0.03224550334446685,0.48687961655976414,,,,,,,,,,,,,
1802.322598,imu_data_raw,1790841471.538,,,,,,,,,,imu_frame,-0.032523855566978455,0.07003039866685867,0.16579847037792206,,,,,,,,,,,,,,,,,
1802.340969,ground_trial_sample,1790841471.827,odom,base_footprint,progress=0.4343;cross_track=0.0027;one_shot=true,0.93783038854599,-0.003093091072514653,-0.029924803392911255,-0.033207755179784505,-0.0015568255801521513,0.045803286135196686,,,,,,,,0.4875667542017503,0.4342632617881102,,0.002658581205454583,,1790841471.9483557,0.12135577201843262,0.4103555679321289,0.9036070829343561,3.8125208624391164e-05,-0.013802051720677829,0.03436625033934546,0.016122751672233426,False
1802.341978,cmd_vel_sent,,,,,,,,,,,,,,,-0.03430167042254639,0.002105841544268669,0.03224550334446685,0.4875667542017503,,,,,,,,,,,,,
1802.365578,ground_trial_sample,1790841471.827,odom,base_footprint,progress=0.4343;cross_track=0.0027;one_shot=true,0.93783038854599,-0.003093091072514653,-0.029924803392911255,-0.033207755179784505,-0.0015568255801521513,0.045803286135196686,,,,,,,,0.4882811483354825,0.4342632617881102,,0.002658581205454583,,1790841471.972932,0.14593219757080078,0.43493199348449707,0.9036070829343561,3.8125208624391164e-05,-0.013802051720677829,0.03436625033934546,0.016122751672233426,False
1802.366823,cmd_vel_sent,,,,,,,,,,,,,,,-0.03430167042254639,0.002105841544268669,0.03224550334446685,0.4882811483354825,,,,,,,,,,,,,
1802.369421,cmd_vel_observed,,,,,,,,,,,,,,,-0.037226776786411724,0.0017431897435565913,0.04030688018108946,,,,,,,,,,,,,,
1802.381037,ground_trial_sample,1790841471.827,odom,base_footprint,progress=0.4343;cross_track=0.0027;one_shot=true,0.93783038854599,-0.003093091072514653,-0.029924803392911255,-0.033207755179784505,-0.0015568255801521513,0.045803286135196686,,,,,,,,0.4889416012370388,0.4342632617881102,,0.002658581205454583,,1790841471.988418,0.16141819953918457,0.45041799545288086,0.9036070829343561,3.8125208624391164e-05,-0.013802051720677829,0.03436625033934546,0.016122751672233426,False
1802.382018,cmd_vel_sent,,,,,,,,,,,,,,,-0.03430167042254639,0.002105841544268669,0.03224550334446685,0.4889416012370388,,,,,,,,,,,,,
1802.383188,odom_raw,1790841471.916,odom,base_footprint,,0.9348748922348022,-0.003231648588553071,-0.02856597338270437,-0.033205609074706516,-0.0016019482887712046,0.015267756767570972,,,,,,,,,,,,,,,,,,,,,
1802.401020,ground_trial_sample,1790841471.916,odom,base_footprint,progress=0.4313;cross_track=0.0028;one_shot=true,0.9348748922348022,-0.003231648588553071,-0.02856597338270437,-0.033205609074706516,-0.0016019482887712046,0.015267756767570972,,,,,,,,0.4896289350759518,0.4313099592957861,,0.002837916142171738,,1790841472.0083847,0.09238481521606445,0.4703845977783203,0.9036070829343561,3.8125208624391164e-05,-0.013802051720677829,0.03143830973722625,0.01476392166202654,False
1802.401962,cmd_vel_sent,,,,,,,,,,,,,,,-0.03134844423838402,0.002375365859547329,0.02952784332405308,0.4896289350759518,,,,,,,,,,,,,
1802.402768,imu_data_raw,1790841471.633,,,,,,,,,,imu_frame,-0.026132268831133842,-0.29867666959762573,0.17058686912059784,,,,,,,,,,,,,,,,,
1802.420892,ground_trial_sample,1790841471.916,odom,base_footprint,progress=0.4313;cross_track=0.0028;one_shot=true,0.9348748922348022,-0.003231648588553071,-0.02856597338270437,-0.033205609074706516,-0.0016019482887712046,0.015267756767570972,,,,,,,,0.4902569274481386,0.4313099592957861,,0.002837916142171738,,1790841472.0282803,0.11228036880493164,0.3952803611755371,0.9036070829343561,3.8125208624391164e-05,-0.013802051720677829,0.03143830973722625,0.01476392166202654,False
1802.421799,cmd_vel_sent,,,,,,,,,,,,,,,-0.03134844423838402,0.002375365859547329,0.02952784332405308,0.4902569274481386,,,,,,,,,,,,,
1802.440957,ground_trial_sample,1790841471.916,odom,base_footprint,progress=0.4313;cross_track=0.0028;one_shot=true,0.9348748922348022,-0.003231648588553071,-0.02856597338270437,-0.033205609074706516,-0.0016019482887712046,0.015267756767570972,,,,,,,,0.4908860312588945,0.4313099592957861,,0.002837916142171738,,1790841472.0483418,0.13234186172485352,0.415341854095459,0.9036070829343561,3.8125208624391164e-05,-0.013802051720677829,0.03143830973722625,0.01476392166202654,False
1802.441940,cmd_vel_sent,,,,,,,,,,,,,,,-0.03134844423838402,0.002375365859547329,0.02952784332405308,0.4908860312588945,,,,,,,,,,,,,
1802.443122,cmd_vel_observed,,,,,,,,,,,,,,,-0.03430167042254639,0.002105841544268669,0.03224550334446685,,,,,,,,,,,,,,
1802.461015,ground_trial_sample,1790841471.916,odom,base_footprint,progress=0.4313;cross_track=0.0028;one_shot=true,0.9348748922348022,-0.003231648588553071,-0.02856597338270437,-0.033205609074706516,-0.0016019482887712046,0.015267756767570972,,,,,,,,0.49151509083594463,0.4313099592957861,,0.002837916142171738,,1790841472.0683942,0.15239429473876953,0.435394287109375,0.9036070829343561,3.8125208624391164e-05,-0.013802051720677829,0.03143830973722625,0.01476392166202654,False
1802.461993,cmd_vel_sent,,,,,,,,,,,,,,,-0.03134844423838402,0.002375365859547329,0.02952784332405308,0.49151509083594463,,,,,,,,,,,,,
1802.463147,odom_raw,1790841472.018,odom,base_footprint,,0.9304628968238831,-0.002845404902473092,-0.030123285021898774,-0.04324871328746936,0.0038540601163749117,-0.015267756767570972,,,,,,,,,,,,,,,,,,,,,
1802.480882,ground_trial_sample,1790841472.018,odom,base_footprint,progress=0.4269;cross_track=0.0025;one_shot=true,0.9304628968238831,-0.002845404902473092,-0.030123285021898774,-0.04324871328746936,0.0038540601163749117,-0.015267756767570972,,,,,,,,0.49214294840066247,0.4268930533272494,,0.0025126019000706584,,1790841472.0882695,0.07026958465576172,0.45526957511901855,0.9036070829343561,3.8125208624391164e-05,-0.013802051720677829,0.02701017374195351,0.016321233301220945,False
1802.481834,cmd_vel_sent,,,,,,,,,,,,,,,-0.026930478426427023,0.0020733589400447785,0.03264246660244189,0.49214294840066247,,,,,,,,,,,,,
1802.482615,imu_data_raw,1790841471.698,,,,,,,,,,imu_frame,-0.004826979711651802,0.14664486050605774,0.19452889263629913,,,,,,,,,,,,,,,,,
1802.500971,ground_trial_sample,1790841472.018,odom,base_footprint,progress=0.4269;cross_track=0.0025;one_shot=true,0.9304628968238831,-0.002845404902473092,-0.030123285021898774,-0.04324871328746936,0.0038540601163749117,-0.015267756767570972,,,,,,,,0.4926840425629919,0.4268930533272494,,0.0025126019000706584,,1790841472.1083539,0.09035396575927734,0.4103538990020752,0.9036070829343561,3.8125208624391164e-05,-0.013802051720677829,0.02701017374195351,0.016321233301220945,False
1802.501897,cmd_vel_sent,,,,,,,,,,,,,,,-0.026930478426427023,0.0020733589400447785,0.03264246660244189,0.4926840425629919,,,,,,,,,,,,,
1802.520763,ground_trial_sample,1790841472.018,odom,base_footprint,progress=0.4269;cross_track=0.0025;one_shot=true,0.9304628968238831,-0.002845404902473092,-0.030123285021898774,-0.04324871328746936,0.0038540601163749117,-0.015267756767570972,,,,,,,,0.4932229520614383,0.4268930533272494,,0.0025126019000706584,,1790841472.12816,0.11016011238098145,0.4301600456237793,0.9036070829343561,3.8125208624391164e-05,-0.013802051720677829,0.02701017374195351,0.016321233301220945,False
1802.521649,cmd_vel_sent,,,,,,,,,,,,,,,-0.026930478426427023,0.0020733589400447785,0.03264246660244189,0.4932229520614383,,,,,,,,,,,,,
1802.522737,cmd_vel_observed,,,,,,,,,,,,,,,-0.03430167042254639,0.002105841544268669,0.03224550334446685,,,,,,,,,,,,,,
1802.541059,ground_trial_sample,1790841472.018,odom,base_footprint,progress=0.4269;cross_track=0.0025;one_shot=true,0.9304628968238831,-0.002845404902473092,-0.030123285021898774,-0.04324871328746936,0.0038540601163749117,-0.015267756767570972,,,,,,,,0.4937642855879263,0.4268930533272494,,0.0025126019000706584,,1790841472.148437,0.13043713569641113,0.450437068939209,0.9036070829343561,3.8125208624391164e-05,-0.013802051720677829,0.02701017374195351,0.016321233301220945,False
1802.542069,cmd_vel_sent,,,,,,,,,,,,,,,-0.026930478426427023,0.0020733589400447785,0.03264246660244189,0.4937642855879263,,,,,,,,,,,,,
1802.543246,odom_raw,1790841472.096,odom,base_footprint,,0.9276679158210754,-0.003159120911732316,-0.030123285021898774,-0.035833416361793574,-0.004022000235928896,-5.576782147187487e-09,,,,,,,,,,,,,,,,,,,,,
1802.561043,ground_trial_sample,1790841472.096,odom,base_footprint,progress=0.4241;cross_track=0.0029;one_shot=true,0.9276679158210754,-0.003159120911732316,-0.030123285021898774,-0.035833416361793574,-0.004022000235928896,-5.576782147187487e-09,,,,,,,,0.494305030616745,0.42410266832456306,,0.00286486327647208,,1790841472.1684222,0.07242226600646973,0.47042226791381836,0.9036070829343561,3.8125208624391164e-05,-0.013802051720677829,0.024272331201530085,0.016321233301220945,False
1802.562073,cmd_vel_sent,,,,,,,,,,,,,,,-0.024146214155431934,0.002471113902026651,0.03264246660244189,0.494305030616745,,,,,,,,,,,,,
1802.562912,imu_data_raw,1790841471.786,,,,,,,,,,imu_frame,0.025000425055623055,0.09876082092523575,0.28072014451026917,,,,,,,,,,,,,,,,,
1802.581005,ground_trial_sample,1790841472.096,odom,base_footprint,progress=0.4241;cross_track=0.0029;one_shot=true,0.9276679158210754,-0.003159120911732316,-0.030123285021898774,-0.035833416361793574,-0.004022000235928896,-5.576782147187487e-09,,,,,,,,0.4947901236414574,0.42410266832456306,,0.00286486327647208,,1790841472.1883872,0.09238719940185547,0.4023871421813965,0.9036070829343561,3.8125208624391164e-05,-0.013802051720677829,0.024272331201530085,0.016321233301220945,False
1802.607604,cmd_vel_sent,,,,,,,,,,,,,,,-0.024146214155431934,0.002471113902026651,0.03264246660244189,0.4947901236414574,,,,,,,,,,,,,
1802.628779,ground_trial_sample,1790841472.096,odom,base_footprint,progress=0.4241;cross_track=0.0029;one_shot=true,0.9276679158210754,-0.003159120911732316,-0.030123285021898774,-0.035833416361793574,-0.004022000235928896,-5.576782147187487e-09,,,,,,,,0.4959547561371191,0.42410266832456306,,0.00286486327647208,,1790841472.2361858,0.14018583297729492,0.45018577575683594,0.9036070829343561,3.8125208624391164e-05,-0.013802051720677829,0.024272331201530085,0.016321233301220945,False
1802.630311,cmd_vel_sent,,,,,,,,,,,,,,,-0.024146214155431934,0.002471113902026651,0.03264246660244189,0.4959547561371191,,,,,,,,,,,,,
1802.631544,cmd_vel_observed,,,,,,,,,,,,,,,-0.03134844423838402,0.002375365859547329,0.02952784332405308,,,,,,,,,,,,,,
1802.649030,ground_trial_sample,1790841472.096,odom,base_footprint,progress=0.4241;cross_track=0.0029;one_shot=true,0.9276679158210754,-0.003159120911732316,-0.030123285021898774,-0.035833416361793574,-0.004022000235928896,-5.576782147187487e-09,,,,,,,,0.4964406428185126,0.42410266832456306,,0.00286486327647208,,1790841472.2564106,0.16041064262390137,0.4704105854034424,0.9036070829343561,3.8125208624391164e-05,-0.013802051720677829,0.024272331201530085,0.016321233301220945,False
1802.649959,cmd_vel_sent,,,,,,,,,,,,,,,-0.024146214155431934,0.002471113902026651,0.03264246660244189,0.4964406428185126,,,,,,,,,,,,,
1802.651095,odom_raw,1790841472.196,odom,base_footprint,,0.9240999221801758,-0.003051609033718705,-0.03317683669452091,-0.03567638238733261,0.0011840639782556023,-0.03053552471101284,,,,,,,,,,,,,,,,,,,,,
1802.669070,ground_trial_sample,1790841472.196,odom,base_footprint,progress=0.4205;cross_track=0.0028;one_shot=true,0.9240999221801758,-0.003051609033718705,-0.03317683669452091,-0.03567638238733261,0.0011840639782556023,-0.03053552471101284,,,,,,,,0.49692638660869676,0.4205335306862649,,0.002806605707885668,,1790841472.2764473,0.08044719696044922,0.4904472827911377,0.9036070829343561,3.8125208624391164e-05,-0.013802051720677829,0.020724452177158143,0.019374784973843078,False
1802.670055,cmd_vel_sent,,,,,,,,,,,,,,,-0.02058405082501786,0.0024082710969482958,0.038749569947686156,0.49692638660869676,,,,,,,,,,,,,
1802.670906,imu_data_raw,1790841471.927,,,,,,,,,,imu_frame,0.02606569044291973,0.0077811554074287415,0.18974047899246216,,,,,,,,,,,,,,,,,
1802.688975,ground_trial_sample,1790841472.196,odom,base_footprint,progress=0.4205;cross_track=0.0028;one_shot=true,0.9240999221801758,-0.003051609033718705,-0.03317683669452091,-0.03567638238733261,0.0011840639782556023,-0.03053552471101284,,,,,,,,0.49734037812031423,0.4205335306862649,,0.002806605707885668,,1790841472.296355,0.10035490989685059,0.3693549633026123,0.9036070829343561,3.8125208624391164e-05,-0.013802051720677829,0.020724452177158143,0.019374784973843078,False
1802.689918,cmd_vel_sent,,,,,,,,,,,,,,,-0.02058405082501786,0.0024082710969482958,0.038749569947686156,0.49734037812031423,,,,,,,,,,,,,
1802.708886,ground_trial_sample,1790841472.196,odom,base_footprint,progress=0.4205;cross_track=0.0028;one_shot=true,0.9240999221801758,-0.003051609033718705,-0.03317683669452091,-0.03567638238733261,0.0011840639782556023,-0.03053552471101284,,,,,,,,0.4977549750346302,0.4205335306862649,,0.002806605707885668,,1790841472.3162756,0.12027549743652344,0.38927555084228516,0.9036070829343561,3.8125208624391164e-05,-0.013802051720677829,0.020724452177158143,0.019374784973843078,False
1802.710186,cmd_vel_sent,,,,,,,,,,,,,,,-0.02058405082501786,0.0024082710969482958,0.038749569947686156,0.4977549750346302,,,,,,,,,,,,,
1802.711378,cmd_vel_observed,,,,,,,,,,,,,,,-0.026930478426427023,0.0020733589400447785,0.03264246660244189,,,,,,,,,,,,,,
1802.728950,ground_trial_sample,1790841472.196,odom,base_footprint,progress=0.4205;cross_track=0.0028;one_shot=true,0.9240999221801758,-0.003051609033718705,-0.03317683669452091,-0.03567638238733261,0.0011840639782556023,-0.03053552471101284,,,,,,,,0.498169453239286,0.4205335306862649,,0.002806605707885668,,1790841472.336335,0.1403348445892334,0.4093348979949951,0.9036070829343561,3.8125208624391164e-05,-0.013802051720677829,0.020724452177158143,0.019374784973843078,False
1802.729944,cmd_vel_sent,,,,,,,,,,,,,,,-0.02058405082501786,0.0024082710969482958,0.038749569947686156,0.498169453239286,,,,,,,,,,,,,
1802.731092,odom_raw,1790841472.299,odom,base_footprint,,0.9209502339363098,-0.002947073196992278,-0.03632199447444743,-0.030576412782324168,0.0011110844865554585,-0.030535519123077393,,,,,,,,,,,,,,,,,,,,,
1802.749342,ground_trial_sample,1790841472.299,odom,base_footprint,progress=0.4174;cross_track=0.0027;one_shot=true,0.9209502339363098,-0.002947073196992278,-0.03632199447444743,-0.030576412782324168,0.0011110844865554585,-0.030535519123077393,,,,,,,,0.49858456470030166,0.41738269967692,,0.002745550607705891,,1790841472.3567173,0.057717323303222656,0.4297173023223877,0.9036070829343561,3.8125208624391164e-05,-0.013802051720677829,0.01759819013982587,0.0225199427537696,False
1802.750343,cmd_vel_sent,,,,,,,,,,,,,,,-0.017440116480580456,0.002353430122449015,0.0450398855075392,0.49858456470030166,,,,,,,,,,,,,
1802.751189,imu_data_raw,1790841471.978,,,,,,,,,,imu_frame,-0.01974068209528923,0.046088382601737976,0.32381579279899597,,,,,,,,,,,,,,,,,
1802.768927,ground_trial_sample,1790841472.299,odom,base_footprint,progress=0.4174;cross_track=0.0027;one_shot=true,0.9209502339363098,-0.002947073196992278,-0.03632199447444743,-0.030576412782324168,0.0011110844865554585,-0.030535519123077393,,,,,,,,0.49893634755850774,0.41738269967692,,0.002745550607705891,,1790841472.3763301,0.07733011245727539,0.3983302116394043,0.9036070829343561,3.8125208624391164e-05,-0.013802051720677829,0.01759819013982587,0.0225199427537696,False
1802.769658,cmd_vel_sent,,,,,,,,,,,,,,,-0.017440116480580456,0.002353430122449015,0.0450398855075392,0.49893634755850774,,,,,,,,,,,,,
1802.789118,ground_trial_sample,1790841472.299,odom,base_footprint,progress=0.4174;cross_track=0.0027;one_shot=true,0.9209502339363098,-0.002947073196992278,-0.03632199447444743,-0.030576412782324168,0.0011110844865554585,-0.030535519123077393,,,,,,,,0.4992916956868455,0.41738269967692,,0.002745550607705891,,1790841472.3965068,0.09750676155090332,0.4185068607330322,0.9036070829343561,3.8125208624391164e-05,-0.013802051720677829,0.01759819013982587,0.0225199427537696,False
1802.789822,cmd_vel_sent,,,,,,,,,,,,,,,-0.017440116480580456,0.002353430122449015,0.0450398855075392,0.4992916956868455,,,,,,,,,,,,,
1802.790849,cmd_vel_observed,,,,,,,,,,,,,,,-0.024146214155431934,0.002471113902026651,0.03264246660244189,,,,,,,,,,,,,,
1802.809097,ground_trial_sample,1790841472.299,odom,base_footprint,progress=0.4174;cross_track=0.0027;one_shot=true,0.9209502339363098,-0.002947073196992278,-0.03632199447444743,-0.030576412782324168,0.0011110844865554585,-0.030535519123077393,,,,,,,,0.4996400861771341,0.41738269967692,,0.002745550607705891,,1790841472.4164677,0.11746764183044434,0.43846774101257324,0.9036070829343561,3.8125208624391164e-05,-0.013802051720677829,0.01759819013982587,0.0225199427537696,False
1802.810097,cmd_vel_sent,,,,,,,,,,,,,,,-0.017440116480580456,0.002353430122449015,0.0450398855075392,0.4996400861771341,,,,,,,,,,,,,
1802.811231,odom_raw,1790841472.366,odom,base_footprint,,0.9189016222953796,-0.00287263048812747,-0.03427611484230539,-0.030578620073654805,0.0010485264809376189,0.030535513535141945,,,,,,,,,,,,,,,,,,,,,
1802.829278,ground_trial_sample,1790841472.366,odom,base_footprint,progress=0.4153;cross_track=0.0027;one_shot=true,0.9189016222953796,-0.00287263048812747,-0.03427611484230539,-0.030578620073654805,0.0010485264809376189,0.030535513535141945,,,,,,,,0.49999695903026875,0.4153332557302039,,0.0026993891353866532,,1790841472.4366703,0.07067036628723145,0.45867037773132324,0.9036070829343561,3.8125208624391164e-05,-0.013802051720677829,0.015569053696100857,0.020474063121627556,False
1802.830197,cmd_vel_sent,,,,,,,,,,,,,,,-0.015385305692124856,0.002384911267100382,0.04094812624325511,0.49999695903026875,,,,,,,,,,,,,
1802.831190,imu_data_raw,1790841472.069,,,,,,,,,,imu_frame,0.011151987127959728,-0.15023615956306458,0.10354922711849213,,,,,,,,,,,,,,,,,
1802.849204,ground_trial_sample,1790841472.366,odom,base_footprint,progress=0.4153;cross_track=0.0027;one_shot=true,0.9189016222953796,-0.00287263048812747,-0.03427611484230539,-0.030578620073654805,0.0010485264809376189,0.030535513535141945,,,,,,,,0.5003051603740785,0.4153332557302039,,0.0026993891353866532,,1790841472.456573,0.09057307243347168,0.3875730037689209,0.9036070829343561,3.8125208624391164e-05,-0.013802051720677829,0.015569053696100857,0.020474063121627556,False
1802.850239,cmd_vel_sent,,,,,,,,,,,,,,,-0.015385305692124856,0.002384911267100382,0.04094812624325511,0.5003051603740785,,,,,,,,,,,,,
1802.869101,ground_trial_sample,1790841472.366,odom,base_footprint,progress=0.4153;cross_track=0.0027;one_shot=true,0.9189016222953796,-0.00287263048812747,-0.03427611484230539,-0.030578620073654805,0.0010485264809376189,0.030535513535141945,,,,,,,,0.5006156815068883,0.4153332557302039,,0.0026993891353866532,,1790841472.4764686,0.11046862602233887,0.4074685573577881,0.9036070829343561,3.8125208624391164e-05,-0.013802051720677829,0.015569053696100857,0.020474063121627556,False
1802.870080,cmd_vel_sent,,,,,,,,,,,,,,,-0.015385305692124856,0.002384911267100382,0.04094812624325511,0.5006156815068883,,,,,,,,,,,,,
1802.871286,cmd_vel_observed,,,,,,,,,,,,,,,-0.02058405082501786,0.0024082710969482958,0.038749569947686156,,,,,,,,,,,,,,
1802.888989,ground_trial_sample,1790841472.366,odom,base_footprint,progress=0.4153;cross_track=0.0027;one_shot=true,0.9189016222953796,-0.00287263048812747,-0.03427611484230539,-0.030578620073654805,0.0010485264809376189,0.030535513535141945,,,,,,,,0.5009268820887712,0.4153332557302039,,0.0026993891353866532,,1790841472.4963543,0.1303544044494629,0.4273543357849121,0.9036070829343561,3.8125208624391164e-05,-0.013802051720677829,0.015569053696100857,0.020474063121627556,False
1802.889929,cmd_vel_sent,,,,,,,,,,,,,,,-0.015385305692124856,0.002384911267100382,0.04094812624325511,0.5009268820887712,,,,,,,,,,,,,
1802.891127,odom_raw,1790841472.476,odom,base_footprint,,0.9163692593574524,-0.0030664310324937105,-0.03259665983592227,-0.023018352777478344,-0.0018004837182679255,0.01526776235550642,,,,,,,,,,,,,,,,,,,,,
1802.908926,ground_trial_sample,1790841472.476,odom,base_footprint,progress=0.4128;cross_track=0.0029;one_shot=true,0.9163692593574524,-0.0030664310324937105,-0.03259665983592227,-0.023018352777478344,-0.0018004837182679255,0.01526776235550642,,,,,,,,0.5012381539146444,0.41280380875196543,,0.00292812191542567,,1790841472.516313,0.040313005447387695,0.4473130702972412,0.9036070829343561,3.8125208624391164e-05,-0.013802051720677829,0.013134360148423686,0.01879460811524444,False
1802.909875,cmd_vel_sent,,,,,,,,,,,,,,,-0.012856577091177962,0.0026869763689132604,0.03758921623048888,0.5012381539146444,,,,,,,,,,,,,
1802.910659,imu_data_raw,1790841472.162,,,,,,,,,,imu_frame,0.021804632619023323,-0.08319851011037827,0.32381579279899597,,,,,,,,,,,,,,,,,
1802.929106,ground_trial_sample,1790841472.476,odom,base_footprint,progress=0.4128;cross_track=0.0029;one_shot=true,0.9163692593574524,-0.0030664310324937105,-0.03259665983592227,-0.023018352777478344,-0.0018004837182679255,0.01526776235550642,,,,,,,,0.5015010943743425,0.41280380875196543,,0.00292812191542567,,1790841472.5364766,0.06047654151916504,0.37447667121887207,0.9036070829343561,3.8125208624391164e-05,-0.013802051720677829,0.013134360148423686,0.01879460811524444,False
1802.930127,cmd_vel_sent,,,,,,,,,,,,,,,-0.012856577091177962,0.0026869763689132604,0.03758921623048888,0.5015010943743425,,,,,,,,,,,,,
1802.949002,ground_trial_sample,1790841472.476,odom,base_footprint,progress=0.4128;cross_track=0.0029;one_shot=true,0.9163692593574524,-0.0030664310324937105,-0.03259665983592227,-0.023018352777478344,-0.0018004837182679255,0.01526776235550642,,,,,,,,0.5017635851923591,0.41280380875196543,,0.00292812191542567,,1790841472.5563784,0.08037829399108887,0.3943784236907959,0.9036070829343561,3.8125208624391164e-05,-0.013802051720677829,0.013134360148423686,0.01879460811524444,False
1802.950009,cmd_vel_sent,,,,,,,,,,,,,,,-0.012856577091177962,0.0026869763689132604,0.03758921623048888,0.5017635851923591,,,,,,,,,,,,,
1802.951179,cmd_vel_observed,,,,,,,,,,,,,,,-0.017440116480580456,0.002353430122449015,0.0450398855075392,,,,,,,,,,,,,,
1802.969037,ground_trial_sample,1790841472.476,odom,base_footprint,progress=0.4128;cross_track=0.0029;one_shot=true,0.9163692593574524,-0.0030664310324937105,-0.03259665983592227,-0.023018352777478344,-0.0018004837182679255,0.01526776235550642,,,,,,,,0.5020263680660073,0.41280380875196543,,0.00292812191542567,,1790841472.576415,0.10041499137878418,0.4144151210784912,0.9036070829343561,3.8125208624391164e-05,-0.013802051720677829,0.013134360148423686,0.01879460811524444,False
1802.970022,cmd_vel_sent,,,,,,,,,,,,,,,-0.012856577091177962,0.0026869763689132604,0.03758921623048888,0.5020263680660073,,,,,,,,,,,,,
1802.971206,odom_raw,1790841472.546,odom,base_footprint,,0.9147695899009705,-0.00283569423481822,-0.02939042904742167,-0.0228626069320589,0.0032229530216521377,0.04580327868461609,,,,,,,,,,,,,,,,,,,,,
1802.988950,ground_trial_sample,1790841472.546,odom,base_footprint,progress=0.4112;cross_track=0.0027;one_shot=true,0.9147695899009705,-0.00283569423481822,-0.02939042904742167,-0.0228626069320589,0.0032229530216521377,0.04580327868461609,,,,,,,,0.5022889424973603,0.41120110711878066,,0.0027194851142867266,,1790841472.5963364,0.050336360931396484,0.43433642387390137,0.9036070829343561,3.8125208624391164e-05,-0.013802051720677829,0.01152650857689452,0.01558837732674384,False
1802.989897,cmd_vel_sent,,,,,,,,,,,,,,,-0.011242136869025948,0.0025445546941086535,0.03117675465348768,0.5022889424973603,,,,,,,,,,,,,
1802.990720,imu_data_raw,1790841472.218,,,,,,,,,,imu_frame,-0.04530702903866768,-0.06883329898118973,0.2472013235092163,,,,,,,,,,,,,,,,,
1803.008705,ground_trial_sample,1790841472.546,odom,base_footprint,progress=0.4112;cross_track=0.0027;one_shot=true,0.9147695899009705,-0.00283569423481822,-0.02939042904742167,-0.0228626069320589,0.0032229530216521377,0.04580327868461609,,,,,,,,0.502518879537818,0.41120110711878066,,0.0027194851142867266,,1790841472.6161103,0.07011032104492188,0.39811038970947266,0.9036070829343561,3.8125208624391164e-05,-0.013802051720677829,0.01152650857689452,0.01558837732674384,False
1803.009504,cmd_vel_sent,,,,,,,,,,,,,,,-0.011242136869025948,0.0025445546941086535,0.03117675465348768,0.502518879537818,,,,,,,,,,,,,
1803.028828,ground_trial_sample,1790841472.546,odom,base_footprint,progress=0.4112;cross_track=0.0027;one_shot=true,0.9147695899009705,-0.00283569423481822,-0.02939042904742167,-0.0228626069320589,0.0032229530216521377,0.04580327868461609,,,,,,,,0.5027496445043369,0.41120110711878066,,0.0027194851142867266,,1790841472.636219,0.09021902084350586,0.41821908950805664,0.9036070829343561,3.8125208624391164e-05,-0.013802051720677829,0.01152650857689452,0.01558837732674384,False
1803.029674,cmd_vel_sent,,,,,,,,,,,,,,,-0.011242136869025948,0.0025445546941086535,0.03117675465348768,0.5027496445043369,,,,,,,,,,,,,
1803.030751,cmd_vel_observed,,,,,,,,,,,,,,,-0.015385305692124856,0.002384911267100382,0.04094812624325511,,,,,,,,,,,,,,
1803.048867,ground_trial_sample,1790841472.546,odom,base_footprint,progress=0.4112;cross_track=0.0027;one_shot=true,0.9147695899009705,-0.00283569423481822,-0.02939042904742167,-0.0228626069320589,0.0032229530216521377,0.04580327868461609,,,,,,,,0.5029802025815528,0.41120110711878066,,0.0027194851142867266,,1790841472.656257,0.11025691032409668,0.43825697898864746,0.9036070829343561,3.8125208624391164e-05,-0.013802051720677829,0.01152650857689452,0.01558837732674384,False
1803.049753,cmd_vel_sent,,,,,,,,,,,,,,,-0.011242136869025948,0.0025445546941086535,0.03117675465348768,0.5029802025815528,,,,,,,,,,,,,
1803.050947,odom_raw,1790841472.636,odom,base_footprint,,0.9133933186531067,-0.0027952338568866253,-0.032138627916355335,-0.015290395707043252,0.000491581600114545,-0.03053552284836769,,,,,,,,,,,,,,,,,,,,,
1803.069042,ground_trial_sample,1790841472.636,odom,base_footprint,progress=0.4098;cross_track=0.0027;one_shot=true,0.9133933186531067,-0.0027952338568866253,-0.032138627916355335,-0.015290395707043252,0.000491581600114545,-0.03053552284836769,,,,,,,,0.5032109774954456,0.4098244085378554,,0.0026980233539350175,,1790841472.6764207,0.0404207706451416,0.4584207534790039,0.9036070829343561,3.8125208624391164e-05,-0.013802051720677829,0.010188146697857435,0.018336576195677506,False
1803.070043,cmd_vel_sent,,,,,,,,,,,,,,,-0.009872226692056696,0.0025174338675934722,0.03667315239135501,0.5032109774954456,,,,,,,,,,,,,
1803.070866,imu_data_raw,1790841472.307,,,,,,,,,,imu_frame,0.015413044951856136,-0.04489128291606903,0.07003039866685867,,,,,,,,,,,,,,,,,
1803.088808,ground_trial_sample,1790841472.636,odom,base_footprint,progress=0.4098;cross_track=0.0027;one_shot=true,0.9133933186531067,-0.0027952338568866253,-0.032138627916355335,-0.015290395707043252,0.000491581600114545,-0.03053552284836769,,,,,,,,0.5034145124696218,0.4098244085378554,,0.0026980233539350175,,1790841472.696203,0.06020307540893555,0.3892030715942383,0.9036070829343561,3.8125208624391164e-05,-0.013802051720677829,0.010188146697857435,0.018336576195677506,False
1803.089693,cmd_vel_sent,,,,,,,,,,,,,,,-0.009872226692056696,0.0025174338675934722,0.03667315239135501,0.5034145124696218,,,,,,,,,,,,,
1803.108948,ground_trial_sample,1790841472.636,odom,base_footprint,progress=0.4098;cross_track=0.0027;one_shot=true,0.9133933186531067,-0.0027952338568866253,-0.032138627916355335,-0.015290395707043252,0.000491581600114545,-0.03053552284836769,,,,,,,,0.5036184359993348,0.4098244085378554,,0.0026980233539350175,,1790841472.7163274,0.08032751083374023,0.40932750701904297,0.9036070829343561,3.8125208624391164e-05,-0.013802051720677829,0.010188146697857435,0.018336576195677506,False
1803.109844,cmd_vel_sent,,,,,,,,,,,,,,,-0.009872226692056696,0.0025174338675934722,0.03667315239135501,0.5036184359993348,,,,,,,,,,,,,
1803.110989,cmd_vel_observed,,,,,,,,,,,,,,,-0.012856577091177962,0.0026869763689132604,0.03758921623048888,,,,,,,,,,,,,,
1803.128932,ground_trial_sample,1790841472.636,odom,base_footprint,progress=0.4098;cross_track=0.0027;one_shot=true,0.9133933186531067,-0.0027952338568866253,-0.032138627916355335,-0.015290395707043252,0.000491581600114545,-0.03053552284836769,,,,,,,,0.5038221095119286,0.4098244085378554,,0.0026980233539350175,,1790841472.7363176,0.10031771659851074,0.4293177127838135,0.9036070829343561,3.8125208624391164e-05,-0.013802051720677829,0.010188146697857435,0.018336576195677506,False
1803.129866,cmd_vel_sent,,,,,,,,,,,,,,,-0.009872226692056696,0.0025174338675934722,0.03667315239135501,0.5038221095119286,,,,,,,,,,,,,
1803.130869,imu_data_raw,1790841472.341,,,,,,,,,,imu_frame,-0.03358912095427513,0.012569558806717396,0.1562216579914093,,,,,,,,,,,,,,,,,
1803.148880,ground_trial_sample,1790841472.636,odom,base_footprint,progress=0.4098;cross_track=0.0027;one_shot=true,0.9133933186531067,-0.0027952338568866253,-0.032138627916355335,-0.015290395707043252,0.000491581600114545,-0.03053552284836769,,,,,,,,0.5040260754141427,0.4098244085378554,,0.0026980233539350175,,1790841472.7562845,0.1202845573425293,0.4152843952178955,0.9036070829343561,3.8125208624391164e-05,-0.013802051720677829,0.010188146697857435,0.018336576195677506,False
1803.149531,cmd_vel_sent,,,,,,,,,,,,,,,-0.009872226692056696,0.0025174338675934722,0.03667315239135501,0.5040260754141427,,,,,,,,,,,,,
1803.169152,ground_trial_sample,1790841472.636,odom,base_footprint,progress=0.4098;cross_track=0.0027;one_shot=true,0.9133933186531067,-0.0027952338568866253,-0.032138627916355335,-0.015290395707043252,0.000491581600114545,-0.03053552284836769,,,,,,,,0.5042297906471985,0.4098244085378554,,0.0026980233539350175,,1790841472.7765121,0.14051222801208496,0.43551206588745117,0.9036070829343561,3.8125208624391164e-05,-0.013802051720677829,0.010188146697857435,0.018336576195677506,False
1803.170238,cmd_vel_sent,,,,,,,,,,,,,,,-0.009872226692056696,0.0025174338675934722,0.03667315239135501,0.5042297906471985,,,,,,,,,,,,,
1803.171455,cmd_vel_observed,,,,,,,,,,,,,,,-0.011242136869025948,0.0025445546941086535,0.03117675465348768,,,,,,,,,,,,,,
1803.189193,ground_trial_sample,1790841472.636,odom,base_footprint,progress=0.4098;cross_track=0.0027;one_shot=true,0.9133933186531067,-0.0027952338568866253,-0.032138627916355335,-0.015290395707043252,0.000491581600114545,-0.03053552284836769,,,,,,,,0.5044339260496097,0.4098244085378554,,0.0026980233539350175,,1790841472.796562,0.16056203842163086,0.45556187629699707,0.9036070829343561,3.8125208624391164e-05,-0.013802051720677829,0.010188146697857435,0.018336576195677506,False
1803.190231,cmd_vel_sent,,,,,,,,,,,,,,,-0.009872226692056696,0.0025174338675934722,0.03667315239135501,0.5044339260496097,,,,,,,,,,,,,
1803.191424,odom_raw,1790841472.754,odom,base_footprint,,0.9121904969215393,-0.0027565627824515104,-0.02493224293224852,-0.010195694426387448,0.0002542542153769952,0.06107104569673538,,,,,,,,,,,,,,,,,,,,,
1803.209156,ground_trial_sample,1790841472.754,odom,base_footprint,progress=0.4086;cross_track=0.0027;one_shot=true,0.9121904969215393,-0.0027565627824515104,-0.02493224293224852,-0.010195694426387448,0.0002542542153769952,0.06107104569673538,,,,,,,,0.504637533390191,0.4086211676479899,,0.0026759568434656343,,1790841472.816526,0.06252598762512207,0.4755258560180664,0.9036070829343561,3.8125208624391164e-05,-0.013802051720677829,0.00902691955446797,0.011130191211570693,False
1803.210162,cmd_vel_sent,,,,,,,,,,,,,,,-0.00865041694979483,0.002579837831635644,0.022260382423141385,0.504637533390191,,,,,,,,,,,,,
1803.211032,imu_data_raw,1790841472.439,,,,,,,,,,imu_frame,0.06121941655874252,-0.020949264988303185,0.09876082092523575,,,,,,,,,,,,,,,,,
1803.229055,ground_trial_sample,1790841472.754,odom,base_footprint,progress=0.4086;cross_track=0.0027;one_shot=true,0.9121904969215393,-0.0027565627824515104,-0.02493224293224852,-0.010195694426387448,0.0002542542153769952,0.06107104569673538,,,,,,,,0.5048178897263668,0.4086211676479899,,0.0026759568434656343,,1790841472.8364313,0.08243131637573242,0.3974313735961914,0.9036070829343561,3.8125208624391164e-05,-0.013802051720677829,0.00902691955446797,0.011130191211570693,False
1803.230054,cmd_vel_sent,,,,,,,,,,,,,,,-0.00865041694979483,0.002579837831635644,0.022260382423141385,0.5048178897263668,,,,,,,,,,,,,
1803.248966,ground_trial_sample,1790841472.754,odom,base_footprint,progress=0.4086;cross_track=0.0027;one_shot=true,0.9121904969215393,-0.0027565627824515104,-0.02493224293224852,-0.010195694426387448,0.0002542542153769952,0.06107104569673538,,,,,,,,0.5049983448441232,0.4086211676479899,,0.0026759568434656343,,1790841472.8563452,0.10234522819519043,0.4173452854156494,0.9036070829343561,3.8125208624391164e-05,-0.013802051720677829,0.00902691955446797,0.011130191211570693,False
1803.249892,cmd_vel_sent,,,,,,,,,,,,,,,-0.00865041694979483,0.002579837831635644,0.022260382423141385,0.5049983448441232,,,,,,,,,,,,,
1803.251069,cmd_vel_observed,,,,,,,,,,,,,,,-0.009872226692056696,0.0025174338675934722,0.03667315239135501,,,,,,,,,,,,,,
1803.269051,ground_trial_sample,1790841472.754,odom,base_footprint,progress=0.4086;cross_track=0.0027;one_shot=true,0.9121904969215393,-0.0027565627824515104,-0.02493224293224852,-0.010195694426387448,0.0002542542153769952,0.06107104569673538,,,,,,,,0.5051790500707404,0.4086211676479899,,0.0026759568434656343,,1790841472.8764307,0.12243080139160156,0.43743085861206055,0.9036070829343561,3.8125208624391164e-05,-0.013802051720677829,0.00902691955446797,0.011130191211570693,False
1803.270023,cmd_vel_sent,,,,,,,,,,,,,,,-0.00865041694979483,0.002579837831635644,0.022260382423141385,0.5051790500707404,,,,,,,,,,,,,
1803.271203,odom_raw,1790841472.816,odom,base_footprint,,0.9115662574768066,-0.0024247325491160154,-0.023039040056509457,-0.010078681882501519,0.005333030007811403,0.030535519123077393,,,,,,,,,,,,,,,,,,,,,
1803.288904,ground_trial_sample,1790841472.816,odom,base_footprint,progress=0.4080;cross_track=0.0024;one_shot=true,0.9115662574768066,-0.0024247325491160154,-0.023039040056509457,-0.010078681882501519,0.005333030007811403,0.030535519123077393,,,,,,,,0.5053594306712758,0.40799240786743524,,0.002352773727457829,,1790841472.8962905,0.08029055595397949,0.4572906494140625,0.9036070829343561,3.8125208624391164e-05,-0.013802051720677829,0.008331514132020356,0.009236988335831628,False
1803.289784,cmd_vel_sent,,,,,,,,,,,,,,,-0.008013799140368021,0.002278848628121598,0.018473976671663256,0.5053594306712758,,,,,,,,,,,,,
1803.290570,imu_data_raw,1790841472.538,,,,,,,,,,imu_frame,0.05269730091094971,0.3190273642539978,0.21368250250816345,,,,,,,,,,,,,,,,,
1803.308903,ground_trial_sample,1790841472.816,odom,base_footprint,progress=0.4080;cross_track=0.0024;one_shot=true,0.9115662574768066,-0.0024247325491160154,-0.023039040056509457,-0.010078681882501519,0.005333030007811403,0.030535519123077393,,,,,,,,0.5055260294108037,0.40799240786743524,,0.002352773727457829,,1790841472.9162905,0.10029053688049316,0.37829041481018066,0.9036070829343561,3.8125208624391164e-05,-0.013802051720677829,0.008331514132020356,0.009236988335831628,False
1803.309792,cmd_vel_sent,,,,,,,,,,,,,,,-0.008013799140368021,0.002278848628121598,0.018473976671663256,0.5055260294108037,,,,,,,,,,,,,
1803.328919,ground_trial_sample,1790841472.816,odom,base_footprint,progress=0.4080;cross_track=0.0024;one_shot=true,0.9115662574768066,-0.0024247325491160154,-0.023039040056509457,-0.010078681882501519,0.005333030007811403,0.030535519123077393,,,,,,,,0.5056926793308216,0.40799240786743524,,0.002352773727457829,,1790841472.9363036,0.12030363082885742,0.3983035087585449,0.9036070829343561,3.8125208624391164e-05,-0.013802051720677829,0.008331514132020356,0.009236988335831628,False
1803.329818,cmd_vel_sent,,,,,,,,,,,,,,,-0.008013799140368021,0.002278848628121598,0.018473976671663256,0.5056926793308216,,,,,,,,,,,,,
1803.330951,cmd_vel_observed,,,,,,,,,,,,,,,-0.009872226692056696,0.0025174338675934722,0.03667315239135501,,,,,,,,,,,,,,
1803.349500,ground_trial_sample,1790841472.816,odom,base_footprint,progress=0.4080;cross_track=0.0024;one_shot=true,0.9115662574768066,-0.0024247325491160154,-0.023039040056509457,-0.010078681882501519,0.005333030007811403,0.030535519123077393,,,,,,,,0.5058612237288453,0.40799240786743524,,0.002352773727457829,,1790841472.9568684,0.1408684253692627,0.4188683032989502,0.9036070829343561,3.8125208624391164e-05,-0.013802051720677829,0.008331514132020356,0.009236988335831628,False
1803.351041,cmd_vel_sent,,,,,,,,,,,,,,,-0.008013799140368021,0.002278848628121598,0.018473976671663256,0.5058612237288453,,,,,,,,,,,,,
1803.352396,odom_raw,1790841472.906,odom,base_footprint,,0.9099656343460083,-0.002158314222469926,-0.02166494399965868,-0.01778858933960091,0.0029357636353469613,0.015267759561538696,,,,,,,,,,,,,,,,,,,,,
1803.369161,ground_trial_sample,1790841472.906,odom,base_footprint,progress=0.4064;cross_track=0.0021;one_shot=true,0.9099656343460083,-0.002158314222469926,-0.02166494399965868,-0.01778858933960091,0.0029357636353469613,0.015267759561538696,,,,,,,,0.5060260068898093,0.4063882601880959,,0.002108471958144213,,1790841472.9765143,0.07051444053649902,0.43851423263549805,0.9036070829343561,3.8125208624391164e-05,-0.013802051720677829,0.006727222475070238,0.007862892278980852,False
1803.370239,cmd_vel_sent,,,,,,,,,,,,,,,-0.006404641228831511,0.002058177096131851,0.015725784557961704,0.5060260068898093,,,,,,,,,,,,,
1803.370883,imu_data_raw,1790841472.59,,,,,,,,,,imu_frame,-0.02400173991918564,0.20889410376548767,0.17058686912059784,,,,,,,,,,,,,,,,,
1803.389123,ground_trial_sample,1790841472.906,odom,base_footprint,progress=0.4064;cross_track=0.0021;one_shot=true,0.9099656343460083,-0.002158314222469926,-0.02166494399965868,-0.01778858933960091,0.0029357636353469613,0.015267759561538696,,,,,,,,0.5061606560888914,0.4063882601880959,,0.002108471958144213,,1790841472.9964912,0.09049129486083984,0.4064912796020508,0.9036070829343561,3.8125208624391164e-05,-0.013802051720677829,0.006727222475070238,0.007862892278980852,False
1803.390192,cmd_vel_sent,,,,,,,,,,,,,,,-0.006404641228831511,0.002058177096131851,0.015725784557961704,0.5061606560888914,,,,,,,,,,,,,
1803.408993,ground_trial_sample,1790841472.906,odom,base_footprint,progress=0.4064;cross_track=0.0021;one_shot=true,0.9099656343460083,-0.002158314222469926,-0.02166494399965868,-0.01778858933960091,0.0029357636353469613,0.015267759561538696,,,,,,,,0.5062951606930547,0.4063882601880959,,0.002108471958144213,,1790841473.0163715,0.11037158966064453,0.42637157440185547,0.9036070829343561,3.8125208624391164e-05,-0.013802051720677829,0.006727222475070238,0.007862892278980852,False
1803.409960,cmd_vel_sent,,,,,,,,,,,,,,,-0.006404641228831511,0.002058177096131851,0.015725784557961704,0.5062951606930547,,,,,,,,,,,,,
1803.411138,cmd_vel_observed,,,,,,,,,,,,,,,-0.00865041694979483,0.002579837831635644,0.022260382423141385,,,,,,,,,,,,,,
1803.429008,ground_trial_sample,1790841472.906,odom,base_footprint,progress=0.4064;cross_track=0.0021;one_shot=true,0.9099656343460083,-0.002158314222469926,-0.02166494399965868,-0.01778858933960091,0.0029357636353469613,0.015267759561538696,,,,,,,,0.5064296224179011,0.4063882601880959,,0.002108471958144213,,1790841473.0363998,0.1303999423980713,0.4463999271392822,0.9036070829343561,3.8125208624391164e-05,-0.013802051720677829,0.006727222475070238,0.007862892278980852,False
1803.429566,cmd_vel_sent,,,,,,,,,,,,,,,-0.006404641228831511,0.002058177096131851,0.015725784557961704,0.5064296224179011,,,,,,,,,,,,,
1803.430330,odom_raw,1790841472.999,odom,base_footprint,,0.909027636051178,-0.0016636308282613754,-0.018825140069034293,-0.010101065187868104,0.0052905122269323234,0.030535519123077393,,,,,,,,,,,,,,,,,,,,,
1803.449015,ground_trial_sample,1790841472.999,odom,base_footprint,progress=0.4054;cross_track=0.0016;one_shot=true,0.909027636051178,-0.0016636308282613754,-0.018825140069034293,-0.010101065187868104,0.0052905122269323234,0.030535519123077393,,,,,,,,0.5065640518588073,0.4054435238055848,,0.001626781570893146,,1790841473.0563886,0.0573885440826416,0.4663887023925781,0.9036070829343561,3.8125208624391164e-05,-0.013802051720677829,0.0056814056096501815,0.005023088348356464,False
1803.449995,cmd_vel_sent,,,,,,,,,,,,,,,-0.005451626565011895,0.001599417861917626,0.010046176696712927,0.5065640518588073,,,,,,,,,,,,,
1803.450845,imu_data_raw,1790841472.719,,,,,,,,,,imu_frame,0.1038299947977066,-0.08319851011037827,0.21847090125083923,,,,,,,,,,,,,,,,,
1803.469160,ground_trial_sample,1790841472.999,odom,base_footprint,progress=0.4054;cross_track=0.0016;one_shot=true,0.909027636051178,-0.0016636308282613754,-0.018825140069034293,-0.010101065187868104,0.0052905122269323234,0.030535519123077393,,,,,,,,0.5066779538431575,0.4054435238055848,,0.001626781570893146,,1790841473.076526,0.07752585411071777,0.3575258255004883,0.9036070829343561,3.8125208624391164e-05,-0.013802051720677829,0.0056814056096501815,0.005023088348356464,True
1803.469468,ground_trial_stop,1790841472.999,,,settled,0.909027636051178,-0.0016636308282613754,-0.018825140069034293,,,,,,,,,,,0.5066849384211781,,,,,1790841473.0769036,0.07790350914001465,0.35790348052978516,,,,,,
1803.469956,cmd_vel_sent,,,,,,,,,,,,,,,0.0,0.0,0.0,,,,,,,,,,,,,,
1803.490613,cmd_vel_sent,,,,,,,,,,,,,,,0.0,0.0,0.0,,,,,,,,,,,,,,
1803.511409,cmd_vel_sent,,,,,,,,,,,,,,,0.0,0.0,0.0,,,,,,,,,,,,,,
1803.532270,cmd_vel_sent,,,,,,,,,,,,,,,0.0,0.0,0.0,,,,,,,,,,,,,,
1803.553090,cmd_vel_sent,,,,,,,,,,,,,,,0.0,0.0,0.0,,,,,,,,,,,,,,
1803.573870,cmd_vel_sent,,,,,,,,,,,,,,,0.0,0.0,0.0,,,,,,,,,,,,,,
1803.594538,cmd_vel_sent,,,,,,,,,,,,,,,0.0,0.0,0.0,,,,,,,,,,,,,,
1803.615176,cmd_vel_sent,,,,,,,,,,,,,,,0.0,0.0,0.0,,,,,,,,,,,,,,
1803.635788,cmd_vel_sent,,,,,,,,,,,,,,,0.0,0.0,0.0,,,,,,,,,,,,,,
1803.656465,cmd_vel_sent,,,,,,,,,,,,,,,0.0,0.0,0.0,,,,,,,,,,,,,,
1803.677201,cmd_vel_sent,,,,,,,,,,,,,,,0.0,0.0,0.0,,,,,,,,,,,,,,
1803.697841,cmd_vel_sent,,,,,,,,,,,,,,,0.0,0.0,0.0,,,,,,,,,,,,,,
1803.718508,cmd_vel_sent,,,,,,,,,,,,,,,0.0,0.0,0.0,,,,,,,,,,,,,,
1803.739245,cmd_vel_sent,,,,,,,,,,,,,,,0.0,0.0,0.0,,,,,,,,,,,,,,
1803.759998,cmd_vel_sent,,,,,,,,,,,,,,,0.0,0.0,0.0,,,,,,,,,,,,,,
1803.780661,cmd_vel_sent,,,,,,,,,,,,,,,0.0,0.0,0.0,,,,,,,,,,,,,,
1803.801302,cmd_vel_sent,,,,,,,,,,,,,,,0.0,0.0,0.0,,,,,,,,,,,,,,
1803.821976,cmd_vel_sent,,,,,,,,,,,,,,,0.0,0.0,0.0,,,,,,,,,,,,,,
1803.842640,cmd_vel_sent,,,,,,,,,,,,,,,0.0,0.0,0.0,,,,,,,,,,,,,,
1803.863270,cmd_vel_sent,,,,,,,,,,,,,,,0.0,0.0,0.0,,,,,,,,,,,,,,
1803.883891,cmd_vel_sent,,,,,,,,,,,,,,,0.0,0.0,0.0,,,,,,,,,,,,,,
1803.904568,cmd_vel_sent,,,,,,,,,,,,,,,0.0,0.0,0.0,,,,,,,,,,,,,,
1803.925166,cmd_vel_sent,,,,,,,,,,,,,,,0.0,0.0,0.0,,,,,,,,,,,,,,
1803.945742,cmd_vel_sent,,,,,,,,,,,,,,,0.0,0.0,0.0,,,,,,,,,,,,,,
1803.966457,cmd_vel_sent,,,,,,,,,,,,,,,0.0,0.0,0.0,,,,,,,,,,,,,,
