received_monotonic_s,record_type,source_stamp_s,frame_id,child_frame_id,reason,pose_x_m,pose_y_m,pose_yaw_rad,world_vx_mps,world_vy_mps,odom_wz_radps,imu_frame_id,imu_wz_radps,imu_ax_mps2,imu_ay_mps2,cmd_vx_mps,cmd_vy_mps,cmd_wz_radps,command_integral_m,odom_forward_path_m,odom_displacement_m,odom_lateral_path_m,warning,ros_now_s,odom_stamp_age_s,imu_stamp_age_s,ref_x_m,ref_y_m,ref_yaw_rad,pos_err_m,yaw_err_rad,settled
2094.350308,imu_data_raw,1790841763.53,,,,,,,,,,imu_frame,0.001597896683961153,-0.13587094843387604,0.11312603205442429,,,,,,,,,,,,,,,,,
2094.351695,odom_raw,1790841763.522,odom,base_footprint,,0.9077389240264893,-0.001077195513062179,-0.021939767367239477,0.0,0.0,0.0,,,,,,,,,,,,,,,,,,,,,
2094.353597,imu_data_raw,1790841763.538,,,,,,,,,,imu_frame,0.001597896683961153,-0.13587094843387604,0.11312603205442429,,,,,,,,,,,,,,,,,
2094.355383,odom_raw,1790841763.606,odom,base_footprint,,0.9077389240264893,-0.001077195513062179,-0.021939767367239477,0.0,0.0,0.0,,,,,,,,,,,,,,,,,,,,,
2094.355725,imu_data_raw,1790841763.578,,,,,,,,,,imu_frame,-0.001597896683961153,0.041299980133771896,-0.025737667456269264,,,,,,,,,,,,,,,,,
2094.356643,odom_raw,1790841763.696,odom,base_footprint,,0.9077389240264893,-0.001077195513062179,-0.021939767367239477,0.0,0.0,0.0,,,,,,,,,,,,,,,,,,,,,
2094.357602,imu_data_raw,1790841763.641,,,,,,,,,,imu_frame,0.003728425595909357,0.041299980133771896,0.07003039866685867,,,,,,,,,,,,,,,,,
2094.358485,odom_raw,1790841763.8,odom,base_footprint,,0.9077389240264893,-0.001077195513062179,-0.021939767367239477,0.0,0.0,0.0,,,,,,,,,,,,,,,,,,,,,
2094.358802,imu_data_raw,1790841763.671,,,,,,,,,,imu_frame,-0.001597896683961153,-0.06883329898118973,0.11791443079710007,,,,,,,,,,,,,,,,,
2094.359455,odom_raw,1790841763.876,odom,base_footprint,,0.9077389240264893,-0.001077195513062179,-0.021939767367239477,0.0,0.0,0.0,,,,,,,,,,,,,,,,,,,,,
2094.359786,imu_data_raw,1790841763.706,,,,,,,,,,imu_frame,-0.000532632227987051,-0.04967968538403511,0.16579847037792206,,,,,,,,,,,,,,,,,
2094.360357,imu_data_raw,1790841763.738,,,,,,,,,,imu_frame,-0.002663161139935255,-0.05446808785200119,0.15143325924873352,,,,,,,,,,,,,,,,,
2094.360844,imu_data_raw,1790841763.808,,,,,,,,,,imu_frame,-0.002663161139935255,-0.025737667456269264,0.11791443079710007,,,,,,,,,,,,,,,,,
2094.361312,imu_data_raw,1790841763.818,,,,,,,,,,imu_frame,0.000532632227987051,-0.011372458189725876,-0.011372458189725876,,,,,,,,,,,,,,,,,
2094.361770,imu_data_raw,1790841763.858,,,,,,,,,,imu_frame,0.005858954507857561,-0.15023615956306458,0.012569558806717396,,,,,,,,,,,,,,,,,
2094.365270,imu_data_raw,1790841763.917,,,,,,,,,,imu_frame,0.004793690051883459,-0.025737667456269264,-0.025737667456269264,,,,,,,,,,,,,,,,,
2094.397018,imu_data_raw,1790841763.948,,,,,,,,,,imu_frame,0.003728425595909357,-0.0065840547904372215,0.03172317147254944,,,,,,,,,,,,,,,,,
2094.417604,odom_raw,1790841763.966,odom,base_footprint,,0.9077389240264893,-0.001077195513062179,-0.021939767367239477,0.0,0.0,0.0,,,,,,,,,,,,,,,,,,,,,
2094.427828,imu_data_raw,1790841763.978,,,,,,,,,,imu_frame,0.004793690051883459,0.002992752008140087,0.03651157766580582,,,,,,,,,,,,,,,,,
2094.467095,imu_data_raw,1790841764.018,,,,,,,,,,imu_frame,-0.001597896683961153,-0.04489128291606903,0.02693476900458336,,,,,,,,,,,,,,,,,
2094.508424,odom_raw,1790841764.056,odom,base_footprint,,0.9077389240264893,-0.001077195513062179,-0.021939767367239477,0.0,0.0,0.0,,,,,,,,,,,,,,,,,,,,,
2094.543244,imu_data_raw,1790841764.094,,,,,,,,,,imu_frame,-0.004793690051883459,-0.0065840547904372215,0.01735796220600605,,,,,,,,,,,,,,,,,
2094.550364,imu_data_raw,1790841764.101,,,,,,,,,,imu_frame,0.005858954507857561,0.02214636653661728,0.07960720360279083,,,,,,,,,,,,,,,,,
2094.587972,imu_data_raw,1790841764.138,,,,,,,,,,imu_frame,0.003728425595909357,0.002992752008140087,0.08918401598930359,,,,,,,,,,,,,,,,,
2094.598268,odom_raw,1790841764.146,odom,base_footprint,,0.9077389240264893,-0.001077195513062179,-0.021939767367239477,0.0,0.0,0.0,,,,,,,,,,,,,,,,,,,,,
2094.645458,imu_data_raw,1790841764.196,,,,,,,,,,imu_frame,0.007989482954144478,0.060453593730926514,0.041299980133771896,,,,,,,,,,,,,,,,,
2094.676794,imu_data_raw,1790841764.227,,,,,,,,,,imu_frame,0.007989482954144478,0.0077811554074287415,0.002992752008140087,,,,,,,,,,,,,,,,,
2094.688253,odom_raw,1790841764.236,odom,base_footprint,,0.9077389240264893,-0.001077195513062179,-0.021939767367239477,0.0,0.0,0.0,,,,,,,,,,,,,,,,,,,,,
2094.708026,imu_data_raw,1790841764.258,,,,,,,,,,imu_frame,-0.00013315805699676275,0.07003039866685867,0.03651157766580582,,,,,,,,,,,,,,,,,
2094.747985,imu_data_raw,1790841764.298,,,,,,,,,,imu_frame,0.0030626351945102215,-0.0017956512747332454,0.041299980133771896,,,,,,,,,,,,,,,,,
2094.788572,odom_raw,1790841764.336,odom,base_footprint,,0.9077389240264893,-0.001077195513062179,-0.021939767367239477,0.0,0.0,0.0,,,,,,,,,,,,,,,,,,,,,
2094.820108,imu_data_raw,1790841764.37,,,,,,,,,,imu_frame,0.0009321063989773393,-0.10714052617549896,0.02693476900458336,,,,,,,,,,,,,,,,,
2094.828080,imu_data_raw,1790841764.378,,,,,,,,,,imu_frame,0.0009321063989773393,-0.10714052617549896,0.02693476900458336,,,,,,,,,,,,,,,,,
2094.868772,odom_raw,1790841764.416,odom,base_footprint,,0.9077389240264893,-0.001077195513062179,-0.021939767367239477,0.0,0.0,0.0,,,,,,,,,,,,,,,,,,,,,
2094.875730,imu_data_raw,1790841764.426,,,,,,,,,,imu_frame,-0.0022636870853602886,0.0077811554074287415,0.08918401598930359,,,,,,,,,,,,,,,,,
2094.926154,imu_data_raw,1790841764.476,,,,,,,,,,imu_frame,-0.010785802267491817,-0.0017956512747332454,0.046088382601737976,,,,,,,,,,,,,,,,,
2094.959015,odom_raw,1790841764.506,odom,base_footprint,,0.9077389240264893,-0.001077195513062179,-0.021939767367239477,0.0,0.0,0.0,,,,,,,,,,,,,,,,,,,,,
2094.963651,imu_data_raw,1790841764.514,,,,,,,,,,imu_frame,-0.005459480453282595,-0.05446808785200119,0.055665191262960434,,,,,,,,,,,,,,,,,
2094.988455,imu_data_raw,1790841764.538,,,,,,,,,,imu_frame,-0.004394215997308493,-0.04489128291606903,0.050876785069704056,,,,,,,,,,,,,,,,,
2095.028634,imu_data_raw,1790841764.578,,,,,,,,,,imu_frame,-0.006524744909256697,0.002992752008140087,0.09397241473197937,,,,,,,,,,,,,,,,,
2095.069411,odom_raw,1790841764.616,odom,base_footprint,,0.9077389240264893,-0.001077195513062179,-0.021939767367239477,0.0,0.0,0.0,,,,,,,,,,,,,,,,,,,,,
2095.101048,imu_data_raw,1790841764.65,,,,,,,,,,imu_frame,-0.0022636870853602886,0.08439560979604721,0.13706804811954498,,,,,,,,,,,,,,,,,
2095.108776,imu_data_raw,1790841764.658,,,,,,,,,,imu_frame,-0.0022636870853602886,0.08439560979604721,0.13706804811954498,,,,,,,,,,,,,,,,,
2095.139449,odom_raw,1790841764.686,odom,base_footprint,,0.9077389240264893,-0.001077195513062179,-0.021939767367239477,0.0,0.0,0.0,,,,,,,,,,,,,,,,,,,,,
2095.149156,imu_data_raw,1790841764.698,,,,,,,,,,imu_frame,-0.0022636870853602886,-0.05446808785200119,0.012569558806717396,,,,,,,,,,,,,,,,,
2095.206790,imu_data_raw,1790841764.756,,,,,,,,,,imu_frame,-0.006524744909256697,-0.030526071786880493,0.050876785069704056,,,,,,,,,,,,,,,,,
2095.239868,odom_raw,1790841764.786,odom,base_footprint,,0.9077389240264893,-0.001077195513062179,-0.021939767367239477,0.0,0.0,0.0,,,,,,,,,,,,,,,,,,,,,
2095.244798,imu_data_raw,1790841764.794,,,,,,,,,,imu_frame,0.0030626351945102215,-0.06883329898118973,0.02214636653661728,,,,,,,,,,,,,,,,,
2095.269267,imu_data_raw,1790841764.818,,,,,,,,,,imu_frame,-0.0011984225129708648,-0.10714052617549896,0.10354922711849213,,,,,,,,,,,,,,,,,
2095.310754,imu_data_raw,1790841764.858,,,,,,,,,,imu_frame,-0.00013315805699676275,-0.03531447425484657,-0.0736217051744461,,,,,,,,,,,,,,,,,
2095.320535,odom_raw,1790841764.866,odom,base_footprint,,0.9077389240264893,-0.001077195513062179,-0.021939767367239477,0.0,0.0,0.0,,,,,,,,,,,,,,,,,,,,,
2095.354441,imu_data_raw,1790841764.903,,,,,,,,,,imu_frame,-0.004394215997308493,-0.03531447425484657,0.11791443079710007,,,,,,,,,,,,,,,,,
2095.355579,ground_trial_start,1790841764.866,odom,base_footprint,axis=x;distance=0.4000;speed=0.150;a_dec=0.200;kp_pos=1.000;kd_vel=0.200,0.9077389240264893,-0.001077195513062179,-0.021939767367239477,,,,,,,,,,,,,,,,,,,1.3076426572096864,-0.009852398424806353,-0.021939767367239477,,,
2095.356217,ground_trial_sample,1790841764.866,odom,base_footprint,progress=0.0000;cross_track=0.0000;one_shot=true,0.9077389240264893,-0.001077195513062179,-0.021939767367239477,0.0,0.0,0.0,,,,,,,,0.0,0.0,,0.0,,1790841764.9636233,0.09762334823608398,0.0606231689453125,0.9077389240710544,-0.001077195514040085,-0.021939767367239477,0.4,0.0,False
2095.356857,cmd_vel_sent,,,,,,,,,,,,,,,5.067164576460922e-06,-4.2517083485225622e-19,0.0,0.0,,,,,,,,,,,,,
2095.357848,cmd_vel_observed,,,,,,,,,,,,,,,5.067164576460922e-06,-4.2517083485225622e-19,0.0,,,,,,,,,,,,,,
2095.376798,ground_trial_sample,1790841764.866,odom,base_footprint,progress=0.0000;cross_track=0.0000;one_shot=true,0.9077389240264893,-0.001077195513062179,-0.021939767367239477,0.0,0.0,0.0,,,,,,,,1.0203466559818935e-07,0.0,,0.0,,1790841764.984193,0.11819314956665039,0.0811929702758789,0.9077795469498946,-0.001078086913582282,-0.021939767367239477,0.4,0.0,False
2095.377872,cmd_vel_sent,,,,,,,,,,,,,,,0.004878445902350152,-1.0706496453294356e-18,0.0,1.0203466559818935e-07,,,,,,,,,,,,,
2095.396750,ground_trial_sample,1790841764.866,odom,base_footprint,progress=0.0000;cross_track=0.0000;one_shot=true,0.9077389240264893,-0.001077195513062179,-0.021939767367239477,0.0,0.0,0.0,,,,,,,,9.788936073522558e-05,0.0,,0.0,,1790841765.004153,0.138153076171875,0.10115289688110352,0.9079005078227733,-0.001080741192889561,-0.021939767367239477,0.4,0.0,False
2095.397376,cmd_vel_sent,,,,,,,,,,,,,,,0.009810180693511307,4.87890977618477e-19,0.0,9.788936073522558e-05,,,,,,,,,,,,,
2095.398096,cmd_vel_observed,,,,,,,,,,,,,,,0.004878445902350152,-1.0706496453294356e-18,0.0,,,,,,,,,,,,,,
2095.416535,ground_trial_sample,1790841764.866,odom,base_footprint,progress=0.0000;cross_track=0.0000;one_shot=true,0.9077389240264893,-0.001077195513062179,-0.021939767367239477,0.0,0.0,0.0,,,,,,,,0.0002937015287794478,0.0,,0.0,,1790841765.0239484,0.15794849395751953,0.12094831466674805,0.9081007886307675,-0.0010851360124014657,-0.021939767367239477,0.4,0.0,False
2095.417113,cmd_vel_sent,,,,,,,,,,,,,,,0.014800933234196846,1.0842021724855044e-19,0.0,0.0002937015287794478,,,,,,,,,,,,,
2095.417670,imu_data_raw,1790841764.939,,,,,,,,,,imu_frame,-0.0033289515413343906,0.01735796220600605,-0.0017956512747332454,,,,,,,,,,,,,,,,,
2095.436590,ground_trial_sample,1790841764.866,odom,base_footprint,progress=0.0000;cross_track=0.0000;one_shot=true,0.9077389240264893,-0.001077195513062179,-0.021939767367239477,0.0,0.0,0.0,,,,,,,,0.0005897725295614726,0.0,,0.0,,1790841765.0440078,0.1780078411102295,0.10500788688659668,0.9083814274581075,-0.001091294151099545,-0.021939767367239477,0.4,0.0,False
2095.437157,cmd_vel_sent,,,,,,,,,,,,,,,0.019882488258282312,1.0299920638612292e-18,0.0,0.0005897725295614726,,,,,,,,,,,,,
2095.456573,ground_trial_sample,1790841764.866,odom,base_footprint,progress=0.0000;cross_track=0.0000;one_shot=true,0.9077389240264893,-0.001077195513062179,-0.021939767367239477,0.0,0.0,0.0,,,,,,,,0.000987282083419543,0.0,,0.0,,1790841765.0639868,0.19798684120178223,0.12498688697814941,0.9087418632591124,-0.001099203297796676,-0.021939767367239477,0.4,0.0,False
2095.457172,cmd_vel_sent,,,,,,,,,,,,,,,0.025041318345182473,-2.168404344971009e-19,0.0,0.000987282083419543,,,,,,,,,,,,,
2095.457883,cmd_vel_observed,,,,,,,,,,,,,,,0.009810180693511307,4.87890977618477e-19,0.0,,,,,,,,,,,,,,
2095.476604,ground_trial_sample,1790841764.866,odom,base_footprint,progress=0.0000;cross_track=0.0000;one_shot=true,0.9077389240264893,-0.001077195513062179,-0.021939767367239477,0.0,0.0,0.0,,,,,,,,0.001487824982601949,0.0,,0.0,,1790841765.0840156,0.2180156707763672,0.14501571655273438,0.9091821208791588,-0.0011088639976821139,-0.021939767367239477,0.4,0.0,False
2095.477218,cmd_vel_sent,,,,,,,,,,,,,,,0.030278965146257376,-1.1926223897340549e-18,0.0,0.001487824982601949,,,,,,,,,,,,,
2095.478017,odom_raw,1790841764.956,odom,base_footprint,,0.9077389240264893,-0.001077195513062179,-0.021939767367239477,0.0,0.0,0.0,,,,,,,,,,,,,,,,,,,,,
2095.496674,ground_trial_sample,1790841764.956,odom,base_footprint,progress=0.0000;cross_track=0.0000;one_shot=true,0.9077389240264893,-0.001077195513062179,-0.021939767367239477,0.0,0.0,0.0,,,,,,,,0.00209429630383826,0.0,,0.0,,1790841765.1040862,0.1480860710144043,0.1650862693786621,0.909703411575839,-0.0011203028297304182,-0.021939767367239477,0.4,0.0,False
2095.497322,cmd_vel_sent,,,,,,,,,,,,,,,0.03560745173061208,2.168404344971009e-19,0.0,0.00209429630383826,,,,,,,,,,,,,
2095.497887,imu_data_raw,1790841764.978,,,,,,,,,,imu_frame,0.22889870405197144,-0.0017956512747332454,0.14185644686222076,,,,,,,,,,,,,,,,,
2095.516547,ground_trial_sample,1790841764.956,odom,base_footprint,progress=0.0000;cross_track=0.0000;one_shot=true,0.9077389240264893,-0.001077195513062179,-0.021939767367239477,0.0,0.0,0.0,,,,,,,,0.0028057577941650587,0.0,,0.0,,1790841765.1239634,0.16796326637268066,0.14596343040466309,0.9103033568076015,-0.0011334676009185825,-0.021939767367239477,0.4,0.0,False
2095.517127,cmd_vel_sent,,,,,,,,,,,,,,,0.041002907224176634,4.336808689942018e-19,0.0,0.0028057577941650587,,,,,,,,,,,,,
2095.536594,ground_trial_sample,1790841764.956,odom,base_footprint,progress=0.0000;cross_track=0.0000;one_shot=true,0.9077389240264893,-0.001077195513062179,-0.021939767367239477,0.0,0.0,0.0,,,,,,,,0.003626206942375518,0.0,,0.0,,1790841765.1440086,0.18800854682922363,0.16600871086120605,0.9109841674774043,-0.0011484068257276276,-0.021939767367239477,0.4,0.0,False
2095.537157,cmd_vel_sent,,,,,,,,,,,,,,,0.04648617042213322,-1.3010426069826053e-18,0.0,0.003626206942375518,,,,,,,,,,,,,
2095.537885,cmd_vel_observed,,,,,,,,,,,,,,,0.014800933234196846,1.0842021724855044e-19,0.0,,,,,,,,,,,,,,
2095.556523,ground_trial_sample,1790841764.956,odom,base_footprint,progress=0.0000;cross_track=0.0000;one_shot=true,0.9077389240264893,-0.001077195513062179,-0.021939767367239477,0.0,0.0,0.0,,,,,,,,0.004554773217060593,0.0,,0.0,,1790841765.163944,0.20794391632080078,0.1859440803527832,0.9117436572944383,-0.0011650725297480088,-0.021939767367239477,0.4,0.0,False
2095.557046,cmd_vel_sent,,,,,,,,,,,,,,,0.05203986898731786,-6.505213034913027e-19,0.0,0.004554773217060593,,,,,,,,,,,,,
2095.557758,odom_raw,1790841765.076,odom,base_footprint,,0.9083507061004639,-0.001090620062313974,-0.025604031300363657,0.00509776066035974,-0.00013055175320495085,-0.03053552284836769,,,,,,,,,,,,,,,,,,,,,
2095.576611,ground_trial_sample,1790841765.076,odom,base_footprint,progress=0.0006;cross_track=0.0000;one_shot=true,0.9083507061004639,-0.001090620062313974,-0.025604031300363657,0.00509776066035974,-0.00013055175320495085,-0.03053552284836769,,,,,,,,0.005597225568705977,0.0006119293460517209,,3.88129989031729e-11,,1790841765.18402,0.10802006721496582,0.20602011680603027,0.9125854244827833,-0.0011835436698480987,-0.021939767367239477,0.3993880706539483,0.0036642639331241796,False
2095.577229,cmd_vel_sent,,,,,,,,,,,,,,,0.0560572723435346,0.00020914674911897465,0.007328527866248359,0.005597225568705977,,,,,,,,,,,,,
2095.577786,imu_data_raw,1790841765.04,,,,,,,,,,imu_frame,0.0914795845746994,-0.11192893236875534,0.0077811554074287415,,,,,,,,,,,,,,,,,
2095.596671,ground_trial_sample,1790841765.076,odom,base_footprint,progress=0.0006;cross_track=0.0000;one_shot=true,0.9083507061004639,-0.001090620062313974,-0.025604031300363657,0.00509776066035974,-0.00013055175320495085,-0.03053552284836769,,,,,,,,0.006719050053168729,0.0006119293460517209,,3.88129989031729e-11,,1790841765.204079,0.12807893753051758,0.164078950881958,0.9135064746824796,-0.00120375453992401,-0.021939767367239477,0.3993880706539483,0.0036642639331241796,False
2095.597293,cmd_vel_sent,,,,,,,,,,,,,,,0.061781379594549976,0.00023012148274301615,0.007328527866248359,0.006719050053168729,,,,,,,,,,,,,
2095.616598,ground_trial_sample,1790841765.076,odom,base_footprint,progress=0.0006;cross_track=0.0000;one_shot=true,0.9083507061004639,-0.001090620062313974,-0.025604031300363657,0.00509776066035974,-0.00013055175320495085,-0.03053552284836769,,,,,,,,0.007953711361374315,0.0006119293460517209,,3.88129989031729e-11,,1790841765.2240055,0.14800548553466797,0.1840054988861084,0.9145061575952526,-0.0012256908702932175,-0.021939767367239477,0.3993880706539483,0.0036642639331241796,False
2095.617248,cmd_vel_sent,,,,,,,,,,,,,,,0.06757747728413144,0.00025136000951526375,0.007328527866248359,0.007953711361374315,,,,,,,,,,,,,
2095.617950,cmd_vel_observed,,,,,,,,,,,,,,,0.019882488258282312,1.0299920638612292e-18,0.0,,,,,,,,,,,,,,
2095.636605,ground_trial_sample,1790841765.076,odom,base_footprint,progress=0.0006;cross_track=0.0000;one_shot=true,0.9083507061004639,-0.001090620062313974,-0.025604031300363657,0.00509776066035974,-0.00013055175320495085,-0.03053552284836769,,,,,,,,0.009304494461759938,0.0006119293460517209,,3.88129989031729e-11,,1790841765.244016,0.1680159568786621,0.20401597023010254,0.9155859359236274,-0.0012493847574589366,-0.021939767367239477,0.3993880706539483,0.0036642639331241796,False
2095.637171,cmd_vel_sent,,,,,,,,,,,,,,,0.07345472088551523,0.00027289587765623436,0.007328527866248359,0.009304494461759938,,,,,,,,,,,,,
2095.637918,odom_raw,1790841765.136,odom,base_footprint,,0.9092756509780884,-0.0014254744164645672,-0.02746669655920381,0.015152479464031199,-0.0055176490189489434,-0.030535519123077393,,,,,,,,,,,,,,,,,,,,,
2095.656476,ground_trial_sample,1790841765.136,odom,base_footprint,progress=0.0015;cross_track=0.0003;one_shot=true,0.9092756509780884,-0.0014254744164645672,-0.02746669655920381,0.015152479464031199,-0.0055176490189489434,-0.030535519123077393,,,,,,,,0.010772510631821783,0.0015439976571873964,,0.0003144823570983419,,1790841765.2638953,0.12789535522460938,0.22389531135559082,0.9167454029380182,-0.0012748272764366044,-0.021939767367239477,0.3984561264457712,0.005526929191964332,False
2095.657048,cmd_vel_sent,,,,,,,,,,,,,,,0.07643661734012613,0.0017737482488114245,0.011053858383928665,0.010772510631821783,,,,,,,,,,,,,
2095.657556,imu_data_raw,1790841765.087,,,,,,,,,,imu_frame,-0.18335863947868347,0.13706804811954498,-0.2603694200515747,,,,,,,,,,,,,,,,,
2095.676433,ground_trial_sample,1790841765.136,odom,base_footprint,progress=0.0015;cross_track=0.0003;one_shot=true,0.9092756509780884,-0.0014254744164645672,-0.02746669655920381,0.015152479464031199,-0.0055176490189489434,-0.030535519123077393,,,,,,,,0.01230031561159858,0.0015439976571873964,,0.0003144823570983419,,1790841765.2838554,0.14785552024841309,0.1968555450439453,0.9179845597280687,-0.001302018451136586,-0.021939767367239477,0.3984561264457712,0.005526929191964332,False
2095.676995,cmd_vel_sent,,,,,,,,,,,,,,,0.08247177736716106,0.0018071044905874855,0.011053858383928665,0.01230031561159858,,,,,,,,,,,,,
2095.696645,ground_trial_sample,1790841765.136,odom,base_footprint,progress=0.0015;cross_track=0.0003;one_shot=true,0.9092756509780884,-0.0014254744164645672,-0.02746669655920381,0.015152479464031199,-0.0055176490189489434,-0.030535519123077393,,,,,,,,0.013954644356019645,0.0015439976571873964,,0.0003144823570983419,,1790841765.304052,0.16805219650268555,0.21705222129821777,0.9193084562144113,-0.0013310690934232366,-0.021939767367239477,0.3984561264457712,0.005526929191964332,False
2095.697275,cmd_vel_sent,,,,,,,,,,,,,,,0.08860898313082623,0.001841024737667137,0.011053858383928665,0.013954644356019645,,,,,,,,,,,,,
2095.697959,cmd_vel_observed,,,,,,,,,,,,,,,0.041002907224176634,4.336808689942018e-19,0.0,,,,,,,,,,,,,,
2095.716660,ground_trial_sample,1790841765.136,odom,base_footprint,progress=0.0015;cross_track=0.0003;one_shot=true,0.9092756509780884,-0.0014254744164645672,-0.02746669655920381,0.015152479464031199,-0.0055176490189489434,-0.030535519123077393,,,,,,,,0.015725759632407115,0.0015439976571873964,,0.0003144823570983419,,1790841765.324073,0.18807315826416016,0.23707318305969238,0.9207076677766589,-0.0013617723961342333,-0.021939767367239477,0.3984561264457712,0.005526929191964332,False
2095.717342,cmd_vel_sent,,,,,,,,,,,,,,,0.09480451888975718,0.0018752673737830647,0.011053858383928665,0.015725759632407115,,,,,,,,,,,,,
2095.718327,odom_raw,1790841765.232,odom,base_footprint,,0.9122118353843689,-0.001506141503341496,-0.02746669655920381,0.03058505092637889,-0.0008402816319315096,0.0,,,,,,,,,,,,,,,,,,,,,
2095.736571,ground_trial_sample,1790841765.232,odom,base_footprint,progress=0.0045;cross_track=0.0003;one_shot=true,0.9122118353843689,-0.001506141503341496,-0.02746669655920381,0.03058505092637889,-0.0008402816319315096,0.0,,,,,,,,0.017621923353759065,0.004481245095791178,,0.0003307159951875581,,1790841765.343984,0.1119837760925293,0.25698399543762207,0.9221877319498238,-0.0013942498709968538,-0.021939767367239477,0.3955188931695237,0.005526929191964332,False
2095.737171,cmd_vel_sent,,,,,,,,,,,,,,,0.09508713905382409,0.0008900876656924496,0.011053858383928665,0.017621923353759065,,,,,,,,,,,,,
2095.737822,imu_data_raw,1790841765.098,,,,,,,,,,imu_frame,-0.0427437350153923,-0.06404489278793335,-0.19812019169330597,,,,,,,,,,,,,,,,,
2095.756473,ground_trial_sample,1790841765.232,odom,base_footprint,progress=0.0045;cross_track=0.0003;one_shot=true,0.9122118353843689,-0.001506141503341496,-0.02746669655920381,0.03058505092637889,-0.0008402816319315096,0.0,,,,,,,,0.01952387516263103,0.004481245095791178,,0.0003307159951875581,,1790841765.3638926,0.13189244270324707,0.26589250564575195,0.9237481086310647,-0.0014284896663787337,-0.021939767367239477,0.3955188931695237,0.005526929191964332,False
2095.757042,cmd_vel_sent,,,,,,,,,,,,,,,0.10144811148124132,0.000925244667871237,0.011053858383928665,0.01952387516263103,,,,,,,,,,,,,
2095.776459,ground_trial_sample,1790841765.232,odom,base_footprint,progress=0.0045;cross_track=0.0003;one_shot=true,0.9122118353843689,-0.001506141503341496,-0.02746669655920381,0.03058505092637889,-0.0008402816319315096,0.0,,,,,,,,0.02155079036428005,0.004481245095791178,,0.0003307159951875581,,1790841765.3838766,0.15187644958496094,0.2858765125274658,0.9253866005966118,-0.001464443567965224,-0.021939767367239477,0.3955188931695237,0.005526929191964332,False
2095.777327,cmd_vel_sent,,,,,,,,,,,,,,,0.10788185744588999,0.0009608038883328722,0.011053858383928665,0.02155079036428005,,,,,,,,,,,,,
2095.778578,cmd_vel_observed,,,,,,,,,,,,,,,0.061781379594549976,0.00023012148274301615,0.007328527866248359,,,,,,,,,,,,,,
2095.796560,ground_trial_sample,1790841765.232,odom,base_footprint,progress=0.0045;cross_track=0.0003;one_shot=true,0.9122118353843689,-0.001506141503341496,-0.02746669655920381,0.03058505092637889,-0.0008402816319315096,0.0,,,,,,,,0.023710556013262364,0.004481245095791178,,0.0003307159951875581,,1790841765.4039664,0.1719663143157959,0.3059663772583008,0.9271084208048717,-0.0015022259652055607,-0.021939767367239477,0.3955188931695237,0.005526929191964332,False
2095.797201,cmd_vel_sent,,,,,,,,,,,,,,,0.11440853709289957,0.0009968767519065538,0.011053858383928665,0.023710556013262364,,,,,,,,,,,,,
2095.798003,odom_raw,1790841765.319,odom,base_footprint,,0.9154937267303467,-0.001815664698369801,-0.02877972506834087,0.0381565334179221,-0.00364921039274791,-0.01526776235550642,,,,,,,,,,,,,,,,,,,,,
2095.816442,ground_trial_sample,1790841765.319,odom,base_footprint,progress=0.0078;cross_track=0.0006;one_shot=true,0.9154937267303467,-0.001815664698369801,-0.02877972506834087,0.0381565334179221,-0.00364921039274791,-0.01526776235550642,,,,,,,,0.025998039725700316,0.007769136920792198,,0.0005681665419459525,,1790841765.423866,0.10486602783203125,0.3258659839630127,0.9289080085940988,-0.0015417148388958974,-0.021939767367239477,0.39223127458819457,0.006839957701101393,False
2095.816941,cmd_vel_sent,,,,,,,,,,,,,,,0.1161860985491106,0.0019251641470410922,0.013679915402202786,0.025998039725700316,,,,,,,,,,,,,
2095.817470,imu_data_raw,1790841765.149,,,,,,,,,,imu_frame,-0.05552690848708153,-0.04010287672281265,-0.08319851011037827,,,,,,,,,,,,,,,,,
2095.836484,ground_trial_sample,1790841765.319,odom,base_footprint,progress=0.0078;cross_track=0.0006;one_shot=true,0.9154937267303467,-0.001815664698369801,-0.02877972506834087,0.0381565334179221,-0.00364921039274791,-0.01526776235550642,,,,,,,,0.028321287356553388,0.007769136920792198,,0.0005681665419459525,,1790841765.4439054,0.12490534782409668,0.294905424118042,0.9307875169917111,-0.001582957433537593,-0.021939767367239477,0.39223127458819457,0.006839957701101393,False
2095.837093,cmd_vel_sent,,,,,,,,,,,,,,,0.12286426468918987,0.001970843233328059,0.013679915402202786,0.028321287356553388,,,,,,,,,,,,,
2095.856755,ground_trial_sample,1790841765.319,odom,base_footprint,progress=0.0078;cross_track=0.0006;one_shot=true,0.9154937267303467,-0.001815664698369801,-0.02877972506834087,0.0381565334179221,-0.00364921039274791,-0.01526776235550642,,,,,,,,0.03078539477762524,0.007769136920792198,,0.0005681665419459525,,1790841765.4641573,0.1451573371887207,0.315157413482666,0.932752929439813,-0.0016260850455258032,-0.021939767367239477,0.39223127458819457,0.006839957701101393,False
2095.857368,cmd_vel_sent,,,,,,,,,,,,,,,0.12964269873354875,0.0020172081585347742,0.013679915402202786,0.03078539477762524,,,,,,,,,,,,,
2095.858066,cmd_vel_observed,,,,,,,,,,,,,,,0.08247177736716106,0.0018071044905874855,0.011053858383928665,,,,,,,,,,,,,,
2095.876567,ground_trial_sample,1790841765.319,odom,base_footprint,progress=0.0078;cross_track=0.0006;one_shot=true,0.9154937267303467,-0.001815664698369801,-0.02877972506834087,0.0381565334179221,-0.00364921039274791,-0.01526776235550642,,,,,,,,0.03337311786101662,0.007769136920792198,,0.0005681665419459525,,1790841765.48398,0.1649799346923828,0.3349800109863281,0.9347888714763907,-0.001670760308608017,-0.021939767367239477,0.39223127458819457,0.006839957701101393,False
2095.877118,cmd_vel_sent,,,,,,,,,,,,,,,0.1364688928672422,0.0020638997658269627,0.013679915402202786,0.03337311786101662,,,,,,,,,,,,,
2095.877693,imu_data_raw,1790841765.188,,,,,,,,,,imu_frame,-0.07363640516996384,-0.19812019169330597,-0.016160860657691956,,,,,,,,,,,,,,,,,
2095.896634,ground_trial_sample,1790841765.319,odom,base_footprint,progress=0.0078;cross_track=0.0006;one_shot=true,0.9154937267303467,-0.001815664698369801,-0.02877972506834087,0.0381565334179221,-0.00364921039274791,-0.01526776235550642,,,,,,,,0.0361066184834662,0.007769136920792198,,0.0005681665419459525,,1790841765.5040464,0.18504643440246582,0.31604647636413574,0.9369120096495298,-0.0017173489416539387,-0.021939767367239477,0.39223127458819457,0.006839957701101393,False
2095.897252,cmd_vel_sent,,,,,,,,,,,,,,,0.14339908081507594,0.0021113026975021886,0.013679915402202786,0.0361066184834662,,,,,,,,,,,,,
2095.916577,ground_trial_sample,1790841765.319,odom,base_footprint,progress=0.0078;cross_track=0.0006;one_shot=true,0.9154937267303467,-0.001815664698369801,-0.02877972506834087,0.0381565334179221,-0.00364921039274791,-0.01526776235550642,,,,,,,,0.038972054403176415,0.007769136920792198,,0.0005681665419459525,,1790841765.5239866,0.204986572265625,0.3359866142272949,0.9391099936459933,-0.0017655799381795395,-0.021939767367239477,0.39223127458819457,0.006839957701101393,False
2095.917166,cmd_vel_sent,,,,,,,,,,,,,,,0.15039265000087246,0.0021591391609250793,0.013679915402202786,0.038972054403176415,,,,,,,,,,,,,
2095.917847,cmd_vel_observed,,,,,,,,,,,,,,,0.09508713905382409,0.0008900876656924496,0.011053858383928665,,,,,,,,,,,,,,
2095.936576,ground_trial_sample,1790841765.319,odom,base_footprint,progress=0.0078;cross_track=0.0006;one_shot=true,0.9154937267303467,-0.001815664698369801,-0.02877972506834087,0.0381565334179221,-0.00364921039274791,-0.01526776235550642,,,,,,,,0.041980927745616854,0.007769136920792198,,0.0005681665419459525,,1790841765.5439923,0.2249922752380371,0.35599231719970703,0.9413906576124789,-0.0018156252051244374,-0.021939767367239477,0.39223127458819457,0.006839957701101393,False
2095.937156,cmd_vel_sent,,,,,,,,,,,,,,,0.15747483082693117,0.002207581733671493,0.013679915402202786,0.041980927745616854,,,,,,,,,,,,,
2095.937869,odom_raw,1790841765.406,odom,base_footprint,,0.9194721579551697,-0.0023740287870168686,-0.02877972506834087,0.04572914191771904,-0.0064179788765531395,0.0,,,,,,,,,,,,,,,,,,,,,
2095.956528,ground_trial_sample,1790841765.406,odom,base_footprint,progress=0.0118;cross_track=0.0010;one_shot=true,0.9194721579551697,-0.0023740287870168686,-0.02877972506834087,0.04572914191771904,-0.0064179788765531395,0.0,,,,,,,,0.045127915215762496,0.011758860063781762,,0.0010391173975888407,,1790841765.5639448,0.157944917678833,0.3759448528289795,0.9437486256147883,-0.0018673667768146075,-0.021939767367239477,0.3882425305191849,0.006839957701101393,False
2095.957169,cmd_vel_sent,,,,,,,,,,,,,,,0.15910622353945097,0.003210109449419688,0.013679915402202786,0.045127915215762496,,,,,,,,,,,,,
2095.957679,imu_data_raw,1790841765.223,,,,,,,,,,imu_frame,-0.10665960609912872,-0.2603694200515747,-0.03531447425484657,,,,,,,,,,,,,,,,,
2095.976536,ground_trial_sample,1790841765.406,odom,base_footprint,progress=0.0118;cross_track=0.0010;one_shot=true,0.9194721579551697,-0.0023740287870168686,-0.02877972506834087,0.04572914191771904,-0.0064179788765531395,0.0,,,,,,,,0.048311152769173096,0.011758860063781762,,0.0010391173975888407,,1790841765.5839484,0.1779484748840332,0.3609483242034912,0.9461890131989391,-0.0019209169051511554,-0.021939767367239477,0.3882425305191849,0.006839957701101393,False
2095.977118,cmd_vel_sent,,,,,,,,,,,,,,,0.16634773118549173,0.003259641827871012,0.013679915402202786,0.048311152769173096,,,,,,,,,,,,,
2095.997097,ground_trial_sample,1790841765.406,odom,base_footprint,progress=0.0118;cross_track=0.0010;one_shot=true,0.9194721579551697,-0.0023740287870168686,-0.02877972506834087,0.04572914191771904,-0.0064179788765531395,0.0,,,,,,,,0.05172237614284982,0.011758860063781762,,0.0010391173975888407,,1790841765.604504,0.19850420951843262,0.3815040588378906,0.9487733946645008,-0.0019776267327417493,-0.021939767367239477,0.3882425305191849,0.006839957701101393,False
2095.997740,cmd_vel_sent,,,,,,,,,,,,,,,0.1738531942411357,0.003310979678315438,0.013679915402202786,0.05172237614284982,,,,,,,,,,,,,
2095.998472,cmd_vel_observed,,,,,,,,,,,,,,,0.1161860985491106,0.0019251641470410922,0.013679915402202786,,,,,,,,,,,,,,
2096.016665,ground_trial_sample,1790841765.406,odom,base_footprint,progress=0.0118;cross_track=0.0010;one_shot=true,0.9194721579551697,-0.0023740287870168686,-0.02877972506834087,0.04572914191771904,-0.0064179788765531395,0.0,,,,,,,,0.05511847808757868,0.011758860063781762,,0.0010391173975888407,,1790841765.624075,0.21807503700256348,0.4010748863220215,0.9513134392036576,-0.002033363662373657,-0.021939767367239477,0.3882425305191849,0.006839957701101393,False
2096.017294,cmd_vel_sent,,,,,,,,,,,,,,,0.18108106523113474,0.0033604187811616137,0.013679915402202786,0.05511847808757868,,,,,,,,,,,,,
2096.018020,odom_raw,1790841765.496,odom,base_footprint,,0.9256719946861267,-0.0023229382932186127,-0.02465742887480975,0.0688842730111198,0.0008516391280084196,0.04580328240990639,,,,,,,,,,,,,,,,,,,,,
2096.036731,ground_trial_sample,1790841765.496,odom,base_footprint,progress=0.0180;cross_track=0.0009;one_shot=true,0.9256719946861267,-0.0023229382932186127,-0.02465742887480975,0.0688842730111198,0.0008516391280084196,0.04580328240990639,,,,,,,,0.058738394027184976,0.017956083874746977,,0.0008520271362540203,,1790841765.64414,0.14813995361328125,0.4211399555206299,0.9539918027680829,-0.002092135766255186,-0.021939767367239477,0.3820448662114966,0.0027176615075702737,False
2096.037361,cmd_vel_sent,,,,,,,,,,,,,,,0.17777880921984798,0.0008626487839752924,0.005435323015140547,0.058738394027184976,,,,,,,,,,,,,
2096.037896,imu_data_raw,1790841765.258,,,,,,,,,,imu_frame,-0.14820492267608643,-0.0736217051744461,0.046088382601737976,,,,,,,,,,,,,,,,,
2096.056604,ground_trial_sample,1790841765.496,odom,base_footprint,progress=0.0180;cross_track=0.0009;one_shot=true,0.9256719946861267,-0.0023229382932186127,-0.02465742887480975,0.0688842730111198,0.0008516391280084196,0.04580328240990639,,,,,,,,0.062293414193096856,0.017956083874746977,,0.0008520271362540203,,1790841765.6640186,0.16801857948303223,0.4060187339782715,0.9567513737048328,-0.0021526898269201775,-0.021939767367239477,0.3820448662114966,0.0027176615075702737,False
2096.057170,cmd_vel_sent,,,,,,,,,,,,,,,0.18533820941850856,0.0008831927254925572,0.005435323015140547,0.062293414193096856,,,,,,,,,,,,,
2096.076590,ground_trial_sample,1790841765.496,odom,base_footprint,progress=0.0180;cross_track=0.0009;one_shot=true,0.9256719946861267,-0.0023229382932186127,-0.02465742887480975,0.0688842730111198,0.0008516391280084196,0.04580328240990639,,,,,,,,0.06599833055286644,0.017956083874746977,,0.0008520271362540203,,1790841765.6840017,0.1880016326904297,0.42600178718566895,0.9595899144064102,-0.0022149767439022094,-0.021939767367239477,0.3820448662114966,0.0027176615075702737,False
2096.077228,cmd_vel_sent,,,,,,,,,,,,,,,0.19297495794634767,0.0009039468741042123,0.005435323015140547,0.06599833055286644,,,,,,,,,,,,,
2096.077945,cmd_vel_observed,,,,,,,,,,,,,,,0.14339908081507594,0.0021113026975021886,0.013679915402202786,,,,,,,,,,,,,,
2096.096707,ground_trial_sample,1790841765.496,odom,base_footprint,progress=0.0180;cross_track=0.0009;one_shot=true,0.9256719946861267,-0.0023229382932186127,-0.02465742887480975,0.0688842730111198,0.0008516391280084196,0.04580328240990639,,,,,,,,0.06986413917834229,0.017956083874746977,,0.0008520271362540203,,1790841765.7041154,0.2081153392791748,0.44611549377441406,0.9625146698887727,-0.002279155496675216,-0.021939767367239477,0.3820448662114966,0.0027176615075702737,False
2096.097326,cmd_vel_sent,,,,,,,,,,,,,,,0.19999787620866047,0.0009216897663121901,0.005435323015140547,0.06986413917834229,,,,,,,,,,,,,
2096.098061,odom_raw,1790841765.599,odom,base_footprint,,0.9359304904937744,-0.001787836430594325,-0.016794532960543725,0.09955336253470193,0.005978117314101529,0.07633879780769348,,,,,,,,,,,,,,,,,,,,,
2096.116574,ground_trial_sample,1790841765.599,odom,base_footprint,progress=0.0282;cross_track=0.0001;one_shot=true,0.9359304904937744,-0.001787836430594325,-0.016794532960543725,0.09955336253470193,0.005978117314101529,0.07633879780769348,,,,,,,,0.07385884657837609,0.02820037173199576,,9.200309930871902e-05,,1790841765.7239919,0.12499189376831055,0.4659919738769531,0.9655003688040744,-0.0023446715487675475,-0.021939767367239477,0.37179963965124607,0.005145234406695752,False
2096.117193,cmd_vel_sent,,,,,,,,,,,,,,,0.1896848913510425,-0.002516135323233069,-0.010290468813391504,0.07385884657837609,,,,,,,,,,,,,
2096.117729,imu_data_raw,1790841765.327,,,,,,,,,,imu_frame,-0.15140071511268616,-0.27473464608192444,-0.0065840547904372215,,,,,,,,,,,,,,,,,
2096.136950,ground_trial_sample,1790841765.599,odom,base_footprint,progress=0.0282;cross_track=0.0001;one_shot=true,0.9359304904937744,-0.001787836430594325,-0.016794532960543725,0.09955336253470193,0.005978117314101529,0.07633879780769348,,,,,,,,0.07765490606127663,0.02820037173199576,,9.200309930871902e-05,,1790841765.7443488,0.14534878730773926,0.41734886169433594,0.968501249916995,-0.002410520748199341,-0.021939767367239477,0.37179963965124607,0.005145234406695752,False
2096.137680,cmd_vel_sent,,,,,,,,,,,,,,,0.19268645511970564,-0.0025315792086939696,-0.010290468813391504,0.07765490606127663,,,,,,,,,,,,,
2096.156786,ground_trial_sample,1790841765.599,odom,base_footprint,progress=0.0282;cross_track=0.0001;one_shot=true,0.9359304904937744,-0.001787836430594325,-0.016794532960543725,0.09955336253470193,0.005978117314101529,0.07633879780769348,,,,,,,,0.08151070015748768,0.02820037173199576,,9.200309930871902e-05,,1790841765.764186,0.16518592834472656,0.43718600273132324,0.9715018760913904,-0.002476364353441574,-0.021939767367239477,0.37179963965124607,0.005145234406695752,False
2096.157514,cmd_vel_sent,,,,,,,,,,,,,,,0.1956877638918488,-0.0025470217821264244,-0.010290468813391504,0.08151070015748768,,,,,,,,,,,,,
2096.158337,cmd_vel_observed,,,,,,,,,,,,,,,0.16634773118549173,0.003259641827871012,0.013679915402202786,,,,,,,,,,,,,,
2096.176707,ground_trial_sample,1790841765.599,odom,base_footprint,progress=0.0282;cross_track=0.0001;one_shot=true,0.9359304904937744,-0.001787836430594325,-0.016794532960543725,0.09955336253470193,0.005978117314101529,0.07633879780769348,,,,,,,,0.08542449924965867,0.02820037173199576,,9.200309930871902e-05,,1790841765.784111,0.18511104583740234,0.457111120223999,0.9745009336432732,-0.002542173537947772,-0.021939767367239477,0.37179963965124607,0.005145234406695752,False
2096.177344,cmd_vel_sent,,,,,,,,,,,,,,,0.19868750368464116,-0.0025624562827211016,-0.010290468813391504,0.08542449924965867,,,,,,,,,,,,,
2096.178474,odom_raw,1790841765.676,odom,base_footprint,,0.9459450840950012,-0.001759687322191894,-0.013267681329477322,0.13005790242074702,0.0008242717094146502,0.04580327123403549,,,,,,,,,,,,,,,,,,,,,
2096.196774,ground_trial_sample,1790841765.676,odom,base_footprint,progress=0.0382;cross_track=0.0002;one_shot=true,0.9459450840950012,-0.001759687322191894,-0.013267681329477322,0.13005790242074702,0.0008242717094146502,0.04580327123403549,,,,,,,,0.08940137992464432,0.038211937615258616,,0.00015583946185460768,,1790841765.8041737,0.1281735897064209,0.4771738052368164,0.9775023249334418,-0.0026080339323460034,-0.021939767367239477,0.3617880959485033,0.008672086037762157,False
2096.197462,cmd_vel_sent,,,,,,,,,,,,,,,0.1855518462748832,-0.002500491801407466,-0.017344172075524314,0.08940137992464432,,,,,,,,,,,,,
2096.198038,imu_data_raw,1790841765.378,,,,,,,,,,imu_frame,0.13089436292648315,0.01735796220600605,0.06524199992418289,,,,,,,,,,,,,,,,,
2096.216670,ground_trial_sample,1790841765.676,odom,base_footprint,progress=0.0382;cross_track=0.0002;one_shot=true,0.9459450840950012,-0.001759687322191894,-0.013267681329477322,0.13005790242074702,0.0008242717094146502,0.04580327123403549,,,,,,,,0.09311023637560022,0.038211937615258616,,0.00015583946185460768,,1790841765.8240793,0.14807915687561035,0.4460792541503906,0.9804995685220794,-0.002673803312533738,-0.021939767367239477,0.3617880959485033,0.008672086037762157,False
2096.217314,cmd_vel_sent,,,,,,,,,,,,,,,0.18854969864452303,-0.002526490086823106,-0.017344172075524314,0.09311023637560022,,,,,,,,,,,,,
2096.236699,ground_trial_sample,1790841765.676,odom,base_footprint,progress=0.0382;cross_track=0.0002;one_shot=true,0.9459450840950012,-0.001759687322191894,-0.013267681329477322,0.13005790242074702,0.0008242717094146502,0.04580327123403549,,,,,,,,0.09688194525174454,0.038211937615258616,,0.00015583946185460768,,1790841765.8441033,0.16810321807861328,0.46610331535339355,0.9834991458488664,-0.002739623902610513,-0.021939767367239477,0.3617880959485033,0.008672086037762157,False
2096.237323,cmd_vel_sent,,,,,,,,,,,,,,,0.19154988522632624,-0.0025525086152349175,-0.017344172075524314,0.09688194525174454,,,,,,,,,,,,,
2096.238028,cmd_vel_observed,,,,,,,,,,,,,,,0.18533820941850856,0.0008831927254925572,0.005435323015140547,,,,,,,,,,,,,,
2096.256598,ground_trial_sample,1790841765.676,odom,base_footprint,progress=0.0382;cross_track=0.0002;one_shot=true,0.9459450840950012,-0.001759687322191894,-0.013267681329477322,0.13005790242074702,0.0008242717094146502,0.04580327123403549,,,,,,,,0.10070702726875652,0.038211937615258616,,0.00015583946185460768,,1790841765.864011,0.18801093101501465,0.4860110282897949,0.9864935266266507,-0.0028053304633143257,-0.021939767367239477,0.3617880959485033,0.008672086037762157,False
2096.257231,cmd_vel_sent,,,,,,,,,,,,,,,0.19454487420363678,-0.002578482068443412,-0.017344172075524314,0.10070702726875652,,,,,,,,,,,,,
2096.257974,odom_raw,1790841765.775,odom,base_footprint,,0.9610957503318787,-0.0014558250550180674,-0.007221644444824491,0.15301580191596567,0.003994522455585721,0.06107107177376747,,,,,,,,,,,,,,,,,,,,,
2096.276580,ground_trial_sample,1790841765.775,odom,base_footprint,progress=0.0534;cross_track=0.0008;one_shot=true,0.9610957503318787,-0.0014558250550180674,-0.007221644444824491,0.15301580191596567,0.003994522455585721,0.06107107177376747,,,,,,,,0.10459907917305043,0.05335229145347921,,0.0007920040255871937,imu_source_stamp_stale,1790841765.8839943,0.1089942455291748,0.5059943199157715,0.9894934310247225,-0.0028711582304106007,-0.021939767367239477,0.3466486133117082,0.014718122922414987,False
2096.277158,cmd_vel_sent,,,,,,,,,,,,,,,0.1777910723869349,-0.004879273458339203,-0.029436245844829973,0.10459907917305043,,,,,,,,,,,,,
2096.277694,imu_data_raw,1790841765.458,,,,,,,,,,imu_frame,0.08934905380010605,0.08918401598930359,-0.18375498056411743,,,,,,,,,,,,,,,,,
2096.296823,ground_trial_sample,1790841765.775,odom,base_footprint,progress=0.0534;cross_track=0.0008;one_shot=true,0.9610957503318787,-0.0014558250550180674,-0.007221644444824491,0.15301580191596567,0.003994522455585721,0.06107107177376747,,,,,,,,0.10817386800456806,0.05335229145347921,,0.0007920040255871937,,1790841765.904218,0.12921786308288574,0.44621801376342773,0.9925075728455008,-0.002937298413378051,-0.021939767367239477,0.3466486133117082,0.014718122922414987,False
2096.297667,cmd_vel_sent,,,,,,,,,,,,,,,0.18080561324780214,-0.004923645045301225,-0.029436245844829973,0.10817386800456806,,,,,,,,,,,,,
2096.316678,ground_trial_sample,1790841765.775,odom,base_footprint,progress=0.0534;cross_track=0.0008;one_shot=true,0.9610957503318787,-0.0014558250550180674,-0.007221644444824491,0.15301580191596567,0.003994522455585721,0.06107107177376747,,,,,,,,0.11177491041971549,0.05335229145347921,,0.0007920040255871937,,1790841765.9240878,0.14908766746520996,0.46608781814575195,0.9954932447696909,-0.003002813873196635,-0.021939767367239477,0.3466486133117082,0.014718122922414987,False
2096.317397,cmd_vel_sent,,,,,,,,,,,,,,,0.1837916804429718,-0.00496759752308811,-0.029436245844829973,0.11177491041971549,,,,,,,,,,,,,
2096.318163,cmd_vel_observed,,,,,,,,,,,,,,,0.19268645511970564,-0.0025315792086939696,-0.010290468813391504,,,,,,,,,,,,,,
2096.336753,ground_trial_sample,1790841765.775,odom,base_footprint,progress=0.0534;cross_track=0.0008;one_shot=true,0.9610957503318787,-0.0014558250550180674,-0.007221644444824491,0.15301580191596567,0.003994522455585721,0.06107107177376747,,,,,,,,0.11545163930168315,0.05335229145347921,,0.0007920040255871937,,1790841765.9441679,0.16916775703430176,0.48616790771484375,0.9984921580563955,-0.003068619892050435,-0.021939767367239477,0.3466486133117082,0.014718122922414987,False
2096.337333,cmd_vel_sent,,,,,,,,,,,,,,,0.18679099075367053,-0.005011744928752726,-0.029436245844829973,0.11545163930168315,,,,,,,,,,,,,
2096.337983,imu_data_raw,1790841765.506,,,,,,,,,,imu_frame,0.08934905380010605,0.3381809890270233,-0.38965633511543274,,,,,,,,,,,,,,,,,
2096.356722,ground_trial_sample,1790841765.775,odom,base_footprint,progress=0.0534;cross_track=0.0008;one_shot=true,0.9610957503318787,-0.0014558250550180674,-0.007221644444824491,0.15301580191596567,0.003994522455585721,0.06107107177376747,,,,,,,,0.11918853486211282,0.05335229145347921,,0.0007920040255871937,,1790841765.964136,0.18913578987121582,0.45813584327697754,1.0014912204071404,-0.003134429181859451,-0.021939767367239477,0.3466486133117082,0.014718122922414987,False
2096.357464,cmd_vel_sent,,,,,,,,,,,,,,,0.18979045014814414,-0.0050558945288091215,-0.029436245844829973,0.11918853486211282,,,,,,,,,,,,,
2096.376773,ground_trial_sample,1790841765.775,odom,base_footprint,progress=0.0534;cross_track=0.0008;one_shot=true,0.9610957503318787,-0.0014558250550180674,-0.007221644444824491,0.15301580191596567,0.003994522455585721,0.06107107177376747,,,,,,,,0.12299565744767182,0.05335229145347921,,0.0007920040255871937,,1790841765.9841702,0.20917010307312012,0.47817015647888184,1.0044983710608775,-0.0032004159556329233,-0.021939767367239477,0.3466486133117082,0.014718122922414987,False
2096.377479,cmd_vel_sent,,,,,,,,,,,,,,,0.1927979989164145,-0.005100163197861247,-0.029436245844829973,0.12299565744767182,,,,,,,,,,,,,
2096.378741,cmd_vel_observed,,,,,,,,,,,,,,,0.1855518462748832,-0.002500491801407466,-0.017344172075524314,,,,,,,,,,,,,,
2096.396950,ground_trial_sample,1790841765.775,odom,base_footprint,progress=0.0534;cross_track=0.0008;one_shot=true,0.9610957503318787,-0.0014558250550180674,-0.007221644444824491,0.15301580191596567,0.003994522455585721,0.06107107177376747,,,,,,,,0.12686531881001545,0.05335229145347921,,0.0007920040255871937,,1790841766.0043507,0.22935056686401367,0.4983506202697754,1.0075072537976861,-0.0032664407370046034,-0.021939767367239477,0.3466486133117082,0.014718122922414987,False
2096.397738,cmd_vel_sent,,,,,,,,,,,,,,,0.19580727999706568,-0.0051444573651411255,-0.029436245844829973,0.12686531881001545,,,,,,,,,,,,,
2096.398532,odom_raw,1790841765.879,odom,base_footprint,,0.9783294796943665,-0.0018454607343301177,0.00389328314275364,0.16574021996705585,-0.0019044615246573303,0.10687430202960968,,,,,,,,,,,,,,,,,,,,,
2096.416626,ground_trial_sample,1790841765.879,odom,base_footprint,progress=0.0706;cross_track=0.0008;one_shot=true,0.9783294796943665,-0.0018454607343301177,0.00389328314275364,0.16574021996705585,-0.0019044615246573303,0.10687430202960968,,,,,,,,0.13076041592741616,0.07059042105566762,,0.0007805357989463288,imu_source_stamp_stale,1790841766.0240366,0.1450366973876953,0.5180366039276123,1.0104893822248506,-0.0033318784408463463,-0.021939767367239477,0.32941050368258723,0.025833050509993117,False
2096.417232,cmd_vel_sent,,,,,,,,,,,,,,,0.17894750406866222,-0.005751101839409824,-0.051666101019986234,0.13076041592741616,,,,,,,,,,,,,
2096.417779,imu_data_raw,1790841765.607,,,,,,,,,,imu_frame,-0.07363640516996384,0.012569558806717396,-0.2795230448246002,,,,,,,,,,,,,,,,,
2096.436632,ground_trial_sample,1790841765.879,odom,base_footprint,progress=0.0706;cross_track=0.0008;one_shot=true,0.9783294796943665,-0.0018454607343301177,0.00389328314275364,0.16574021996705585,-0.0019044615246573303,0.10687430202960968,,,,,,,,0.13434087206168427,0.07059042105566762,,0.0007805357989463288,,1790841766.0440469,0.16504693031311035,0.43704676628112793,1.013488373942664,-0.0033976861807365746,-0.021939767367239477,0.32941050368258723,0.025833050509993117,False
2096.437230,cmd_vel_sent,,,,,,,,,,,,,,,0.1819462168501482,-0.00582858497495886,-0.051666101019986234,0.13434087206168427,,,,,,,,,,,,,
2096.456563,ground_trial_sample,1790841765.879,odom,base_footprint,progress=0.0706;cross_track=0.0008;one_shot=true,0.9783294796943665,-0.0018454607343301177,0.00389328314275364,0.16574021996705585,-0.0019044615246573303,0.10687430202960968,,,,,,,,0.1379787864981758,0.07059042105566762,,0.0007805357989463288,,1790841766.0639753,0.18497538566589355,0.45697522163391113,1.016485282211953,-0.00346344820291517,-0.021939767367239477,0.32941050368258723,0.025833050509993117,False
2096.457164,cmd_vel_sent,,,,,,,,,,,,,,,0.18494284637689165,-0.005906014281708223,-0.051666101019986234,0.1379787864981758,,,,,,,,,,,,,
2096.457851,cmd_vel_observed,,,,,,,,,,,,,,,0.1777910723869349,-0.004879273458339203,-0.029436245844829973,,,,,,,,,,,,,,
2096.476541,ground_trial_sample,1790841765.879,odom,base_footprint,progress=0.0706;cross_track=0.0008;one_shot=true,0.9783294796943665,-0.0018454607343301177,0.00389328314275364,0.16574021996705585,-0.0019044615246573303,0.10687430202960968,,,,,,,,0.14167821984988366,0.07059042105566762,,0.0007805357989463288,,1790841766.0839565,0.2049565315246582,0.4769563674926758,1.0194834992162685,-0.003529238943043764,-0.021939767367239477,0.32941050368258723,0.025833050509993117,False
2096.477108,cmd_vel_sent,,,,,,,,,,,,,,,0.187940784516936,-0.00598347740145308,-0.051666101019986234,0.14167821984988366,,,,,,,,,,,,,
2096.477849,odom_raw,1790841765.946,odom,base_footprint,,0.989944577217102,-0.0014585752505809069,0.005939162226870172,0.1733473437891248,0.006129070721076524,0.030535513535141945,,,,,,,,,,,,,,,,,,,,,
2096.496711,ground_trial_sample,1790841765.946,odom,base_footprint,progress=0.0822;cross_track=0.0014;one_shot=true,0.989944577217102,-0.0014585752505809069,0.005939162226870172,0.1733473437891248,0.006129070721076524,0.030535513535141945,,,,,,,,0.1454449755993247,0.08219423571068103,,0.001422140266114825,,1790841766.1041205,0.15812039375305176,0.49712038040161133,1.022487590756369,-0.0035951585898047495,-0.021939767367239477,0.31780894622155414,0.02787892959410965,False
2096.497413,cmd_vel_sent,,,,,,,,,,,,,,,0.17778366598473203,-0.008367266191381176,-0.0557578591882193,0.1454449755993247,,,,,,,,,,,,,
2096.497992,imu_data_raw,1790841765.658,,,,,,,,,,imu_frame,0.11278487741947174,-0.08798690885305405,-0.45669397711753845,,,,,,,,,,,,,,,,,
2096.516565,ground_trial_sample,1790841765.946,odom,base_footprint,progress=0.0822;cross_track=0.0014;one_shot=true,0.989944577217102,-0.0014585752505809069,0.005939162226870172,0.1733473437891248,0.006129070721076524,0.030535513535141945,,,,,,,,0.14900200081688286,0.08219423571068103,,0.001422140266114825,,1790841766.1239843,0.17798423767089844,0.4659843444824219,1.0254846915793836,-0.003660924837245253,-0.021939767367239477,0.31780894622155414,0.02787892959410965,False
2096.517175,cmd_vel_sent,,,,,,,,,,,,,,,0.18078032335444594,-0.008450831442268983,-0.0557578591882193,0.14900200081688286,,,,,,,,,,,,,
2096.536601,ground_trial_sample,1790841765.946,odom,base_footprint,progress=0.0822;cross_track=0.0014;one_shot=true,0.989944577217102,-0.0014585752505809069,0.005939162226870172,0.1733473437891248,0.006129070721076524,0.030535513535141945,,,,,,,,0.15262244075076786,0.08219423571068103,,0.001422140266114825,,1790841766.1440084,0.19800829887390137,0.4860084056854248,1.0284847030517068,-0.0037267549539026995,-0.021939767367239477,0.31780894622155414,0.02787892959410965,False
2096.537215,cmd_vel_sent,,,,,,,,,,,,,,,0.1837798909428067,-0.008534477847964086,-0.0557578591882193,0.15262244075076786,,,,,,,,,,,,,
2096.537907,cmd_vel_observed,,,,,,,,,,,,,,,0.18979045014814414,-0.0050558945288091215,-0.029436245844829973,,,,,,,,,,,,,,
2096.556482,ground_trial_sample,1790841765.946,odom,base_footprint,progress=0.0822;cross_track=0.0014;one_shot=true,0.989944577217102,-0.0014585752505809069,0.005939162226870172,0.1733473437891248,0.006129070721076524,0.030535513535141945,,,,,,,,0.15629388077886988,0.08219423571068103,,0.001422140266114825,imu_source_stamp_stale,1790841766.1638985,0.21789836883544922,0.5058984756469727,1.0314773631436236,-0.003792423757100439,-0.021939767367239477,0.31780894622155414,0.02787892959410965,False
2096.557023,cmd_vel_sent,,,,,,,,,,,,,,,0.1867721082384768,-0.008617919282260387,-0.0557578591882193,0.15629388077886988,,,,,,,,,,,,,
2096.557743,odom_raw,1790841766.054,odom,base_footprint,,1.0089430809020996,-0.00107036461122334,0.004290244674866771,0.1759178377508,0.0033044740028341873,-0.015267756767570972,,,,,,,,,,,,,,,,,,,,,
2096.576383,ground_trial_sample,1790841766.054,odom,base_footprint,progress=0.1012;cross_track=0.0022;one_shot=true,1.0089430809020996,-0.00107036461122334,0.004290244674866771,0.1759178377508,0.0033044740028341873,-0.015267756767570972,,,,,,,,0.1600350757212039,0.10117965051416201,,0.002227046788104574,imu_source_stamp_stale,1790841766.1838124,0.12981247901916504,0.5258123874664307,1.0344780675991654,-0.0038582690800884334,-0.021939767367239477,0.2988286482321178,0.02623001204210625,False
2096.576920,cmd_vel_sent,,,,,,,,,,,,,,,0.17027479412859345,-0.008128233672305366,-0.0524600240842125,0.1600350757212039,,,,,,,,,,,,,
2096.577406,imu_data_raw,1790841765.74,,,,,,,,,,imu_frame,0.2406166046857834,0.09876082092523575,-0.6530185341835022,,,,,,,,,,,,,,,,,
2096.596693,ground_trial_sample,1790841766.054,odom,base_footprint,progress=0.1012;cross_track=0.0022;one_shot=true,1.0089430809020996,-0.00107036461122334,0.004290244674866771,0.1759178377508,0.0033044740028341873,-0.015267756767570972,,,,,,,,0.16344930852706147,0.10117965051416201,,0.002227046788104574,,1790841766.2040944,0.15009450912475586,0.4640944004058838,1.0374816201689807,-0.003924176900069068,-0.021939767367239477,0.2988286482321178,0.02623001204210625,False
2096.597436,cmd_vel_sent,,,,,,,,,,,,,,,0.1732780362966512,-0.008207026821618758,-0.0524600240842125,0.16344930852706147,,,,,,,,,,,,,
2096.616471,ground_trial_sample,1790841766.054,odom,base_footprint,progress=0.1012;cross_track=0.0022;one_shot=true,1.0089430809020996,-0.00107036461122334,0.004290244674866771,0.1759178377508,0.0033044740028341873,-0.015267756767570972,,,,,,,,0.16691583500603843,0.10117965051416201,,0.002227046788104574,,1790841766.2238758,0.1698758602142334,0.48387575149536133,1.0404783745753672,-0.003989935545989629,-0.021939767367239477,0.2988286482321178,0.02623001204210625,False
2096.617050,cmd_vel_sent,,,,,,,,,,,,,,,0.17627448100383541,-0.00828564163254996,-0.0524600240842125,0.16691583500603843,,,,,,,,,,,,,
2096.617733,cmd_vel_observed,,,,,,,,,,,,,,,0.1819462168501482,-0.00582858497495886,-0.051666101019986234,,,,,,,,,,,,,,
2096.636486,ground_trial_sample,1790841766.054,odom,base_footprint,progress=0.1012;cross_track=0.0022;one_shot=true,1.0089430809020996,-0.00107036461122334,0.004290244674866771,0.1759178377508,0.0033044740028341873,-0.015267756767570972,,,,,,,,0.17044416108608512,0.10117965051416201,,0.002227046788104574,imu_source_stamp_stale,1790841766.2439017,0.18990182876586914,0.5039017200469971,1.0434767551902722,-0.004055729876272559,-0.021939767367239477,0.2988286482321178,0.02623001204210625,False
2096.637088,cmd_vel_sent,,,,,,,,,,,,,,,0.1792725517514778,-0.008364299104326157,-0.0524600240842125,0.17044416108608512,,,,,,,,,,,,,
2096.637789,odom_raw,1790841766.126,odom,base_footprint,,1.0217951536178589,-0.0013823882909491658,0.002091687532098265,0.1784903944818005,-0.004726095158479083,-0.030535513535141945,,,,,,,,,,,,,,,,,,,,,
2096.656633,ground_trial_sample,1790841766.126,odom,base_footprint,progress=0.1140;cross_track=0.0022;one_shot=true,1.0217951536178589,-0.0013823882909491658,0.002091687532098265,0.1784903944818005,-0.004726095158479083,-0.030535513535141945,,,,,,,,0.1740401481551562,0.11403547533735428,,0.0021970470669879813,imu_source_stamp_stale,1790841766.26404,0.13804006576538086,0.5240399837493896,1.0464815779543901,-0.004121665568492975,-0.021939767367239477,0.28597296442382014,0.024031454899337744,False
2096.657246,cmd_vel_sent,,,,,,,,,,,,,,,0.1689326434496217,-0.006096266938594298,-0.04806290979867549,0.1740401481551562,,,,,,,,,,,,,
2096.657805,imu_data_raw,1790841765.818,,,,,,,,,,imu_frame,-0.004394215997308493,-0.17896658182144165,-0.45669397711753845,,,,,,,,,,,,,,,,,
2096.676549,ground_trial_sample,1790841766.126,odom,base_footprint,progress=0.1140;cross_track=0.0022;one_shot=true,1.0217951536178589,-0.0013823882909491658,0.002091687532098265,0.1784903944818005,-0.004726095158479083,-0.030535513535141945,,,,,,,,0.17741959281752837,0.11403547533735428,,0.0021970470669879813,,1790841766.283967,0.15796709060668945,0.46596693992614746,1.0494796073538049,-0.004187452191953146,-0.021939767367239477,0.28597296442382014,0.024031454899337744,False
2096.677111,cmd_vel_sent,,,,,,,,,,,,,,,0.17193052868565484,-0.006168324354284023,-0.04806290979867549,0.17741959281752837,,,,,,,,,,,,,
2096.697213,ground_trial_sample,1790841766.126,odom,base_footprint,progress=0.1140;cross_track=0.0022;one_shot=true,1.0217951536178589,-0.0013823882909491658,0.002091687532098265,0.1784903944818005,-0.004726095158479083,-0.030535513535141945,,,,,,,,0.18086691470580424,0.11403547533735428,,0.0021970470669879813,,1790841766.3045545,0.17855453491210938,0.4865543842315674,1.0524845503889946,-0.00425339052331636,-0.021939767367239477,0.28597296442382014,0.024031454899337744,False
2096.698015,cmd_vel_sent,,,,,,,,,,,,,,,0.17493532722501354,-0.006240547938700126,-0.04806290979867549,0.18086691470580424,,,,,,,,,,,,,
2096.698868,cmd_vel_observed,,,,,,,,,,,,,,,0.18078032335444594,-0.008450831442268983,-0.0557578591882193,,,,,,,,,,,,,,
2096.716544,ground_trial_sample,1790841766.126,odom,base_footprint,progress=0.1140;cross_track=0.0022;one_shot=true,1.0217951536178589,-0.0013823882909491658,0.002091687532098265,0.1784903944818005,-0.004726095158479083,-0.030535513535141945,,,,,,,,0.1843577576006762,0.11403547533735428,,0.0021970470669879813,imu_source_stamp_stale,1790841766.3239503,0.1979503631591797,0.5059502124786377,1.0554751849185906,-0.004319014879016116,-0.021939767367239477,0.28597296442382014,0.024031454899337744,False
2096.717251,cmd_vel_sent,,,,,,,,,,,,,,,0.17792581794681803,-0.006312427619238689,-0.04806290979867549,0.1843577576006762,,,,,,,,,,,,,
2096.718096,odom_raw,1790841766.216,odom,base_footprint,,1.038088321685791,-0.0015777830267325044,0.0034657857104017746,0.181037590818804,-0.0019222906458762233,0.015267756767570972,,,,,,,,,,,,,,,,,,,,,
2096.736585,ground_trial_sample,1790841766.216,odom,base_footprint,progress=0.1303;cross_track=0.0024;one_shot=true,1.038088321685791,-0.0015777830267325044,0.0034657857104017746,0.181037590818804,-0.0019222906458762233,0.015267756767570972,,,,,,,,0.1879216627917292,0.13032900874785855,,0.0023591389959558653,imu_source_stamp_stale,1790841766.3439991,0.12799906730651855,0.5259990692138672,1.058477116228712,-0.004384887123227868,-0.021939767367239477,0.2696813101787271,0.025405553077641252,False
2096.737255,cmd_vel_sent,,,,,,,,,,,,,,,0.16411488836170104,-0.006940314856219631,-0.050811106155282504,0.1879216627917292,,,,,,,,,,,,,
2096.737849,imu_data_raw,1790841765.923,,,,,,,,,,imu_frame,0.13515542447566986,-0.04010287672281265,-0.24600422382354736,,,,,,,,,,,,,,,,,
2096.756729,ground_trial_sample,1790841766.216,odom,base_footprint,progress=0.1303;cross_track=0.0024;one_shot=true,1.038088321685791,-0.0015777830267325044,0.0034657857104017746,0.181037590818804,-0.0019222906458762233,0.015267756767570972,,,,,,,,0.19120529994030766,0.13032900874785855,,0.0023591389959558653,,1790841766.364085,0.1480848789215088,0.4410848617553711,1.0614749386779514,-0.004450669205520671,-0.021939767367239477,0.2696813101787271,0.025405553077641252,False
2096.757423,cmd_vel_sent,,,,,,,,,,,,,,,0.16711246482038608,-0.007016486332843556,-0.050811106155282504,0.19120529994030766,,,,,,,,,,,,,
2096.776653,ground_trial_sample,1790841766.216,odom,base_footprint,progress=0.1303;cross_track=0.0024;one_shot=true,1.038088321685791,-0.0015777830267325044,0.0034657857104017746,0.181037590818804,-0.0019222906458762233,0.015267756767570972,,,,,,,,0.19455891059982527,0.13032900874785855,,0.0023591389959558653,,1790841766.3840573,0.16805720329284668,0.461057186126709,1.0644817630102834,-0.004516648818729471,-0.021939767367239477,0.2696813101787271,0.025405553077641252,False
2096.777297,cmd_vel_sent,,,,,,,,,,,,,,,0.17011904242350162,-0.007092886537732473,-0.050811106155282504,0.19455891059982527,,,,,,,,,,,,,
2096.778147,cmd_vel_observed,,,,,,,,,,,,,,,0.1732780362966512,-0.008207026821618758,-0.0524600240842125,,,,,,,,,,,,,,
2096.797628,ground_trial_sample,1790841766.216,odom,base_footprint,progress=0.1303;cross_track=0.0024;one_shot=true,1.038088321685791,-0.0015777830267325044,0.0034657857104017746,0.181037590818804,-0.0019222906458762233,0.015267756767570972,,,,,,,,0.1979589621955586,0.13032900874785855,,0.0023591389959558653,,1790841766.4050007,0.18900060653686523,0.48200058937072754,1.0674763859797278,-0.004582360693914713,-0.021939767367239477,0.2696813101787271,0.025405553077641252,False
2096.798647,cmd_vel_sent,,,,,,,,,,,,,,,0.1731134196649296,-0.007168976718981333,-0.050811106155282504,0.1979589621955586,,,,,,,,,,,,,
2096.799417,imu_data_raw,1790841765.938,,,,,,,,,,imu_frame,-0.1908154934644699,-0.45669397711753845,0.10833762586116791,,,,,,,,,,,,,,,,,
2096.816594,ground_trial_sample,1790841766.216,odom,base_footprint,progress=0.1303;cross_track=0.0024;one_shot=true,1.038088321685791,-0.0015777830267325044,0.0034657857104017746,0.181037590818804,-0.0019222906458762233,0.015267756767570972,,,,,,,,0.20142530146641835,0.13032900874785855,,0.0023591389959558653,,1790841766.4240074,0.2080073356628418,0.4860074520111084,1.0704766189487078,-0.00464819567093715,-0.021939767367239477,0.2696813101787271,0.025405553077641252,False
2096.817280,cmd_vel_sent,,,,,,,,,,,,,,,0.17611340644555676,-0.007245209444345363,-0.050811106155282504,0.20142530146641835,,,,,,,,,,,,,
2096.836695,ground_trial_sample,1790841766.216,odom,base_footprint,progress=0.1303;cross_track=0.0024;one_shot=true,1.038088321685791,-0.0015777830267325044,0.0034657857104017746,0.181037590818804,-0.0019222906458762233,0.015267756767570972,,,,,,,,0.20495085126485788,0.13032900874785855,,0.0023591389959558653,imu_source_stamp_stale,1790841766.4440992,0.22809910774230957,0.5060992240905762,1.0734761541356754,-0.004714015336327719,-0.021939767367239477,0.2696813101787271,0.025405553077641252,False
2096.837378,cmd_vel_sent,,,,,,,,,,,,,,,0.179112695501429,-0.007321424439811397,-0.050811106155282504,0.20495085126485788,,,,,,,,,,,,,
2096.838147,cmd_vel_observed,,,,,,,,,,,,,,,0.1689326434496217,-0.006096266938594298,-0.04806290979867549,,,,,,,,,,,,,,
2096.856651,ground_trial_sample,1790841766.216,odom,base_footprint,progress=0.1303;cross_track=0.0024;one_shot=true,1.038088321685791,-0.0015777830267325044,0.0034657857104017746,0.181037590818804,-0.0019222906458762233,0.015267756767570972,,,,,,,,0.20853400590114599,0.13032900874785855,,0.0023591389959558653,imu_source_stamp_stale,1790841766.4640603,0.2480602264404297,0.5260603427886963,1.0764736831055972,-0.004779790978719249,-0.021939767367239477,0.2696813101787271,0.025405553077641252,False
2096.857311,cmd_vel_sent,,,,,,,,,,,,,,,0.1821099785048784,-0.007397588459438336,-0.050811106155282504,0.20853400590114599,,,,,,,,,,,,,
2096.858129,odom_raw,1790841766.326,odom,base_footprint,,1.0591243505477905,-0.0017853467725217342,0.0017863324985238726,0.1912329372964251,-0.002208113434159155,-0.015267756767570972,,,,,,,,,,,,,,,,,,,,,
2096.876598,ground_trial_sample,1790841766.326,odom,base_footprint,progress=0.1514;cross_track=0.0026;one_shot=true,1.0591243505477905,-0.0017853467725217342,0.0017863324985238726,0.1912329372964251,-0.002208113434159155,-0.015267756767570972,,,,,,,,0.21218097224984594,0.15136452846598233,,0.0026131137582227435,imu_source_stamp_stale,1790841766.484013,0.15801310539245605,0.5460131168365479,1.079474411705276,-0.004845636831509005,-0.021939767367239477,0.2486492028309296,0.02372609986576335,False
2096.877218,cmd_vel_sent,,,,,,,,,,,,,,,0.1620481633170913,-0.006856991369221006,-0.0474521997315267,0.21218097224984594,,,,,,,,,,,,,
2096.877846,imu_data_raw,1790841765.978,,,,,,,,,,imu_frame,-0.20679445564746857,0.03651157766580582,-0.1646013706922531,,,,,,,,,,,,,,,,,
2096.896918,ground_trial_sample,1790841766.326,odom,base_footprint,progress=0.1514;cross_track=0.0026;one_shot=true,1.0591243505477905,-0.0017853467725217342,0.0017863324985238726,0.1912329372964251,-0.002208113434159155,-0.015267756767570972,,,,,,,,0.2154218304446848,0.15136452846598233,,0.0026131137582227435,imu_source_stamp_stale,1790841766.5043216,0.17832159996032715,0.5263216495513916,1.0824709110230386,-0.004911389879946349,-0.021939767367239477,0.2486492028309296,0.02372609986576335,False
2096.898259,cmd_vel_sent,,,,,,,,,,,,,,,0.16504454039722002,-0.0069280970540162926,-0.0474521997315267,0.2154218304446848,,,,,,,,,,,,,
2096.916528,ground_trial_sample,1790841766.326,odom,base_footprint,progress=0.1514;cross_track=0.0026;one_shot=true,1.0591243505477905,-0.0017853467725217342,0.0017863324985238726,0.1912329372964251,-0.002208113434159155,-0.015267756767570972,,,,,,,,0.21872737424644392,0.15136452846598233,,0.0026131137582227435,imu_source_stamp_stale,1790841766.5239453,0.19794535636901855,0.545945405960083,1.085471774140345,-0.004977238684495194,-0.021939767367239477,0.2486492028309296,0.02372609986576335,False
2096.917179,cmd_vel_sent,,,,,,,,,,,,,,,0.16804528109887792,-0.0069993062899631,-0.0474521997315267,0.21872737424644392,,,,,,,,,,,,,
2096.917949,cmd_vel_observed,,,,,,,,,,,,,,,0.16411488836170104,-0.006940314856219631,-0.050811106155282504,,,,,,,,,,,,,,
2096.936604,ground_trial_sample,1790841766.326,odom,base_footprint,progress=0.1514;cross_track=0.0026;one_shot=true,1.0591243505477905,-0.0017853467725217342,0.0017863324985238726,0.1912329372964251,-0.002208113434159155,-0.015267756767570972,,,,,,,,0.2220893079824538,0.15136452846598233,,0.0026131137582227435,imu_source_stamp_stale,1790841766.5440168,0.2180168628692627,0.5660169124603271,1.08846937059399,-0.00504301580770152,-0.021939767367239477,0.2486492028309296,0.02372609986576335,False
2096.937248,cmd_vel_sent,,,,,,,,,,,,,,,0.17104275527013305,-0.007070438009337397,-0.0474521997315267,0.2220893079824538,,,,,,,,,,,,,
2096.938070,odom_raw,1790841766.396,odom,base_footprint,,1.0723319053649902,-0.0017617536941543221,-0.0003511534269205819,0.18867896824077474,-6.625526900887204e-05,-0.030535513535141945,,,,,,,,,,,,,,,,,,,,,
2096.956660,ground_trial_sample,1790841766.396,odom,base_footprint,progress=0.1646;cross_track=0.0029;one_shot=true,1.0723319053649902,-0.0017617536941543221,-0.0003511534269205819,0.18867896824077474,-6.625526900887204e-05,-0.030535513535141945,,,,,,,,0.22551809594715236,0.16456838707490704,,0.0029264485922360526,imu_source_stamp_stale,1790841766.5640693,0.16806936264038086,0.5860693454742432,1.0914730386360831,-0.00510892616152363,-0.021939767367239477,0.23544980030969195,0.021588613940318895,False
2096.957405,cmd_vel_sent,,,,,,,,,,,,,,,0.16136456697373933,-0.007226099449861115,-0.04317722788063779,0.22551809594715236,,,,,,,,,,,,,
2096.958067,imu_data_raw,1790841766.098,,,,,,,,,,imu_frame,0.10426276177167892,-0.15502455830574036,-0.13108254969120026,,,,,,,,,,,,,,,,,
2096.976652,ground_trial_sample,1790841766.396,odom,base_footprint,progress=0.1646;cross_track=0.0029;one_shot=true,1.0723319053649902,-0.0017617536941543221,-0.0003511534269205819,0.18867896824077474,-6.625526900887204e-05,-0.030535513535141945,,,,,,,,0.22874790377737284,0.16456838707490704,,0.0029264485922360526,,1790841766.5840588,0.18805885314941406,0.48605871200561523,1.0944716501953387,-0.005174725559485023,-0.021939767367239477,0.23544980030969195,0.021588613940318895,False
2096.977261,cmd_vel_sent,,,,,,,,,,,,,,,0.16436320145380098,-0.007290845871062292,-0.04317722788063779,0.22874790377737284,,,,,,,,,,,,,
2096.996841,ground_trial_sample,1790841766.396,odom,base_footprint,progress=0.1646;cross_track=0.0029;one_shot=true,1.0723319053649902,-0.0017617536941543221,-0.0003511534269205819,0.18867896824077474,-6.625526900887204e-05,-0.030535513535141945,,,,,,,,0.23203916287331777,0.16456838707490704,,0.0029264485922360526,imu_source_stamp_stale,1790841766.6042295,0.20822954177856445,0.5062294006347656,1.0974716232769004,-0.005240554833722921,-0.021939767367239477,0.23544980030969195,0.021588613940318895,False
2096.998039,cmd_vel_sent,,,,,,,,,,,,,,,0.16736319746657607,-0.007355621690434918,-0.04317722788063779,0.23203916287331777,,,,,,,,,,,,,
2096.998996,cmd_vel_observed,,,,,,,,,,,,,,,0.17611340644555676,-0.007245209444345363,-0.050811106155282504,,,,,,,,,,,,,,
2097.016854,ground_trial_sample,1790841766.396,odom,base_footprint,progress=0.1646;cross_track=0.0029;one_shot=true,1.0723319053649902,-0.0017617536941543221,-0.0003511534269205819,0.18867896824077474,-6.625526900887204e-05,-0.030535513535141945,,,,,,,,0.23539536311847314,0.16456838707490704,,0.0029264485922360526,imu_source_stamp_stale,1790841766.624259,0.22825908660888672,0.5262589454650879,1.1004760082963865,-0.005306480920386675,-0.021939767367239477,0.23544980030969195,0.021588613940318895,False
2097.017549,cmd_vel_sent,,,,,,,,,,,,,,,0.1703676054509995,-0.007420492772960343,-0.04317722788063779,0.23539536311847314,,,,,,,,,,,,,
2097.018355,odom_raw,1790841766.486,odom,base_footprint,,1.0886244773864746,-0.001996949315071106,-0.004473447813082175,0.18101660906472794,-0.0033595146080832184,-0.04580327123403549,,,,,,,,,,,,,,,,,,,,,
2097.036747,ground_trial_sample,1790841766.486,odom,base_footprint,progress=0.1809;cross_track=0.0030;one_shot=true,1.0886244773864746,-0.001996949315071106,-0.004473447813082175,0.18101660906472794,-0.0033595146080832184,-0.04580327123403549,,,,,,,,0.23880482673693956,0.18086219773452009,,0.003048736138760476,imu_source_stamp_stale,1790841766.6441576,0.1581575870513916,0.5461575984954834,1.1034743022321873,-0.005372273348645033,-0.021939767367239477,0.21915900888119655,0.017466319554157304,False
2097.037340,cmd_vel_sent,,,,,,,,,,,,,,,0.15863135445492338,-0.005942695165107649,-0.03493263910831461,0.23880482673693956,,,,,,,,,,,,,
2097.038000,imu_data_raw,1790841766.141,,,,,,,,,,imu_frame,-0.2611229419708252,0.30945056676864624,0.23762452602386475,,,,,,,,,,,,,,,,,
2097.056789,ground_trial_sample,1790841766.486,odom,base_footprint,progress=0.1809;cross_track=0.0030;one_shot=true,1.0886244773864746,-0.001996949315071106,-0.004473447813082175,0.18101660906472794,-0.0033595146080832184,-0.04580327123403549,,,,,,,,0.2419715739170144,0.18086219773452009,,0.003048736138760476,imu_source_stamp_stale,1790841766.664204,0.17820382118225098,0.5232038497924805,1.1064659230742886,-0.005437919347284447,-0.021939767367239477,0.21915900888119655,0.017466319554157304,False
2097.057545,cmd_vel_sent,,,,,,,,,,,,,,,0.1616232390262819,-0.005994957691824978,-0.03493263910831461,0.2419715739170144,,,,,,,,,,,,,
2097.076727,ground_trial_sample,1790841766.486,odom,base_footprint,progress=0.1809;cross_track=0.0030;one_shot=true,1.0886244773864746,-0.001996949315071106,-0.004473447813082175,0.18101660906472794,-0.0033595146080832184,-0.04580327123403549,,,,,,,,0.2452110325960877,0.18086219773452009,,0.003048736138760476,imu_source_stamp_stale,1790841766.6841307,0.19813060760498047,0.54313063621521,1.1094696248582432,-0.005503830441513956,-0.021939767367239477,0.21915900888119655,0.017466319554157304,False
2097.077466,cmd_vel_sent,,,,,,,,,,,,,,,0.16462720560450098,-0.00604743126819723,-0.03493263910831461,0.2452110325960877,,,,,,,,,,,,,
2097.078709,cmd_vel_observed,,,,,,,,,,,,,,,0.16504454039722002,-0.0069280970540162926,-0.0474521997315267,,,,,,,,,,,,,,
2097.096705,ground_trial_sample,1790841766.486,odom,base_footprint,progress=0.1809;cross_track=0.0030;one_shot=true,1.0886244773864746,-0.001996949315071106,-0.004473447813082175,0.18101660906472794,-0.0033595146080832184,-0.04580327123403549,,,,,,,,0.2485023856994286,0.18086219773452009,,0.003048736138760476,imu_source_stamp_stale,1790841766.7041132,0.21811318397521973,0.5631132125854492,1.112465797104789,-0.005569576312933295,-0.021939767367239477,0.21915900888119655,0.017466319554157304,False
2097.097801,cmd_vel_sent,,,,,,,,,,,,,,,0.16762364198153765,-0.00609977330629282,-0.03493263910831461,0.2485023856994286,,,,,,,,,,,,,
2097.098869,odom_raw,1790841766.579,odom,base_footprint,,1.105695128440857,-0.002547566080465913,-0.0073132504922174746,0.18353734688316453,-0.006441845573848974,-0.030535513535141945,,,,,,,,,,,,,,,,,,,,,
2097.116611,ground_trial_sample,1790841766.579,odom,base_footprint,progress=0.1979;cross_track=0.0029;one_shot=true,1.105695128440857,-0.002547566080465913,-0.0073132504922174746,0.18353734688316453,-0.006441845573848974,-0.030535513535141945,,,,,,,,0.25185642886398324,0.19794081988041537,,0.0028727479557683375,imu_source_stamp_stale,1790841766.7240164,0.14501643180847168,0.5830163955688477,1.1154644951932544,-0.005635377609630088,-0.021939767367239477,0.20207960053260235,0.014626516875022004,False
2097.135711,cmd_vel_sent,,,,,,,,,,,,,,,0.15305652359579391,-0.004629076795232944,-0.029253033750044007,0.25185642886398324,,,,,,,,,,,,,
2097.136409,imu_data_raw,1790841766.258,,,,,,,,,,imu_frame,0.1479385942220688,0.4626794755458832,-0.04967968538403511,,,,,,,,,,,,,,,,,
2097.157374,ground_trial_sample,1790841766.579,odom,base_footprint,progress=0.1979;cross_track=0.0029;one_shot=true,1.105695128440857,-0.002547566080465913,-0.0073132504922174746,0.18353734688316453,-0.006441845573848974,-0.030535513535141945,,,,,,,,0.2581051070308363,0.19794081988041537,,0.0028727479557683375,imu_source_stamp_stale,1790841766.764788,0.18578791618347168,0.5067880153656006,1.1215841158477087,-0.005769662209971984,-0.021939767367239477,0.20207960053260235,0.014626516875022004,False
2097.158157,cmd_vel_sent,,,,,,,,,,,,,,,0.15917696264937128,-0.004718603884749539,-0.029253033750044007,0.2581051070308363,,,,,,,,,,,,,
2097.177480,ground_trial_sample,1790841766.579,odom,base_footprint,progress=0.1979;cross_track=0.0029;one_shot=true,1.105695128440857,-0.002547566080465913,-0.0073132504922174746,0.18353734688316453,-0.006441845573848974,-0.030535513535141945,,,,,,,,0.2612945635379752,0.19794081988041537,,0.0028727479557683375,imu_source_stamp_stale,1790841766.7848895,0.20588946342468262,0.5268895626068115,1.1245876492222118,-0.00583556960874434,-0.021939767367239477,0.20207960053260235,0.014626516875022004,False
2097.178216,cmd_vel_sent,,,,,,,,,,,,,,,0.1621808976973144,-0.004762544124916136,-0.029253033750044007,0.2612945635379752,,,,,,,,,,,,,
2097.178999,cmd_vel_observed,,,,,,,,,,,,,,,0.16436320145380098,-0.007290845871062292,-0.04317722788063779,,,,,,,,,,,,,,
2097.197511,ground_trial_sample,1790841766.579,odom,base_footprint,progress=0.1979;cross_track=0.0029;one_shot=true,1.105695128440857,-0.002547566080465913,-0.0073132504922174746,0.18353734688316453,-0.006441845573848974,-0.030535513535141945,,,,,,,,0.26453681304074766,0.19794081988041537,,0.0028727479557683375,imu_source_stamp_stale,1790841766.8049083,0.2259082794189453,0.5469083786010742,1.1275843700366306,-0.005901327517546675,-0.021939767367239477,0.20207960053260235,0.014626516875022004,False
2097.198594,cmd_vel_sent,,,,,,,,,,,,,,,0.1651780192741048,-0.004806384700624609,-0.029253033750044007,0.26453681304074766,,,,,,,,,,,,,
2097.199565,odom_raw,1790841766.666,odom,base_footprint,,1.1205521821975708,-0.003321714699268341,-0.008641545742949836,0.17075848694597137,-0.009125085642566725,-0.015267756767570972,,,,,,,,,,,,,,,,,,,,,
2097.217409,ground_trial_sample,1790841766.666,odom,base_footprint,progress=0.2128;cross_track=0.0024;one_shot=true,1.1205521821975708,-0.003321714699268341,-0.008641545742949836,0.17075848694597137,-0.009125085642566725,-0.015267756767570972,,,,,,,,0.26783928240738364,0.21281128131198326,,0.002424719802488709,imu_source_stamp_stale,1790841766.8248205,0.15882062911987305,0.5668206214904785,1.130581388979335,-0.005967091968263929,-0.021939767367239477,0.18720442214376792,0.013298221624289642,False
2097.218047,cmd_vel_sent,,,,,,,,,,,,,,,0.1558695835594355,-0.0034223918637100344,-0.026596443248579283,0.26783928240738364,,,,,,,,,,,,,
2097.218614,imu_data_raw,1790841766.378,,,,,,,,,,imu_frame,-0.12903015315532684,-0.3034650683403015,0.3908534348011017,,,,,,,,,,,,,,,,,
2097.237374,ground_trial_sample,1790841766.666,odom,base_footprint,progress=0.2128;cross_track=0.0024;one_shot=true,1.1205521821975708,-0.003321714699268341,-0.008641545742949836,0.17075848694597137,-0.009125085642566725,-0.015267756767570972,,,,,,,,0.2709557672061352,0.21281128131198326,,0.002424719802488709,,1790841766.8447886,0.1787886619567871,0.46678853034973145,1.13357907196219,-0.006032870990205655,-0.021939767367239477,0.18720442214376792,0.013298221624289642,False
2097.237918,cmd_vel_sent,,,,,,,,,,,,,,,0.15886772304038335,-0.003462264137389411,-0.026596443248579283,0.2709557672061352,,,,,,,,,,,,,
2097.257347,ground_trial_sample,1790841766.666,odom,base_footprint,progress=0.2128;cross_track=0.0024;one_shot=true,1.1205521821975708,-0.003321714699268341,-0.008641545742949836,0.17075848694597137,-0.009125085642566725,-0.015267756767570972,,,,,,,,0.27413588722893334,0.21281128131198326,,0.002424719802488709,,1790841766.864762,0.1987621784210205,0.48676204681396484,1.1365802479041571,-0.006098726659156213,-0.021939767367239477,0.18720442214376792,0.013298221624289642,False
2097.257887,cmd_vel_sent,,,,,,,,,,,,,,,0.16186935601236366,-0.0035021828710255117,-0.026596443248579283,0.27413588722893334,,,,,,,,,,,,,
2097.258579,cmd_vel_observed,,,,,,,,,,,,,,,0.1616232390262819,-0.005994957691824978,-0.03493263910831461,,,,,,,,,,,,,,
2097.277306,ground_trial_sample,1790841766.666,odom,base_footprint,progress=0.2128;cross_track=0.0024;one_shot=true,1.1205521821975708,-0.003321714699268341,-0.008641545742949836,0.17075848694597137,-0.009125085642566725,-0.015267756767570972,,,,,,,,0.27736997232586164,0.21281128131198326,,0.002424719802488709,imu_source_stamp_stale,1790841766.884721,0.2187211513519287,0.506721019744873,1.1395757657082086,-0.006164458169955221,-0.021939767367239477,0.18720442214376792,0.013298221624289642,False
2097.277829,cmd_vel_sent,,,,,,,,,,,,,,,0.16486532998478662,-0.0035420263455949396,-0.026596443248579283,0.27736997232586164,,,,,,,,,,,,,
2097.278581,odom_raw,1790841766.762,odom,base_footprint,,1.1364597082138062,-0.0037039655726403,-0.010107249990746223,0.16569731388578485,-0.004224646785920073,-0.015267756767570972,,,,,,,,,,,,,,,,,,,,,
2097.297278,ground_trial_sample,1790841766.762,odom,base_footprint,progress=0.2287;cross_track=0.0024;one_shot=true,1.1364597082138062,-0.0037039655726403,-0.010107249990746223,0.16569731388578485,-0.004224646785920073,-0.015267756767570972,,,,,,,,0.28066811122266155,0.22872336473342922,,0.002391540345844536,imu_source_stamp_stale,1790841766.9046888,0.14268875122070312,0.526688814163208,1.1425751086414437,-0.0062302736166667105,-0.021939767367239477,0.17129333102448485,0.011832517376493254,False
2097.297888,cmd_vel_sent,,,,,,,,,,,,,,,0.15298171119089507,-0.00408423053769774,-0.023665034752986508,0.28066811122266155,,,,,,,,,,,,,
2097.298457,imu_data_raw,1790841766.474,,,,,,,,,,imu_frame,0.014780544675886631,0.01735796220600605,0.07960720360279083,,,,,,,,,,,,,,,,,
2097.317356,ground_trial_sample,1790841766.762,odom,base_footprint,progress=0.2287;cross_track=0.0024;one_shot=true,1.1364597082138062,-0.0037039655726403,-0.010107249990746223,0.16569731388578485,-0.004224646785920073,-0.015267756767570972,,,,,,,,0.28373194579518923,0.22872336473342922,,0.002391540345844536,,1790841766.9247754,0.16277527809143066,0.4507753849029541,1.1455774343566794,-0.0062961545154235875,-0.021939767367239477,0.17129333102448485,0.011832517376493254,False
2097.317893,cmd_vel_sent,,,,,,,,,,,,,,,0.15598454941726533,-0.004119763331502877,-0.023665034752986508,0.28373194579518923,,,,,,,,,,,,,
2097.337445,ground_trial_sample,1790841766.762,odom,base_footprint,progress=0.2287;cross_track=0.0024;one_shot=true,1.1364597082138062,-0.0037039655726403,-0.010107249990746223,0.16569731388578485,-0.004224646785920073,-0.015267756767570972,,,,,,,,0.28685513501272614,0.22872336473342922,,0.002391540345844536,,1790841766.9448571,0.18285703659057617,0.4708571434020996,1.1485790288478974,-0.006362019368721034,-0.021939767367239477,0.17129333102448485,0.011832517376493254,False
2097.338464,cmd_vel_sent,,,,,,,,,,,,,,,0.15898665629479466,-0.0041552874712062595,-0.023665034752986508,0.28685513501272614,,,,,,,,,,,,,
2097.339327,cmd_vel_observed,,,,,,,,,,,,,,,0.15917696264937128,-0.004718603884749539,-0.029253033750044007,,,,,,,,,,,,,,
2097.357591,ground_trial_sample,1790841766.762,odom,base_footprint,progress=0.2287;cross_track=0.0024;one_shot=true,1.1364597082138062,-0.0037039655726403,-0.010107249990746223,0.16569731388578485,-0.004224646785920073,-0.015267756767570972,,,,,,,,0.29004065570994103,0.22872336473342922,,0.002391540345844536,,1790841766.964967,0.20296692848205566,0.4909670352935791,1.1515827402295766,-0.006427930673556177,-0.021939767367239477,0.17129333102448485,0.011832517376493254,False
2097.358183,cmd_vel_sent,,,,,,,,,,,,,,,0.1619908804241483,-0.0041908366644978915,-0.023665034752986508,0.29004065570994103,,,,,,,,,,,,,
2097.359051,odom_raw,1790841766.857,odom,base_footprint,,1.1522009372711182,-0.004105307161808014,-0.011557687046384865,0.1656910120093941,-0.004464975781895316,-0.015267756767570972,,,,,,,,,,,,,,,,,,,,,
2097.377835,ground_trial_sample,1790841766.857,odom,base_footprint,progress=0.2445;cross_track=0.0023;one_shot=true,1.1522009372711182,-0.004105307161808014,-0.011557687046384865,0.1656910120093941,-0.004464975781895316,-0.015267756767570972,,,,,,,,0.29327279977641424,0.24446961003041112,,0.0023356265440153115,imu_source_stamp_stale,1790841766.9852426,0.12824249267578125,0.5112426280975342,1.1545739135794273,-0.006493566852744123,-0.021939767367239477,0.15554792623318872,0.01038208032085461,False
2097.378502,cmd_vel_sent,,,,,,,,,,,,,,,0.14924440931367397,-0.0037194724918694967,-0.02076416064170922,0.29327279977641424,,,,,,,,,,,,,
2097.379140,imu_data_raw,1790841766.538,,,,,,,,,,imu_frame,0.0914795845746994,-0.5141547918319702,0.47225627303123474,,,,,,,,,,,,,,,,,
2097.397329,ground_trial_sample,1790841766.857,odom,base_footprint,progress=0.2445;cross_track=0.0023;one_shot=true,1.1522009372711182,-0.004105307161808014,-0.011557687046384865,0.1656910120093941,-0.004464975781895316,-0.015267756767570972,,,,,,,,0.2962578107065907,0.24446961003041112,,0.0023356265440153115,,1790841767.0046964,0.14769625663757324,0.46669626235961914,1.1575723838727507,-0.006559363150866444,-0.021939767367239477,0.15554792623318872,0.01038208032085461,False
2097.398125,cmd_vel_sent,,,,,,,,,,,,,,,0.15224343977729352,-0.0037506097857734995,-0.02076416064170922,0.2962578107065907,,,,,,,,,,,,,
2097.417334,ground_trial_sample,1790841766.857,odom,base_footprint,progress=0.2445;cross_track=0.0023;one_shot=true,1.1522009372711182,-0.004105307161808014,-0.011557687046384865,0.1656910120093941,-0.004464975781895316,-0.015267756767570972,,,,,,,,0.2993060463777992,0.24446961003041112,,0.0023356265440153115,,1790841767.0247467,0.16774654388427734,0.48674654960632324,1.1605740675925005,-0.006625229962131284,-0.021939767367239477,0.15554792623318872,0.01038208032085461,False
2097.417890,cmd_vel_sent,,,,,,,,,,,,,,,0.1552456842676675,-0.0037817804491603662,-0.02076416064170922,0.2993060463777992,,,,,,,,,,,,,
2097.418794,cmd_vel_observed,,,,,,,,,,,,,,,0.15886772304038335,-0.003462264137389411,-0.026596443248579283,,,,,,,,,,,,,,
2097.437290,ground_trial_sample,1790841766.857,odom,base_footprint,progress=0.2445;cross_track=0.0023;one_shot=true,1.1522009372711182,-0.004105307161808014,-0.011557687046384865,0.1656910120093941,-0.004464975781895316,-0.015267756767570972,,,,,,,,0.30240804546115674,0.24446961003041112,,0.0023356265440153115,imu_source_stamp_stale,1790841767.0447037,0.18770360946655273,0.5067036151885986,1.163569641483003,-0.006690962703651455,-0.021939767367239477,0.15554792623318872,0.01038208032085461,False
2097.437805,cmd_vel_sent,,,,,,,,,,,,,,,0.15824181778736396,-0.0038128876656792084,-0.02076416064170922,0.30240804546115674,,,,,,,,,,,,,
2097.438507,odom_raw,1790841766.936,odom,base_footprint,,1.1654943227767944,-0.004258953966200352,-0.013969992963734525,0.16826483647535787,-0.002350811512270542,-0.030535513535141945,,,,,,,,,,,,,,,,,,,,,
2097.457184,ground_trial_sample,1790841766.936,odom,base_footprint,progress=0.2578;cross_track=0.0025;one_shot=true,1.1654943227767944,-0.004258953966200352,-0.013969992963734525,0.16826483647535787,-0.002350811512270542,-0.030535513535141945,,,,,,,,0.30557290703514906,0.2577631669610327,,0.002473647105335771,imu_source_stamp_stale,1790841767.0646122,0.12861204147338867,0.5266120433807373,1.1665680730856403,-0.006756758152772896,-0.021939767367239477,0.14225834106637408,0.007969774403504952,False
2097.457654,cmd_vel_sent,,,,,,,,,,,,,,,0.14744657074792272,-0.003917104863693954,-0.015939548807009905,0.30557290703514906,,,,,,,,,,,,,
2097.458143,imu_data_raw,1790841766.629,,,,,,,,,,imu_frame,-0.17909759283065796,-0.3082534670829773,-0.03531447425484657,,,,,,,,,,,,,,,,,
2097.477186,ground_trial_sample,1790841766.936,odom,base_footprint,progress=0.2578;cross_track=0.0025;one_shot=true,1.1654943227767944,-0.004258953966200352,-0.013969992963734525,0.16826483647535787,-0.002350811512270542,-0.030535513535141945,,,,,,,,0.3085225573481828,0.2577631669610327,,0.002473647105335771,,1790841767.084613,0.14861297607421875,0.4556131362915039,1.1695670241632572,-0.006822565000883579,-0.021939767367239477,0.14225834106637408,0.007969774403504952,False
2097.477722,cmd_vel_sent,,,,,,,,,,,,,,,0.15044614848290083,-0.003941011327707696,-0.015939548807009905,0.3085225573481828,,,,,,,,,,,,,
2097.497245,ground_trial_sample,1790841766.936,odom,base_footprint,progress=0.2578;cross_track=0.0025;one_shot=true,1.1654943227767944,-0.004258953966200352,-0.013969992963734525,0.16826483647535787,-0.002350811512270542,-0.030535513535141945,,,,,,,,0.3115343135148693,0.2577631669610327,,0.002473647105335771,,1790841767.1046684,0.16866827011108398,0.47566843032836914,1.1725680967800987,-0.00688841840254112,-0.021939767367239477,0.14225834106637408,0.007969774403504952,False
2097.497814,cmd_vel_sent,,,,,,,,,,,,,,,0.15344784820041785,-0.003964934703801633,-0.015939548807009905,0.3115343135148693,,,,,,,,,,,,,
2097.498785,cmd_vel_observed,,,,,,,,,,,,,,,0.15598454941726533,-0.004119763331502877,-0.023665034752986508,,,,,,,,,,,,,,
2097.517359,ground_trial_sample,1790841766.936,odom,base_footprint,progress=0.2578;cross_track=0.0025;one_shot=true,1.1654943227767944,-0.004258953966200352,-0.013969992963734525,0.16826483647535787,-0.002350811512270542,-0.030535513535141945,,,,,,,,0.31460431476118755,0.2577631669610327,,0.002473647105335771,,1790841767.124779,0.18877887725830078,0.49577903747558594,1.1755673942742753,-0.006954232852170248,-0.021939767367239477,0.14225834106637408,0.007969774403504952,False
2097.517888,cmd_vel_sent,,,,,,,,,,,,,,,0.15644777242434244,-0.003988843929312582,-0.015939548807009905,0.31460431476118755,,,,,,,,,,,,,
2097.518587,odom_raw,1790841767.033,odom,base_footprint,,1.1810637712478638,-0.005218512378633022,-0.015450965955244431,0.16049476293037843,-0.010130055633510174,-0.015267756767570972,,,,,,,,,,,,,,,,,,,,,
2097.537247,ground_trial_sample,1790841767.033,odom,base_footprint,progress=0.2733;cross_track=0.0019;one_shot=true,1.1810637712478638,-0.005218512378633022,-0.015450965955244431,0.16049476293037843,-0.010130055633510174,-0.015267756767570972,,,,,,,,0.3177324449080193,0.2733499191784297,,0.0018558823008818,imu_source_stamp_stale,1790841767.1446671,0.11166715621948242,0.515667200088501,1.1785649070480626,-0.00702000813916533,-0.021939767367239477,0.1266636777897477,0.006488801411995046,False
2097.537816,cmd_vel_sent,,,,,,,,,,,,,,,0.14539905470410142,-0.0014780359104651503,-0.012977602823990093,0.3177324449080193,,,,,,,,,,,,,
2097.538307,imu_data_raw,1790841766.718,,,,,,,,,,imu_frame,-0.0938764289021492,0.02214636653661728,-0.11671733111143112,,,,,,,,,,,,,,,,,
2097.557192,ground_trial_sample,1790841767.033,odom,base_footprint,progress=0.2733;cross_track=0.0019;one_shot=true,1.1810637712478638,-0.005218512378633022,-0.015450965955244431,0.16049476293037843,-0.010130055633510174,-0.015267756767570972,,,,,,,,0.3206392936147922,0.2733499191784297,,0.0018558823008818,,1790841767.1646204,0.1316204071044922,0.44662046432495117,1.1815628622153818,-0.007085793133729225,-0.021939767367239477,0.1266636777897477,0.006488801411995046,False
2097.557685,cmd_vel_sent,,,,,,,,,,,,,,,0.1483976684253692,-0.0014974935925001149,-0.012977602823990093,0.3206392936147922,,,,,,,,,,,,,
2097.577287,ground_trial_sample,1790841767.033,odom,base_footprint,progress=0.2733;cross_track=0.0019;one_shot=true,1.1810637712478638,-0.005218512378633022,-0.015450965955244431,0.16049476293037843,-0.010130055633510174,-0.015267756767570972,,,,,,,,0.32362568502974265,0.2733499191784297,,0.0018558823008818,,1790841767.1847188,0.1517188549041748,0.4667189121246338,1.1845806192159218,-0.007152012645628464,-0.021939767367239477,0.1266636777897477,0.006488801411995046,False
2097.577760,cmd_vel_sent,,,,,,,,,,,,,,,0.1514160883296812,-0.0015170797947273488,-0.012977602823990093,0.32362568502974265,,,,,,,,,,,,,
2097.578465,cmd_vel_observed,,,,,,,,,,,,,,,0.15224343977729352,-0.0037506097857734995,-0.02076416064170922,,,,,,,,,,,,,,
2097.597406,ground_trial_sample,1790841767.033,odom,base_footprint,progress=0.2733;cross_track=0.0019;one_shot=true,1.1810637712478638,-0.005218512378633022,-0.015450965955244431,0.16049476293037843,-0.010130055633510174,-0.015267756767570972,,,,,,,,0.32663740467040553,0.2733499191784297,,0.0018558823008818,,1790841767.2047617,0.17176175117492676,0.48676180839538574,1.1875633046090537,-0.007217462571135004,-0.021939767367239477,0.1266636777897477,0.006488801411995046,False
2097.597949,cmd_vel_sent,,,,,,,,,,,,,,,0.15439942892248534,-0.0015364383710738355,-0.012977602823990093,0.32663740467040553,,,,,,,,,,,,,
2097.599036,imu_data_raw,1790841766.755,,,,,,,,,,imu_frame,-0.12370383739471436,0.06524199992418289,0.060453593730926514,,,,,,,,,,,,,,,,,
2097.617528,ground_trial_sample,1790841767.033,odom,base_footprint,progress=0.2733;cross_track=0.0019;one_shot=true,1.1810637712478638,-0.005218512378633022,-0.015450965955244431,0.16049476293037843,-0.010130055633510174,-0.015267756767570972,,,,,,,,0.32973344714695385,0.2733499191784297,,0.0018558823008818,,1790841767.2249436,0.19194364547729492,0.4699435234069824,1.1905702562606861,-0.007283444978147918,-0.021939767367239477,0.1266636777897477,0.006488801411995046,False
2097.618267,cmd_vel_sent,,,,,,,,,,,,,,,0.15740704110430348,-0.0015559544431518195,-0.012977602823990093,0.32973344714695385,,,,,,,,,,,,,
2097.637413,ground_trial_sample,1790841767.033,odom,base_footprint,progress=0.2733;cross_track=0.0019;one_shot=true,1.1810637712478638,-0.005218512378633022,-0.015450965955244431,0.16049476293037843,-0.010130055633510174,-0.015267756767570972,,,,,,,,0.33287688395135007,0.2733499191784297,,0.0018558823008818,,1790841767.2447846,0.21178460121154785,0.48978447914123535,1.1935649063735823,-0.007349157448949744,-0.021939767367239477,0.1266636777897477,0.006488801411995046,False
2097.638092,cmd_vel_sent,,,,,,,,,,,,,,,0.16040234904513448,-0.0015753906743329617,-0.012977602823990093,0.33287688395135007,,,,,,,,,,,,,
2097.639031,cmd_vel_observed,,,,,,,,,,,,,,,0.14744657074792272,-0.003917104863693954,-0.015939548807009905,,,,,,,,,,,,,,
2097.657111,ground_trial_sample,1790841767.033,odom,base_footprint,progress=0.2733;cross_track=0.0019;one_shot=true,1.1810637712478638,-0.005218512378633022,-0.015450965955244431,0.16049476293037843,-0.010130055633510174,-0.015267756767570972,,,,,,,,0.33607879228657117,0.2733499191784297,,0.0018558823008818,imu_source_stamp_stale,1790841767.2645454,0.23154544830322266,0.5095453262329102,1.1965583008387932,-0.007414842366712403,-0.021939767367239477,0.1266636777897477,0.006488801411995046,False
2097.657551,cmd_vel_sent,,,,,,,,,,,,,,,0.163396401062455,-0.0015948187559614757,-0.012977602823990093,0.33607879228657117,,,,,,,,,,,,,
2097.658270,odom_raw,1790841767.139,odom,base_footprint,,1.197535753250122,-0.006283947266638279,-0.01706935136881685,0.15537945565286365,-0.010302748360411727,-0.015267779119312763,,,,,,,,,,,,,,,,,,,,,
2097.677127,ground_trial_sample,1790841767.139,odom,base_footprint,progress=0.2898;cross_track=0.0012;one_shot=true,1.197535753250122,-0.006283947266638279,-0.01706935136881685,0.15537945565286365,-0.010302748360411727,-0.015267779119312763,,,,,,,,0.33934802959876637,0.28984131043583233,,0.0011520662890105275,imu_source_stamp_stale,1790841767.2845588,0.14555883407592773,0.5295586585998535,1.1995586375827856,-0.007480679620899858,-0.021939767367239477,0.11016471369376385,0.004870415998422629,False
2097.677590,cmd_vel_sent,,,,,,,,,,,,,,,0.15093434661462157,-0.0005088718348112212,-0.009740831996845258,0.33934802959876637,,,,,,,,,,,,,
2097.678119,imu_data_raw,1790841766.895,,,,,,,,,,imu_frame,-0.18335863947868347,-0.1454477459192276,-0.10235211998224258,,,,,,,,,,,,,,,,,
2097.697175,ground_trial_sample,1790841767.139,odom,base_footprint,progress=0.2898;cross_track=0.0012;one_shot=true,1.197535753250122,-0.006283947266638279,-0.01706935136881685,0.15537945565286365,-0.010302748360411727,-0.015267779119312763,,,,,,,,0.342367339239529,0.28984131043583233,,0.0011520662890105275,,1790841767.304606,0.16560602188110352,0.4096059799194336,1.2025585172368027,-0.007546506845030209,-0.021939767367239477,0.11016471369376385,0.004870415998422629,False
2097.697728,cmd_vel_sent,,,,,,,,,,,,,,,0.1539349128261029,-0.0005234859560457536,-0.009740831996845258,0.342367339239529,,,,,,,,,,,,,
2097.717333,ground_trial_sample,1790841767.139,odom,base_footprint,progress=0.2898;cross_track=0.0012;one_shot=true,1.197535753250122,-0.006283947266638279,-0.01706935136881685,0.15537945565286365,-0.010302748360411727,-0.015267779119312763,,,,,,,,0.34544572464412865,0.28984131043583233,,0.0011520662890105275,,1790841767.3247445,0.1857445240020752,0.4297444820404053,1.2055574731132819,-0.00761231379844371,-0.021939767367239477,0.11016471369376385,0.004870415998422629,False
2097.717940,cmd_vel_sent,,,,,,,,,,,,,,,0.15693455504862888,-0.0005380955770341094,-0.009740831996845258,0.34544572464412865,,,,,,,,,,,,,
2097.718619,cmd_vel_observed,,,,,,,,,,,,,,,0.14539905470410142,-0.0014780359104651503,-0.012977602823990093,,,,,,,,,,,,,,
2097.737845,ground_trial_sample,1790841767.139,odom,base_footprint,progress=0.2898;cross_track=0.0012;one_shot=true,1.197535753250122,-0.006283947266638279,-0.01706935136881685,0.15537945565286365,-0.010302748360411727,-0.015267779119312763,,,,,,,,0.34866707186651086,0.28984131043583233,,0.0011520662890105275,,1790841767.345262,0.20626211166381836,0.45026206970214844,1.2086357177528628,-0.00767986060804535,-0.021939767367239477,0.11016471369376385,0.004870415998422629,False
2097.738527,cmd_vel_sent,,,,,,,,,,,,,,,0.16001350418041538,-0.0005530914587162741,-0.009740831996845258,0.34866707186651086,,,,,,,,,,,,,
2097.739274,odom_raw,1790841767.207,odom,base_footprint,,1.2084418535232544,-0.006470125168561935,-0.019176299930374615,0.1580533308251321,-0.0030312496469682973,-0.030535513535141945,,,,,,,,,,,,,,,,,,,,,
2097.757267,ground_trial_sample,1790841767.207,odom,base_footprint,progress=0.3007;cross_track=0.0012;one_shot=true,1.2084418535232544,-0.006470125168561935,-0.019176299930374615,0.1580533308251321,-0.0030312496469682973,-0.030535513535141945,,,,,,,,0.35178601323669567,0.30074887034223974,,0.001205191301153226,,1790841767.3646805,0.15768051147460938,0.4696805477142334,1.2115587574042501,-0.007744001709844587,-0.021939767367239477,0.09925844661495531,0.0027634674368648623,False
2097.757860,cmd_vel_sent,,,,,,,,,,,,,,,0.15152359108409943,-0.00171129881187004,-0.005526934873729725,0.35178601323669567,,,,,,,,,,,,,
2097.758363,imu_data_raw,1790841766.902,,,,,,,,,,imu_frame,0.13409017026424408,-0.030526071786880493,-0.0065840547904372215,,,,,,,,,,,,,,,,,
2097.777229,ground_trial_sample,1790841767.207,odom,base_footprint,progress=0.3007;cross_track=0.0012;one_shot=true,1.2084418535232544,-0.006470125168561935,-0.019176299930374615,0.1580533308251321,-0.0030312496469682973,-0.030535513535141945,,,,,,,,0.3548157841275384,0.30074887034223974,,0.001205191301153226,,1790841767.3846533,0.17765331268310547,0.4826533794403076,1.2145571504660952,-0.007809796313254314,-0.021939767367239477,0.09925844661495531,0.0027634674368648623,False
2097.777725,cmd_vel_sent,,,,,,,,,,,,,,,0.15452269448230282,-0.0017195867575484423,-0.005526934873729725,0.3548157841275384,,,,,,,,,,,,,
2097.797159,ground_trial_sample,1790841767.207,odom,base_footprint,progress=0.3007;cross_track=0.0012;one_shot=true,1.2084418535232544,-0.006470125168561935,-0.019176299930374615,0.1580533308251321,-0.0030312496469682973,-0.030535513535141945,,,,,,,,0.3579053190590518,0.30074887034223974,,0.001205191301153226,imu_source_stamp_stale,1790841767.4045863,0.1975862979888916,0.5025863647460938,1.2175553509743517,-0.007875586691405126,-0.021939767367239477,0.09925844661495531,0.0027634674368648623,False
2097.797642,cmd_vel_sent,,,,,,,,,,,,,,,0.1575216052813006,-0.0017278741709838507,-0.005526934873729725,0.3579053190590518,,,,,,,,,,,,,
2097.798282,cmd_vel_observed,,,,,,,,,,,,,,,0.15740704110430348,-0.0015559544431518195,-0.012977602823990093,,,,,,,,,,,,,,
2097.817351,ground_trial_sample,1790841767.207,odom,base_footprint,progress=0.3007;cross_track=0.0012;one_shot=true,1.2084418535232544,-0.006470125168561935,-0.019176299930374615,0.1580533308251321,-0.0030312496469682973,-0.030535513535141945,,,,,,,,0.36105958974164787,0.30074887034223974,,0.001205191301153226,imu_source_stamp_stale,1790841767.4247668,0.21776676177978516,0.5227668285369873,1.2205581027370223,-0.007941476939043703,-0.021939767367239477,0.09925844661495531,0.0027634674368648623,False
2097.817949,cmd_vel_sent,,,,,,,,,,,,,,,0.16052506841293038,-0.001736174164674279,-0.005526934873729725,0.36105958974164787,,,,,,,,,,,,,
2097.818674,odom_raw,1790841767.315,odom,base_footprint,,1.2247976064682007,-0.007329545449465513,-0.019176294342696083,0.1528570405801693,-0.008031963113664562,4.4614257177499894e-08,,,,,,,,,,,,,,,,,,,,,
2097.837385,ground_trial_sample,1790841767.315,odom,base_footprint,progress=0.3171;cross_track=0.0007;one_shot=true,1.2247976064682007,-0.007329545449465513,-0.019176294342696083,0.1528570405801693,-0.008031963113664562,4.4614257177499894e-08,,,,,,,,0.36426918740821773,0.31711954096488343,,0.0007047904815521465,imu_source_stamp_stale,1790841767.4447975,0.12979745864868164,0.5427975654602051,1.2235563611313456,-0.008007268587405171,-0.021939767367239477,0.08288345564402182,0.002763473024543394,False
2097.838107,cmd_vel_sent,,,,,,,,,,,,,,,0.1481747009476019,-0.0001789371894294991,-0.005526946049086788,0.36426918740821773,,,,,,,,,,,,,
2097.838623,imu_data_raw,1790841767.044,,,,,,,,,,imu_frame,0.17137442529201508,0.07481880486011505,-0.13108254969120026,,,,,,,,,,,,,,,,,
2097.857228,ground_trial_sample,1790841767.315,odom,base_footprint,progress=0.3171;cross_track=0.0007;one_shot=true,1.2247976064682007,-0.007329545449465513,-0.019176294342696083,0.1528570405801693,-0.008031963113664562,4.4614257177499894e-08,,,,,,,,0.3672331971619436,0.31711954096488343,,0.0007047904815521465,,1790841767.4646533,0.14965319633483887,0.4206533432006836,1.226556158905121,-0.00807309401481377,-0.021939767367239477,0.08288345564402182,0.002763473024543394,False
2097.857723,cmd_vel_sent,,,,,,,,,,,,,,,0.15117520939047357,-0.0001872290346789751,-0.005526946049086788,0.3672331971619436,,,,,,,,,,,,,
2097.877191,ground_trial_sample,1790841767.315,odom,base_footprint,progress=0.3171;cross_track=0.0007;one_shot=true,1.2247976064682007,-0.007329545449465513,-0.019176294342696083,0.1528570405801693,-0.008031963113664562,4.4614257177499894e-08,,,,,,,,0.37025517619307396,0.31711954096488343,,0.0007047904815521465,,1790841767.484614,0.16961383819580078,0.4406139850616455,1.2295539216687454,-0.008138874787407921,-0.021939767367239477,0.08288345564402182,0.002763473024543394,False
2097.877689,cmd_vel_sent,,,,,,,,,,,,,,,0.15417368234108872,-0.00019551525488619185,-0.005526946049086788,0.37025517619307396,,,,,,,,,,,,,
2097.878339,cmd_vel_observed,,,,,,,,,,,,,,,0.1539349128261029,-0.0005234859560457536,-0.009740831996845258,,,,,,,,,,,,,,
2097.897212,ground_trial_sample,1790841767.315,odom,base_footprint,progress=0.3171;cross_track=0.0007;one_shot=true,1.2247976064682007,-0.007329545449465513,-0.019176294342696083,0.1528570405801693,-0.008031963113664562,4.4614257177499894e-08,,,,,,,,0.3733371045684381,0.31711954096488343,,0.0007047904815521465,,1790841767.5046365,0.1896364688873291,0.46063661575317383,1.2325516941799886,-0.008204655773896875,-0.021939767367239477,0.08288345564402182,0.002763473024543394,False
2097.897741,cmd_vel_sent,,,,,,,,,,,,,,,0.15717216504163187,-0.0002038015020371358,-0.005526946049086788,0.3733371045684381,,,,,,,,,,,,,
2097.898439,odom_raw,1790841767.387,odom,base_footprint,,1.2363355159759521,-0.007550826761871576,-0.019176294342696083,0.15805333084206974,-0.003031248763817094,0.0,,,,,,,,,,,,,,,,,,,,,
2097.917338,ground_trial_sample,1790841767.387,odom,base_footprint,progress=0.3287;cross_track=0.0007;one_shot=true,1.2363355159759521,-0.007550826761871576,-0.019176294342696083,0.15805333084206974,-0.003031248763817094,0.0,,,,,,,,0.3764850887048593,0.3286595281491251,,0.0007366811670346451,,1790841767.5247548,0.1377546787261963,0.4807548522949219,1.2355553022365422,-0.008270564811439,-0.021939767367239477,0.07134427533479719,0.002763473024543394,False
2097.917903,cmd_vel_sent,,,,,,,,,,,,,,,0.14761656430465536,-0.0012319909215489466,-0.005526946049086788,0.3764850887048593,,,,,,,,,,,,,
2097.918429,imu_data_raw,1790841767.058,,,,,,,,,,imu_frame,-0.056592173874378204,0.8122329115867615,0.9654618501663208,,,,,,,,,,,,,,,,,
2097.937240,ground_trial_sample,1790841767.387,odom,base_footprint,progress=0.3287;cross_track=0.0007;one_shot=true,1.2363355159759521,-0.007550826761871576,-0.019176294342696083,0.15805333084206974,-0.003031248763817094,0.0,,,,,,,,0.37943488997658026,0.3286595281491251,,0.0007366811670346451,,1790841767.5446646,0.15766453742980957,0.4866645336151123,1.2385519056292418,-0.008336320143622695,-0.021939767367239477,0.07134427533479719,0.002763473024543394,False
2097.937763,cmd_vel_sent,,,,,,,,,,,,,,,0.15061387760968414,-0.0012402739370987086,-0.005526946049086788,0.37943488997658026,,,,,,,,,,,,,
2097.957139,ground_trial_sample,1790841767.387,odom,base_footprint,progress=0.3287;cross_track=0.0007;one_shot=true,1.2363355159759521,-0.007550826761871576,-0.019176294342696083,0.15805333084206974,-0.003031248763817094,0.0,,,,,,,,0.3824463662483833,0.3286595281491251,,0.0007366811670346451,imu_source_stamp_stale,1790841767.5645702,0.17757010459899902,0.5065701007843018,1.2415502841446744,-0.008402114427836295,-0.021939767367239477,0.07134427533479719,0.002763473024543394,False
2097.957624,cmd_vel_sent,,,,,,,,,,,,,,,0.1536129664579826,-0.0012485618593268883,-0.005526946049086788,0.3824463662483833,,,,,,,,,,,,,
2097.958250,cmd_vel_observed,,,,,,,,,,,,,,,0.15452269448230282,-0.0017195867575484423,-0.005526934873729725,,,,,,,,,,,,,,
2097.977106,ground_trial_sample,1790841767.387,odom,base_footprint,progress=0.3287;cross_track=0.0007;one_shot=true,1.2363355159759521,-0.007550826761871576,-0.019176294342696083,0.15805333084206974,-0.003031248763817094,0.0,,,,,,,,0.38551704186872343,0.3286595281491251,,0.0007366811670346451,imu_source_stamp_stale,1790841767.5845425,0.19754242897033691,0.5265424251556396,1.244547917039571,-0.008467892350683508,-0.021939767367239477,0.07134427533479719,0.002763473024543394,False
2097.977620,cmd_vel_sent,,,,,,,,,,,,,,,0.15661130950910337,-0.0012568477205594395,-0.005526946049086788,0.38551704186872343,,,,,,,,,,,,,
2097.978273,odom_raw,1790841767.476,odom,base_footprint,,1.249566912651062,-0.008029002696275711,-0.023206985105326827,0.15033356926800392,-0.0060398174368963085,-0.045803315937519073,,,,,,,,,,,,,,,,,,,,,
2097.997148,ground_trial_sample,1790841767.476,odom,base_footprint,progress=0.3419;cross_track=0.0005;one_shot=true,1.249566912651062,-0.008029002696275711,-0.023206985105326827,0.15033356926800392,-0.0060398174368963085,-0.045803315937519073,,,,,,,,0.3886507761206082,0.3418982306902653,,0.0005488907903928681,imu_source_stamp_stale,1790841767.6045792,0.12857913970947266,0.546579122543335,1.2475485424640866,-0.008533735939470913,-0.021939767367239477,0.05810436195348346,0.0012672177380873492,False
2097.997667,cmd_vel_sent,,,,,,,,,,,,,,,0.14790709259518484,0.0001866087835938968,0.0025344354761746984,0.3886507761206082,,,,,,,,,,,,,
2097.998218,imu_data_raw,1790841767.147,,,,,,,,,,imu_frame,0.12024172395467758,0.12270283699035645,-0.10235211998224258,,,,,,,,,,,,,,,,,
2098.017331,ground_trial_sample,1790841767.476,odom,base_footprint,progress=0.3419;cross_track=0.0005;one_shot=true,1.249566912651062,-0.008029002696275711,-0.023206985105326827,0.15033356926800392,-0.0060398174368963085,-0.045803315937519073,,,,,,,,0.3916113167194493,0.3418982306902653,,0.0005488907903928681,,1790841767.6247482,0.14874815940856934,0.47774815559387207,1.2505502501780112,-0.008599603277246848,-0.021939767367239477,0.05810436195348346,0.0012672177380873492,False
2098.017933,cmd_vel_sent,,,,,,,,,,,,,,,0.15090952048441633,0.00019041351550906074,0.0025344354761746984,0.3916113167194493,,,,,,,,,,,,,
2098.037394,ground_trial_sample,1790841767.476,odom,base_footprint,progress=0.3419;cross_track=0.0005;one_shot=true,1.249566912651062,-0.008029002696275711,-0.023206985105326827,0.15033356926800392,-0.0060398174368963085,-0.045803315937519073,,,,,,,,0.39463234195479985,0.3418982306902653,,0.0005488907903928681,,1790841767.6448054,0.16880536079406738,0.4978053569793701,1.2535318670248472,-0.008665029755333951,-0.021939767367239477,0.05810436195348346,0.0012672177380873492,False
2098.038029,cmd_vel_sent,,,,,,,,,,,,,,,0.15045719184406312,0.00018984031632573702,0.0025344354761746984,0.39463234195479985,,,,,,,,,,,,,
2098.038728,cmd_vel_observed,,,,,,,,,,,,,,,0.15117520939047357,-0.0001872290346789751,-0.005526946049086788,,,,,,,,,,,,,,
2098.057233,ground_trial_sample,1790841767.476,odom,base_footprint,progress=0.3419;cross_track=0.0005;one_shot=true,1.249566912651062,-0.008029002696275711,-0.023206985105326827,0.15033356926800392,-0.0060398174368963085,-0.045803315937519073,,,,,,,,0.3976350206289797,0.3418982306902653,,0.0005488907903928681,imu_source_stamp_stale,1790841767.6646547,0.18865466117858887,0.5176546573638916,1.256427772409328,-0.008728575442091498,-0.021939767367239477,0.05810436195348346,0.0012672177380873492,False
2098.057746,cmd_vel_sent,,,,,,,,,,,,,,,0.14856411250533397,0.0001874413713239811,0.0025344354761746984,0.3976350206289797,,,,,,,,,,,,,
2098.058264,imu_data_raw,1790841767.183,,,,,,,,,,imu_frame,-0.010785802267491817,0.4626794755458832,0.12749123573303223,,,,,,,,,,,,,,,,,
2098.077340,ground_trial_sample,1790841767.476,odom,base_footprint,progress=0.3419;cross_track=0.0005;one_shot=true,1.249566912651062,-0.008029002696275711,-0.023206985105326827,0.15033356926800392,-0.0060398174368963085,-0.045803315937519073,,,,,,,,0.40061054719848527,0.3418982306902653,,0.0005488907903928681,imu_source_stamp_stale,1790841767.6847565,0.2087564468383789,0.5017564296722412,1.2592539925831967,-0.008790592006181938,-0.021939767367239477,0.05810436195348346,0.0012672177380873492,False
2098.077890,cmd_vel_sent,,,,,,,,,,,,,,,0.1465841618907377,0.00018493234144159468,0.0025344354761746984,0.40061054719848527,,,,,,,,,,,,,
2098.097212,ground_trial_sample,1790841767.476,odom,base_footprint,progress=0.3419;cross_track=0.0005;one_shot=true,1.249566912651062,-0.008029002696275711,-0.023206985105326827,0.15033356926800392,-0.0060398174368963085,-0.045803315937519073,,,,,,,,0.4035384286142634,0.3418982306902653,,0.0005488907903928681,imu_source_stamp_stale,1790841767.7046244,0.2286243438720703,0.5216243267059326,1.2619926394232586,-0.00885068692336077,-0.021939767367239477,0.05810436195348346,0.0012672177380873492,False
2098.097812,cmd_vel_sent,,,,,,,,,,,,,,,0.14452969812101465,0.00018232888711676573,0.0025344354761746984,0.4035384286142634,,,,,,,,,,,,,
2098.098459,cmd_vel_observed,,,,,,,,,,,,,,,0.14761656430465536,-0.0012319909215489466,-0.005526946049086788,,,,,,,,,,,,,,
2098.117330,ground_trial_sample,1790841767.476,odom,base_footprint,progress=0.3419;cross_track=0.0005;one_shot=true,1.249566912651062,-0.008029002696275711,-0.023206985105326827,0.15033356926800392,-0.0060398174368963085,-0.045803315937519073,,,,,,,,0.4064328086673369,0.3418982306902653,,0.0005488907903928681,imu_source_stamp_stale,1790841767.7247465,0.24874639511108398,0.5417463779449463,1.2646583481972562,-0.008909181339527495,-0.021939767367239477,0.05810436195348346,0.0012672177380873492,False
2098.117922,cmd_vel_sent,,,,,,,,,,,,,,,0.14238976711587573,0.0001796171271372213,0.0025344354761746984,0.4064328086673369,,,,,,,,,,,,,
2098.118665,odom_raw,1790841767.597,odom,base_footprint,,1.2680728435516357,-0.008458546362817287,-0.026901784854534778,0.15292759630758063,-0.004115014303231554,-0.030535535886883736,,,,,,,,,,,,,,,,,,,,,
2098.137291,ground_trial_sample,1790841767.597,odom,base_footprint,progress=0.3604;cross_track=0.0005;one_shot=true,1.2680728435516357,-0.008458546362817287,-0.026901784854534778,0.15292759630758063,-0.004115014303231554,-0.030535535886883736,,,,,,,,0.40928124603312666,0.36040913115527295,,0.0005254337476630587,imu_source_stamp_stale,1790841767.7447114,0.14771151542663574,0.561711311340332,1.267241110129379,-0.008965855629228924,-0.021939767367239477,0.039594355361636656,0.0049620174872953005,False
2098.137860,cmd_vel_sent,,,,,,,,,,,,,,,0.12115141241388652,0.00022754146043881202,0.009924034974590601,0.40928124603312666,,,,,,,,,,,,,
2098.138384,imu_data_raw,1790841767.323,,,,,,,,,,imu_frame,-0.2046639323234558,0.12749123573303223,0.2711433470249176,,,,,,,,,,,,,,,,,
2098.157159,ground_trial_sample,1790841767.597,odom,base_footprint,progress=0.3604;cross_track=0.0005;one_shot=true,1.2680728435516357,-0.008458546362817287,-0.026901784854534778,0.15292759630758063,-0.004115014303231554,-0.030535535886883736,,,,,,,,0.4117012510970088,0.36040913115527295,,0.0005254337476630587,,1790841767.764585,0.16758513450622559,0.44158506393432617,1.2697402257835175,-0.009020694444536844,-0.021939767367239477,0.039594355361636656,0.0049620174872953005,False
2098.157635,cmd_vel_sent,,,,,,,,,,,,,,,0.11885715527202287,0.0002161572229476003,0.009924034974590601,0.4117012510970088,,,,,,,,,,,,,
2098.177253,ground_trial_sample,1790841767.597,odom,base_footprint,progress=0.3604;cross_track=0.0005;one_shot=true,1.2680728435516357,-0.008458546362817287,-0.026901784854534778,0.15292759630758063,-0.004115014303231554,-0.030535535886883736,,,,,,,,0.4140788138965965,0.36040913115527295,,0.0005254337476630587,,1790841767.7846766,0.18767666816711426,0.46167659759521484,1.2721629537500934,-0.009073857062793575,-0.021939767367239477,0.039594355361636656,0.0049620174872953005,False
2098.177858,cmd_vel_sent,,,,,,,,,,,,,,,0.11647965619890162,0.00020435993414780803,0.009924034974590601,0.4140788138965965,,,,,,,,,,,,,
2098.178521,cmd_vel_observed,,,,,,,,,,,,,,,0.14790709259518484,0.0001866087835938968,0.0025344354761746984,,,,,,,,,,,,,,
2098.197213,ground_trial_sample,1790841767.597,odom,base_footprint,progress=0.3604;cross_track=0.0005;one_shot=true,1.2680728435516357,-0.008458546362817287,-0.026901784854534778,0.15292759630758063,-0.004115014303231554,-0.030535535886883736,,,,,,,,0.4164078989100925,0.36040913115527295,,0.0005254337476630587,,1790841767.8046374,0.20763754844665527,0.48163747787475586,1.274504764606788,-0.009125244093579322,-0.021939767367239477,0.039594355361636656,0.0049620174872953005,False
2098.197750,cmd_vel_sent,,,,,,,,,,,,,,,0.11402311535026147,0.0001921704354567121,0.009924034974590601,0.4164078989100925,,,,,,,,,,,,,
2098.198452,odom_raw,1790841767.656,odom,base_footprint,,1.2770955562591553,-0.008701332844793797,-0.028703382608832758,0.15291994920961177,-0.004390529365273075,-0.030535535886883736,,,,,,,,,,,,,,,,,,,,,
2098.217294,ground_trial_sample,1790841767.656,odom,base_footprint,progress=0.3694;cross_track=0.0005;one_shot=true,1.2770955562591553,-0.008701332844793797,-0.028703382608832758,0.15291994920961177,-0.004390529365273075,-0.030535535886883736,,,,,,,,0.4186908849404055,0.36943499864482326,,0.0004806460334481474,imu_source_stamp_stale,1790841767.8247094,0.16870951652526855,0.5017094612121582,1.2767695742103504,-0.009174941463667699,-0.021939767367239477,0.030568780290542025,0.006763615241593281,False
2098.217878,cmd_vel_sent,,,,,,,,,,,,,,,0.10245667518757497,0.0004192785532695343,0.013527230483186561,0.4186908849404055,,,,,,,,,,,,,
2098.218434,imu_data_raw,1790841767.378,,,,,,,,,,imu_frame,-0.016112124547362328,-0.36571431159973145,0.19931729137897491,,,,,,,,,,,,,,,,,
2098.237279,ground_trial_sample,1790841767.656,odom,base_footprint,progress=0.3694;cross_track=0.0005;one_shot=true,1.2770955562591553,-0.008701332844793797,-0.028703382608832758,0.15291994920961177,-0.004390529365273075,-0.030535535886883736,,,,,,,,0.4207385829591019,0.36943499864482326,,0.0004806460334481474,,1790841767.8447034,0.1887035369873047,0.4667034149169922,1.2789503397584587,-0.009222794630816865,-0.021939767367239477,0.030568780290542025,0.006763615241593281,False
2098.237799,cmd_vel_sent,,,,,,,,,,,,,,,0.09984142824077984,0.0004015897594254205,0.013527230483186561,0.4207385829591019,,,,,,,,,,,,,
2098.257134,ground_trial_sample,1790841767.656,odom,base_footprint,progress=0.3694;cross_track=0.0005;one_shot=true,1.2770955562591553,-0.008701332844793797,-0.028703382608832758,0.15291994920961177,-0.004390529365273075,-0.030535535886883736,,,,,,,,0.4227351524118589,0.36943499864482326,,0.0004806460334481474,,1790841767.8645525,0.20855259895324707,0.48655247688293457,1.281052415652081,-0.009268921088190975,-0.021939767367239477,0.030568780290542025,0.006763615241593281,False
2098.257625,cmd_vel_sent,,,,,,,,,,,,,,,0.09714473351990051,0.0003833500757746667,0.013527230483186561,0.4227351524118589,,,,,,,,,,,,,
2098.258431,cmd_vel_observed,,,,,,,,,,,,,,,0.1465841618907377,0.00018493234144159468,0.0025344354761746984,,,,,,,,,,,,,,
2098.277126,ground_trial_sample,1790841767.656,odom,base_footprint,progress=0.3694;cross_track=0.0005;one_shot=true,1.2770955562591553,-0.008701332844793797,-0.028703382608832758,0.15291994920961177,-0.004390529365273075,-0.030535535886883736,,,,,,,,0.4246782212370233,0.36943499864482326,,0.0004806460334481474,imu_source_stamp_stale,1790841767.8845613,0.2285614013671875,0.506561279296875,1.2830749683820235,-0.00931330254585748,-0.021939767367239477,0.030568780290542025,0.006763615241593281,False
2098.277607,cmd_vel_sent,,,,,,,,,,,,,,,0.09436744377565466,0.00036456527008297537,0.013527230483186561,0.4246782212370233,,,,,,,,,,,,,
2098.278266,odom_raw,1790841767.749,odom,base_footprint,,1.2914700508117676,-0.009114041924476624,-0.028703382608832758,0.15291994931652553,-0.004390525641517274,0.0,,,,,,,,,,,,,,,,,,,,,
2098.297214,ground_trial_sample,1790841767.749,odom,base_footprint,progress=0.3838;cross_track=0.0004;one_shot=true,1.2914700508117676,-0.009114041924476624,-0.028703382608832758,0.15291994931652553,-0.004390525641517274,0.0,,,,,,,,0.4265665712873763,0.38381508774514556,,0.000383384045371072,imu_source_stamp_stale,1790841767.9046435,0.15564346313476562,0.5266435146331787,1.285018366510676,-0.009355947091287158,-0.021939767367239477,0.016189452369477626,0.006763615241593281,False
2098.297732,cmd_vel_sent,,,,,,,,,,,,,,,0.07712844669511904,0.0003452290164232461,0.013527230483186561,0.4265665712873763,,,,,,,,,,,,,
2098.298294,imu_data_raw,1790841767.428,,,,,,,,,,imu_frame,-0.10026801377534866,-0.04489128291606903,0.38127660751342773,,,,,,,,,,,,,,,,,
2098.317344,ground_trial_sample,1790841767.749,odom,base_footprint,progress=0.3838;cross_track=0.0004;one_shot=true,1.2914700508117676,-0.009114041924476624,-0.028703382608832758,0.15291994931652553,-0.004390525641517274,0.0,,,,,,,,0.42810966302974973,0.38381508774514556,,0.000383384045371072,,1790841767.9247584,0.17575836181640625,0.49675846099853516,1.2868813464916355,-0.009396826998117006,-0.021939767367239477,0.016189452369477626,0.006763615241593281,False
2098.318016,cmd_vel_sent,,,,,,,,,,,,,,,0.074190363626669,0.0003253566499691401,0.013527230483186561,0.42810966302974973,,,,,,,,,,,,,
2098.337264,ground_trial_sample,1790841767.749,odom,base_footprint,progress=0.3838;cross_track=0.0004;one_shot=true,1.2914700508117676,-0.009114041924476624,-0.028703382608832758,0.15291994931652553,-0.004390525641517274,0.0,,,,,,,,0.4295932823998291,0.38381508774514556,,0.000383384045371072,imu_source_stamp_stale,1790841767.9446836,0.19568347930908203,0.5166835784912109,1.2886634826400347,-0.009435932925421248,-0.021939767367239477,0.016189452369477626,0.006763615241593281,False
2098.337804,cmd_vel_sent,,,,,,,,,,,,,,,0.07117365178302064,0.0003049524606229734,0.013527230483186561,0.4295932823998291,,,,,,,,,,,,,
2098.338475,cmd_vel_observed,,,,,,,,,,,,,,,0.11885715527202287,0.0002161572229476003,0.009924034974590601,,,,,,,,,,,,,,
2098.357141,ground_trial_sample,1790841767.749,odom,base_footprint,progress=0.3838;cross_track=0.0004;one_shot=true,1.2914700508117676,-0.009114041924476624,-0.028703382608832758,0.15291994931652553,-0.004390525641517274,0.0,,,,,,,,0.43101447163551604,0.38381508774514556,,0.000383384045371072,imu_source_stamp_stale,1790841767.9645693,0.21556925773620605,0.536569356918335,1.2903632038484876,-0.009473230397937555,-0.021939767367239477,0.016189452369477626,0.006763615241593281,False
2098.357622,cmd_vel_sent,,,,,,,,,,,,,,,0.06808159792342897,0.000284038679098732,0.013527230483186561,0.43101447163551604,,,,,,,,,,,,,
2098.358298,odom_raw,1790841767.839,odom,base_footprint,,1.30339777469635,-0.009456503205001354,-0.028703382608832758,0.13253061380397488,-0.0038051219660553033,0.0,,,,,,,,,,,,,,,,,,,,,
2098.377231,ground_trial_sample,1790841767.839,odom,base_footprint,progress=0.3957;cross_track=0.0003;one_shot=true,1.30339777469635,-0.009456503205001354,-0.028703382608832758,0.13253061380397488,-0.0038051219660553033,0.0,,,,,,,,0.43237791962215744,0.39574745393776795,,0.00030267567739590204,imu_source_stamp_stale,1790841767.9846542,0.14565420150756836,0.5566542148590088,1.2919878526783033,-0.009508880535605637,-0.021939767367239477,0.004263303950821821,0.006763615241593281,False
2098.378150,cmd_vel_sent,,,,,,,,,,,,,,,0.05704725900021391,0.00026252282160148005,0.013527230483186561,0.43237791962215744,,,,,,,,,,,,,
2098.378673,imu_data_raw,1790841767.56,,,,,,,,,,imu_frame,-0.027830034494400024,0.03172317147254944,0.2663549482822418,,,,,,,,,,,,,,,,,
2098.397298,ground_trial_sample,1790841767.839,odom,base_footprint,progress=0.3957;cross_track=0.0003;one_shot=true,1.30339777469635,-0.009456503205001354,-0.028703382608832758,0.13253061380397488,-0.0038051219660553033,0.0,,,,,,,,0.4335194235726735,0.39574745393776795,,0.00030267567739590204,,1790841768.0047169,0.16571688652038574,0.4447169303894043,1.2935310378647258,-0.009542743093060314,-0.021939767367239477,0.004263303950821821,0.006763615241593281,False
2098.397822,cmd_vel_sent,,,,,,,,,,,,,,,0.053788590287593564,0.00024048210413330894,0.013527230483186561,0.4335194235726735,,,,,,,,,,,,,
2098.417338,ground_trial_sample,1790841767.839,odom,base_footprint,progress=0.3957;cross_track=0.0003;one_shot=true,1.30339777469635,-0.009456503205001354,-0.028703382608832758,0.13253061380397488,-0.0038051219660553033,0.0,,,,,,,,0.43459524388998655,0.39574745393776795,,0.00030267567739590204,,1790841768.0247502,0.18575024604797363,0.4647502899169922,1.2949935340081997,-0.00957483506758246,-0.021939767367239477,0.004263303950821821,0.006763615241593281,False
2098.417968,cmd_vel_sent,,,,,,,,,,,,,,,0.05045134634551249,0.00021790992594136987,0.013527230483186561,0.43459524388998655,,,,,,,,,,,,,
2098.418758,cmd_vel_observed,,,,,,,,,,,,,,,0.09984142824077984,0.0004015897594254205,0.013527230483186561,,,,,,,,,,,,,,
2098.437250,ground_trial_sample,1790841767.839,odom,base_footprint,progress=0.3957;cross_track=0.0003;one_shot=true,1.30339777469635,-0.009456503205001354,-0.028703382608832758,0.13253061380397488,-0.0038051219660553033,0.0,,,,,,,,0.4356031390591908,0.39574745393776795,,0.00030267567739590204,,1790841768.0446754,0.20567536354064941,0.48467540740966797,1.29637447834939,-0.009605137527395252,-0.021939767367239477,0.004263303950821821,0.006763615241593281,False
2098.437820,cmd_vel_sent,,,,,,,,,,,,,,,0.04703812974732903,0.00019482389009892035,0.013527230483186561,0.4356031390591908,,,,,,,,,,,,,
2098.438545,odom_raw,1790841767.926,odom,base_footprint,,1.3142690658569336,-0.009546715766191483,-0.02737508766084733,0.12495906109202741,-0.0008709489985291551,0.015267756767570972,,,,,,,,,,,,,,,,,,,,,
2098.457191,ground_trial_sample,1790841767.926,odom,base_footprint,progress=0.4066;cross_track=0.0005;one_shot=true,1.3142690658569336,-0.009546715766191483,-0.02737508766084733,0.12495906109202741,-0.0008709489985291551,0.015267756767570972,,,,,,,,0.436543778297712,0.40661810782068913,,0.0004509792920129544,imu_source_stamp_stale,1790841768.0646172,0.13861703872680664,0.5046172142028809,1.2976768743348666,-0.009633716377992683,-0.021939767367239477,0.006633455618913114,0.005435320293607853,False
2098.457716,cmd_vel_sent,,,,,,,,,,,,,,,0.03420189732479314,-0.000639214063168603,0.010870640587215706,0.436543778297712,,,,,,,,,,,,,
2098.458197,imu_data_raw,1790841767.618,,,,,,,,,,imu_frame,0.0680437684059143,0.5536591410636902,0.18495208024978638,,,,,,,,,,,,,,,,,
2098.477163,ground_trial_sample,1790841767.926,odom,base_footprint,progress=0.4066;cross_track=0.0005;one_shot=true,1.3142690658569336,-0.009546715766191483,-0.02737508766084733,0.12495906109202741,-0.0008709489985291551,0.015267756767570972,,,,,,,,0.4372280694520331,0.40661810782068913,,0.0004509792920129544,,1790841768.0845912,0.15859103202819824,0.46659111976623535,1.2988997083297047,-0.009660549376891368,-0.021939767367239477,0.006633455618913114,0.005435320293607853,False
2098.477654,cmd_vel_sent,,,,,,,,,,,,,,,0.030624140135278834,-0.0006586605109269865,0.010870640587215706,0.4372280694520331,,,,,,,,,,,,,
2098.497160,ground_trial_sample,1790841767.926,odom,base_footprint,progress=0.4066;cross_track=0.0005;one_shot=true,1.3142690658569336,-0.009546715766191483,-0.02737508766084733,0.12495906109202741,-0.0008709489985291551,0.015267756767570972,,,,,,,,0.4378403872225077,0.40661810782068913,,0.0004509792920129544,,1790841768.104588,0.1785879135131836,0.4865880012512207,1.3000417627628533,-0.00968560980657869,-0.021939767367239477,0.006633455618913114,0.005435320293607853,False
2098.497647,cmd_vel_sent,,,,,,,,,,,,,,,0.026968926362595368,-0.0006785279641696257,0.010870640587215706,0.4378403872225077,,,,,,,,,,,,,
2098.498279,cmd_vel_observed,,,,,,,,,,,,,,,0.074190363626669,0.0003253566499691401,0.013527230483186561,,,,,,,,,,,,,,
2098.517262,ground_trial_sample,1790841767.926,odom,base_footprint,progress=0.4066;cross_track=0.0005;one_shot=true,1.3142690658569336,-0.009546715766191483,-0.02737508766084733,0.12495906109202741,-0.0008709489985291551,0.015267756767570972,,,,,,,,0.43838030500388786,0.40661810782068913,,0.0004509792920129544,imu_source_stamp_stale,1790841768.1246789,0.19867873191833496,0.5066788196563721,1.3011051270382072,-0.00970894351544671,-0.021939767367239477,0.006633455618913114,0.005435320293607853,False
2098.517830,cmd_vel_sent,,,,,,,,,,,,,,,0.02322932297594606,-0.0006988541065106084,0.010870640587215706,0.43838030500388786,,,,,,,,,,,,,
2098.518591,odom_raw,1790841768.016,odom,base_footprint,,1.3244706392288208,-0.010053064674139023,-0.028733918937777547,0.11461660437093725,-0.005845061036351263,-0.015267779119312763,,,,,,,,,,,,,,,,,,,,,
2098.537250,ground_trial_sample,1790841768.016,odom,base_footprint,progress=0.4168;cross_track=0.0002;one_shot=true,1.3244706392288208,-0.010053064674139023,-0.028733918937777547,0.11461660437093725,-0.005845061036351263,-0.015267779119312763,,,,,,,,0.43884519699589025,0.41682833429611754,,0.00016855443645270342,imu_source_stamp_stale,1790841768.1446702,0.12867021560668945,0.5266702175140381,1.3020879506949958,-0.009730509898301236,-0.021939767367239477,0.016829178404780525,0.00679415157053807,False
2098.537858,cmd_vel_sent,,,,,,,,,,,,,,,0.011239561673096924,0.0005736603861757044,0.01358830314107614,0.43884519699589025,,,,,,,,,,,,,
2098.538368,imu_data_raw,1790841767.708,,,,,,,,,,imu_frame,-0.17483653128147125,-0.15502455830574036,0.4770447015762329,,,,,,,,,,,,,,,,,
2098.557191,ground_trial_sample,1790841768.016,odom,base_footprint,progress=0.4168;cross_track=0.0002;one_shot=true,1.3244706392288208,-0.010053064674139023,-0.028733918937777547,0.11461660437093725,-0.005845061036351263,-0.015267779119312763,,,,,,,,0.439070051550036,0.41682833429611754,,0.00016855443645270342,,1790841768.1646183,0.14861822128295898,0.4566183090209961,1.3029897050947241,-0.009750297355075358,-0.021939767367239477,0.016829178404780525,0.00679415157053807,False
2098.557706,cmd_vel_sent,,,,,,,,,,,,,,,0.007346512521927005,0.0005472100131824098,0.01358830314107614,0.439070051550036,,,,,,,,,,,,,
2098.577163,ground_trial_sample,1790841768.016,odom,base_footprint,progress=0.4168;cross_track=0.0002;one_shot=true,1.3244706392288208,-0.010053064674139023,-0.028733918937777547,0.11461660437093725,-0.005845061036351263,-0.015267779119312763,,,,,,,,0.4392174490612966,0.41682833429611754,,0.00016855443645270342,,1790841768.1845918,0.16859173774719238,0.4765918254852295,1.3038127589716584,-0.009768357863588008,-0.021939767367239477,0.016829178404780525,0.00679415157053807,False
2098.577666,cmd_vel_sent,,,,,,,,,,,,,,,0.0033678941177706723,0.0005201782607689305,0.01358830314107614,0.4392174490612966,,,,,,,,,,,,,
2098.578328,cmd_vel_observed,,,,,,,,,,,,,,,0.053788590287593564,0.00024048210413330894,0.013527230483186561,,,,,,,,,,,,,,
2098.597223,ground_trial_sample,1790841768.016,odom,base_footprint,progress=0.4168;cross_track=0.0002;one_shot=true,1.3244706392288208,-0.010053064674139023,-0.028733918937777547,0.11461660437093725,-0.005845061036351263,-0.015267779119312763,,,,,,,,0.43928557588766454,0.41682833429611754,,0.00016855443645270342,,1790841768.2046506,0.18865060806274414,0.49665069580078125,1.304555172712798,-0.009784648862351907,-0.021939767367239477,0.016829178404780525,0.00679415157053807,False
2098.597734,cmd_vel_sent,,,,,,,,,,,,,,,-0.0006873248662955032,0.000492626064397147,0.01358830314107614,0.43928557588766454,,,,,,,,,,,,,
2098.598254,imu_data_raw,1790841767.759,,,,,,,,,,imu_frame,0.14154700934886932,-0.38486793637275696,0.06524199992418289,,,,,,,,,,,,,,,,,
2098.617290,ground_trial_sample,1790841768.016,odom,base_footprint,progress=0.4168;cross_track=0.0002;one_shot=true,1.3244706392288208,-0.010053064674139023,-0.028733918937777547,0.11461660437093725,-0.005845061036351263,-0.015267779119312763,,,,,,,,0.4393025118823738,0.41682833429611754,,0.00016855443645270342,,1790841768.2247105,0.2087104320526123,0.4657104015350342,1.3052188061970256,-0.009799211163225597,-0.021939767367239477,0.016829178404780525,0.00679415157053807,False
2098.617919,cmd_vel_sent,,,,,,,,,,,,,,,-0.004830056171861133,0.0004644792869000544,0.01358830314107614,0.4393025118823738,,,,,,,,,,,,,
2098.637253,ground_trial_sample,1790841768.016,odom,base_footprint,progress=0.4168;cross_track=0.0002;one_shot=true,1.3244706392288208,-0.010053064674139023,-0.028733918937777547,0.11461660437093725,-0.005845061036351263,-0.015267779119312763,,,,,,,,0.43939951815356953,0.41682833429611754,,0.00016855443645270342,,1790841768.2446737,0.22867369651794434,0.4856736660003662,1.3058012633386467,-0.009811992188209873,-0.021939767367239477,0.016829178404780525,0.00679415157053807,False
2098.637794,cmd_vel_sent,,,,,,,,,,,,,,,-0.00904535896615452,0.0004358394401220484,0.01358830314107614,0.43939951815356953,,,,,,,,,,,,,
2098.638441,cmd_vel_observed,,,,,,,,,,,,,,,0.03420189732479314,-0.000639214063168603,0.010870640587215706,,,,,,,,,,,,,,
2098.657112,ground_trial_sample,1790841768.016,odom,base_footprint,progress=0.4168;cross_track=0.0002;one_shot=true,1.3244706392288208,-0.010053064674139023,-0.028733918937777547,0.11461660437093725,-0.005845061036351263,-0.015267779119312763,,,,,,,,0.4395803949360407,0.41682833429611754,,0.00016855443645270342,imu_source_stamp_stale,1790841768.2645426,0.24854254722595215,0.505542516708374,1.306303385548047,-0.009823010400615416,-0.021939767367239477,0.016829178404780525,0.00679415157053807,False
2098.657959,cmd_vel_sent,,,,,,,,,,,,,,,-0.01333664891745663,0.0004066833171380319,0.01358830314107614,0.4395803949360407,,,,,,,,,,,,,
2098.658626,odom_raw,1790841768.119,odom,base_footprint,,1.3321346044540405,-0.011069179512560368,-0.03667315618984228,0.07361159440727934,-0.010355073968468673,-0.07633880525827408,,,,,,,,,,,,,,,,,,,,,
2098.677078,ground_trial_sample,1790841768.119,odom,base_footprint,progress=0.4245;cross_track=0.0007;one_shot=true,1.3321346044540405,-0.011069179512560368,-0.03667315618984228,0.07361159440727934,-0.010355073968468673,-0.07633880525827408,,,,,,,,0.4398472578491345,0.42451274659221844,,0.0006791837317165032,imu_source_stamp_stale,1790841768.2845118,0.1655118465423584,0.5255117416381836,1.3067262556273813,-0.009832289560682083,-0.021939767367239477,0.02452215398442275,0.014733388822602802,False
2098.677521,cmd_vel_sent,,,,,,,,,,,,,,,-0.017249769403240585,0.002172819222200703,0.029466777645205604,0.4398472578491345,,,,,,,,,,,,,
2098.677971,imu_data_raw,1790841767.883,,,,,,,,,,imu_frame,0.01691107265651226,-0.2651578485965729,0.050876785069704056,,,,,,,,,,,,,,,,,
2098.697128,ground_trial_sample,1790841768.119,odom,base_footprint,progress=0.4245;cross_track=0.0007;one_shot=true,1.3321346044540405,-0.011069179512560368,-0.03667315618984228,0.07361159440727934,-0.010355073968468673,-0.07633880525827408,,,,,,,,0.4401952816195911,0.42451274659221844,,0.0006791837317165032,,1790841768.3045614,0.1855614185333252,0.42156147956848145,1.3070693978639538,-0.009839819229709036,-0.021939767367239477,0.02452215398442275,0.014733388822602802,False
2098.697630,cmd_vel_sent,,,,,,,,,,,,,,,-0.021710232317471084,0.0021070967321672606,0.029466777645205604,0.4401952816195911,,,,,,,,,,,,,
2098.717305,ground_trial_sample,1790841768.119,odom,base_footprint,progress=0.4245;cross_track=0.0007;one_shot=true,1.3321346044540405,-0.011069179512560368,-0.03667315618984228,0.07361159440727934,-0.010355073968468673,-0.07633880525827408,,,,,,,,0.44063189028789784,0.42451274659221844,,0.0006791837317165032,,1790841768.3247228,0.20572280883789062,0.4417228698730469,1.307332412399151,-0.00984559063348344,-0.021939767367239477,0.02452215398442275,0.014733388822602802,False
2098.717921,cmd_vel_sent,,,,,,,,,,,,,,,-0.02625066410154545,0.0020401959444206973,0.029466777645205604,0.44063189028789784,,,,,,,,,,,,,
2098.718686,cmd_vel_observed,,,,,,,,,,,,,,,0.011239561673096924,0.0005736603861757044,0.01358830314107614,,,,,,,,,,,,,,
2098.737391,ground_trial_sample,1790841768.119,odom,base_footprint,progress=0.4245;cross_track=0.0007;one_shot=true,1.3321346044540405,-0.011069179512560368,-0.03667315618984228,0.07361159440727934,-0.010355073968468673,-0.07633880525827408,,,,,,,,0.44115873758383367,0.42451274659221844,,0.0006791837317165032,,1790841768.3448007,0.2258007526397705,0.46180081367492676,1.307515261697768,-0.009849602948359487,-0.021939767367239477,0.02452215398442275,0.014733388822602802,False
2098.737978,cmd_vel_sent,,,,,,,,,,,,,,,-0.03086955518355449,0.001972139101680351,0.029466777645205604,0.44115873758383367,,,,,,,,,,,,,
2098.738704,odom_raw,1790841768.196,odom,base_footprint,,1.3361798524856567,-0.011799326166510582,-0.044795607469323026,0.053147786708376485,-0.010039209543298115,-0.10687432438135147,,,,,,,,,,,,,,,,,,,,,
2098.757301,ground_trial_sample,1790841768.196,odom,base_footprint,progress=0.4286;cross_track=0.0013;one_shot=true,1.3361798524856567,-0.011799326166510582,-0.044795607469323026,0.053147786708376485,-0.010039209543298115,-0.10687432438135147,,,,,,,,0.44177696250281856,0.4285730390285661,,0.001320409982666866,,1790841768.3647163,0.1687161922454834,0.4817163944244385,1.3076179810504764,-0.009851856948730538,-0.021939767367239477,0.02860353198208711,0.02285584010208355,False
2098.757860,cmd_vel_sent,,,,,,,,,,,,,,,-0.035559690754616215,0.002282497667877373,0.0457116802041671,0.44177696250281856,,,,,,,,,,,,,
2098.758362,imu_data_raw,1790841767.898,,,,,,,,,,imu_frame,0.146873340010643,-0.24121582508087158,0.17058686912059784,,,,,,,,,,,,,,,,,
2098.777256,ground_trial_sample,1790841768.196,odom,base_footprint,progress=0.4286;cross_track=0.0013;one_shot=true,1.3361798524856567,-0.011799326166510582,-0.044795607469323026,0.053147786708376485,-0.010039209543298115,-0.10687432438135147,,,,,,,,0.4424896220701828,0.4285730390285661,,0.001320409982666866,,1790841768.384678,0.18867778778076172,0.486677885055542,1.3076426572096864,-0.009852398424806353,-0.021939767367239477,0.02860353198208711,0.02285584010208355,False
2098.777764,cmd_vel_sent,,,,,,,,,,,,,,,-0.03930455934242347,0.0021968906429770843,0.0457116802041671,0.4424896220701828,,,,,,,,,,,,,
2098.797190,ground_trial_sample,1790841768.196,odom,base_footprint,progress=0.4286;cross_track=0.0013;one_shot=true,1.3361798524856567,-0.011799326166510582,-0.044795607469323026,0.053147786708376485,-0.010039209543298115,-0.10687432438135147,,,,,,,,0.4432764286704486,0.4285730390285661,,0.001320409982666866,imu_source_stamp_stale,1790841768.4046159,0.20861577987670898,0.5066158771514893,1.3076426572096864,-0.009852398424806353,-0.021939767367239477,0.02860353198208711,0.02285584010208355,False
2098.797693,cmd_vel_sent,,,,,,,,,,,,,,,-0.03930455934242347,0.0021968906429770843,0.0457116802041671,0.4432764286704486,,,,,,,,,,,,,
2098.798329,cmd_vel_observed,,,,,,,,,,,,,,,-0.004830056171861133,0.0004644792869000544,0.01358830314107614,,,,,,,,,,,,,,
2098.817278,ground_trial_sample,1790841768.196,odom,base_footprint,progress=0.4286;cross_track=0.0013;one_shot=true,1.3361798524856567,-0.011799326166510582,-0.044795607469323026,0.053147786708376485,-0.010039209543298115,-0.10687432438135147,,,,,,,,0.4440647101931842,0.4285730390285661,,0.001320409982666866,imu_source_stamp_stale,1790841768.4247012,0.22870111465454102,0.5267012119293213,1.3076426572096864,-0.009852398424806353,-0.021939767367239477,0.02860353198208711,0.02285584010208355,False
2098.817840,cmd_vel_sent,,,,,,,,,,,,,,,-0.03930455934242347,0.0021968906429770843,0.0457116802041671,0.4440647101931842,,,,,,,,,,,,,
2098.818606,odom_raw,1790841768.294,odom,base_footprint,,1.3373943567276,-0.012604137882590294,-0.05227680856987357,0.012331473388702498,-0.008304849804676094,-0.07633880525827408,,,,,,,,,,,,,,,,,,,,,
2098.837310,ground_trial_sample,1790841768.294,odom,base_footprint,progress=0.4298;cross_track=0.0021;one_shot=true,1.3373943567276,-0.012604137882590294,-0.05227680856987357,0.012331473388702498,-0.008304849804676094,-0.07633880525827408,,,,,,,,0.44485145616994837,0.42980490694465184,,0.002098384204190928,imu_source_stamp_stale,1790841768.4447227,0.15072274208068848,0.5467226505279541,1.3076426572096864,-0.009852398424806353,-0.021939767367239477,0.02987868294031298,0.030337041202634096,False
2098.837854,cmd_vel_sent,,,,,,,,,,,,,,,-0.032404557820190805,0.0027231942426441157,0.06067408240526819,0.44485145616994837,,,,,,,,,,,,,
2098.838375,imu_data_raw,1790841767.979,,,,,,,,,,imu_frame,-0.0704406127333641,-0.11192893236875534,0.314238965511322,,,,,,,,,,,,,,,,,
2098.857258,ground_trial_sample,1790841768.294,odom,base_footprint,progress=0.4298;cross_track=0.0021;one_shot=true,1.3373943567276,-0.012604137882590294,-0.05227680856987357,0.012331473388702498,-0.008304849804676094,-0.07633880525827408,,,,,,,,0.44550204863646164,0.42980490694465184,,0.002098384204190928,,1790841768.4646757,0.17067575454711914,0.485675573348999,1.3076426572096864,-0.009852398424806353,-0.021939767367239477,0.02987868294031298,0.030337041202634096,False
2098.857750,cmd_vel_sent,,,,,,,,,,,,,,,-0.032404557820190805,0.0027231942426441157,0.06067408240526819,0.44550204863646164,,,,,,,,,,,,,
2098.877226,ground_trial_sample,1790841768.294,odom,base_footprint,progress=0.4298;cross_track=0.0021;one_shot=true,1.3373943567276,-0.012604137882590294,-0.05227680856987357,0.012331473388702498,-0.008304849804676094,-0.07633880525827408,,,,,,,,0.4461520611305022,0.42980490694465184,,0.002098384204190928,imu_source_stamp_stale,1790841768.4846518,0.19065189361572266,0.5056517124176025,1.3076426572096864,-0.009852398424806353,-0.021939767367239477,0.02987868294031298,0.030337041202634096,False
2098.877834,cmd_vel_sent,,,,,,,,,,,,,,,-0.032404557820190805,0.0027231942426441157,0.06067408240526819,0.4461520611305022,,,,,,,,,,,,,
2098.878516,cmd_vel_observed,,,,,,,,,,,,,,,-0.021710232317471084,0.0021070967321672606,0.029466777645205604,,,,,,,,,,,,,,
2098.897216,ground_trial_sample,1790841768.294,odom,base_footprint,progress=0.4298;cross_track=0.0021;one_shot=true,1.3373943567276,-0.012604137882590294,-0.05227680856987357,0.012331473388702498,-0.008304849804676094,-0.07633880525827408,,,,,,,,0.4468019609794917,0.42980490694465184,,0.002098384204190928,imu_source_stamp_stale,1790841768.5046387,0.21063876152038574,0.5256385803222656,1.3076426572096864,-0.009852398424806353,-0.021939767367239477,0.02987868294031298,0.030337041202634096,False
2098.897724,cmd_vel_sent,,,,,,,,,,,,,,,-0.032404557820190805,0.0027231942426441157,0.06067408240526819,0.4468019609794917,,,,,,,,,,,,,
2098.898406,odom_raw,1790841768.399,odom,base_footprint,,1.3360435962677002,-0.012801546603441238,-0.04746746347793985,-0.012855203912700529,-0.001941928099479259,0.04580328240990639,,,,,,,,,,,,,,,,,,,,,
2098.917302,ground_trial_sample,1790841768.399,odom,base_footprint,progress=0.4285;cross_track=0.0023;one_shot=true,1.3360435962677002,-0.012801546603441238,-0.04746746347793985,-0.012855203912700529,-0.001941928099479259,0.04580328240990639,,,,,,,,0.4474533504488228,0.4284588023222313,,0.002325378408070915,imu_source_stamp_stale,1790841768.524721,0.12572097778320312,0.5457208156585693,1.3076426572096864,-0.009852398424806353,-0.021939767367239477,0.02855364800435415,0.025527696110700368,False
2098.917824,cmd_vel_sent,,,,,,,,,,,,,,,-0.025959169068775975,0.0021081551262554805,0.051055392221400736,0.4474533504488228,,,,,,,,,,,,,
2098.918373,imu_data_raw,1790841768.13,,,,,,,,,,imu_frame,-0.005459480453282595,-0.49978959560394287,0.49619829654693604,,,,,,,,,,,,,,,,,
2098.937301,ground_trial_sample,1790841768.399,odom,base_footprint,progress=0.4285;cross_track=0.0023;one_shot=true,1.3360435962677002,-0.012801546603441238,-0.04746746347793985,-0.012855203912700529,-0.001941928099479259,0.04580328240990639,,,,,,,,0.44797395055115574,0.4284588023222313,,0.002325378408070915,,1790841768.5447183,0.14571833610534668,0.4147181510925293,1.3076426572096864,-0.009852398424806353,-0.021939767367239477,0.02855364800435415,0.025527696110700368,False
2098.937864,cmd_vel_sent,,,,,,,,,,,,,,,-0.025959169068775975,0.0021081551262554805,0.051055392221400736,0.44797395055115574,,,,,,,,,,,,,
2098.957146,ground_trial_sample,1790841768.399,odom,base_footprint,progress=0.4285;cross_track=0.0023;one_shot=true,1.3360435962677002,-0.012801546603441238,-0.04746746347793985,-0.012855203912700529,-0.001941928099479259,0.04580328240990639,,,,,,,,0.44849448882353843,0.4284588023222313,,0.002325378408070915,,1790841768.5645754,0.16557550430297852,0.43457531929016113,1.3076426572096864,-0.009852398424806353,-0.021939767367239477,0.02855364800435415,0.025527696110700368,False
2098.957657,cmd_vel_sent,,,,,,,,,,,,,,,-0.025959169068775975,0.0021081551262554805,0.051055392221400736,0.44849448882353843,,,,,,,,,,,,,
2098.958307,cmd_vel_observed,,,,,,,,,,,,,,,-0.03930455934242347,0.0021968906429770843,0.0457116802041671,,,,,,,,,,,,,,
2098.977096,ground_trial_sample,1790841768.399,odom,base_footprint,progress=0.4285;cross_track=0.0023;one_shot=true,1.3360435962677002,-0.012801546603441238,-0.04746746347793985,-0.012855203912700529,-0.001941928099479259,0.04580328240990639,,,,,,,,0.44901503292990397,0.4284588023222313,,0.002325378408070915,,1790841768.5845292,0.18552923202514648,0.4545290470123291,1.3076426572096864,-0.009852398424806353,-0.021939767367239477,0.02855364800435415,0.025527696110700368,False
2098.977593,cmd_vel_sent,,,,,,,,,,,,,,,-0.025959169068775975,0.0021081551262554805,0.051055392221400736,0.44901503292990397,,,,,,,,,,,,,
2098.978238,odom_raw,1790841768.467,odom,base_footprint,,1.3353406190872192,-0.012768154963850975,-0.04746746347793985,-0.01018737647489258,0.00048393243444749975,0.0,,,,,,,,,,,,,,,,,,,,,
2098.997104,ground_trial_sample,1790841768.467,odom,base_footprint,progress=0.4278;cross_track=0.0023;one_shot=true,1.3353406190872192,-0.012768154963850975,-0.04746746347793985,-0.01018737647489258,0.00048393243444749975,0.0,,,,,,,,0.44953611428492224,0.42775526177915657,,0.002307416723250395,,1790841768.6045382,0.13753819465637207,0.47453808784484863,1.3076426572096864,-0.009852398424806353,-0.021939767367239477,0.027851009467598168,0.025527696110700368,False
2098.997595,cmd_vel_sent,,,,,,,,,,,,,,,-0.025765342532676597,0.0015982139976370524,0.051055392221400736,0.44953611428492224,,,,,,,,,,,,,
2098.998082,imu_data_raw,1790841768.166,,,,,,,,,,imu_frame,0.0062584285624325275,-0.23163901269435883,0.4100070297718048,,,,,,,,,,,,,,,,,
2099.017263,ground_trial_sample,1790841768.467,odom,base_footprint,progress=0.4278;cross_track=0.0023;one_shot=true,1.3353406190872192,-0.012768154963850975,-0.04746746347793985,-0.01018737647489258,0.00048393243444749975,0.0,,,,,,,,0.4500530085183237,0.42775526177915657,,0.002307416723250395,,1790841768.6246881,0.15768814086914062,0.45868825912475586,1.3076426572096864,-0.009852398424806353,-0.021939767367239477,0.027851009467598168,0.025527696110700368,False
2099.017856,cmd_vel_sent,,,,,,,,,,,,,,,-0.025765342532676597,0.0015982139976370524,0.051055392221400736,0.4500530085183237,,,,,,,,,,,,,
2099.037273,ground_trial_sample,1790841768.467,odom,base_footprint,progress=0.4278;cross_track=0.0023;one_shot=true,1.3353406190872192,-0.012768154963850975,-0.04746746347793985,-0.01018737647489258,0.00048393243444749975,0.0,,,,,,,,0.45056920298822023,0.42775526177915657,,0.002307416723250395,,1790841768.6446924,0.17769241333007812,0.47869253158569336,1.3076426572096864,-0.009852398424806353,-0.021939767367239477,0.027851009467598168,0.025527696110700368,False
2099.037816,cmd_vel_sent,,,,,,,,,,,,,,,-0.025765342532676597,0.0015982139976370524,0.051055392221400736,0.45056920298822023,,,,,,,,,,,,,
2099.038480,cmd_vel_observed,,,,,,,,,,,,,,,-0.032404557820190805,0.0027231942426441157,0.06067408240526819,,,,,,,,,,,,,,
2099.057150,ground_trial_sample,1790841768.467,odom,base_footprint,progress=0.4278;cross_track=0.0023;one_shot=true,1.3353406190872192,-0.012768154963850975,-0.04746746347793985,-0.01018737647489258,0.00048393243444749975,0.0,,,,,,,,0.4510851863183528,0.42775526177915657,,0.002307416723250395,,1790841768.6645794,0.19757938385009766,0.4985795021057129,1.3076426572096864,-0.009852398424806353,-0.021939767367239477,0.027851009467598168,0.025527696110700368,False
2099.057635,cmd_vel_sent,,,,,,,,,,,,,,,-0.025765342532676597,0.0015982139976370524,0.051055392221400736,0.4510851863183528,,,,,,,,,,,,,
2099.058309,odom_raw,1790841768.573,odom,base_footprint,,1.33401620388031,-0.01243722066283226,-0.045864346893337064,-0.012618274145711816,0.0031315351409375415,0.015267758630216122,,,,,,,,,,,,,,,,,,,,,
2099.077077,ground_trial_sample,1790841768.573,odom,base_footprint,progress=0.4264;cross_track=0.0020;one_shot=true,1.33401620388031,-0.01243722066283226,-0.045864346893337064,-0.012618274145711816,0.0031315351409375415,0.015267758630216122,,,,,,,,0.45160115970977427,0.4264239052762329,,0.002005617097661075,imu_source_stamp_stale,1790841768.6845102,0.1115102767944336,0.5185103416442871,1.3076426572096864,-0.009852398424806353,-0.021939767367239477,0.026499910754373426,0.023924579526097587,False
2099.077536,cmd_vel_sent,,,,,,,,,,,,,,,-0.023914606189923568,0.0008629794078613767,0.047849159052195174,0.45160115970977427,,,,,,,,,,,,,
2099.077979,imu_data_raw,1790841768.218,,,,,,,,,,imu_frame,-0.24088291823863983,-0.1933317929506302,0.6637924313545227,,,,,,,,,,,,,,,,,
2099.097149,ground_trial_sample,1790841768.573,odom,base_footprint,progress=0.4264;cross_track=0.0020;one_shot=true,1.33401620388031,-0.01243722066283226,-0.045864346893337064,-0.012618274145711816,0.0031315351409375415,0.015267758630216122,,,,,,,,0.4520803633385353,0.4264239052762329,,0.002005617097661075,,1790841768.7045836,0.13158369064331055,0.4865837097167969,1.3076426572096864,-0.009852398424806353,-0.021939767367239477,0.026499910754373426,0.023924579526097587,False
2099.097677,cmd_vel_sent,,,,,,,,,,,,,,,-0.023914606189923568,0.0008629794078613767,0.047849159052195174,0.4520803633385353,,,,,,,,,,,,,
2099.117286,ground_trial_sample,1790841768.573,odom,base_footprint,progress=0.4264;cross_track=0.0020;one_shot=true,1.33401620388031,-0.01243722066283226,-0.045864346893337064,-0.012618274145711816,0.0031315351409375415,0.015267758630216122,,,,,,,,0.4525593036875555,0.4264239052762329,,0.002005617097661075,imu_source_stamp_stale,1790841768.724703,0.1517031192779541,0.5067031383514404,1.3076426572096864,-0.009852398424806353,-0.021939767367239477,0.026499910754373426,0.023924579526097587,False
2099.117800,cmd_vel_sent,,,,,,,,,,,,,,,-0.023914606189923568,0.0008629794078613767,0.047849159052195174,0.4525593036875555,,,,,,,,,,,,,
2099.118462,cmd_vel_observed,,,,,,,,,,,,,,,-0.025959169068775975,0.0021081551262554805,0.051055392221400736,,,,,,,,,,,,,,
2099.137418,ground_trial_sample,1790841768.573,odom,base_footprint,progress=0.4264;cross_track=0.0020;one_shot=true,1.33401620388031,-0.01243722066283226,-0.045864346893337064,-0.012618274145711816,0.0031315351409375415,0.015267758630216122,,,,,,,,0.45303787632554854,0.4264239052762329,,0.002005617097661075,imu_source_stamp_stale,1790841768.7448268,0.17182683944702148,0.5268268585205078,1.3076426572096864,-0.009852398424806353,-0.021939767367239477,0.026499910754373426,0.023924579526097587,False
2099.137982,cmd_vel_sent,,,,,,,,,,,,,,,-0.023914606189923568,0.0008629794078613767,0.047849159052195174,0.45303787632554854,,,,,,,,,,,,,
2099.138689,odom_raw,1790841768.646,odom,base_footprint,,1.332706093788147,-0.012563418596982956,-0.04474979993503814,-0.017944204574166043,-0.001748735122035689,0.015267761424183846,,,,,,,,,,,,,,,,,,,,,
2099.157198,ground_trial_sample,1790841768.646,odom,base_footprint,progress=0.4251;cross_track=0.0022;one_shot=true,1.332706093788147,-0.012563418596982956,-0.04474979993503814,-0.017944204574166043,-0.001748735122035689,0.015267761424183846,,,,,,,,0.4535159500194581,0.4251168790155884,,0.002160525864866888,imu_source_stamp_stale,1790841768.7646196,0.11861968040466309,0.5466196537017822,1.3076426572096864,-0.009852398424806353,-0.021939767367239477,0.02520963076874516,0.02281003256779866,False
2099.157721,cmd_vel_sent,,,,,,,,,,,,,,,-0.02159002034381425,0.0020970398903340658,0.04562006513559732,0.4535159500194581,,,,,,,,,,,,,
2099.158209,imu_data_raw,1790841768.306,,,,,,,,,,imu_frame,-0.04487426578998566,0.03172317147254944,0.6302735805511475,,,,,,,,,,,,,,,,,
2099.177184,ground_trial_sample,1790841768.646,odom,base_footprint,progress=0.4251;cross_track=0.0022;one_shot=true,1.332706093788147,-0.012563418596982956,-0.04474979993503814,-0.017944204574166043,-0.001748735122035689,0.015267761424183846,,,,,,,,0.45394925287814125,0.4251168790155884,,0.002160525864866888,,1790841768.784609,0.1386091709136963,0.4786090850830078,1.3076426572096864,-0.009852398424806353,-0.021939767367239477,0.02520963076874516,0.02281003256779866,False
2099.177671,cmd_vel_sent,,,,,,,,,,,,,,,-0.02159002034381425,0.0020970398903340658,0.04562006513559732,0.45394925287814125,,,,,,,,,,,,,
2099.197260,ground_trial_sample,1790841768.646,odom,base_footprint,progress=0.4251;cross_track=0.0022;one_shot=true,1.332706093788147,-0.012563418596982956,-0.04474979993503814,-0.017944204574166043,-0.001748735122035689,0.015267761424183846,,,,,,,,0.45438399265508234,0.4251168790155884,,0.002160525864866888,,1790841768.8046782,0.15867829322814941,0.49867820739746094,1.3076426572096864,-0.009852398424806353,-0.021939767367239477,0.02520963076874516,0.02281003256779866,False
2099.197776,cmd_vel_sent,,,,,,,,,,,,,,,-0.02159002034381425,0.0020970398903340658,0.04562006513559732,0.45438399265508234,,,,,,,,,,,,,
2099.198488,cmd_vel_observed,,,,,,,,,,,,,,,-0.025765342532676597,0.0015982139976370524,0.051055392221400736,,,,,,,,,,,,,,
2099.217299,ground_trial_sample,1790841768.646,odom,base_footprint,progress=0.4251;cross_track=0.0022;one_shot=true,1.332706093788147,-0.012563418596982956,-0.04474979993503814,-0.017944204574166043,-0.001748735122035689,0.015267761424183846,,,,,,,,0.4548176406708872,0.4251168790155884,,0.002160525864866888,imu_source_stamp_stale,1790841768.8247159,0.17871594429016113,0.5187158584594727,1.3076426572096864,-0.009852398424806353,-0.021939767367239477,0.02520963076874516,0.02281003256779866,False
2099.217842,cmd_vel_sent,,,,,,,,,,,,,,,-0.02159002034381425,0.0020970398903340658,0.04562006513559732,0.4548176406708872,,,,,,,,,,,,,
2099.218379,imu_data_raw,1790841768.41,,,,,,,,,,imu_frame,-0.004394215997308493,0.01735796220600605,0.19452889263629913,,,,,,,,,,,,,,,,,
2099.237262,ground_trial_sample,1790841768.646,odom,base_footprint,progress=0.4251;cross_track=0.0022;one_shot=true,1.332706093788147,-0.012563418596982956,-0.04474979993503814,-0.017944204574166043,-0.001748735122035689,0.015267761424183846,,,,,,,,0.4552507375676078,0.4251168790155884,,0.002160525864866888,,1790841768.844674,0.19867420196533203,0.4346740245819092,1.3076426572096864,-0.009852398424806353,-0.021939767367239477,0.02520963076874516,0.02281003256779866,False
2099.237821,cmd_vel_sent,,,,,,,,,,,,,,,-0.02159002034381425,0.0020970398903340658,0.04562006513559732,0.4552507375676078,,,,,,,,,,,,,
2099.257127,ground_trial_sample,1790841768.646,odom,base_footprint,progress=0.4251;cross_track=0.0022;one_shot=true,1.332706093788147,-0.012563418596982956,-0.04474979993503814,-0.017944204574166043,-0.001748735122035689,0.015267761424183846,,,,,,,,0.45568494292799633,0.4251168790155884,,0.002160525864866888,,1790841768.8645566,0.21855664253234863,0.4545564651489258,1.3076426572096864,-0.009852398424806353,-0.021939767367239477,0.02520963076874516,0.02281003256779866,False
2099.257640,cmd_vel_sent,,,,,,,,,,,,,,,-0.02159002034381425,0.0020970398903340658,0.04562006513559732,0.45568494292799633,,,,,,,,,,,,,
2099.258277,cmd_vel_observed,,,,,,,,,,,,,,,-0.023914606189923568,0.0008629794078613767,0.047849159052195174,,,,,,,,,,,,,,
2099.277192,ground_trial_sample,1790841768.646,odom,base_footprint,progress=0.4251;cross_track=0.0022;one_shot=true,1.332706093788147,-0.012563418596982956,-0.04474979993503814,-0.017944204574166043,-0.001748735122035689,0.015267761424183846,,,,,,,,0.4561189214590836,0.4251168790155884,,0.002160525864866888,,1790841768.884623,0.23862314224243164,0.4746229648590088,1.3076426572096864,-0.009852398424806353,-0.021939767367239477,0.02520963076874516,0.02281003256779866,False
2099.277737,cmd_vel_sent,,,,,,,,,,,,,,,-0.02159002034381425,0.0020970398903340658,0.04562006513559732,0.4561189214590836,,,,,,,,,,,,,
2099.278440,odom_raw,1790841768.736,odom,base_footprint,,1.330612063407898,-0.013158762827515602,-0.04337570103106923,-0.023257542864010848,-0.006646902966788021,0.01526776421815157,,,,,,,,,,,,,,,,,,,,,
2099.297199,ground_trial_sample,1790841768.736,odom,base_footprint,progress=0.4230;cross_track=0.0028;one_shot=true,1.330612063407898,-0.013158762827515602,-0.04337570103106923,-0.023257542864010848,-0.006646902966788021,0.01526776421815157,,,,,,,,0.4565526703626305,0.42303641326550007,,0.0028016656693897,,1790841768.9046268,0.1686267852783203,0.4946267604827881,1.3076426572096864,-0.009852398424806353,-0.021939767367239477,0.02320615579241726,0.021435933663829752,False
2099.297721,cmd_vel_sent,,,,,,,,,,,,,,,-0.018501683851229463,0.0038370821925900484,0.042871867327659505,0.4565526703626305,,,,,,,,,,,,,
2099.298213,imu_data_raw,1790841768.458,,,,,,,,,,imu_frame,-0.017177389934659004,0.35733461380004883,0.44831427931785583,,,,,,,,,,,,,,,,,
2099.317289,ground_trial_sample,1790841768.736,odom,base_footprint,progress=0.4230;cross_track=0.0028;one_shot=true,1.330612063407898,-0.013158762827515602,-0.04337570103106923,-0.023257542864010848,-0.006646902966788021,0.01526776421815157,,,,,,,,0.45693105377396115,0.42303641326550007,,0.0028016656693897,,1790841768.9247017,0.18870162963867188,0.4667017459869385,1.3076426572096864,-0.009852398424806353,-0.021939767367239477,0.02320615579241726,0.021435933663829752,False
2099.317922,cmd_vel_sent,,,,,,,,,,,,,,,-0.018501683851229463,0.0038370821925900484,0.042871867327659505,0.45693105377396115,,,,,,,,,,,,,
2099.337347,ground_trial_sample,1790841768.736,odom,base_footprint,progress=0.4230;cross_track=0.0028;one_shot=true,1.330612063407898,-0.013158762827515602,-0.04337570103106923,-0.023257542864010848,-0.006646902966788021,0.01526776421815157,,,,,,,,0.45730924020091746,0.42303641326550007,,0.0028016656693897,,1790841768.9447582,0.20875811576843262,0.4867582321166992,1.3076426572096864,-0.009852398424806353,-0.021939767367239477,0.02320615579241726,0.021435933663829752,False
2099.337963,cmd_vel_sent,,,,,,,,,,,,,,,-0.018501683851229463,0.0038370821925900484,0.042871867327659505,0.45730924020091746,,,,,,,,,,,,,
2099.338682,cmd_vel_observed,,,,,,,,,,,,,,,-0.02159002034381425,0.0020970398903340658,0.04562006513559732,,,,,,,,,,,,,,
2099.357201,ground_trial_sample,1790841768.736,odom,base_footprint,progress=0.4230;cross_track=0.0028;one_shot=true,1.330612063407898,-0.013158762827515602,-0.04337570103106923,-0.023257542864010848,-0.006646902966788021,0.01526776421815157,,,,,,,,0.45768674652634767,0.42303641326550007,,0.0028016656693897,imu_source_stamp_stale,1790841768.9646244,0.2286243438720703,0.5066244602203369,1.3076426572096864,-0.009852398424806353,-0.021939767367239477,0.02320615579241726,0.021435933663829752,False
2099.357711,cmd_vel_sent,,,,,,,,,,,,,,,-0.018501683851229463,0.0038370821925900484,0.042871867327659505,0.45768674652634767,,,,,,,,,,,,,
2099.358393,odom_raw,1790841768.852,odom,base_footprint,,1.3279398679733276,-0.013338825665414333,-0.041604643724975195,-0.023033637394774525,-0.0015930645229361015,0.01526776235550642,,,,,,,,,,,,,,,,,,,,,
2099.377230,ground_trial_sample,1790841768.852,odom,base_footprint,progress=0.4204;cross_track=0.0030;one_shot=true,1.3279398679733276,-0.013338825665414333,-0.041604643724975195,-0.023033637394774525,-0.0015930645229361015,0.01526776235550642,,,,,,,,0.4580645795718473,0.4203688111601492,,0.0030403078149933375,imu_source_stamp_stale,1790841768.9846473,0.13264727592468262,0.5266473293304443,1.3076426572096864,-0.009852398424806353,-0.021939767367239477,0.0205944638116103,0.019664876357735714,False
2099.378091,cmd_vel_sent,,,,,,,,,,,,,,,-0.015835167224066127,0.003149138802820462,0.03932975271547143,0.4580645795718473,,,,,,,,,,,,,
2099.378763,imu_data_raw,1790841768.539,,,,,,,,,,imu_frame,0.054195329546928406,0.23283611238002777,0.10833762586116791,,,,,,,,,,,,,,,,,
2099.397227,ground_trial_sample,1790841768.852,odom,base_footprint,progress=0.4204;cross_track=0.0030;one_shot=true,1.3279398679733276,-0.013338825665414333,-0.041604643724975195,-0.023033637394774525,-0.0015930645229361015,0.01526776235550642,,,,,,,,0.45838759410342567,0.4203688111601492,,0.0030403078149933375,,1790841769.0046515,0.15265154838562012,0.4656515121459961,1.3076426572096864,-0.009852398424806353,-0.021939767367239477,0.0205944638116103,0.019664876357735714,False
2099.397748,cmd_vel_sent,,,,,,,,,,,,,,,-0.015835167224066127,0.003149138802820462,0.03932975271547143,0.45838759410342567,,,,,,,,,,,,,
2099.417286,ground_trial_sample,1790841768.852,odom,base_footprint,progress=0.4204;cross_track=0.0030;one_shot=true,1.3279398679733276,-0.013338825665414333,-0.041604643724975195,-0.023033637394774525,-0.0015930645229361015,0.01526776235550642,,,,,,,,0.4587105549519915,0.4203688111601492,,0.0030403078149933375,,1790841769.0247064,0.17270636558532715,0.4857063293457031,1.3076426572096864,-0.009852398424806353,-0.021939767367239477,0.0205944638116103,0.019664876357735714,False
2099.417853,cmd_vel_sent,,,,,,,,,,,,,,,-0.015835167224066127,0.003149138802820462,0.03932975271547143,0.4587105549519915,,,,,,,,,,,,,
2099.418530,cmd_vel_observed,,,,,,,,,,,,,,,-0.02159002034381425,0.0020970398903340658,0.04562006513559732,,,,,,,,,,,,,,
2099.437379,ground_trial_sample,1790841768.852,odom,base_footprint,progress=0.4204;cross_track=0.0030;one_shot=true,1.3279398679733276,-0.013338825665414333,-0.041604643724975195,-0.023033637394774525,-0.0015930645229361015,0.01526776235550642,,,,,,,,0.4590336741210299,0.4203688111601492,,0.0030403078149933375,imu_source_stamp_stale,1790841769.0447876,0.19278764724731445,0.5057876110076904,1.3076426572096864,-0.009852398424806353,-0.021939767367239477,0.0205944638116103,0.019664876357735714,False
2099.438078,cmd_vel_sent,,,,,,,,,,,,,,,-0.015835167224066127,0.003149138802820462,0.03932975271547143,0.4590336741210299,,,,,,,,,,,,,
2099.438827,odom_raw,1790841768.916,odom,base_footprint,,1.326791763305664,-0.013454356230795383,-0.04258177527536093,-0.017940371084612272,-0.0017876339945197862,-0.015267761424183846,,,,,,,,,,,,,,,,,,,,,
2099.457175,ground_trial_sample,1790841768.916,odom,base_footprint,progress=0.4192;cross_track=0.0032;one_shot=true,1.326791763305664,-0.013454356230795383,-0.04258177527536093,-0.017940371084612272,-0.0017876339945197862,-0.015267761424183846,,,,,,,,0.459356023193199,0.41922351731382423,,0.003180997704531627,imu_source_stamp_stale,1790841769.0646017,0.14860177040100098,0.5256016254425049,1.3076426572096864,-0.009852398424806353,-0.021939767367239477,0.019484926592397863,0.020642007908121453,False
2099.457673,cmd_vel_sent,,,,,,,,,,,,,,,-0.015715477256654373,0.003293479326325815,0.04128401581624291,0.459356023193199,,,,,,,,,,,,,
2099.458157,imu_data_raw,1790841768.618,,,,,,,,,,imu_frame,0.028628982603549957,0.03172317147254944,0.6159083843231201,,,,,,,,,,,,,,,,,
2099.477122,ground_trial_sample,1790841768.916,odom,base_footprint,progress=0.4192;cross_track=0.0032;one_shot=true,1.326791763305664,-0.013454356230795383,-0.04258177527536093,-0.017940371084612272,-0.0017876339945197862,-0.015267761424183846,,,,,,,,0.4596770514722891,0.41922351731382423,,0.003180997704531627,,1790841769.084555,0.16855502128601074,0.4665548801422119,1.3076426572096864,-0.009852398424806353,-0.021939767367239477,0.019484926592397863,0.020642007908121453,False
2099.477587,cmd_vel_sent,,,,,,,,,,,,,,,-0.015715477256654373,0.003293479326325815,0.04128401581624291,0.4596770514722891,,,,,,,,,,,,,
2099.497191,ground_trial_sample,1790841768.916,odom,base_footprint,progress=0.4192;cross_track=0.0032;one_shot=true,1.326791763305664,-0.013454356230795383,-0.04258177527536093,-0.017940371084612272,-0.0017876339945197862,-0.015267761424183846,,,,,,,,0.45999857883115874,0.41922351731382423,,0.003180997704531627,,1790841769.1046202,0.18862032890319824,0.4866201877593994,1.3076426572096864,-0.009852398424806353,-0.021939767367239477,0.019484926592397863,0.020642007908121453,False
2099.497682,cmd_vel_sent,,,,,,,,,,,,,,,-0.015715477256654373,0.003293479326325815,0.04128401581624291,0.45999857883115874,,,,,,,,,,,,,
2099.498347,cmd_vel_observed,,,,,,,,,,,,,,,-0.018501683851229463,0.0038370821925900484,0.042871867327659505,,,,,,,,,,,,,,
2099.517234,ground_trial_sample,1790841768.916,odom,base_footprint,progress=0.4192;cross_track=0.0032;one_shot=true,1.326791763305664,-0.013454356230795383,-0.04258177527536093,-0.017940371084612272,-0.0017876339945197862,-0.015267761424183846,,,,,,,,0.4603197404947073,0.41922351731382423,,0.003180997704531627,imu_source_stamp_stale,1790841769.1246574,0.20865750312805176,0.5066573619842529,1.3076426572096864,-0.009852398424806353,-0.021939767367239477,0.019484926592397863,0.020642007908121453,False
2099.517741,cmd_vel_sent,,,,,,,,,,,,,,,-0.015715477256654373,0.003293479326325815,0.04128401581624291,0.4603197404947073,,,,,,,,,,,,,
2099.518469,odom_raw,1790841769.006,odom,base_footprint,,1.3256356716156006,-0.013634780421853065,-0.04120767724311088,-0.0128427960922168,-0.002022360820676394,0.015267758630216122,,,,,,,,,,,,,,,,,,,,,
2099.537243,ground_trial_sample,1790841769.006,odom,base_footprint,progress=0.4181;cross_track=0.0034;one_shot=true,1.3256356716156006,-0.013634780421853065,-0.04120767724311088,-0.0128427960922168,-0.002022360820676394,0.015267758630216122,,,,,,,,0.4606405473173769,0.4180716620041449,,0.0033867408213451612,imu_source_stamp_stale,1790841769.1446626,0.13866257667541504,0.5266625881195068,1.3076426572096864,-0.009852398424806353,-0.021939767367239477,0.018386271535659908,0.0192679098758714,False
2099.537848,cmd_vel_sent,,,,,,,,,,,,,,,-0.015583842828517236,0.0035478737707779185,0.0385358197517428,0.4606405473173769,,,,,,,,,,,,,
2099.538373,imu_data_raw,1790841768.719,,,,,,,,,,imu_frame,0.0680437684059143,-0.03531447425484657,0.32860419154167175,,,,,,,,,,,,,,,,,
2099.557205,ground_trial_sample,1790841769.006,odom,base_footprint,progress=0.4181;cross_track=0.0034;one_shot=true,1.3256356716156006,-0.013634780421853065,-0.04120767724311088,-0.0128427960922168,-0.002022360820676394,0.015267758630216122,,,,,,,,0.4609605617781796,0.4180716620041449,,0.0033867408213451612,,1790841769.1646328,0.15863275527954102,0.4456326961517334,1.3076426572096864,-0.009852398424806353,-0.021939767367239477,0.018386271535659908,0.0192679098758714,False
2099.557688,cmd_vel_sent,,,,,,,,,,,,,,,-0.015583842828517236,0.0035478737707779185,0.0385358197517428,0.4609605617781796,,,,,,,,,,,,,
2099.577149,ground_trial_sample,1790841769.006,odom,base_footprint,progress=0.4181;cross_track=0.0034;one_shot=true,1.3256356716156006,-0.013634780421853065,-0.04120767724311088,-0.0128427960922168,-0.002022360820676394,0.015267758630216122,,,,,,,,0.4612798549121873,0.4180716620041449,,0.0033867408213451612,,1790841769.184579,0.17857885360717773,0.4655787944793701,1.3076426572096864,-0.009852398424806353,-0.021939767367239477,0.018386271535659908,0.0192679098758714,False
2099.577633,cmd_vel_sent,,,,,,,,,,,,,,,-0.015583842828517236,0.0035478737707779185,0.0385358197517428,0.4612798549121873,,,,,,,,,,,,,
2099.578279,cmd_vel_observed,,,,,,,,,,,,,,,-0.015835167224066127,0.003149138802820462,0.03932975271547143,,,,,,,,,,,,,,
2099.597198,ground_trial_sample,1790841769.006,odom,base_footprint,progress=0.4181;cross_track=0.0034;one_shot=true,1.3256356716156006,-0.013634780421853065,-0.04120767724311088,-0.0128427960922168,-0.002022360820676394,0.015267758630216122,,,,,,,,0.4615996345885572,0.4180716620041449,,0.0033867408213451612,,1790841769.2046258,0.19862580299377441,0.4856257438659668,1.3076426572096864,-0.009852398424806353,-0.021939767367239477,0.018386271535659908,0.0192679098758714,False
2099.597695,cmd_vel_sent,,,,,,,,,,,,,,,-0.015583842828517236,0.0035478737707779185,0.0385358197517428,0.4615996345885572,,,,,,,,,,,,,
2099.598439,odom_raw,1790841769.099,odom,base_footprint,,1.3242336511611938,-0.013102324679493904,-0.04120767724311088,-0.01507523250983541,0.005725331923348706,-2.7883910735937434e-09,,,,,,,,,,,,,,,,,,,,,
2099.617250,ground_trial_sample,1790841769.099,odom,base_footprint,progress=0.4167;cross_track=0.0029;one_shot=true,1.3242336511611938,-0.013102324679493904,-0.04120767724311088,-0.01507523250983541,0.005725331923348706,-2.7883910735937434e-09,,,,,,,,0.4619195583001463,0.41665829795190196,,0.002885170758469101,imu_source_stamp_stale,1790841769.2246711,0.1256711483001709,0.5056710243225098,1.3076426572096864,-0.009852398424806353,-0.021939767367239477,0.016906303586528414,0.0192679098758714,False
2099.617774,cmd_vel_sent,,,,,,,,,,,,,,,-0.013651134448691296,0.0015437980725619988,0.0385358197517428,0.4619195583001463,,,,,,,,,,,,,
2099.618285,imu_data_raw,1790841768.778,,,,,,,,,,imu_frame,0.04141215607523918,-0.025737667456269264,-0.04010287672281265,,,,,,,,,,,,,,,,,
2099.637207,ground_trial_sample,1790841769.099,odom,base_footprint,progress=0.4167;cross_track=0.0029;one_shot=true,1.3242336511611938,-0.013102324679493904,-0.04120767724311088,-0.01507523250983541,0.005725331923348706,-2.7883910735937434e-09,,,,,,,,0.4621939498067609,0.41665829795190196,,0.002885170758469101,,1790841769.2446277,0.14562773704528809,0.4666275978088379,1.3076426572096864,-0.009852398424806353,-0.021939767367239477,0.016906303586528414,0.0192679098758714,False
2099.637763,cmd_vel_sent,,,,,,,,,,,,,,,-0.013651134448691296,0.0015437980725619988,0.0385358197517428,0.4621939498067609,,,,,,,,,,,,,
2099.657125,ground_trial_sample,1790841769.099,odom,base_footprint,progress=0.4167;cross_track=0.0029;one_shot=true,1.3242336511611938,-0.013102324679493904,-0.04120767724311088,-0.01507523250983541,0.005725331923348706,-2.7883910735937434e-09,,,,,,,,0.46246863171040725,0.41665829795190196,,0.002885170758469101,,1790841769.2645466,0.16554665565490723,0.48654651641845703,1.3076426572096864,-0.009852398424806353,-0.021939767367239477,0.016906303586528414,0.0192679098758714,False
2099.657621,cmd_vel_sent,,,,,,,,,,,,,,,-0.013651134448691296,0.0015437980725619988,0.0385358197517428,0.46246863171040725,,,,,,,,,,,,,
2099.658253,cmd_vel_observed,,,,,,,,,,,,,,,-0.015715477256654373,0.003293479326325815,0.04128401581624291,,,,,,,,,,,,,,
2099.677066,ground_trial_sample,1790841769.099,odom,base_footprint,progress=0.4167;cross_track=0.0029;one_shot=true,1.3242336511611938,-0.013102324679493904,-0.04120767724311088,-0.01507523250983541,0.005725331923348706,-2.7883910735937434e-09,,,,,,,,0.4627431981586318,0.41665829795190196,,0.002885170758469101,imu_source_stamp_stale,1790841769.284502,0.1855020523071289,0.5065019130706787,1.3076426572096864,-0.009852398424806353,-0.021939767367239477,0.016906303586528414,0.0192679098758714,False
2099.677523,cmd_vel_sent,,,,,,,,,,,,,,,-0.013651134448691296,0.0015437980725619988,0.0385358197517428,0.4627431981586318,,,,,,,,,,,,,
2099.678162,odom_raw,1790841769.187,odom,base_footprint,,1.3237853050231934,-0.013083837926387787,-0.038520553925804585,-0.005095649192068371,0.0001963843729761029,0.03053552284836769,,,,,,,,,,,,,,,,,,,,,
2099.697177,ground_trial_sample,1790841769.187,odom,base_footprint,progress=0.4162;cross_track=0.0029;one_shot=true,1.3237853050231934,-0.013083837926387787,-0.038520553925804585,-0.005095649192068371,0.0001963843729761029,0.03053552284836769,,,,,,,,0.46301849303108156,0.4162096541535161,,0.0028765242753542968,imu_source_stamp_stale,1790841769.3046064,0.11760640144348145,0.5266063213348389,1.3076426572096864,-0.009852398424806353,-0.021939767367239477,0.01646290617367727,0.016580786558565107,False
2099.697660,cmd_vel_sent,,,,,,,,,,,,,,,-0.015235232439592832,0.002607372373036665,0.033161573117130215,0.46301849303108156,,,,,,,,,,,,,
2099.698145,imu_data_raw,1790841768.818,,,,,,,,,,imu_frame,0.011584751307964325,0.14664486050605774,0.08439560979604721,,,,,,,,,,,,,,,,,
2099.717235,ground_trial_sample,1790841769.187,odom,base_footprint,progress=0.4162;cross_track=0.0029;one_shot=true,1.3237853050231934,-0.013083837926387787,-0.038520553925804585,-0.005095649192068371,0.0001963843729761029,0.03053552284836769,,,,,,,,0.46332750577325443,0.4162096541535161,,0.0028765242753542968,imu_source_stamp_stale,1790841769.3246498,0.1376497745513916,0.5066497325897217,1.3076426572096864,-0.009852398424806353,-0.021939767367239477,0.01646290617367727,0.016580786558565107,False
2099.717794,cmd_vel_sent,,,,,,,,,,,,,,,-0.015235232439592832,0.002607372373036665,0.033161573117130215,0.46332750577325443,,,,,,,,,,,,,
2099.737281,ground_trial_sample,1790841769.187,odom,base_footprint,progress=0.4162;cross_track=0.0029;one_shot=true,1.3237853050231934,-0.013083837926387787,-0.038520553925804585,-0.005095649192068371,0.0001963843729761029,0.03053552284836769,,,,,,,,0.46363670739673707,0.4162096541535161,,0.0028765242753542968,imu_source_stamp_stale,1790841769.3446946,0.15769457817077637,0.5266945362091064,1.3076426572096864,-0.009852398424806353,-0.021939767367239477,0.01646290617367727,0.016580786558565107,False
2099.737867,cmd_vel_sent,,,,,,,,,,,,,,,-0.015235232439592832,0.002607372373036665,0.033161573117130215,0.46363670739673707,,,,,,,,,,,,,
2099.738644,cmd_vel_observed,,,,,,,,,,,,,,,-0.015583842828517236,0.0035478737707779185,0.0385358197517428,,,,,,,,,,,,,,
2099.757132,ground_trial_sample,1790841769.187,odom,base_footprint,progress=0.4162;cross_track=0.0029;one_shot=true,1.3237853050231934,-0.013083837926387787,-0.038520553925804585,-0.005095649192068371,0.0001963843729761029,0.03053552284836769,,,,,,,,0.4639453770457349,0.4162096541535161,,0.0028765242753542968,imu_source_stamp_stale,1790841769.364561,0.17756104469299316,0.5465610027313232,1.3076426572096864,-0.009852398424806353,-0.021939767367239477,0.01646290617367727,0.016580786558565107,False
2099.757661,cmd_vel_sent,,,,,,,,,,,,,,,-0.015235232439592832,0.002607372373036665,0.033161573117130215,0.4639453770457349,,,,,,,,,,,,,
2099.758148,imu_data_raw,1790841768.898,,,,,,,,,,imu_frame,-0.06298375874757767,0.07481880486011505,0.02214636653661728,,,,,,,,,,,,,,,,,
2099.777202,ground_trial_sample,1790841769.187,odom,base_footprint,progress=0.4162;cross_track=0.0029;one_shot=true,1.3237853050231934,-0.013083837926387787,-0.038520553925804585,-0.005095649192068371,0.0001963843729761029,0.03053552284836769,,,,,,,,0.46425489250279783,0.4162096541535161,,0.0028765242753542968,,1790841769.3846278,0.19762778282165527,0.48662781715393066,1.3076426572096864,-0.009852398424806353,-0.021939767367239477,0.01646290617367727,0.016580786558565107,False
2099.777667,cmd_vel_sent,,,,,,,,,,,,,,,-0.015235232439592832,0.002607372373036665,0.033161573117130215,0.46425489250279783,,,,,,,,,,,,,
2099.797144,ground_trial_sample,1790841769.187,odom,base_footprint,progress=0.4162;cross_track=0.0029;one_shot=true,1.3237853050231934,-0.013083837926387787,-0.038520553925804585,-0.005095649192068371,0.0001963843729761029,0.03053552284836769,,,,,,,,0.4645639483692589,0.4162096541535161,,0.0028765242753542968,imu_source_stamp_stale,1790841769.404573,0.21757292747497559,0.506572961807251,1.3076426572096864,-0.009852398424806353,-0.021939767367239477,0.01646290617367727,0.016580786558565107,False
2099.797629,cmd_vel_sent,,,,,,,,,,,,,,,-0.015235232439592832,0.002607372373036665,0.033161573117130215,0.4645639483692589,,,,,,,,,,,,,
2099.798276,cmd_vel_observed,,,,,,,,,,,,,,,-0.013651134448691296,0.0015437980725619988,0.0385358197517428,,,,,,,,,,,,,,
2099.817246,ground_trial_sample,1790841769.187,odom,base_footprint,progress=0.4162;cross_track=0.0029;one_shot=true,1.3237853050231934,-0.013083837926387787,-0.038520553925804585,-0.005095649192068371,0.0001963843729761029,0.03053552284836769,,,,,,,,0.4648734683087772,0.4162096541535161,,0.0028765242753542968,imu_source_stamp_stale,1790841769.4246702,0.2376701831817627,0.5266702175140381,1.3076426572096864,-0.009852398424806353,-0.021939767367239477,0.01646290617367727,0.016580786558565107,False
2099.817808,cmd_vel_sent,,,,,,,,,,,,,,,-0.015235232439592832,0.002607372373036665,0.033161573117130215,0.4648734683087772,,,,,,,,,,,,,
2099.818510,odom_raw,1790841769.276,odom,base_footprint,,1.3228957653045654,-0.012595368549227715,-0.038520553925804585,-0.009994914011160639,0.005488417938020577,0.0,,,,,,,,,,,,,,,,,,,,,
2099.837238,ground_trial_sample,1790841769.276,odom,base_footprint,progress=0.4153;cross_track=0.0024;one_shot=true,1.3228957653045654,-0.012595368549227715,-0.038520553925804585,-0.009994914011160639,0.005488417938020577,0.0,,,,,,,,0.46518232784377606,0.4153096124730291,,0.002407687185496875,imu_source_stamp_stale,1790841769.4446566,0.168656587600708,0.546656608581543,1.3076426572096864,-0.009852398424806353,-0.021939767367239477,0.015497780217099856,0.016580786558565107,False
2099.837849,cmd_vel_sent,,,,,,,,,,,,,,,-0.013307654730137423,0.0011336360283904588,0.033161573117130215,0.46518232784377606,,,,,,,,,,,,,
2099.838413,imu_data_raw,1790841768.993,,,,,,,,,,imu_frame,0.011584751307964325,0.2663549482822418,-0.14065934717655182,,,,,,,,,,,,,,,,,
2099.857228,ground_trial_sample,1790841769.276,odom,base_footprint,progress=0.4153;cross_track=0.0024;one_shot=true,1.3228957653045654,-0.012595368549227715,-0.038520553925804585,-0.009994914011160639,0.005488417938020577,0.0,,,,,,,,0.4654493917442621,0.4153096124730291,,0.002407687185496875,,1790841769.4646535,0.18865346908569336,0.47165346145629883,1.3076426572096864,-0.009852398424806353,-0.021939767367239477,0.015497780217099856,0.016580786558565107,False
2099.857729,cmd_vel_sent,,,,,,,,,,,,,,,-0.013307654730137423,0.0011336360283904588,0.033161573117130215,0.4654493917442621,,,,,,,,,,,,,
2099.877159,ground_trial_sample,1790841769.276,odom,base_footprint,progress=0.4153;cross_track=0.0024;one_shot=true,1.3228957653045654,-0.012595368549227715,-0.038520553925804585,-0.009994914011160639,0.005488417938020577,0.0,,,,,,,,0.46571658289931656,0.4153096124730291,,0.002407687185496875,,1790841769.484589,0.2085890769958496,0.4915890693664551,1.3076426572096864,-0.009852398424806353,-0.021939767367239477,0.015497780217099856,0.016580786558565107,False
2099.877707,cmd_vel_sent,,,,,,,,,,,,,,,-0.013307654730137423,0.0011336360283904588,0.033161573117130215,0.46571658289931656,,,,,,,,,,,,,
2099.878348,cmd_vel_observed,,,,,,,,,,,,,,,-0.015235232439592832,0.002607372373036665,0.033161573117130215,,,,,,,,,,,,,,
2099.897160,ground_trial_sample,1790841769.276,odom,base_footprint,progress=0.4153;cross_track=0.0024;one_shot=true,1.3228957653045654,-0.012595368549227715,-0.038520553925804585,-0.009994914011160639,0.005488417938020577,0.0,,,,,,,,0.46598326252521144,0.4153096124730291,,0.002407687185496875,imu_source_stamp_stale,1790841769.5045853,0.22858524322509766,0.5115852355957031,1.3076426572096864,-0.009852398424806353,-0.021939767367239477,0.015497780217099856,0.016580786558565107,False
2099.897649,cmd_vel_sent,,,,,,,,,,,,,,,-0.013307654730137423,0.0011336360283904588,0.033161573117130215,0.46598326252521144,,,,,,,,,,,,,
2099.898332,odom_raw,1790841769.379,odom,base_footprint,,1.3220983743667603,-0.012827453203499317,-0.04009313077528918,-0.007745199573624996,-0.0022410709000939078,-0.015267761424183846,,,,,,,,,,,,,,,,,,,,,
2099.917271,ground_trial_sample,1790841769.379,odom,base_footprint,progress=0.4145;cross_track=0.0027;one_shot=true,1.3220983743667603,-0.012827453203499317,-0.04009313077528918,-0.007745199573624996,-0.0022410709000939078,-0.015267761424183846,,,,,,,,0.4662509420503786,0.41451750491577705,,0.002657209152839306,imu_source_stamp_stale,1790841769.5246925,0.1456925868988037,0.5316925048828125,1.3076426572096864,-0.009852398424806353,-0.021939767367239477,0.014758682511035416,0.018153363408049697,False
2099.917780,cmd_vel_sent,,,,,,,,,,,,,,,-0.013033517956216016,0.0029031874701505923,0.036306726816099394,0.4662509420503786,,,,,,,,,,,,,
2099.918359,imu_data_raw,1790841769.058,,,,,,,,,,imu_frame,0.04886900633573532,0.0077811554074287415,0.18974047899246216,,,,,,,,,,,,,,,,,
2099.937250,ground_trial_sample,1790841769.379,odom,base_footprint,progress=0.4145;cross_track=0.0027;one_shot=true,1.3220983743667603,-0.012827453203499317,-0.04009313077528918,-0.007745199573624996,-0.0022410709000939078,-0.015267761424183846,,,,,,,,0.46651780129801,0.41451750491577705,,0.002657209152839306,,1790841769.5446641,0.1656641960144043,0.4866640567779541,1.3076426572096864,-0.009852398424806353,-0.021939767367239477,0.014758682511035416,0.018153363408049697,False
2099.937804,cmd_vel_sent,,,,,,,,,,,,,,,-0.013033517956216016,0.0029031874701505923,0.036306726816099394,0.46651780129801,,,,,,,,,,,,,
2099.957168,ground_trial_sample,1790841769.379,odom,base_footprint,progress=0.4145;cross_track=0.0027;one_shot=true,1.3220983743667603,-0.012827453203499317,-0.04009313077528918,-0.007745199573624996,-0.0022410709000939078,-0.015267761424183846,,,,,,,,0.4667847710412485,0.41451750491577705,,0.002657209152839306,imu_source_stamp_stale,1790841769.5645895,0.18558955192565918,0.506589412689209,1.3076426572096864,-0.009852398424806353,-0.021939767367239477,0.014758682511035416,0.018153363408049697,False
2099.957712,cmd_vel_sent,,,,,,,,,,,,,,,-0.013033517956216016,0.0029031874701505923,0.036306726816099394,0.4667847710412485,,,,,,,,,,,,,
2099.958395,cmd_vel_observed,,,,,,,,,,,,,,,-0.015235232439592832,0.002607372373036665,0.033161573117130215,,,,,,,,,,,,,,
2099.977317,ground_trial_sample,1790841769.379,odom,base_footprint,progress=0.4145;cross_track=0.0027;one_shot=true,1.3220983743667603,-0.012827453203499317,-0.04009313077528918,-0.007745199573624996,-0.0022410709000939078,-0.015267761424183846,,,,,,,,0.4670520748751227,0.41451750491577705,,0.002657209152839306,imu_source_stamp_stale,1790841769.5847368,0.20573687553405762,0.5267367362976074,1.3076426572096864,-0.009852398424806353,-0.021939767367239477,0.014758682511035416,0.018153363408049697,False
2099.977851,cmd_vel_sent,,,,,,,,,,,,,,,-0.013033517956216016,0.0029031874701505923,0.036306726816099394,0.4670520748751227,,,,,,,,,,,,,
2099.978638,odom_raw,1790841769.456,odom,base_footprint,,1.3215019702911377,-0.01300001610070467,-0.036566279229610726,-0.0077372474956560935,-0.002268373074582758,0.04580328240990639,,,,,,,,,,,,,,,,,,,,,
2099.997284,ground_trial_sample,1790841769.456,odom,base_footprint,progress=0.4139;cross_track=0.0028;one_shot=true,1.3215019702911377,-0.01300001610070467,-0.036566279229610726,-0.0077372474956560935,-0.002268373074582758,0.04580328240990639,,,,,,,,0.4673190129318284,0.4139250300610543,,0.0028428144367950766,imu_source_stamp_stale,1790841769.6047006,0.14870047569274902,0.5467004776000977,1.3076426572096864,-0.009852398424806353,-0.021939767367239477,0.014212250213224996,0.014626511862371249,False
2099.997847,cmd_vel_sent,,,,,,,,,,,,,,,-0.012435289962907365,0.0031487862061367025,0.029253023724742498,0.4673190129318284,,,,,,,,,,,,,
2099.998366,imu_data_raw,1790841769.146,,,,,,,,,,imu_frame,0.028628982603549957,0.002992752008140087,-0.08319851011037827,,,,,,,,,,,,,,,,,
2100.017402,ground_trial_sample,1790841769.456,odom,base_footprint,progress=0.4139;cross_track=0.0028;one_shot=true,1.3215019702911377,-0.01300001610070467,-0.036566279229610726,-0.0077372474956560935,-0.002268373074582758,0.04580328240990639,,,,,,,,0.46757585108336697,0.4139250300610543,,0.0028428144367950766,,1790841769.6248136,0.16881346702575684,0.47881364822387695,1.3076426572096864,-0.009852398424806353,-0.021939767367239477,0.014212250213224996,0.014626511862371249,False
2100.018084,cmd_vel_sent,,,,,,,,,,,,,,,-0.012435289962907365,0.0031487862061367025,0.029253023724742498,0.46757585108336697,,,,,,,,,,,,,
2100.037451,ground_trial_sample,1790841769.456,odom,base_footprint,progress=0.4139;cross_track=0.0028;one_shot=true,1.3215019702911377,-0.01300001610070467,-0.036566279229610726,-0.0077372474956560935,-0.002268373074582758,0.04580328240990639,,,,,,,,0.467832459643753,0.4139250300610543,,0.0028428144367950766,,1790841769.644848,0.18884801864624023,0.49884819984436035,1.3076426572096864,-0.009852398424806353,-0.021939767367239477,0.014212250213224996,0.014626511862371249,False
2100.038059,cmd_vel_sent,,,,,,,,,,,,,,,-0.012435289962907365,0.0031487862061367025,0.029253023724742498,0.467832459643753,,,,,,,,,,,,,
2100.038735,cmd_vel_observed,,,,,,,,,,,,,,,-0.013307654730137423,0.0011336360283904588,0.033161573117130215,,,,,,,,,,,,,,
2100.057383,ground_trial_sample,1790841769.456,odom,base_footprint,progress=0.4139;cross_track=0.0028;one_shot=true,1.3215019702911377,-0.01300001610070467,-0.036566279229610726,-0.0077372474956560935,-0.002268373074582758,0.04580328240990639,,,,,,,,0.4680887328609749,0.4139250300610543,,0.0028428144367950766,imu_source_stamp_stale,1790841769.6647813,0.20878124237060547,0.5187814235687256,1.3076426572096864,-0.009852398424806353,-0.021939767367239477,0.014212250213224996,0.014626511862371249,False
2100.058151,cmd_vel_sent,,,,,,,,,,,,,,,-0.012435289962907365,0.0031487862061367025,0.029253023724742498,0.4680887328609749,,,,,,,,,,,,,
2100.059214,odom_raw,1790841769.558,odom,base_footprint,,1.3207128047943115,-0.013231390155851841,-0.035008966040951335,-0.007733705547499439,-0.002280419636625011,0.015267761424183846,,,,,,,,,,,,,,,,,,,,,
2100.077521,ground_trial_sample,1790841769.558,odom,base_footprint,progress=0.4131;cross_track=0.0031;one_shot=true,1.3207128047943115,-0.013231390155851841,-0.035008966040951335,-0.007733705547499439,-0.002280419636625011,0.015267761424183846,,,,,,,,0.4683458162663581,0.41314113037606,,0.003091445526246791,imu_source_stamp_stale,1790841769.6849098,0.12690973281860352,0.538909912109375,1.3076426572096864,-0.009852398424806353,-0.021939767367239477,0.013499864554963327,0.013069198673711858,False
2100.078437,cmd_vel_sent,,,,,,,,,,,,,,,-0.011650580102532492,0.0034293855675408633,0.026138397347423716,0.4683458162663581,,,,,,,,,,,,,
2100.079059,imu_data_raw,1790841769.242,,,,,,,,,,imu_frame,0.16391757130622864,0.28550854325294495,0.49140989780426025,,,,,,,,,,,,,,,,,
2100.097465,ground_trial_sample,1790841769.558,odom,base_footprint,progress=0.4131;cross_track=0.0031;one_shot=true,1.3207128047943115,-0.013231390155851841,-0.035008966040951335,-0.007733705547499439,-0.002280419636625011,0.015267761424183846,,,,,,,,0.4685882861079024,0.41314113037606,,0.003091445526246791,,1790841769.7048454,0.14684534072875977,0.4628453254699707,1.3076426572096864,-0.009852398424806353,-0.021939767367239477,0.013499864554963327,0.013069198673711858,False
2100.098429,cmd_vel_sent,,,,,,,,,,,,,,,-0.011650580102532492,0.0034293855675408633,0.026138397347423716,0.4685882861079024,,,,,,,,,,,,,
2100.117613,ground_trial_sample,1790841769.558,odom,base_footprint,progress=0.4131;cross_track=0.0031;one_shot=true,1.3207128047943115,-0.013231390155851841,-0.035008966040951335,-0.007733705547499439,-0.002280419636625011,0.015267761424183846,,,,,,,,0.4688315249474298,0.41314113037606,,0.003091445526246791,,1790841769.7250092,0.1670091152191162,0.48300909996032715,1.3076426572096864,-0.009852398424806353,-0.021939767367239477,0.013499864554963327,0.013069198673711858,False
2100.118278,cmd_vel_sent,,,,,,,,,,,,,,,-0.011650580102532492,0.0034293855675408633,0.026138397347423716,0.4688315249474298,,,,,,,,,,,,,
2100.119101,cmd_vel_observed,,,,,,,,,,,,,,,-0.013033517956216016,0.0029031874701505923,0.036306726816099394,,,,,,,,,,,,,,
2100.137402,ground_trial_sample,1790841769.558,odom,base_footprint,progress=0.4131;cross_track=0.0031;one_shot=true,1.3207128047943115,-0.013231390155851841,-0.035008966040951335,-0.007733705547499439,-0.002280419636625011,0.015267761424183846,,,,,,,,0.4690739905139978,0.41314113037606,,0.003091445526246791,imu_source_stamp_stale,1790841769.7447946,0.18679451942443848,0.5027945041656494,1.3076426572096864,-0.009852398424806353,-0.021939767367239477,0.013499864554963327,0.013069198673711858,False
2100.138078,cmd_vel_sent,,,,,,,,,,,,,,,-0.011650580102532492,0.0034293855675408633,0.026138397347423716,0.4690739905139978,,,,,,,,,,,,,
2100.138664,imu_data_raw,1790841769.298,,,,,,,,,,imu_frame,-0.0011984225129708648,-0.23163901269435883,0.49140989780426025,,,,,,,,,,,,,,,,,
2100.157340,ground_trial_sample,1790841769.558,odom,base_footprint,progress=0.4131;cross_track=0.0031;one_shot=true,1.3207128047943115,-0.013231390155851841,-0.035008966040951335,-0.007733705547499439,-0.002280419636625011,0.015267761424183846,,,,,,,,0.46931729090348956,0.41314113037606,,0.003091445526246791,,1790841769.764763,0.20676302909851074,0.4667630195617676,1.3076426572096864,-0.009852398424806353,-0.021939767367239477,0.013499864554963327,0.013069198673711858,False
2100.157881,cmd_vel_sent,,,,,,,,,,,,,,,-0.011650580102532492,0.0034293855675408633,0.026138397347423716,0.46931729090348956,,,,,,,,,,,,,
2100.177525,ground_trial_sample,1790841769.558,odom,base_footprint,progress=0.4131;cross_track=0.0031;one_shot=true,1.3207128047943115,-0.013231390155851841,-0.035008966040951335,-0.007733705547499439,-0.002280419636625011,0.015267761424183846,,,,,,,,0.4695600420191143,0.41314113037606,,0.003091445526246791,,1790841769.7849042,0.22690415382385254,0.4869041442871094,1.3076426572096864,-0.009852398424806353,-0.021939767367239477,0.013499864554963327,0.013069198673711858,False
2100.178496,cmd_vel_sent,,,,,,,,,,,,,,,-0.011650580102532492,0.0034293855675408633,0.026138397347423716,0.4695600420191143,,,,,,,,,,,,,
2100.179658,cmd_vel_observed,,,,,,,,,,,,,,,-0.012435289962907365,0.0031487862061367025,0.029253023724742498,,,,,,,,,,,,,,
2100.197647,ground_trial_sample,1790841769.558,odom,base_footprint,progress=0.4131;cross_track=0.0031;one_shot=true,1.3207128047943115,-0.013231390155851841,-0.035008966040951335,-0.007733705547499439,-0.002280419636625011,0.015267761424183846,,,,,,,,0.4698031339913102,0.41314113037606,,0.003091445526246791,imu_source_stamp_stale,1790841769.8050199,0.24701976776123047,0.5070197582244873,1.3076426572096864,-0.009852398424806353,-0.021939767367239477,0.013499864554963327,0.013069198673711858,False
2100.198538,cmd_vel_sent,,,,,,,,,,,,,,,-0.011650580102532492,0.0034293855675408633,0.026138397347423716,0.4698031339913102,,,,,,,,,,,,,
2100.199298,odom_raw,1790841769.663,odom,base_footprint,,1.3193906545639038,-0.012373778037726879,-0.033390586515251265,-0.012486112114669204,0.008070487623088048,0.015267759561538696,,,,,,,,,,,,,,,,,,,,,
2100.217241,ground_trial_sample,1790841769.663,odom,base_footprint,progress=0.4118;cross_track=0.0023;one_shot=true,1.3193906545639038,-0.012373778037726879,-0.033390586515251265,-0.012486112114669204,0.008070487623088048,0.015267759561538696,,,,,,,,0.47004564746920247,0.411800484042747,,0.0022630451484725797,imu_source_stamp_stale,1790841769.8246639,0.16166377067565918,0.5266637802124023,1.3076426572096864,-0.009852398424806353,-0.021939767367239477,0.012015523167434284,0.011450819148011788,False
2100.218237,cmd_vel_sent,,,,,,,,,,,,,,,-0.009275907473257659,0.0005979449511302488,0.022901638296023576,0.47004564746920247,,,,,,,,,,,,,
2100.219092,imu_data_raw,1790841769.39,,,,,,,,,,imu_frame,-0.04700479283928871,0.314238965511322,0.02693476900458336,,,,,,,,,,,,,,,,,
2100.237601,ground_trial_sample,1790841769.663,odom,base_footprint,progress=0.4118;cross_track=0.0023;one_shot=true,1.3193906545639038,-0.012373778037726879,-0.033390586515251265,-0.012486112114669204,0.008070487623088048,0.015267759561538696,,,,,,,,0.4702318658010609,0.411800484042747,,0.0022630451484725797,,1790841769.8449798,0.18197965621948242,0.45497965812683105,1.3076426572096864,-0.009852398424806353,-0.021939767367239477,0.012015523167434284,0.011450819148011788,False
2100.238328,cmd_vel_sent,,,,,,,,,,,,,,,-0.009275907473257659,0.0005979449511302488,0.022901638296023576,0.4702318658010609,,,,,,,,,,,,,
2100.257494,ground_trial_sample,1790841769.663,odom,base_footprint,progress=0.4118;cross_track=0.0023;one_shot=true,1.3193906545639038,-0.012373778037726879,-0.033390586515251265,-0.012486112114669204,0.008070487623088048,0.015267759561538696,,,,,,,,0.47041739182011927,0.411800484042747,,0.0022630451484725797,,1790841769.864876,0.20187592506408691,0.47487592697143555,1.3076426572096864,-0.009852398424806353,-0.021939767367239477,0.012015523167434284,0.011450819148011788,False
2100.258429,cmd_vel_sent,,,,,,,,,,,,,,,-0.009275907473257659,0.0005979449511302488,0.022901638296023576,0.47041739182011927,,,,,,,,,,,,,
2100.259559,cmd_vel_observed,,,,,,,,,,,,,,,-0.011650580102532492,0.0034293855675408633,0.026138397347423716,,,,,,,,,,,,,,
2100.277250,ground_trial_sample,1790841769.663,odom,base_footprint,progress=0.4118;cross_track=0.0023;one_shot=true,1.3193906545639038,-0.012373778037726879,-0.033390586515251265,-0.012486112114669204,0.008070487623088048,0.015267759561538696,,,,,,,,0.4706031295178516,0.411800484042747,,0.0022630451484725797,,1790841769.8846684,0.22166824340820312,0.49466824531555176,1.3076426572096864,-0.009852398424806353,-0.021939767367239477,0.012015523167434284,0.011450819148011788,False
2100.277866,cmd_vel_sent,,,,,,,,,,,,,,,-0.009275907473257659,0.0005979449511302488,0.022901638296023576,0.4706031295178516,,,,,,,,,,,,,
2100.278908,odom_raw,1790841769.726,odom,base_footprint,,1.3185954093933105,-0.012505385093390942,-0.0343371854963826,-0.012828598475924461,-0.0021105487198296545,-0.015267761424183846,,,,,,,,,,,,,,,,,,,,,
2100.297583,ground_trial_sample,1790841769.726,odom,base_footprint,progress=0.4110;cross_track=0.0024;one_shot=true,1.3185954093933105,-0.012505385093390942,-0.0343371854963826,-0.012828598475924461,-0.0021105487198296545,-0.015267761424183846,,,,,,,,0.47078956967870117,0.4110083174580018,,0.002412066624997199,imu_source_stamp_stale,1790841769.9049568,0.1789567470550537,0.5149567127227783,1.3076426572096864,-0.009852398424806353,-0.021939767367239477,0.01126947730196794,0.012397418129143124,False
2100.298178,cmd_vel_sent,,,,,,,,,,,,,,,-0.008487658049097855,0.0027853532541135,0.024794836258286247,0.47078956967870117,,,,,,,,,,,,,
2100.298682,imu_data_raw,1790841769.428,,,,,,,,,,imu_frame,-0.03315635770559311,0.13706804811954498,0.11312603205442429,,,,,,,,,,,,,,,,,
2100.317659,ground_trial_sample,1790841769.726,odom,base_footprint,progress=0.4110;cross_track=0.0024;one_shot=true,1.3185954093933105,-0.012505385093390942,-0.0343371854963826,-0.012828598475924461,-0.0021105487198296545,-0.015267761424183846,,,,,,,,0.470968263815073,0.4110083174580018,,0.002412066624997199,,1790841769.9250376,0.1990375518798828,0.4970376491546631,1.3076426572096864,-0.009852398424806353,-0.021939767367239477,0.01126947730196794,0.012397418129143124,False
2100.318745,cmd_vel_sent,,,,,,,,,,,,,,,-0.008487658049097855,0.0027853532541135,0.024794836258286247,0.470968263815073,,,,,,,,,,,,,
2100.337598,ground_trial_sample,1790841769.726,odom,base_footprint,progress=0.4110;cross_track=0.0024;one_shot=true,1.3185954093933105,-0.012505385093390942,-0.0343371854963826,-0.012828598475924461,-0.0021105487198296545,-0.015267761424183846,,,,,,,,0.4711468665310983,0.4110083174580018,,0.002412066624997199,imu_source_stamp_stale,1790841769.944971,0.21897101402282715,0.5169711112976074,1.3076426572096864,-0.009852398424806353,-0.021939767367239477,0.01126947730196794,0.012397418129143124,False
2100.338952,cmd_vel_sent,,,,,,,,,,,,,,,-0.008487658049097855,0.0027853532541135,0.024794836258286247,0.4711468665310983,,,,,,,,,,,,,
2100.339697,cmd_vel_observed,,,,,,,,,,,,,,,-0.011650580102532492,0.0034293855675408633,0.026138397347423716,,,,,,,,,,,,,,
2100.357314,ground_trial_sample,1790841769.726,odom,base_footprint,progress=0.4110;cross_track=0.0024;one_shot=true,1.3185954093933105,-0.012505385093390942,-0.0343371854963826,-0.012828598475924461,-0.0021105487198296545,-0.015267761424183846,,,,,,,,0.47132500850072356,0.4110083174580018,,0.002412066624997199,imu_source_stamp_stale,1790841769.9647005,0.23870038986206055,0.5367004871368408,1.3076426572096864,-0.009852398424806353,-0.021939767367239477,0.01126947730196794,0.012397418129143124,False
2100.358249,cmd_vel_sent,,,,,,,,,,,,,,,-0.008487658049097855,0.0027853532541135,0.024794836258286247,0.47132500850072356,,,,,,,,,,,,,
2100.359420,odom_raw,1790841769.833,odom,base_footprint,,1.3172414302825928,-0.012185895815491676,-0.02616893269925895,-0.01267749975195163,0.0028824214832720726,0.07633880525827408,,,,,,,,,,,,,,,,,,,,,
2100.378247,ground_trial_sample,1790841769.833,odom,base_footprint,progress=0.4096;cross_track=0.0021;one_shot=true,1.3172414302825928,-0.012185895815491676,-0.02616893269925895,-0.01267749975195163,0.0028824214832720726,0.07633880525827408,,,,,,,,0.471505665717969,0.40964765524732727,,0.002122357841224427,imu_source_stamp_stale,1790841769.9856179,0.1526179313659668,0.5576179027557373,1.3076426572096864,-0.009852398424806353,-0.021939767367239477,0.00987834270399075,0.00422916533201947,False
2100.379292,cmd_vel_sent,,,,,,,,,,,,,,,-0.007106828659501723,0.001571594292538093,0.00845833066403894,0.471505665717969,,,,,,,,,,,,,
2100.380226,imu_data_raw,1790841769.569,,,,,,,,,,imu_frame,0.06058691442012787,0.06524199992418289,0.2519897222518921,,,,,,,,,,,,,,,,,
2100.397710,ground_trial_sample,1790841769.833,odom,base_footprint,progress=0.4096;cross_track=0.0021;one_shot=true,1.3172414302825928,-0.012185895815491676,-0.02616893269925895,-0.01267749975195163,0.0028824214832720726,0.07633880525827408,,,,,,,,0.4716502728197174,0.40964765524732727,,0.002122357841224427,,1790841770.005088,0.1720881462097168,0.43608808517456055,1.3076426572096864,-0.009852398424806353,-0.021939767367239477,0.00987834270399075,0.00422916533201947,False
2100.398742,cmd_vel_sent,,,,,,,,,,,,,,,-0.007106828659501723,0.001571594292538093,0.00845833066403894,0.4716502728197174,,,,,,,,,,,,,
2100.417345,ground_trial_sample,1790841769.833,odom,base_footprint,progress=0.4096;cross_track=0.0021;one_shot=true,1.3172414302825928,-0.012185895815491676,-0.02616893269925895,-0.01267749975195163,0.0028824214832720726,0.07633880525827408,,,,,,,,0.47179551955094146,0.40964765524732727,,0.002122357841224427,,1790841770.0247586,0.1917586326599121,0.45575857162475586,1.3076426572096864,-0.009852398424806353,-0.021939767367239477,0.00987834270399075,0.00422916533201947,False
2100.418040,cmd_vel_sent,,,,,,,,,,,,,,,-0.007106828659501723,0.001571594292538093,0.00845833066403894,0.47179551955094146,,,,,,,,,,,,,
2100.419277,cmd_vel_observed,,,,,,,,,,,,,,,-0.009275907473257659,0.0005979449511302488,0.022901638296023576,,,,,,,,,,,,,,
2100.437334,ground_trial_sample,1790841769.833,odom,base_footprint,progress=0.4096;cross_track=0.0021;one_shot=true,1.3172414302825928,-0.012185895815491676,-0.02616893269925895,-0.01267749975195163,0.0028824214832720726,0.07633880525827408,,,,,,,,0.4719410938230551,0.40964765524732727,,0.002122357841224427,,1790841770.0447478,0.2117478847503662,0.47574782371520996,1.3076426572096864,-0.009852398424806353,-0.021939767367239477,0.00987834270399075,0.00422916533201947,False
2100.437896,cmd_vel_sent,,,,,,,,,,,,,,,-0.007106828659501723,0.001571594292538093,0.00845833066403894,0.4719410938230551,,,,,,,,,,,,,
2100.438864,odom_raw,1790841769.907,odom,base_footprint,,1.316864252090454,-0.012176021933555603,-0.02390930405039173,-0.005097974589228924,0.00012191225595667013,0.03053552284836769,,,,,,,,,,,,,,,,,,,,,
2100.457207,ground_trial_sample,1790841769.907,odom,base_footprint,progress=0.4093;cross_track=0.0021;one_shot=true,1.316864252090454,-0.012176021933555603,-0.02390930405039173,-0.005097974589228924,0.00012191225595667013,0.03053552284836769,,,,,,,,0.472086403586302,0.40927035121625466,,0.0021207608735310662,,1790841770.064619,0.15761899948120117,0.4956190586090088,1.3076426572096864,-0.009852398424806353,-0.021939767367239477,0.009509839028890703,0.0019695366831522544,False
2100.458184,cmd_vel_sent,,,,,,,,,,,,,,,-0.008254623734252158,0.0021024984752555176,0.003939073366304509,0.472086403586302,,,,,,,,,,,,,
2100.458999,imu_data_raw,1790841769.618,,,,,,,,,,imu_frame,0.06271744519472122,-0.1933317929506302,0.18495208024978638,,,,,,,,,,,,,,,,,
2100.477538,ground_trial_sample,1790841769.907,odom,base_footprint,progress=0.4093;cross_track=0.0021;one_shot=true,1.316864252090454,-0.012176021933555603,-0.02390930405039173,-0.005097974589228924,0.00012191225595667013,0.03053552284836769,,,,,,,,0.472257228064689,0.40927035121625466,,0.0021207608735310662,,1790841770.0849245,0.17792439460754395,0.46692442893981934,1.3076426572096864,-0.009852398424806353,-0.021939767367239477,0.009509839028890703,0.0019695366831522544,False
2100.478477,cmd_vel_sent,,,,,,,,,,,,,,,-0.008254623734252158,0.0021024984752555176,0.003939073366304509,0.472257228064689,,,,,,,,,,,,,
2100.497564,ground_trial_sample,1790841769.907,odom,base_footprint,progress=0.4093;cross_track=0.0021;one_shot=true,1.316864252090454,-0.012176021933555603,-0.02390930405039173,-0.005097974589228924,0.00012191225595667013,0.03053552284836769,,,,,,,,0.4724274763225846,0.40927035121625466,,0.0021207608735310662,,1790841770.104948,0.19794797897338867,0.48694801330566406,1.3076426572096864,-0.009852398424806353,-0.021939767367239477,0.009509839028890703,0.0019695366831522544,False
2100.498525,cmd_vel_sent,,,,,,,,,,,,,,,-0.008254623734252158,0.0021024984752555176,0.003939073366304509,0.4724274763225846,,,,,,,,,,,,,
2100.499402,cmd_vel_observed,,,,,,,,,,,,,,,-0.008487658049097855,0.0027853532541135,0.024794836258286247,,,,,,,,,,,,,,
2100.517234,ground_trial_sample,1790841769.907,odom,base_footprint,progress=0.4093;cross_track=0.0021;one_shot=true,1.316864252090454,-0.012176021933555603,-0.02390930405039173,-0.005097974589228924,0.00012191225595667013,0.03053552284836769,,,,,,,,0.47259747021924114,0.40927035121625466,,0.0021207608735310662,imu_source_stamp_stale,1790841770.1246548,0.21765470504760742,0.5066547393798828,1.3076426572096864,-0.009852398424806353,-0.021939767367239477,0.009509839028890703,0.0019695366831522544,False
2100.517741,cmd_vel_sent,,,,,,,,,,,,,,,-0.008254623734252158,0.0021024984752555176,0.003939073366304509,0.47259747021924114,,,,,,,,,,,,,
2100.519005,odom_raw,1790841769.996,odom,base_footprint,,1.3161782026290894,-0.012386606074869633,-0.022550471505400484,-0.007704695504609975,-0.002376590498123601,0.015267761424183846,,,,,,,,,,,,,,,,,,,,,
2100.537668,ground_trial_sample,1790841769.996,odom,base_footprint,progress=0.4086;cross_track=0.0023;one_shot=true,1.3161782026290894,-0.012386606074869633,-0.022550471505400484,-0.007704695504609975,-0.002376590498123601,0.015267761424183846,,,,,,,,0.4727683572636275,0.4085890866608095,,0.0023463448922601358,imu_source_stamp_stale,1790841770.145043,0.14904284477233887,0.5270428657531738,1.3076426572096864,-0.009852398424806353,-0.021939767367239477,0.008903805030453535,0.000610704138161007,False
2100.538672,cmd_vel_sent,,,,,,,,,,,,,,,-0.007060688404953221,0.0028510422719994414,0.001221408276322014,0.4727683572636275,,,,,,,,,,,,,
2100.539189,imu_data_raw,1790841769.671,,,,,,,,,,imu_frame,-0.07363640516996384,0.07481880486011505,0.17537526786327362,,,,,,,,,,,,,,,,,
2100.557310,ground_trial_sample,1790841769.996,odom,base_footprint,progress=0.4086;cross_track=0.0023;one_shot=true,1.3161782026290894,-0.012386606074869633,-0.022550471505400484,-0.007704695504609975,-0.002376590498123601,0.015267761424183846,,,,,,,,0.4729202321533378,0.4085890866608095,,0.0023463448922601358,,1790841770.1647155,0.1687154769897461,0.4937155246734619,1.3076426572096864,-0.009852398424806353,-0.021939767367239477,0.008903805030453535,0.000610704138161007,False
2100.557933,cmd_vel_sent,,,,,,,,,,,,,,,-0.007060688404953221,0.0028510422719994414,0.001221408276322014,0.4729202321533378,,,,,,,,,,,,,
2100.577156,ground_trial_sample,1790841769.996,odom,base_footprint,progress=0.4086;cross_track=0.0023;one_shot=true,1.3161782026290894,-0.012386606074869633,-0.022550471505400484,-0.007704695504609975,-0.002376590498123601,0.015267761424183846,,,,,,,,0.4730724028160101,0.4085890866608095,,0.0023463448922601358,imu_source_stamp_stale,1790841770.1845834,0.1885833740234375,0.5135834217071533,1.3076426572096864,-0.009852398424806353,-0.021939767367239477,0.008903805030453535,0.000610704138161007,False
2100.577668,cmd_vel_sent,,,,,,,,,,,,,,,-0.007060688404953221,0.0028510422719994414,0.001221408276322014,0.4730724028160101,,,,,,,,,,,,,
2100.578309,cmd_vel_observed,,,,,,,,,,,,,,,-0.007106828659501723,0.001571594292538093,0.00845833066403894,,,,,,,,,,,,,,
2100.597575,ground_trial_sample,1790841769.996,odom,base_footprint,progress=0.4086;cross_track=0.0023;one_shot=true,1.3161782026290894,-0.012386606074869633,-0.022550471505400484,-0.007704695504609975,-0.002376590498123601,0.015267761424183846,,,,,,,,0.4732251088366547,0.4085890866608095,,0.0023463448922601358,imu_source_stamp_stale,1790841770.2049537,0.2089536190032959,0.5339536666870117,1.3076426572096864,-0.009852398424806353,-0.021939767367239477,0.008903805030453535,0.000610704138161007,False
2100.598533,cmd_vel_sent,,,,,,,,,,,,,,,-0.007060688404953221,0.0028510422719994414,0.001221408276322014,0.4732251088366547,,,,,,,,,,,,,
2100.599253,imu_data_raw,1790841769.738,,,,,,,,,,imu_frame,0.061652179807424545,0.03172317147254944,0.09876082092523575,,,,,,,,,,,,,,,,,
2100.617143,ground_trial_sample,1790841769.996,odom,base_footprint,progress=0.4086;cross_track=0.0023;one_shot=true,1.3161782026290894,-0.012386606074869633,-0.022550471505400484,-0.007704695504609975,-0.002376590498123601,0.015267761424183846,,,,,,,,0.47337698958958513,0.4085890866608095,,0.0023463448922601358,,1790841770.224567,0.22856688499450684,0.48656702041625977,1.3076426572096864,-0.009852398424806353,-0.021939767367239477,0.008903805030453535,0.000610704138161007,False
2100.617660,cmd_vel_sent,,,,,,,,,,,,,,,-0.007060688404953221,0.0028510422719994414,0.001221408276322014,0.47337698958958513,,,,,,,,,,,,,
2100.637624,ground_trial_sample,1790841769.996,odom,base_footprint,progress=0.4086;cross_track=0.0023;one_shot=true,1.3161782026290894,-0.012386606074869633,-0.022550471505400484,-0.007704695504609975,-0.002376590498123601,0.015267761424183846,,,,,,,,0.4735297334699013,0.4085890866608095,,0.0023463448922601358,imu_source_stamp_stale,1790841770.244996,0.24899601936340332,0.5069961547851562,1.3076426572096864,-0.009852398424806353,-0.021939767367239477,0.008903805030453535,0.000610704138161007,True
2100.637918,ground_trial_stop,1790841769.996,,,settled,1.3161782026290894,-0.012386606074869633,-0.022550471505400484,,,,,,,,,,,0.473538294872379,,,,imu_source_stamp_stale,1790841770.2453547,0.24935460090637207,0.507354736328125,,,,,,
2100.638465,cmd_vel_sent,,,,,,,,,,,,,,,0.0,0.0,0.0,,,,,,,,,,,,,,
2100.659059,cmd_vel_sent,,,,,,,,,,,,,,,0.0,0.0,0.0,,,,,,,,,,,,,,
2100.679672,cmd_vel_sent,,,,,,,,,,,,,,,0.0,0.0,0.0,,,,,,,,,,,,,,
2100.700286,cmd_vel_sent,,,,,,,,,,,,,,,0.0,0.0,0.0,,,,,,,,,,,,,,
2100.720799,cmd_vel_sent,,,,,,,,,,,,,,,0.0,0.0,0.0,,,,,,,,,,,,,,
2100.741316,cmd_vel_sent,,,,,,,,,,,,,,,0.0,0.0,0.0,,,,,,,,,,,,,,
2100.761971,cmd_vel_sent,,,,,,,,,,,,,,,0.0,0.0,0.0,,,,,,,,,,,,,,
2100.782520,cmd_vel_sent,,,,,,,,,,,,,,,0.0,0.0,0.0,,,,,,,,,,,,,,
2100.803147,cmd_vel_sent,,,,,,,,,,,,,,,0.0,0.0,0.0,,,,,,,,,,,,,,
2100.823733,cmd_vel_sent,,,,,,,,,,,,,,,0.0,0.0,0.0,,,,,,,,,,,,,,
2100.844305,cmd_vel_sent,,,,,,,,,,,,,,,0.0,0.0,0.0,,,,,,,,,,,,,,
2100.865041,cmd_vel_sent,,,,,,,,,,,,,,,0.0,0.0,0.0,,,,,,,,,,,,,,
2100.885670,cmd_vel_sent,,,,,,,,,,,,,,,0.0,0.0,0.0,,,,,,,,,,,,,,
2100.906292,cmd_vel_sent,,,,,,,,,,,,,,,0.0,0.0,0.0,,,,,,,,,,,,,,
2100.926927,cmd_vel_sent,,,,,,,,,,,,,,,0.0,0.0,0.0,,,,,,,,,,,,,,
2100.947700,cmd_vel_sent,,,,,,,,,,,,,,,0.0,0.0,0.0,,,,,,,,,,,,,,
2100.968390,cmd_vel_sent,,,,,,,,,,,,,,,0.0,0.0,0.0,,,,,,,,,,,,,,
2100.989038,cmd_vel_sent,,,,,,,,,,,,,,,0.0,0.0,0.0,,,,,,,,,,,,,,
2101.009740,cmd_vel_sent,,,,,,,,,,,,,,,0.0,0.0,0.0,,,,,,,,,,,,,,
2101.030296,cmd_vel_sent,,,,,,,,,,,,,,,0.0,0.0,0.0,,,,,,,,,,,,,,
2101.050890,cmd_vel_sent,,,,,,,,,,,,,,,0.0,0.0,0.0,,,,,,,,,,,,,,
2101.071533,cmd_vel_sent,,,,,,,,,,,,,,,0.0,0.0,0.0,,,,,,,,,,,,,,
2101.092160,cmd_vel_sent,,,,,,,,,,,,,,,0.0,0.0,0.0,,,,,,,,,,,,,,
2101.112858,cmd_vel_sent,,,,,,,,,,,,,,,0.0,0.0,0.0,,,,,,,,,,,,,,
2101.133474,cmd_vel_sent,,,,,,,,,,,,,,,0.0,0.0,0.0,,,,,,,,,,,,,,
