monotonic_s,record_type,segment,primitive_index,source_stamp_s,frame_id,child_frame_id,pose_x_m,pose_y_m,pose_yaw_rad,world_vx_mps,world_vy_mps,odom_wz_radps,ref_x_m,ref_y_m,ref_yaw_rad,ref_vx_mps,ref_vy_mps,position_error_m,yaw_error_rad,cmd_vx_mps,cmd_vy_mps,cmd_wz_radps,displacement_from_start_m,reason
3004.428500,trial_start,,,1790842674.057,odom,base_footprint,1.314235806465149,-0.012513707391917706,-0.019359510980687254,,,,,,,,,,,,,,,route_length_m=1.428319;profile_s=11.022124;speed=0.150
3004.429396,segment_enter,north_out,0,1790842674.057,,,1.314235806465149,-0.012513707391917706,-0.019359510980687254,,,,,,,,,,,,,,,
3004.429513,control_sample,north_out,0,1790842674.057,odom,base_footprint,1.314235806465149,-0.012513707391917706,-0.019359510980687254,0.0,0.0,0.0,1.3142358066715443,-0.012513707395913917,-0.019359510980687222,9.08529713578091e-06,-1.7590888654829118e-07,2.064340288076819e-10,3.122502256758253e-17,1.0904606366798399e-05,8.659853094491153e-19,6.245004513516506e-17,0.0,progress=0.0000;speed=0.0000;settled=False
3004.449678,control_sample,north_out,0,1790842674.057,odom,base_footprint,1.314235806465149,-0.012513707391917706,-0.019359510980687254,0.0,0.0,0.0,1.3142764856399107,-0.012514495019249108,-0.019359510980687222,0.0040334378345201465,-7.809514073434919e-05,4.0686799039916714e-05,3.122502256758253e-17,0.004881719359037901,3.2526065174565133e-19,6.245004513516506e-17,0.0,progress=0.0000;speed=0.0040;settled=False
3004.469567,control_sample,north_out,0,1790842674.057,odom,base_footprint,1.314235806465149,-0.012513707391917706,-0.019359510980687254,0.0,0.0,0.0,1.3143968913539557,-0.012516826306247777,-0.019359510980687222,0.008026324269380183,-0.000155405128109862,0.0001611150800777953,3.122502256758253e-17,0.009794509400085732,1.0842021724855044e-18,6.245004513516506e-17,0.0,progress=0.0002;speed=0.0080;settled=False
3004.489596,control_sample,north_out,0,1790842674.136,odom,base_footprint,1.314235806465149,-0.012513707391917706,-0.019359510980687254,0.0,0.0,0.0,1.3145969419550976,-0.012520699671969808,-0.019359510980687222,0.012017783771678085,-0.00023268748731709006,0.0003612031756238838,3.122502256758253e-17,0.014785246615636495,1.0842021724855044e-18,6.245004513516506e-17,0.0,progress=0.0004;speed=0.0120;settled=False
3004.509596,control_sample,north_out,0,1790842674.136,odom,base_footprint,1.314235806465149,-0.012513707391917706,-0.019359510980687254,0.0,0.0,0.0,1.3148781233872417,-0.012526143887156971,-0.019359510980687222,0.016027433464640275,-0.00031032204372139757,0.0006424373080858813,3.122502256758253e-17,0.01987896218804739,4.228388472693467e-18,6.245004513516506e-17,0.0,progress=0.0006;speed=0.0160;settled=False
3004.529557,control_sample,north_out,0,1790842674.136,odom,base_footprint,1.314235806465149,-0.012513707391917706,-0.019359510980687254,0.0,0.0,0.0,1.3152383341478877,-0.012533118262665113,-0.019359510980687222,0.02002338452507638,-0.0003876913681625799,0.001002715581090057,3.122502256758253e-17,0.025035280461016277,6.505213034913027e-19,6.245004513516506e-17,0.0,progress=0.0010;speed=0.0200;settled=False
3004.549514,control_sample,north_out,0,1790842674.136,odom,base_footprint,1.314235806465149,-0.012513707391917706,-0.019359510980687254,0.0,0.0,0.0,1.3156786700763976,-0.012541644016059167,-0.019359510980687222,0.02402160056105349,-0.00046510454690148345,0.0014431340393858088,3.122502256758253e-17,0.030274457399340503,1.8431436932253575e-18,6.245004513516506e-17,0.0,progress=0.0014;speed=0.0240;settled=False
3004.569487,control_sample,north_out,0,1790842674.136,odom,base_footprint,1.314235806465149,-0.012513707391917706,-0.019359510980687254,0.0,0.0,0.0,1.3161990473771914,-0.012551719524894988,-0.019359510980687222,0.02802051406629721,-0.0005425312299914564,0.0019636088716877527,3.122502256758253e-17,0.03559452783165834,5.095750210681871e-18,6.245004513516506e-17,0.0,progress=0.0020;speed=0.0280;settled=False
3004.589553,control_sample,north_out,0,1790842674.232,odom,base_footprint,1.3144782781600952,-0.012765771709382534,-0.017878537336447082,0.002503725786251074,-0.0025948913161343715,0.015267761424183846,1.316799761980893,-0.012563350518960589,-0.019359510980687222,0.03202171174346292,-0.0006200021390581339,0.00233029214231997,-0.0014809736442401404,0.04024076473148979,0.0006969159534235594,-0.002961947288480281,0.00034975554747442695,progress=0.0026;speed=0.0320;settled=False
3004.609442,control_sample,north_out,0,1790842674.232,odom,base_footprint,1.3144782781600952,-0.012765771709382534,-0.017878537336447082,0.002503725786251074,-0.0025948913161343715,0.015267761424183846,1.3174798490874073,-0.012576518317864117,-0.019359510980687222,0.0360190767388528,-0.0006973988400088189,0.00300753135941865,-0.0014809736442401404,0.04571871033562773,0.0006888032544281018,-0.002961947288480281,0.00034975554747442695,progress=0.0032;speed=0.0360;settled=False
3004.629430,control_sample,north_out,0,1790842674.232,odom,base_footprint,1.3144782781600952,-0.012765771709382534,-0.017878537336447082,0.002503725786251074,-0.0025948913161343715,0.015267761424183846,1.3182399892228964,-0.012591236097905448,-0.019359510980687222,0.04001715839998121,-0.0007748094169913173,0.003765757931635368,-0.0014809736442401404,0.05127758404396954,0.0006805707029556155,-0.002961947288480281,0.00034975554747442695,progress=0.0040;speed=0.0400;settled=False
3004.649441,control_sample,north_out,0,1790842674.232,odom,base_footprint,1.3144782781600952,-0.012765771709382534,-0.017878537336447082,0.002503725786251074,-0.0025948913161343715,0.015267761424183846,1.3190804999941823,-0.012607510008565612,-0.019359510980687222,0.044017204293015234,-0.0008522580252943411,0.004604942190309607,-0.0014809736442401404,0.05691920088086408,0.0006722156110009125,-0.002961947288480281,0.00034975554747442695,progress=0.0048;speed=0.0440;settled=False
3004.669506,control_sample,north_out,0,1790842674.232,odom,base_footprint,1.3144782781600952,-0.012765771709382534,-0.017878537336447082,0.002503725786251074,-0.0025948913161343715,0.015267761424183846,1.3200012396416236,-0.012625337305104367,-0.019359510980687222,0.04801813322048353,-0.0009297237308482084,0.0055247466320503405,-0.0014809736442401404,0.06264212138154214,0.000663740110374936,-0.002961947288480281,0.00034975554747442695,progress=0.0058;speed=0.0480;settled=False
3004.689605,control_sample,north_out,0,1790842674.339,odom,base_footprint,1.3163650035858154,-0.01306982059031725,-0.01949692084239535,0.017794910478893766,-0.002897190190531463,-0.015267761424183846,1.3210021096883078,-0.01264471608081863,-0.019359510980687222,0.05201936289158722,-0.0010071952593792713,0.004656550960718443,0.00013740986170812655,0.06349326938438381,0.0010339495678006855,0.0002748197234162531,0.002200623154492541,progress=0.0068;speed=0.0520;settled=False
3004.709478,control_sample,north_out,0,1790842674.339,odom,base_footprint,1.3163650035858154,-0.01306982059031725,-0.01949692084239535,0.017794910478893766,-0.002897190190531463,-0.015267761424183846,1.3220808930573211,-0.012665603408820551,-0.019359510980687222,0.056012914601815476,-0.0010845181277698485,0.005730164393827355,0.00013740986170812655,0.06936541512858123,0.0010347564585404022,0.0002748197234162531,0.002200623154492541,progress=0.0078;speed=0.0560;settled=False
3004.729483,control_sample,north_out,0,1790842674.339,odom,base_footprint,1.3163650035858154,-0.01306982059031725,-0.01949692084239535,0.017794910478893766,-0.002897190190531463,-0.015267761424183846,1.3232413499367348,-0.012688072093608085,-0.019359510980687222,0.060012851715205734,-0.001161964629889032,0.0068869348082105444,0.00013740986170812655,0.07532691360989295,0.0010355756272274511,0.0002748197234162531,0.002200623154492541,progress=0.0090;speed=0.0600;settled=False
3004.749416,control_sample,north_out,0,1790842674.339,odom,base_footprint,1.3163650035858154,-0.01306982059031725,-0.01949692084239535,0.017794910478893766,-0.002897190190531463,-0.015267761424183846,1.3244811004431662,-0.012712076056045943,-0.019359510980687222,0.06401054324939637,-0.001239367653261097,0.008123977434095988,0.00013740986170812655,0.08136502537898387,0.0010364053233358384,0.0002748197234162531,0.002200623154492541,progress=0.0102;speed=0.0640;settled=False
3004.769497,control_sample,north_out,0,1790842674.406,odom,base_footprint,1.3177247047424316,-0.013438060879707336,-0.017451040582966003,0.0203056365665944,-0.005454598661310007,0.03053552284836769,1.3258030041199234,-0.012737670662411278,-0.019359510980687222,0.06801479275458114,-0.001316897651608042,0.008108604521671227,-0.0019084703977212195,0.08561820156696945,0.001705343307399138,-0.003816940795442439,0.0036092714721415943,progress=0.0116;speed=0.0680;settled=False
3004.789626,control_sample,north_out,0,1790842674.406,odom,base_footprint,1.3177247047424316,-0.013438060879707336,-0.017451040582966003,0.0203056365665944,-0.005454598661310007,0.03053552284836769,1.3272030029125674,-0.012764777340938395,-0.019359510980687222,0.07201323914731185,-0.001394315290498268,0.009502181166741492,-0.0019084703977212195,0.09181748642405288,0.0016935121413982942,-0.003816940795442439,0.0036092714721415943,progress=0.0130;speed=0.0720;settled=False
3004.809462,control_sample,north_out,0,1790842674.406,odom,base_footprint,1.3177247047424316,-0.013438060879707336,-0.017451040582966003,0.0203056365665944,-0.005454598661310007,0.03053552284836769,1.3286812910114865,-0.012793399851527986,-0.019359510980687222,0.07600730916037209,-0.0014716481942319611,0.010975535090030644,-0.0019084703977212195,0.09808982248782333,0.0016815415591627018,-0.003816940795442439,0.0036092714721415943,progress=0.0144;speed=0.0760;settled=False
3004.829530,control_sample,north_out,0,1790842674.406,odom,base_footprint,1.3177247047424316,-0.013438060879707336,-0.017451040582966003,0.0203056365665944,-0.005454598661310007,0.03053552284836769,1.330244003373566,-0.012823656978785392,-0.019359510980687222,0.08001299179689161,-0.0015492059407673923,0.012534365973953075,-0.0019084703977212195,0.10446053621872022,0.0016693832258336582,-0.003816940795442439,0.0036092714721415943,progress=0.0160;speed=0.0800;settled=False
3004.849533,control_sample,north_out,0,1790842674.406,odom,base_footprint,1.3177247047424316,-0.013438060879707336,-0.017451040582966003,0.0203056365665944,-0.005454598661310007,0.03053552284836769,1.331883735093902,-0.01285540534946071,-0.019359510980687222,0.08401100307122915,-0.0016266151549257776,0.01417101365325653,-0.0019084703977212195,0.11089907625969435,0.0016570954478424898,-0.003816940795442439,0.0036092714721415943,progress=0.0177;speed=0.0840;settled=False
3004.869739,control_sample,north_out,0,1790842674.514,odom,base_footprint,1.3210190534591675,-0.014046378433704376,-0.017451040582966003,0.03050294684620242,-0.005632570869370199,5.576782147187487e-09,1.3336172680128096,-0.01288896989237025,-0.019359510980687222,0.08804051264198941,-0.0017046342368924562,0.01265126888778956,-0.0019084703977212195,0.11212500489907753,0.002195294595952312,-0.003816940795442439,0.006954244768786413,progress=0.0194;speed=0.0881;settled=False
3004.889547,control_sample,north_out,0,1790842674.514,odom,base_footprint,1.3210190534591675,-0.014046378433704376,-0.017451040582966003,0.03050294684620242,-0.005632570869370199,5.576782147187487e-09,1.3354039912107987,-0.012923564301736395,-0.019359510980687222,0.09200916921811393,-0.001781475087440886,0.014428691752659045,-0.0019084703977212195,0.11867533152393915,0.0021827934763159165,-0.003816940795442439,0.006954244768786413,progress=0.0212;speed=0.0920;settled=False
3004.909412,control_sample,north_out,0,1790842674.514,odom,base_footprint,1.3210190534591675,-0.014046378433704376,-0.017451040582966003,0.03050294684620242,-0.005632570869370199,5.576782147187487e-09,1.3372824078748744,-0.012959934073568073,-0.019359510980687222,0.09600475554694775,-0.001858837349974341,0.016299603007391493,-0.0019084703977212195,0.12534969033462862,0.0021700556446371108,-0.003816940795442439,0.006954244768786413,progress=0.0231;speed=0.0960;settled=False
3004.929514,control_sample,north_out,0,1790842674.514,odom,base_footprint,1.3210190534591675,-0.014046378433704376,-0.017451040582966003,0.03050294684620242,-0.005632570869370199,5.576782147187487e-09,1.3392426277957181,-0.01299788771432544,-0.019359510980687222,0.10000427053946224,-0.0019362756790187055,0.018253711797560815,-0.0019084703977212195,0.1321105828564502,0.0021571526657317075,-0.003816940795442439,0.006954244768786413,progress=0.0250;speed=0.1000;settled=False
3004.949504,control_sample,north_out,0,1790842674.586,odom,base_footprint,1.3241362571716309,-0.014284389093518257,-0.018550319595569083,0.043290419002249,-0.0033532973342784884,-0.015267756767570972,1.341284919783187,-0.013037430428686131,-0.019359510980687222,0.10400777778370356,-0.0020137913057612727,0.01719393891104614,-0.0008091913851181395,0.13328623240922513,0.0019737685634883214,-0.001618382770236279,0.010057546315074151,progress=0.0271;speed=0.1040;settled=False
3004.969536,control_sample,north_out,0,1790842674.586,odom,base_footprint,1.3241362571716309,-0.014284389093518257,-0.018550319595569083,0.043290419002249,-0.0033532973342784884,-0.015267756767570972,1.3434044123523152,-0.013078467895299562,-0.019359510980687222,0.10800581465324603,-0.0020912010154922225,0.01930585532949128,-0.0008091913851181395,0.14020466339835103,0.001968170227511474,-0.001618382770236279,0.010057546315074151,progress=0.0292;speed=0.1080;settled=False
3004.989604,control_sample,north_out,0,1790842674.586,odom,base_footprint,1.3241362571716309,-0.014284389093518257,-0.018550319595569083,0.043290419002249,-0.0033532973342784884,-0.015267756767570972,1.3456067192876882,-0.013121108807869531,-0.019359510980687222,0.11200898935978344,-0.0021687102036630672,0.021501952574127556,-0.0008091913851181395,0.1472120908059766,0.0019624998763837515,-0.001618382770236279,0.010057546315074151,progress=0.0314;speed=0.1120;settled=False
3005.009420,control_sample,north_out,0,1790842674.586,odom,base_footprint,1.3241362571716309,-0.014284389093518257,-0.018550319595569083,0.043290419002249,-0.0033532973342784884,-0.015267756767570972,1.3478817780143677,-0.013165158335525158,-0.019359510980687222,0.1159994252539348,-0.002245972743841085,0.02377188334109201,-0.0008091913851181395,0.15427699418162355,0.001956783016187706,-0.001618382770236279,0.010057546315074151,progress=0.0337;speed=0.1160;settled=False
3005.029454,control_sample,north_out,0,1790842674.676,odom,base_footprint,1.3301016092300415,-0.014395060017704964,-0.015802123461703756,0.06628433704860669,-0.0010475204701724432,0.030535513535141945,1.3502439681133627,-0.013210894894706376,-0.019359510980687222,0.12000235680607066,-0.002323477224073444,0.020177137270262928,-0.003557387518983466,0.1508915162887234,0.000989927278599037,-0.007114775037966932,0.01597695794189337,progress=0.0360;speed=0.1200;settled=False
3005.049499,control_sample,north_out,0,1790842674.676,odom,base_footprint,1.3301016092300415,-0.014395060017704964,-0.015802123461703756,0.06628433704860669,-0.0010475204701724432,0.030535513535141945,1.3526857508642574,-0.013258172521236726,-0.019359510980687222,0.12400441812132924,-0.002400964854840362,0.02261273903210196,-0.003557387518983466,0.1581370845231866,0.0009641518758644308,-0.007114775037966932,0.01597695794189337,progress=0.0385;speed=0.1240;settled=False
3005.069496,control_sample,north_out,0,1790842674.676,odom,base_footprint,1.3301016092300415,-0.014395060017704964,-0.015802123461703756,0.06628433704860669,-0.0010475204701724432,0.030535513535141945,1.355206492488701,-0.01330697894394419,-0.019359510980687222,0.12800470076994083,-0.0024784180471882893,0.025128451680396097,-0.003557387518983466,0.16545949114382105,0.000938103128060817,-0.007114775037966932,0.01597695794189337,progress=0.0410;speed=0.1280;settled=False
3005.089553,control_sample,north_out,0,1790842674.676,odom,base_footprint,1.3301016092300415,-0.014395060017704964,-0.015802123461703756,0.06628433704860669,-0.0010475204701724432,0.030535513535141945,1.357805883482507,-0.013357308170230389,-0.019359510980687222,0.13200289760953698,-0.0025558308542482098,0.02772370359011876,-0.003557387518983466,0.17285805795280132,0.0009117834478108563,-0.007114775037966932,0.01597695794189337,progress=0.0436;speed=0.1320;settled=False
3005.109530,control_sample,north_out,0,1790842674.676,odom,base_footprint,1.3301016092300415,-0.014395060017704964,-0.015802123461703756,0.06628433704860669,-0.0010475204701724432,0.030535513535141945,1.3604851738262322,-0.01340918440213128,-0.019359510980687222,0.13600103046107528,-0.0026332424223758375,0.030399555067472255,-0.003557387518983466,0.18033646178157192,0.0008851797551450795,-0.007114775037966932,0.01597695794189337,progress=0.0463;speed=0.1360;settled=False
3005.129519,control_sample,north_out,0,1790842674.676,odom,base_footprint,1.3301016092300415,-0.014395060017704964,-0.015802123461703756,0.06628433704860669,-0.0010475204701724432,0.030535513535141945,1.36324607986571,-0.013462640871414633,-0.019359510980687222,0.1400015562640884,-0.00271070032266225,0.03315758343400586,-0.003557387518983466,0.18789936814815886,0.0008582754529378768,-0.007114775037966932,0.01597695794189337,progress=0.0490;speed=0.1400;settled=False
3005.149428,control_sample,north_out,0,1790842674.796,odom,base_footprint,1.3420376777648926,-0.01427768636494875,-0.010305730760843427,0.0994599162697805,0.0015248073381943761,0.04580327123403549,1.3660834233870187,-0.01351757731786532,-0.019359510980687222,0.14399708500368832,-0.002788061470156994,0.024057756509854703,-0.009053780219843795,0.17697065613858462,-0.0010668031848287064,-0.01810756043968759,0.027857775747263194,progress=0.0519;speed=0.1440;settled=False
3005.169527,control_sample,north_out,0,1790842674.796,odom,base_footprint,1.3420376777648926,-0.01427768636494875,-0.010305730760843427,0.0994599162697805,0.0015248073381943761,0.04580327123403549,1.3690057032105738,-0.013574158295048731,-0.019359510980687222,0.14799950465181616,-0.0028655560389398184,0.02697720052533337,-0.009053780219843795,0.18469697075187505,-0.0011367574506628072,-0.01810756043968759,0.027857775747263194,progress=0.0548;speed=0.1480;settled=False
3005.189887,control_sample,north_out,0,1790842674.796,odom,base_footprint,1.3420376777648926,-0.01427768636494875,-0.010305730760843427,0.0994599162697805,0.0015248073381943761,0.04580327123403549,1.3720366017241248,-0.013632842339697072,-0.019359510980687222,0.14997189157800844,-0.002903745256402222,0.030005853804361222,-0.009053780219843795,0.19009552398061366,-0.0011856361006511323,-0.01810756043968759,0.027857775747263194,progress=0.0578;speed=0.1500;settled=False
3005.209671,control_sample,north_out,0,1790842674.856,odom,base_footprint,1.3492321968078613,-0.01389286108314991,-0.007557534536124288,0.11989103662525026,0.006743266570250951,0.04580327123403549,1.3749985926241413,-0.013690192199960424,-0.019359510980687222,0.14997189157800844,-0.002903745256402222,0.025767192862968625,-0.011801976444562934,0.18178426250574642,-0.003256743980805505,-0.023603952889125868,0.035023554958392406,progress=0.0608;speed=0.1500;settled=False
3005.229559,control_sample,north_out,0,1790842674.856,odom,base_footprint,1.3492321968078613,-0.01389286108314991,-0.007557534536124288,0.11989103662525026,0.006743266570250951,0.04580327123403549,1.377995723888052,-0.013748222445487257,-0.019359510980687222,0.14997189157800844,-0.002903745256402222,0.028763890738708636,-0.011801976444562934,0.18478174673890788,-0.003292121861688957,-0.023603952889125868,0.035023554958392406,progress=0.0638;speed=0.1500;settled=False
3005.249487,control_sample,north_out,0,1790842674.856,odom,base_footprint,1.3492321968078613,-0.01389286108314991,-0.007557534536124288,0.11989103662525026,0.006743266570250951,0.04580327123403549,1.3809920058610519,-0.013806236247102983,-0.019359510980687222,0.14997189157800844,-0.002903745256402222,0.03175992718753215,-0.011801976444562934,0.18777838158113822,-0.0033274897176151976,-0.023603952889125868,0.035023554958392406,progress=0.0668;speed=0.1500;settled=False
3005.269706,control_sample,north_out,0,1790842674.856,odom,base_footprint,1.3492321968078613,-0.01389286108314991,-0.007557534536124288,0.11989103662525026,0.006743266570250951,0.04580327123403549,1.384007059965766,-0.013864613513417622,-0.019359510980687222,0.14997189157800844,-0.002903745256402222,0.03477487463063216,-0.011801976444562934,0.19079379076585856,-0.0033630791581772896,-0.023603952889125868,0.035023554958392406,progress=0.0698;speed=0.1500;settled=False
3005.289646,control_sample,north_out,0,1790842674.856,odom,base_footprint,1.3492321968078613,-0.01389286108314991,-0.007557534536124288,0.11989103662525026,0.006743266570250951,0.04580327123403549,1.3869953233916663,-0.013922472060486258,-0.019359510980687222,0.14997189157800844,-0.002903745256402222,0.03776313819314356,-0.011801976444562934,0.19378240611665296,-0.00339835236385996,-0.023603952889125868,0.035023554958392406,progress=0.0728;speed=0.1500;settled=False
3005.309343,control_sample,north_out,0,1790842674.946,odom,base_footprint,1.3616269826889038,-0.013527574017643929,-0.004809336390928049,0.1377075906701768,0.004437206147072768,0.030535535886883736,1.389987046669139,-0.013980397596958611,-0.019359510980687222,0.14997189157800844,-0.002903745256402222,0.028363678854426158,-0.014550174589759175,0.18080592879321644,-0.003955251677303482,-0.02910034917951835,0.04740202009836449,progress=0.0758;speed=0.1500;settled=False
3005.329418,control_sample,north_out,0,1790842674.946,odom,base_footprint,1.3616269826889038,-0.013527574017643929,-0.004809336390928049,0.1377075906701768,0.004437206147072768,0.030535535886883736,1.392989413151786,-0.01403852920642379,-0.019359510980687222,0.14997189157800844,-0.002903745256402222,0.03136659241524424,-0.014550174589759175,0.18380854012737452,-0.003998943279765341,-0.02910034917951835,0.04740202009836449,progress=0.0788;speed=0.1500;settled=False
3005.349451,control_sample,north_out,0,1790842674.946,odom,base_footprint,1.3616269826889038,-0.013527574017643929,-0.004809336390928049,0.1377075906701768,0.004437206147072768,0.030535535886883736,1.3959898171022818,-0.014096622817478973,-0.019359510980687222,0.14997189157800844,-0.002903745256402222,0.03436754581662511,-0.014550174589759175,0.18680918876933153,-0.004042606322697555,-0.02910034917951835,0.04740202009836449,progress=0.0818;speed=0.1500;settled=False
3005.369507,control_sample,north_out,0,1790842674.946,odom,base_footprint,1.3616269826889038,-0.013527574017643929,-0.004809336390928049,0.1377075906701768,0.004437206147072768,0.030535535886883736,1.3989889494411214,-0.014154691807678367,-0.019359510980687222,0.14997189157800844,-0.002903745256402222,0.037367229443944466,-0.014550174589759175,0.18980856569592874,-0.004086250860643355,-0.02910034917951835,0.04740202009836449,progress=0.0848;speed=0.1500;settled=False
3005.389597,control_sample,north_out,0,1790842675.038,odom,base_footprint,1.3756204843521118,-0.012883494608104229,-0.003389436958348708,0.15045830448585262,0.007139226518209906,0.015267734415829182,1.4019909513420683,-0.014212816358138213,-0.019359510980687222,0.14997189157800844,-0.002903745256402222,0.026403950946468184,-0.015970074022338514,0.17626521928791203,-0.005644255077926911,-0.03194014804467703,0.06138579169377427,progress=0.0878;speed=0.1500;settled=False
3005.409498,control_sample,north_out,0,1790842675.038,odom,base_footprint,1.3756204843521118,-0.012883494608104229,-0.003389436958348708,0.15045830448585262,0.007139226518209906,0.015267734415829182,1.404988053661369,-0.014270846043241539,-0.019359510980687222,0.14997189157800844,-0.002903745256402222,0.029400320935979656,-0.015970074022338514,0.17926250107903233,-0.005692125959781436,-0.03194014804467703,0.06138579169377427,progress=0.0908;speed=0.1500;settled=False
3005.429505,control_sample,north_out,0,1790842675.038,odom,base_footprint,1.3756204843521118,-0.012883494608104229,-0.003389436958348708,0.15045830448585262,0.007139226518209906,0.015267734415829182,1.4079888365908508,-0.014328946992061291,-0.019359510980687222,0.14997189157800844,-0.002903745256402222,0.03240061047643035,-0.015970074022338514,0.18226346370073523,-0.005740055629770746,-0.03194014804467703,0.06138579169377427,progress=0.0938;speed=0.1500;settled=False
3005.449569,control_sample,north_out,0,1790842675.038,odom,base_footprint,1.3756204843521118,-0.012883494608104229,-0.003389436958348708,0.15045830448585262,0.007139226518209906,0.015267734415829182,1.410990319889025,-0.014387061501370594,-0.019359510980687222,0.14997189157800844,-0.002903745256402222,0.03540177932407938,-0.015970074022338514,0.18526512673306983,-0.0057879964863207295,-0.03194014804467703,0.06138579169377427,progress=0.0968;speed=0.1500;settled=False
3005.469592,control_sample,north_out,0,1790842675.038,odom,base_footprint,1.3756204843521118,-0.012883494608104229,-0.003389436958348708,0.15045830448585262,0.007139226518209906,0.015267734415829182,1.4139901238019856,-0.014445143494541063,-0.019359510980687222,0.14997189157800844,-0.002903745256402222,0.03840140594767101,-0.015970074022338514,0.18826511027962625,-0.005835910519078068,-0.03194014804467703,0.06138579169377427,progress=0.0998;speed=0.1500;settled=False
3005.489625,control_sample,north_out,0,1790842675.126,odom,base_footprint,1.389817237854004,-0.012931614182889462,-0.003389436958348708,0.1631808891336869,-0.0005530934545589013,0.0,1.4169887520852407,-0.014503202725251546,-0.019359510980687222,0.14997189157800844,-0.002903745256402222,0.027216926280621504,-0.015970074022338514,0.17451736624406186,-0.004353974690516668,-0.03194014804467703,0.07558258673050383,progress=0.1028;speed=0.1500;settled=False
3005.509547,control_sample,north_out,0,1790842675.126,odom,base_footprint,1.389817237854004,-0.012931614182889462,-0.003389436958348708,0.1631808891336869,-0.0005530934545589013,0.0,1.4199862621780985,-0.014561240305637916,-0.019359510980687222,0.14997189157800844,-0.002903745256402222,0.030213005642732032,-0.015970074022338514,0.17751505583315755,-0.004401852085488766,-0.03194014804467703,0.07558258673050383,progress=0.1058;speed=0.1500;settled=False
3005.529597,control_sample,north_out,0,1790842675.126,odom,base_footprint,1.389817237854004,-0.012931614182889462,-0.003389436958348708,0.1631808891336869,-0.0005530934545589013,0.0,1.4229823232425878,-0.014619249830038535,-0.019359510980687222,0.14997189157800844,-0.002903745256402222,0.0332079960688625,-0.015970074022338514,0.18051129630711418,-0.004449706336017173,-0.03194014804467703,0.07558258673050383,progress=0.1088;speed=0.1500;settled=False
3005.580025,control_sample,north_out,0,1790842675.216,odom,base_footprint,1.404962420463562,-0.012982947751879692,-0.0006412407545805663,0.1682812225547983,-0.00010790879292310772,0.030535513535141945,1.430556307641581,-0.01476589678527282,-0.019359510980687222,0.14997189157800844,-0.002903745256402222,0.02565591487623944,-0.018718270226106656,0.1719072410781202,-0.005135628716917677,-0.03743654045221331,0.09072782745184887,progress=0.1163;speed=0.1500;settled=False
3005.600118,control_sample,north_out,0,1790842675.216,odom,base_footprint,1.404962420463562,-0.012982947751879692,-0.0006412407545805663,0.1682812225547983,-0.00010790879292310772,0.030535513535141945,1.4335585539967173,-0.014824026068837554,-0.019359510980687222,0.14997189157800844,-0.002903745256402222,0.028655338462758025,-0.018718270226106656,0.17490952409087315,-0.005191832825945061,-0.03743654045221331,0.09072782745184887,progress=0.1193;speed=0.1500;settled=False
3005.620090,control_sample,north_out,0,1790842675.216,odom,base_footprint,1.404962420463562,-0.012982947751879692,-0.0006412407545805663,0.1682812225547983,-0.00010790879292310772,0.030535513535141945,1.4365581995393986,-0.014882104995653771,-0.019359510980687222,0.14997189157800844,-0.002903745256402222,0.03165280483062521,-0.018718270226106656,0.1779092062594151,-0.005247988245981107,-0.03743654045221331,0.09072782745184887,progress=0.1223;speed=0.1500;settled=False
3005.640128,control_sample,north_out,0,1790842675.216,odom,base_footprint,1.404962420463562,-0.012982947751879692,-0.0006412407545805663,0.1682812225547983,-0.00010790879292310772,0.030535513535141945,1.4395588624913402,-0.0149402036214768,-0.019359510980687222,0.14997189157800844,-0.002903745256402222,0.034651762603372604,-0.018718270226106656,0.18090990584964003,-0.005304162712615677,-0.03743654045221331,0.09072782745184887,progress=0.1253;speed=0.1500;settled=False
3005.660051,control_sample,north_out,0,1790842675.216,odom,base_footprint,1.404962420463562,-0.012982947751879692,-0.0006412407545805663,0.1682812225547983,-0.00010790879292310772,0.030535513535141945,1.4425545730714742,-0.014998206359823893,-0.019359510980687222,0.14997189157800844,-0.002903745256402222,0.03764613134112787,-0.018718270226106656,0.1839056530075885,-0.005360244467456444,-0.03743654045221331,0.09072782745184887,progress=0.1283;speed=0.1500;settled=False
3005.680077,control_sample,north_out,0,1790842675.324,odom,base_footprint,1.4241386651992798,-0.013273163698613644,-0.0023054261939711206,0.17592405001312972,-0.0029553027476105077,-0.015267756767570972,1.4455545737475217,-0.015056292162707464,-0.019359510980687222,0.14997189157800844,-0.002903745256402222,0.021490013635782634,-0.017054084786716103,0.16620770823024578,-0.004293394367161873,-0.034108169573432205,0.10990548271954455,progress=0.1313;speed=0.1500;settled=False
3005.700136,control_sample,north_out,0,1790842675.324,odom,base_footprint,1.4241386651992798,-0.013273163698613644,-0.0023054261939711206,0.17592405001312972,-0.0029553027476105077,-0.015267756767570972,1.448557376798366,-0.015114432224975488,-0.019359510980687222,0.14997189157800844,-0.002903745256402222,0.024488032708764405,-0.017054084786716103,0.16921063733866326,-0.004344611540246671,-0.034108169573432205,0.10990548271954455,progress=0.1343;speed=0.1500;settled=False
3005.719967,control_sample,north_out,0,1790842675.324,odom,base_footprint,1.4241386651992798,-0.013273163698613644,-0.0023054261939711206,0.17592405001312972,-0.0029553027476105077,-0.015267756767570972,1.4515520941146633,-0.015172415731817778,-0.019359510980687222,0.14997189157800844,-0.002903745256402222,0.02747914196594242,-0.017054084786716103,0.17220548037309508,-0.004395690799369489,-0.034108169573432205,0.10990548271954455,progress=0.1373;speed=0.1500;settled=False
3005.740031,control_sample,north_out,0,1790842675.324,odom,base_footprint,1.4241386651992798,-0.013273163698613644,-0.0023054261939711206,0.17592405001312972,-0.0029553027476105077,-0.015267756767570972,1.4545514902540666,-0.0152304898297052,-0.019359510980687222,0.14997189157800844,-0.002903745256402222,0.03047574532963095,-0.017054084786716103,0.17520500242704956,-0.004446849862624904,-0.034108169573432205,0.10990548271954455,progress=0.1403;speed=0.1500;settled=False
3005.760045,control_sample,north_out,0,1790842675.396,odom,base_footprint,1.4362680912017822,-0.013120097108185291,-0.0012214153040817836,0.1708339518751491,0.0023410579350016374,0.015267756767570972,1.4575529783513588,-0.015288604431934692,-0.019359510980687222,0.14997189157800844,-0.002903745256402222,0.021395065902758133,-0.018138095676605438,0.16709171857696517,-0.005917129300672154,-0.036276191353210877,0.12203379133064227,progress=0.1433;speed=0.1500;settled=False
3005.780055,control_sample,north_out,0,1790842675.396,odom,base_footprint,1.4362680912017822,-0.013120097108185291,-0.0012214153040817836,0.1708339518751491,0.0023410579350016374,0.015267756767570972,1.4605489146391897,-0.015346611540418397,-0.019359510980687222,0.14997189157800844,-0.002903745256402222,0.02438269372558121,-0.018138095676605438,0.17008772348079695,-0.0059714770843646,-0.036276191353210877,0.12203379133064227,progress=0.1463;speed=0.1500;settled=False
3005.800290,control_sample,north_out,0,1790842675.396,odom,base_footprint,1.4362680912017822,-0.013120097108185291,-0.0012214153040817836,0.1708339518751491,0.0023410579350016374,0.015267756767570972,1.463555407748412,-0.015404823049338184,-0.019359510980687222,0.14997189157800844,-0.002903745256402222,0.0273827978289684,-0.018138095676605438,0.17309428544780345,-0.006026016374080656,-0.036276191353210877,0.12203379133064227,progress=0.1493;speed=0.1500;settled=False
3005.820175,control_sample,north_out,0,1790842675.396,odom,base_footprint,1.4362680912017822,-0.013120097108185291,-0.0012214153040817836,0.1708339518751491,0.0023410579350016374,0.015267756767570972,1.4665529371876442,-0.015462861004307693,-0.019359510980687222,0.14997189157800844,-0.002903745256402222,0.03037532615562106,-0.018138095676605438,0.1760918835395245,-0.006080393058336876,-0.036276191353210877,0.12203379133064227,progress=0.1523;speed=0.1500;settled=False
3005.840128,control_sample,north_out,0,1790842675.396,odom,base_footprint,1.4362680912017822,-0.013120097108185291,-0.0012214153040817836,0.1708339518751491,0.0023410579350016374,0.015267756767570972,1.469551186341943,-0.01552091289434989,-0.019359510980687222,0.14997189157800844,-0.002903745256402222,0.033369572046223386,-0.018138095676605438,0.17909020136279585,-0.0061347827985846135,-0.036276191353210877,0.12203379133064227,progress=0.1553;speed=0.1500;settled=False
3005.860094,control_sample,north_out,0,1790842675.494,odom,base_footprint,1.453508973121643,-0.013391027227044106,0.0002748247917207719,0.1759311047046343,-0.002501365206000851,0.015267756767570972,1.4725513356402,-0.015579001574846268,-0.019359510980687222,0.14997189157800844,-0.002903745256402222,0.01916764988293513,-0.019634335772407994,0.1638209838370316,-0.005217217878505172,-0.03926867154481599,0.13927592986808845,progress=0.1583;speed=0.1500;settled=False
3005.879956,control_sample,north_out,0,1790842675.494,odom,base_footprint,1.453508973121643,-0.013391027227044106,0.0002748247917207719,0.1759311047046343,-0.002501365206000851,0.015267756767570972,1.4755486875126809,-0.015637036091780777,-0.019359510980687222,0.14997189157800844,-0.002903745256402222,0.022153861204291105,-0.019634335772407994,0.16681831964699562,-0.005276076139841746,-0.03926867154481599,0.13927592986808845,progress=0.1613;speed=0.1500;settled=False
3005.900036,control_sample,north_out,0,1790842675.494,odom,base_footprint,1.453508973121643,-0.013391027227044106,0.0002748247917207719,0.1759311047046343,-0.002501365206000851,0.015267756767570972,1.4785470854391594,-0.015695090862339497,-0.019359510980687222,0.14997189157800844,-0.002903745256402222,0.0251439014009372,-0.019634335772407994,0.16981670150535158,-0.005334954942283332,-0.03926867154481599,0.13927592986808845,progress=0.1643;speed=0.1500;settled=False
3005.920175,control_sample,north_out,0,1790842675.494,odom,base_footprint,1.453508973121643,-0.013391027227044106,0.0002748247917207719,0.1759311047046343,-0.002501365206000851,0.015267756767570972,1.4815527868468186,-0.01575328704238909,-0.019359510980687222,0.14997189157800844,-0.002903745256402222,0.028143129884352518,-0.019634335772407994,0.17282238680574963,-0.005393977161388123,-0.03926867154481599,0.13927592986808845,progress=0.1673;speed=0.1500;settled=False
3005.940062,control_sample,north_out,0,1790842675.494,odom,base_footprint,1.453508973121643,-0.013391027227044106,0.0002748247917207719,0.1759311047046343,-0.002501365206000851,0.015267756767570972,1.4845479984704264,-0.015811280119974888,-0.019359510980687222,0.14997189157800844,-0.002903745256402222,0.031133241377475526,-0.019634335772407994,0.17581758237831002,-0.005452793395184107,-0.03926867154481599,0.13927592986808845,progress=0.1703;speed=0.1500;settled=False
3005.960205,control_sample,north_out,0,1790842675.602,odom,base_footprint,1.4726853370666504,-0.013107838109135628,-0.004717731657881449,0.1759404816144689,0.0017196975767628697,-0.04580327123403549,1.4875510366772329,-0.015869424735316176,-0.019359510980687222,0.14997189157800844,-0.002903745256402222,0.015120032592754932,-0.014641779322805772,0.15967318642116154,-0.005836792951672999,-0.029283558645611545,0.15845064448952326,progress=0.1733;speed=0.1500;settled=False
3005.980084,control_sample,north_out,0,1790842675.602,odom,base_footprint,1.4726853370666504,-0.013107838109135628,-0.004717731657881449,0.1759404816144689,0.0017196975767628697,-0.04580327123403549,1.4905494250054756,-0.015927479320034528,-0.019359510980687222,0.14997189157800844,-0.002903745256402222,0.018085243002079896,-0.014641779322805772,0.16267181526684987,-0.005880701351266557,-0.029283558645611545,0.15845064448952326,progress=0.1763;speed=0.1500;settled=False
3006.000070,control_sample,north_out,0,1790842675.602,odom,base_footprint,1.4726853370666504,-0.013107838109135628,-0.004717731657881449,0.1759404816144689,0.0017196975767628697,-0.04580327123403549,1.4935460666110874,-0.015985500084831683,-0.019359510980687222,0.14997189157800844,-0.002903745256402222,0.02105827570273768,-0.014641779322805772,0.16566869724979286,-0.005924584171853368,-0.029283558645611545,0.15845064448952326,progress=0.1793;speed=0.1500;settled=False
3006.020137,control_sample,north_out,0,1790842675.667,odom,base_footprint,1.4841079711914062,-0.013161727227270603,-0.0066720038987004805,0.17847614594984745,-0.0011908112115610132,-0.030535513535141945,1.496545476997806,-0.016043574458574628,-0.019359510980687222,0.14997189157800844,-0.002903745256402222,0.012767011950679788,-0.012687507081986741,0.15674594546547677,-0.00508249062128399,-0.025375014163973482,0.16987340073858448,progress=0.1823;speed=0.1500;settled=False
3006.040269,control_sample,north_out,0,1790842675.667,odom,base_footprint,1.4841079711914062,-0.013161727227270603,-0.0066720038987004805,0.17847614594984745,-0.0011908112115610132,-0.030535513535141945,1.4995465093304974,-0.01610168023632185,-0.019359510980687222,0.14997189157800844,-0.002903745256402222,0.01571597224379074,-0.012687507081986741,0.15974729868108384,-0.005120572354859361,-0.025375014163973482,0.16987340073858448,progress=0.1853;speed=0.1500;settled=False
3006.059946,control_sample,north_out,0,1790842675.667,odom,base_footprint,1.4841079711914062,-0.013161727227270603,-0.0066720038987004805,0.17847614594984745,-0.0011908112115610132,-0.030535513535141945,1.5025441010080884,-0.0161597193963461,-0.019359510980687222,0.14997189157800844,-0.002903745256402222,0.01867829862871338,-0.012687507081986741,0.16274521087370133,-0.005158610428088446,-0.025375014163973482,0.16987340073858448,progress=0.1883;speed=0.1500;settled=False
3006.080168,control_sample,north_out,0,1790842675.667,odom,base_footprint,1.4841079711914062,-0.013161727227270603,-0.0066720038987004805,0.17847614594984745,-0.0011908112115610132,-0.030535513535141945,1.5055447351654583,-0.01621781746465065,-0.019359510980687222,0.14997189157800844,-0.002903745256402222,0.021653510967467253,-0.012687507081986741,0.16574616587141225,-0.005196687109000325,-0.025375014163973482,0.16987340073858448,progress=0.1913;speed=0.1500;settled=False
3006.100333,control_sample,north_out,0,1790842675.667,odom,base_footprint,1.4841079711914062,-0.013161727227270603,-0.0066720038987004805,0.17847614594984745,-0.0011908112115610132,-0.030535513535141945,1.5085498942746955,-0.016276003144756197,-0.019359510980687222,0.14997189157800844,-0.002903745256402222,0.02463952756242824,-0.012687507081986741,0.16875164630481734,-0.005234821209490651,-0.025375014163973482,0.16987340073858448,progress=0.1944;speed=0.1500;settled=False
3006.120362,control_sample,north_out,0,1790842675.667,odom,base_footprint,1.4841079711914062,-0.013161727227270603,-0.0066720038987004805,0.17847614594984745,-0.0011908112115610132,-0.030535513535141945,1.511547764300106,-0.016334047694131427,-0.019359510980687222,0.14997189157800844,-0.002903745256402222,0.027622560760956143,-0.012687507081986741,0.17174983687501638,-0.005272862814826802,-0.025375014163973482,0.16987340073858448,progress=0.1973;speed=0.1500;settled=False
3006.140251,segment_enter,left_arc_out,1,1790842675.774,,,1.5021100044250488,-0.0138274896889925,-0.0066720038987004805,,,,,,,,,,,,,,,
3006.140488,control_sample,left_arc_out,1,1790842675.774,odom,base_footprint,1.5021100044250488,-0.0138274896889925,-0.0066720038987004805,0.16824348842390405,-0.0062220820521540435,0.0,1.5145444499254914,-0.016391769652638857,-0.019359510980687222,0.14997669301714706,-0.002644154239153863,0.01269610044995845,-0.012687507081986741,0.15878422192882571,-0.003433523974933568,-0.025375014163973482,0.18787879146673198,progress=0.2003;speed=0.1500;settled=False
3006.160204,control_sample,left_arc_out,1,1790842675.774,odom,base_footprint,1.5021100044250488,-0.0138274896889925,-0.0066720038987004805,0.16824348842390405,-0.0062220820521540435,0.0,1.5175409673318,-0.016422145968973994,-0.019359510980687222,0.14999947525439847,-0.00039676618442246667,0.015647583118193725,-0.012687507081986741,0.16179022002030727,-0.0007469189456620268,-0.025375014163973482,0.18787879146673198,progress=0.2033;speed=0.1500;settled=False
3006.180181,control_sample,left_arc_out,1,1790842675.774,odom,base_footprint,1.5021100044250488,-0.0138274896889925,-0.0066720038987004805,0.16824348842390405,-0.0062220820521540435,0.0,1.5205416441957775,-0.016407572346976568,-0.019359510980687222,0.1499885450379004,0.0018537414635607097,0.018611345227036603,-0.012687507081986741,0.16475959855233407,0.0019881362882053157,-0.025375014163973482,0.18787879146673198,progress=0.2063;speed=0.1500;settled=False
3006.200365,control_sample,left_arc_out,1,1790842675.846,odom,base_footprint,1.514223575592041,-0.014275480061769485,-0.00887056087849331,0.16822940221785973,-0.006591959612258123,-0.030535513535141945,1.523548601509976,-0.01634779355771873,-0.019359510980687222,0.14994371094595715,0.004108959449209476,0.009552517552752871,-0.010488950102193912,0.15556842601956022,0.0055570094920535254,-0.020977900204387823,0.19999552905825502,progress=0.2094;speed=0.1500;settled=False
3006.220320,control_sample,left_arc_out,1,1790842675.846,odom,base_footprint,1.514223575592041,-0.014275480061769485,-0.00887056087849331,0.16822940221785973,-0.006591959612258123,-0.030535513535141945,1.5265445713462227,-0.016243218596470866,-0.019359510980687222,0.1498652797250213,0.006355936826394505,0.012477136342747533,-0.010488950102193912,0.15844531857036132,0.00838358782830468,-0.020977900204387823,0.19999552905825502,progress=0.2123;speed=0.1500;settled=False
3006.240249,control_sample,left_arc_out,1,1790842675.846,odom,base_footprint,1.514223575592041,-0.014275480061769485,-0.00887056087849331,0.16822940221785973,-0.006591959612258123,-0.030535513535141945,1.5295372522864743,-0.016093829677729498,-0.019359510980687222,0.14975323803596527,0.008600447531583158,0.015421254463482895,-0.010488950102193912,0.16127822011647705,0.011251631527264787,-0.020977900204387823,0.19999552905825502,progress=0.2153;speed=0.1500;settled=False
3006.260310,control_sample,left_arc_out,1,1790842675.846,odom,base_footprint,1.514223575592041,-0.014275480061769485,-0.00887056087849331,0.16822940221785973,-0.006591959612258123,-0.030535513535141945,1.5325309257615503,-0.015899363810250533,-0.019359510980687222,0.14960738863535605,0.010845702637890302,0.01837922927267656,-0.010488950102193912,0.16407113872425008,0.014165292584598674,-0.020977900204387823,0.19999552905825502,progress=0.2183;speed=0.1500;settled=False
3006.280353,control_sample,left_arc_out,1,1790842675.846,odom,base_footprint,1.514223575592041,-0.014275480061769485,-0.00887056087849331,0.16822940221785973,-0.006591959612258123,-0.030535513535141945,1.5355246205712296,-0.01565972934764266,-0.019359510980687222,0.14942766278840008,0.013090973745149607,0.021345975341756036,-0.010488950102193912,0.1668230276936981,0.01712377925065397,-0.020977900204387823,0.19999552905825502,progress=0.2213;speed=0.1500;settled=False
3006.300370,control_sample,left_arc_out,1,1790842675.936,odom,base_footprint,1.5291367769241333,-0.014637255109846592,-0.010244659182668732,0.16569673181619646,-0.004247415079969817,-0.015267756767570972,1.5385103975860275,-0.0153755779387321,-0.019359510980687222,0.14921454923171698,0.015330306506248146,0.009402653078399891,-0.00911485179801849,0.15509398427803692,0.020097439846408126,-0.01822970359603698,0.2149114621399324,progress=0.2243;speed=0.1500;settled=False
3006.320283,control_sample,left_arc_out,1,1790842675.936,odom,base_footprint,1.5291367769241333,-0.014637255109846592,-0.010244659182668732,0.16569673181619646,-0.004247415079969817,-0.015267756767570972,1.5414896092914327,-0.01504691612788512,-0.019359510980687222,0.1489680528735818,0.017564715285302242,0.01235962336174939,-0.00911485179801849,0.15774642414201864,0.023134724443945324,-0.01822970359603698,0.2149114621399324,progress=0.2273;speed=0.1500;settled=False
3006.340314,control_sample,left_arc_out,1,1790842675.936,odom,base_footprint,1.5291367769241333,-0.014637255109846592,-0.010244659182668732,0.16569673181619646,-0.004247415079969817,-0.015267756767570972,1.544468575611156,-0.014672977080516424,-0.019359510980687222,0.14868759858805547,0.019798940025094542,0.015331840301757002,-0.00911485179801849,0.1603574096794205,0.02621664309509062,-0.01822970359603698,0.2149114621399324,progress=0.2303;speed=0.1500;settled=False
3006.360224,control_sample,left_arc_out,1,1790842675.936,odom,base_footprint,1.5291367769241333,-0.014637255109846592,-0.010244659182668732,0.16569673181619646,-0.004247415079969817,-0.015267756767570972,1.5474348656849415,-0.014255360682415778,-0.019359510980687222,0.14837438628947988,0.02202365758043381,0.018302073534223313,-0.00911485179801849,0.16291608150688638,0.029330296214169896,-0.01822970359603698,0.2149114621399324,progress=0.2333;speed=0.1500;settled=False
3006.380249,control_sample,left_arc_out,1,1790842675.936,odom,base_footprint,1.5291367769241333,-0.014637255109846592,-0.010244659182668732,0.16569673181619646,-0.004247415079969817,-0.015267756767570972,1.5504016160122613,-0.013792209739272043,-0.019359510980687222,0.1480270230821222,0.02424872032592354,0.021281623131761067,-0.00911485179801849,0.16543376390243467,0.032489480580358596,-0.01822970359603698,0.2149114621399324,progress=0.2363;speed=0.1500;settled=False
3006.400355,control_sample,left_arc_out,1,1790842675.936,odom,base_footprint,1.5291367769241333,-0.014637255109846592,-0.010244659182668732,0.16569673181619646,-0.004247415079969817,-0.015267756767570972,1.553360648898361,-0.0132846482164093,-0.019359510980687222,0.14764635193997502,0.02646799499049812,0.024261605858474068,-0.00911485179801849,0.16790337802919922,0.03568563933502108,-0.01822970359603698,0.2149114621399324,progress=0.2393;speed=0.1500;settled=False
3006.420221,control_sample,left_arc_out,1,1790842676.056,odom,base_footprint,1.5484085083007812,-0.015140675939619541,-0.012076789425955976,0.1605896130940296,-0.004489402521539581,-0.015267756767570972,1.5562992449780269,-0.012735157980692798,-0.019359510980687222,0.1472342342631877,0.028671942050247645,0.008249257055053385,-0.007282721554731247,0.1519873763119196,0.0395480878312839,-0.014565443109462494,0.23418743614624285,progress=0.2423;speed=0.1500;settled=False
3006.440299,control_sample,left_arc_out,1,1790842676.056,odom,base_footprint,1.5484085083007812,-0.015140675939619541,-0.012076789425955976,0.1605896130940296,-0.004489402521539581,-0.015267756767570972,1.5592483683109593,-0.01213779413906953,-0.019359510980687222,0.14678621138197023,0.030883784549947054,0.011248104913643487,-0.007282721554731247,0.15435942870246558,0.04282854797618012,-0.014565443109462494,0.23418743614624285,progress=0.2453;speed=0.1500;settled=False
3006.461048,control_sample,left_arc_out,1,1790842676.056,odom,base_footprint,1.5484085083007812,-0.015140675939619541,-0.012076789425955976,0.1605896130940296,-0.004489402521539581,-0.015267756767570972,1.5621793277308071,-0.011498129120232898,-0.019359510980687222,0.1463064626178426,0.03308200411483287,0.014244424000492348,-0.007282721554731247,0.15667493679207534,0.04613428076246736,-0.014565443109462494,0.23418743614624285,progress=0.2483;speed=0.1500;settled=False
3006.480353,control_sample,left_arc_out,1,1790842676.116,odom,base_footprint,1.5582023859024048,-0.014952972531318665,-0.013908920476665459,0.16323696759515266,0.002829327558289964,-0.030535513535141945,1.5651043700187657,-0.010813604139053384,-0.019359510980687222,0.14579306888195817,0.03527578583080177,0.008048090172791487,-0.0054505905040217635,0.148553380208737,0.04797523693254495,-0.010901181008043527,0.24397877345526428,progress=0.2514;speed=0.1500;settled=False
3006.500346,control_sample,left_arc_out,1,1790842676.116,odom,base_footprint,1.5582023859024048,-0.014952972531318665,-0.013908920476665459,0.16323696759515266,0.002829327558289964,-0.030535513535141945,1.5680134841929598,-0.010086593602967223,-0.019359510980687222,0.14524781097989364,0.03745762146144747,0.010951679941508289,-0.0054505905040217635,0.15076143999341954,0.051351487539325974,-0.010901181008043527,0.24397877345526428,progress=0.2543;speed=0.1500;settled=False
3006.520255,control_sample,left_arc_out,1,1790842676.116,odom,base_footprint,1.5582023859024048,-0.014952972531318665,-0.013908920476665459,0.16323696759515266,0.002829327558289964,-0.030535513535141945,1.5709101078692322,-0.0093163961401108,-0.019359510980687222,0.14467016288275097,0.03963008921865174,0.013901697414348758,-0.0054505905040217635,0.15291770170109137,0.054758966213255086,-0.010901181008043527,0.24397877345526428,progress=0.2573;speed=0.1500;settled=False
3006.540306,control_sample,left_arc_out,1,1790842676.116,odom,base_footprint,1.5582023859024048,-0.014952972531318665,-0.013908920476665459,0.16323696759515266,0.002829327558289964,-0.030535513535141945,1.573798123201664,-0.008501931030776844,-0.019359510980687222,0.1440593140507508,0.041796100717975515,0.01687729120295133,-0.0054505905040217635,0.15502501093016102,0.058202287637005086,-0.010901181008043527,0.24397877345526428,progress=0.2603;speed=0.1500;settled=False
3006.560309,control_sample,left_arc_out,1,1790842676.206,odom,base_footprint,1.5735915899276733,-0.014019551686942577,-0.015283018228739917,0.1710058440264924,0.010136376763928978,-0.015267756767570972,1.5766720291928928,-0.007644708592155266,-0.019359510980687222,0.14341639722178434,0.04395153021139722,0.0070800939647622995,-0.004076492751947306,0.14009001873730703,0.059237236866145015,-0.008152985503894612,0.2593601549631337,progress=0.2633;speed=0.1500;settled=False
3006.580063,control_sample,left_arc_out,1,1790842676.206,odom,base_footprint,1.5735915899276733,-0.014019551686942577,-0.015283018228739917,0.1710058440264924,0.010136376763928978,-0.015267756767570972,1.5795278896341072,-0.006746061341134824,-0.019359510980687222,0.14274241178351907,0.046093425542307845,0.009388467181343556,-0.004076492751947306,0.1420838440596086,0.0627370377142205,-0.008152985503894612,0.2593601549631337,progress=0.2663;speed=0.1500;settled=False
3006.600308,control_sample,left_arc_out,1,1790842676.206,odom,base_footprint,1.5735915899276733,-0.014019551686942577,-0.015283018228739917,0.1710058440264924,0.010136376763928978,-0.015267756767570972,1.582384466500088,-0.005799845216437629,-0.019359510980687222,0.14203274968999646,0.04823585819179346,0.012036538243156867,-0.004076492751947306,0.14403484191491703,0.06628440326553474,-0.008152985503894612,0.2593601549631337,progress=0.2693;speed=0.1500;settled=False
3006.620084,control_sample,left_arc_out,1,1790842676.206,odom,base_footprint,1.5735915899276733,-0.014019551686942577,-0.015283018228739917,0.1710058440264924,0.010136376763928978,-0.015267756767570972,1.5852143765270337,-0.004815072676625954,-0.019359510980687222,0.14129417028513744,0.05035829071200278,0.014826044724930163,-0.004076492751947306,0.14592425686935706,0.06984538553107472,-0.008152985503894612,0.2593601549631337,progress=0.2723;speed=0.1500;settled=False
3006.640283,control_sample,left_arc_out,1,1790842676.206,odom,base_footprint,1.5735915899276733,-0.014019551686942577,-0.015283018228739917,0.1710058440264924,0.010136376763928978,-0.015267756767570972,1.5880341255948494,-0.0037861813656872665,-0.019359510980687222,0.1405225018019335,0.052473102512864495,0.0177005283714809,-0.004076492751947306,0.14776327530830832,0.07344057551852455,-0.008152985503894612,0.2593601549631337,progress=0.2753;speed=0.1500;settled=False
3006.660238,control_sample,left_arc_out,1,1790842676.302,odom,base_footprint,1.5896921157836914,-0.012534175999462605,-0.016763991105015013,0.1660074369101843,0.01506731140215841,-0.015267756767570972,1.5908344144819193,-0.002716534120123037,-0.019359510980687222,0.13972026636776042,0.05457331917816688,0.009883872641173365,-0.0025955198756722093,0.13437422834609813,0.07455518140018573,-0.005191039751344419,0.27545631007903315,progress=0.2783;speed=0.1500;settled=False
3006.680344,control_sample,left_arc_out,1,1790842676.302,odom,base_footprint,1.5896921157836914,-0.012534175999462605,-0.016763991105015013,0.1660074369101843,0.01506731140215841,-0.015267756767570972,1.593622658848429,-0.0016032821378759183,-0.019359510980687222,0.138885327381075,0.056664502453049256,0.011616092690618066,-0.0025955198756722093,0.13609956733357598,0.07820728869140181,-0.005191039751344419,0.27545631007903315,progress=0.2813;speed=0.1500;settled=False
3006.700306,control_sample,left_arc_out,1,1790842676.302,odom,base_footprint,1.5896921157836914,-0.012534175999462605,-0.016763991105015013,0.1660074369101843,0.01506731140215841,-0.015267756767570972,1.5963905925501933,-0.0004496997723085457,-0.019359510980687222,0.13802014060689963,0.05874045272937263,0.01381680703621563,-0.0025955198756722093,0.13776793662359782,0.08188049473753482,-0.005191039751344419,0.27545631007903315,progress=0.2843;speed=0.1500;settled=False
3006.720229,control_sample,left_arc_out,1,1790842676.302,odom,base_footprint,1.5896921157836914,-0.012534175999462605,-0.016763991105015013,0.1660074369101843,0.01506731140215841,-0.015267756767570972,1.5991418670329245,0.0007456730061312748,-0.019359510980687222,0.1371236110230697,0.06080390859142098,0.016298840090133868,-0.0025955198756722093,0.1393815937431233,0.08557958438499733,-0.005191039751344419,0.27545631007903315,progress=0.2873;speed=0.1500;settled=False
3006.740248,control_sample,left_arc_out,1,1790842676.387,odom,base_footprint,1.6032228469848633,-0.010404757224023342,-0.015481501228531848,0.16104704456880442,0.02555678839277236,0.015267734415829182,1.6018746202422571,0.0019820449442345244,-0.019359510980687222,0.13619633206949217,0.06285347349842028,0.012459959201579923,-0.0038780097521553744,0.1285821357529939,0.08470032781524386,-0.007756019504310749,0.2889947356945342,progress=0.2903;speed=0.1500;settled=False
3006.760590,control_sample,left_arc_out,1,1790842676.387,odom,base_footprint,1.6032228469848633,-0.010404757224023342,-0.015481501228531848,0.16104704456880442,0.02555678839277236,0.015267734415829182,1.6045886847480282,0.003259336973647847,-0.019359510980687222,0.13523836304743217,0.06488902187774857,0.01373218784601051,-0.0038780097521553744,0.13008886183727933,0.08844405198289206,-0.007756019504310749,0.2889947356945342,progress=0.2933;speed=0.1500;settled=False
3006.780369,control_sample,left_arc_out,1,1790842676.387,odom,base_footprint,1.6032228469848633,-0.010404757224023342,-0.015481501228531848,0.16104704456880442,0.02555678839277236,0.015267734415829182,1.6072859681177318,0.004578525732490337,-0.019359510980687222,0.13424897147830042,0.06691198440502626,0.01552442338688675,-0.0038780097521553744,0.1315406914684232,0.09221372312133334,-0.007756019504310749,0.2889947356945342,progress=0.2963;speed=0.1500;settled=False
3006.800209,control_sample,left_arc_out,1,1790842676.387,odom,base_footprint,1.6032228469848633,-0.010404757224023342,-0.015481501228531848,0.16104704456880442,0.02555678839277236,0.015267734415829182,1.6099553461706892,0.005934025819568212,-0.019359510980687222,0.13323234641299175,0.06891401794474446,0.017671513139307062,-0.0038780097521553744,0.13293176951536423,0.09599365154397548,-0.007756019504310749,0.2889947356945342,progress=0.2993;speed=0.1500;settled=False
3006.820373,control_sample,left_arc_out,1,1790842676.387,odom,base_footprint,1.6032228469848633,-0.010404757224023342,-0.015481501228531848,0.16104704456880442,0.02555678839277236,0.015267734415829182,1.6126162185215525,0.007335812834152068,-0.019359510980687222,0.13218100615205394,0.0709096722078919,0.020073944675008754,-0.0038780097521553744,0.1342720915826032,0.09981143055072937,-0.007756019504310749,0.2889947356945342,progress=0.3023;speed=0.1500;settled=False
3006.840269,control_sample,left_arc_out,1,1790842676.476,odom,base_footprint,1.6173397302627563,-0.007445997558534145,-0.015481503091121234,0.1586160578212176,0.03324448920336611,-2.2307128588749947e-08,1.6152453708784535,0.008771704971513056,-0.019359510980687222,0.13110408704903334,0.07288153647556758,0.01635237648122488,-0.003878007889565988,0.12199047452123596,0.09892702395350678,-0.007756015779131976,0.3031462853218907,progress=0.3053;speed=0.1500;settled=False
3006.860355,control_sample,left_arc_out,1,1790842676.476,odom,base_footprint,1.6173397302627563,-0.007445997558534145,-0.015481503091121234,0.1586160578212176,0.03324448920336611,-2.2307128588749947e-08,1.6178609944570645,0.010251578611447923,-0.019359510980687222,0.12999418181908218,0.074843254159526,0.017705251160392642,-0.003878007889565988,0.12321470528244712,0.10278037275961625,-0.007756015779131976,0.3031462853218907,progress=0.3084;speed=0.1500;settled=False
3006.880242,control_sample,left_arc_out,1,1790842676.476,odom,base_footprint,1.6173397302627563,-0.007445997558534145,-0.015481503091121234,0.1586160578212176,0.03324448920336611,-2.2307128588749947e-08,1.6204452343596678,0.011765312172629345,-0.019359510980687222,0.12885888164819606,0.07678143408647822,0.01946069313469155,-0.003878007889565988,0.12437699893212738,0.10663837789528056,-0.007756015779131976,0.3031462853218907,progress=0.3113;speed=0.1500;settled=False
3006.900380,control_sample,left_arc_out,1,1790842676.476,odom,base_footprint,1.6173397302627563,-0.007445997558534145,-0.015481503091121234,0.1586160578212176,0.03324448920336611,-2.2307128588749947e-08,1.6230145255476187,0.013322509117497876,-0.019359510980687222,0.12769098393954473,0.07870840247744157,0.021529843730911814,-0.003878007889565988,0.12548476872662997,0.11052555198942499,-0.007756015779131976,0.3031462853218907,progress=0.3143;speed=0.1500;settled=False
3006.920208,control_sample,left_arc_out,1,1790842676.476,odom,base_footprint,1.6173397302627563,-0.007445997558534145,-0.015481503091121234,0.1586160578212176,0.03324448920336611,-2.2307128588749947e-08,1.6255531822058444,0.014913693125206403,-0.019359510980687222,0.12649759593376314,0.0806123949711109,0.023820507137631883,-0.003878007889565988,0.12653122364642083,0.11441819351634817,-0.007756015779131976,0.3031462853218907,progress=0.3173;speed=0.1500;settled=False
3006.940212,control_sample,left_arc_out,1,1790842676.581,odom,base_footprint,1.633646011352539,-0.0017518135719001293,-0.012244734724594235,0.15365831767116567,0.054216358436689704,0.03053554706275463,1.6280706279198598,0.016544644308113705,-0.019359510980687222,0.12527438254658296,0.08250047925662243,0.01912708214486765,-0.007114776256092987,0.11271019882470135,0.10784191775748536,-0.014229552512185974,0.31959145380438114,progress=0.3203;speed=0.1500;settled=False
3006.960368,control_sample,left_arc_out,1,1790842676.581,odom,base_footprint,1.633646011352539,-0.0017518135719001293,-0.012244734724594235,0.15365831767116567,0.054216358436689704,0.03053554706275463,1.6305670565118944,0.01821570244987328,-0.019359510980687222,0.12402108894026313,0.08437280070064843,0.02020350610637934,-0.007114776256092987,0.1136546289271944,0.11177162023256812,-0.014229552512185974,0.31959145380438114,progress=0.3233;speed=0.1500;settled=False
3006.980277,control_sample,left_arc_out,1,1790842676.581,odom,base_footprint,1.633646011352539,-0.0017518135719001293,-0.012244734724594235,0.15365831767116567,0.054216358436689704,0.03053554706275463,1.6330324133250085,0.01992007089119988,-0.019359510980687222,0.1227428126092681,0.08622181831048388,0.021680569151231822,-0.007114776256092987,0.11453794710287427,0.11570592047023105,-0.014229552512185974,0.31959145380438114,progress=0.3263;speed=0.1500;settled=False
3007.000402,control_sample,left_arc_out,1,1790842676.581,odom,base_footprint,1.633646011352539,-0.0017518135719001293,-0.012244734724594235,0.15365831767116567,0.054216358436689704,0.03053554706275463,1.635476965363154,0.02166482661112342,-0.019359510980687222,0.12143424581932545,0.08805523233909292,0.023488112526343623,-0.007114776256092987,0.11536385098656599,0.1196611822552118,-0.014229552512185974,0.31959145380438114,progress=0.3294;speed=0.1500;settled=False
3007.020237,control_sample,left_arc_out,1,1790842676.656,odom,base_footprint,1.6446486711502075,0.0030194763094186783,-0.012244735655899331,0.14868416346522456,0.06447689452583141,-1.1153564294374974e-08,1.6378885745959817,0.023441254196471795,-0.019359510980687222,0.12010192513031408,0.08986393926371375,0.021511576359964594,-0.007114775324787891,0.10620475699748458,0.11667228921263913,-0.014229550649575783,0.3307777818192847,progress=0.3323;speed=0.1500;settled=False
3007.040267,control_sample,left_arc_out,1,1790842676.656,odom,base_footprint,1.6446486711502075,0.0030194763094186783,-0.012244735655899331,0.14868416346522456,0.06447689452583141,-1.1153564294374974e-08,1.6402756274621293,0.025255387369226646,-0.019359510980687222,0.11874132525074808,0.09165422891332432,0.022661845727070227,-0.007114775324787891,0.10691051514203441,0.12064370929173364,-0.014229550649575783,0.3307777818192847,progress=0.3353;speed=0.1500;settled=False
3007.060343,control_sample,left_arc_out,1,1790842676.656,odom,base_footprint,1.6446486711502075,0.0030194763094186783,-0.012244735655899331,0.14868416346522456,0.06447689452583141,-1.1153564294374974e-08,1.6426381236102334,0.02710741346943145,-0.019359510980687222,0.11735230567559436,0.09342610102440248,0.024171698699827035,-0.007114775324787891,0.10755742396877914,0.12463020180562358,-0.014229550649575783,0.3307777818192847,progress=0.3383;speed=0.1500;settled=False
3007.080611,control_sample,left_arc_out,1,1790842676.656,odom,base_footprint,1.6446486711502075,0.0030194763094186783,-0.012244735655899331,0.14868416346522456,0.06447689452583141,-1.1153564294374974e-08,1.6449753832122944,0.028997010440802787,-0.019359510980687222,0.11593510794706599,0.0951790457259483,0.025979588532514124,-0.007114775324787891,0.10814510496470078,0.1286308281477862,-0.014229550649575783,0.3307777818192847,progress=0.3414;speed=0.1500;settled=False
3007.100458,control_sample,left_arc_out,1,1790842676.656,odom,base_footprint,1.6446486711502075,0.0030194763094186783,-0.012244735655899331,0.14868416346522456,0.06447689452583141,-1.1153564294374974e-08,1.647281345698958,0.030919284356841603,-0.019359510980687222,0.11449340251003702,0.09690851759094578,0.028023744652752654,-0.007114775324787891,0.10867202892917253,0.13263522037787237,-0.014229550649575783,0.3307777818192847,progress=0.3444;speed=0.1500;settled=False
3007.120316,control_sample,left_arc_out,1,1790842676.756,odom,base_footprint,1.6575024127960205,0.011531761847436428,-0.015298286796360862,0.1287970408802031,0.08472996150669213,-0.03053550235927105,1.6495529002623326,0.032871334898693746,-0.019359510980687222,0.11302936460364779,0.0986121835134769,0.022772178805138713,-0.00406122418432636,0.10003693177129869,0.12427307694572447,-0.00812244836865272,0.34410775581618946,progress=0.3473;speed=0.1500;settled=False
3007.140273,control_sample,left_arc_out,1,1790842676.756,odom,base_footprint,1.6575024127960205,0.011531761847436428,-0.015298286796360862,0.1287970408802031,0.08472996150669213,-0.03053550235927105,1.6517960567811314,0.03485816172973791,-0.019359510980687222,0.11153924448036465,0.10029455090257616,0.024014233913196056,-0.00406122418432636,0.10043061343521507,0.12828523655267396,-0.00812244836865272,0.34410775581618946,progress=0.3503;speed=0.1500;settled=False
3007.160107,control_sample,left_arc_out,1,1790842676.756,odom,base_footprint,1.6575024127960205,0.011531761847436428,-0.015298286796360862,0.1287970408802031,0.08472996150669213,-0.03053550235927105,1.6540139926628072,0.03688281963320446,-0.019359510980687222,0.11002075105276464,0.10195800281383305,0.025589943452128953,-0.00406122418432636,0.10076480193995319,0.13231162021517362,-0.00812244836865272,0.34410775581618946,progress=0.3533;speed=0.1500;settled=False
3007.180528,control_sample,left_arc_out,1,1790842676.756,odom,base_footprint,1.6575024127960205,0.011531761847436428,-0.015298286796360862,0.1287970408802031,0.08472996150669213,-0.03053550235927105,1.6561967346940387,0.03893621238146324,-0.019359510980687222,0.10848070649157059,0.10359505933725659,0.02743553725331285,-0.00406122418432636,0.10103798734780656,0.1363341305973581,-0.00812244836865272,0.34410775581618946,progress=0.3563;speed=0.1500;settled=False
3007.200259,control_sample,left_arc_out,1,1790842676.756,odom,base_footprint,1.6575024127960205,0.011531761847436428,-0.015298286796360862,0.1287970408802031,0.08472996150669213,-0.03053550235927105,1.6583527203026567,0.041026267760197355,-0.019359510980687222,0.1069131649575201,0.10521204854372003,0.029506760274447805,-0.00406122418432636,0.10125123448443774,0.14036830727771848,-0.00812244836865272,0.34410775581618946,progress=0.3593;speed=0.1500;settled=False
3007.220264,control_sample,left_arc_out,1,1790842676.862,odom,base_footprint,1.6691347360610962,0.02281355671584606,-0.012030986375875324,0.10836866050960106,0.10579197252947395,0.030535513535141945,1.6604753856350758,0.043146733934098326,-0.019359510980687222,0.10532281532709428,0.10680404754303457,0.022100281572628718,-0.007328524604811897,0.09451535976378421,0.12848602405704015,-0.014657049209623794,0.3566528645864054,progress=0.3623;speed=0.1500;settled=False
3007.240342,control_sample,left_arc_out,1,1790842676.862,odom,base_footprint,1.6691347360610962,0.02281355671584606,-0.012030986375875324,0.10836866050960106,0.10579197252947395,0.030535513535141945,1.6625645886689375,0.045297327060518214,-0.019359510980687222,0.10370987048227946,0.10837094981843066,0.02342406381622643,-0.007328524604811897,0.09462052361998768,0.13251845694132355,-0.014657049209623794,0.3566528645864054,progress=0.3653;speed=0.1500;settled=False
3007.260377,control_sample,left_arc_out,1,1790842676.862,odom,base_footprint,1.6691347360610962,0.02281355671584606,-0.012030986375875324,0.10836866050960106,0.10579197252947395,0.030535513535141945,1.6646255433767214,0.047483548880275825,-0.019359510980687222,0.10207020411746129,0.10991666584926868,0.025078702758672446,-0.007328524604811897,0.09466525491547274,0.13656036866569732,-0.014657049209623794,0.3566528645864054,progress=0.3684;speed=0.1500;settled=False
3007.279943,control_sample,left_arc_out,1,1790842676.926,odom,base_footprint,1.676287055015564,0.029795827344059944,-0.012030986375875324,0.11352907183772344,0.11082968445558143,0.0,1.6666459828653408,0.04969222609041905,-0.019359510980687222,0.10041369620985391,0.11143199546573314,0.022109205215925982,-0.007328524604811897,0.08656174817431951,0.13249984370882859,-0.014657049209623794,0.36451502480211884,progress=0.3713;speed=0.1500;settled=False
3007.300091,control_sample,left_arc_out,1,1790842676.926,odom,base_footprint,1.676287055015564,0.029795827344059944,-0.012030986375875324,0.11352907183772344,0.11082968445558143,0.0,1.6686390599088328,0.05193766615009085,-0.019359510980687222,0.09872961616510001,0.11292680324835208,0.023425474485372553,-0.007328524604811897,0.08648533667648091,0.13653842610216896,-0.014657049209623794,0.36451502480211884,progress=0.3743;speed=0.1500;settled=False
3007.320520,control_sample,left_arc_out,1,1790842676.926,odom,base_footprint,1.676287055015564,0.029795827344059944,-0.012030986375875324,0.11352907183772344,0.11082968445558143,0.0,1.670600120284731,0.054215030767055604,-0.019359510980687222,0.09702159270237641,0.11439759853027588,0.025072668833740017,-0.007328524604811897,0.08634814339583215,0.1405793869769423,-0.014657049209623794,0.36451502480211884,progress=0.3774;speed=0.1500;settled=False
3007.340765,control_sample,left_arc_out,1,1790842676.926,odom,base_footprint,1.676287055015564,0.029795827344059944,-0.012030986375875324,0.11352907183772344,0.11082968445558143,0.0,1.6725196740135875,0.05651301792047332,-0.019359510980687222,0.09529810233731295,0.11583726382691807,0.02698150166151701,-0.007328524604811897,0.08615108884746718,0.14460289296987322,-0.014657049209623794,0.36451502480211884,progress=0.3803;speed=0.1500;settled=False
3007.360320,control_sample,left_arc_out,1,1790842676.926,odom,base_footprint,1.676287055015564,0.029795827344059944,-0.012030986375875324,0.11352907183772344,0.11082968445558143,0.0,1.674407411734041,0.05884299615741112,-0.019359510980687222,0.09355061865960984,0.1172530671172582,0.02910792117168616,-0.007328524604811897,0.08589339031867047,0.14862902623960017,-0.014657049209623794,0.36451502480211884,progress=0.3833;speed=0.1500;settled=False
3007.379953,control_sample,left_arc_out,1,1790842676.926,odom,base_footprint,1.676287055015564,0.029795827344059944,-0.012030986375875324,0.11352907183772344,0.11082968445558143,0.0,1.6762611282997817,0.06120246981950292,-0.019359510980687222,0.09178101341304098,0.1186433545415637,0.03140665317691285,-0.007328524604811897,0.08557514265370549,0.1526533073129346,-0.014657049209623794,0.36451502480211884,progress=0.3863;speed=0.1500;settled=False
3007.400583,control_sample,left_arc_out,1,1790842677.036,odom,base_footprint,1.6887753009796143,0.041987091302871704,-0.015389890752439706,0.113900704583816,0.11044773400852127,-0.030535491183400154,1.6780777410292473,0.06358749122345539,-0.019359510980687222,0.0899922473600766,0.12000581408866316,0.024104254097997845,-0.0039696202282475165,0.07229553544737573,0.1446475359527961,-0.007939240456495033,0.3784840419482982,progress=0.3893;speed=0.1500;settled=False
3007.420293,control_sample,left_arc_out,1,1790842677.036,odom,base_footprint,1.6887753009796143,0.041987091302871704,-0.015389890752439706,0.113900704583816,0.11044773400852127,-0.030535491183400154,1.679860458140841,0.066002309839612,-0.019359510980687222,0.08818113339795917,0.12134285192235811,0.025616501404513117,-0.0039696202282475165,0.0718431084700045,0.1486603126436503,-0.007939240456495033,0.3784840419482982,progress=0.3923;speed=0.1500;settled=False
3007.440363,control_sample,left_arc_out,1,1790842677.036,odom,base_footprint,1.6887753009796143,0.041987091302871704,-0.015389890752439706,0.113900704583816,0.11044773400852127,-0.030535491183400154,1.6816063639874586,0.0684430845782565,-0.019359510980687222,0.08635055234397578,0.12265228130732138,0.02741009372083036,-0.0039696202282475165,0.071330627246046,0.15266499016758364,-0.007939240456495033,0.3784840419482982,progress=0.3953;speed=0.1500;settled=False
3007.461705,control_sample,left_arc_out,1,1790842677.107,odom,base_footprint,1.6966784000396729,0.049650657922029495,-0.014305881044861725,0.11119497459931808,0.10805815146399635,0.015267734415829182,1.6833438705814838,0.07095147329534325,-0.019359510980687222,0.08446926080616074,0.12395541125284043,0.025130348414602422,-0.005053629935825497,0.0636594257843893,0.14936163547653786,-0.010107259871650995,0.3874619280586086,progress=0.3984;speed=0.1500;settled=False
3007.480390,control_sample,left_arc_out,1,1790842677.107,odom,base_footprint,1.6966784000396729,0.049650657922029495,-0.014305881044861725,0.11119497459931808,0.10805815146399635,0.015267734415829182,1.6849879752755594,0.07340281149489421,-0.019359510980687222,0.08263075715649729,0.1251884897733972,0.026473209675336805,-0.005053629935825497,0.06304114865301133,0.15328422459159172,-0.010107259871650995,0.3874619280586086,progress=0.4013;speed=0.1500;settled=False
3007.500355,control_sample,left_arc_out,1,1790842677.107,odom,base_footprint,1.6966784000396729,0.049650657922029495,-0.014305881044861725,0.11119497459931808,0.10805815146399635,0.015267734415829182,1.6866222367618087,0.07591964304635193,-0.019359510980687222,0.08074313349290409,0.12641418588808404,0.02812802871395252,-0.005053629935825497,0.06235328115762539,0.15726245834796657,-0.010107259871650995,0.3874619280586086,progress=0.4044;speed=0.1500;settled=False
3007.520385,control_sample,left_arc_out,1,1790842677.107,odom,base_footprint,1.6966784000396729,0.049650657922029495,-0.014305881044861725,0.11119497459931808,0.10805815146399635,0.015267734415829182,1.688216652328351,0.07845763701995852,-0.019359510980687222,0.0788396380126993,0.12760999756299088,0.030024044016064514,-0.005053629935825497,0.06160673786249468,0.16122515222821993,-0.010107259871650995,0.3874619280586086,progress=0.4073;speed=0.1500;settled=False
3007.540370,control_sample,left_arc_out,1,1790842677.107,odom,base_footprint,1.6966784000396729,0.049650657922029495,-0.014305881044861725,0.11119497459931808,0.10805815146399635,0.015267734415829182,1.6897739549191015,0.08102108162414515,-0.019359510980687222,0.07691705455955909,0.12877797450605366,0.0321212522432305,-0.005053629935825497,0.0608002959084511,0.16517903728559602,-0.010107259871650995,0.3874619280586086,progress=0.4103;speed=0.1500;settled=False
3007.560245,control_sample,left_arc_out,1,1790842677.196,odom,base_footprint,1.7063510417938232,0.059497982263565063,-0.014305883838757942,0.1086819951541603,0.11064408027500391,-2.6489715310162865e-08,1.6912918645066184,0.08360624952713258,-0.019359510980687222,0.07497817863231851,0.12991640669669144,0.028425118663236354,-0.005053627141929281,0.05091427286217218,0.1586237196280844,-0.010107254283858561,0.39867284987054136,progress=0.4133;speed=0.1500;settled=False
3007.580055,control_sample,left_arc_out,1,1790842677.196,odom,base_footprint,1.7063510417938232,0.059497982263565063,-0.014305883838757942,0.1086819951541603,0.11064408027500391,-2.6489715310162865e-08,1.6927694880001396,0.08621142622107382,-0.019359510980687222,0.07302429611186273,0.1310246243168321,0.029967760869335627,-0.005053627141929281,0.04999103377859395,0.16254595151745202,-0.010107254283858561,0.39867284987054136,progress=0.4163;speed=0.1500;settled=False
3007.600054,control_sample,left_arc_out,1,1790842677.196,odom,base_footprint,1.7063510417938232,0.059497982263565063,-0.014305883838757942,0.1086819951541603,0.11064408027500391,-2.6489715310162865e-08,1.6942131670348046,0.08884816830758221,-0.019359510980687222,0.07104673954698125,0.13210738359283106,0.03176100477762063,-0.005053627141929281,0.04900543323789461,0.166468306693701,-0.010107254283858561,0.39867284987054136,progress=0.4193;speed=0.1500;settled=False
3007.620410,control_sample,left_arc_out,1,1790842677.196,odom,base_footprint,1.7063510417938232,0.059497982263565063,-0.014305883838757942,0.1086819951541603,0.11064408027500391,-2.6489715310162865e-08,1.695616018591356,0.09150431719903263,-0.019359510980687222,0.06905462787839356,0.13315952226024466,0.03375864628741563,-0.005053627141929281,0.047961793085553525,0.17037249180567302,-0.010107254283858561,0.39867284987054136,progress=0.4224;speed=0.1500;settled=False
3007.640430,control_sample,left_arc_out,1,1790842677.196,odom,base_footprint,1.7063510417938232,0.059497982263565063,-0.014305883838757942,0.1086819951541603,0.11064408027500391,-2.6489715310162865e-08,1.696978349804764,0.09418029535203769,-0.019359510980687222,0.06704764426363981,0.13418127067030036,0.03592645538163508,-0.005053627141929281,0.04686003025533901,0.1742592046145584,-0.010107254283858561,0.39867284987054136,progress=0.4254;speed=0.1500;settled=False
3007.660319,control_sample,left_arc_out,1,1790842677.196,odom,base_footprint,1.7063510417938232,0.059497982263565063,-0.014305883838757942,0.1086819951541603,0.11064408027500391,-2.6489715310162865e-08,1.698297532193438,0.09687056498747984,-0.019359510980687222,0.06502994203705817,0.13517065746180587,0.03823047156836221,-0.005053627141929281,0.04570261308727752,0.17812057621318522,-0.010107254283858561,0.39867284987054136,progress=0.4283;speed=0.1500;settled=False
3007.679981,control_sample,left_arc_out,1,1790842677.316,odom,base_footprint,1.717885136604309,0.07432682812213898,-0.0161380133210297,0.09634333804061036,0.12339741961598864,-0.015267742797732353,1.6995758038726436,0.09957930240292456,-0.019359510980687222,0.06299838897547479,0.13612936122121036,0.0311916514853025,-0.0032214976596575237,0.035369754619268896,0.16452041963036257,-0.0064429953193150475,0.4128850449340117,progress=0.4313;speed=0.1500;settled=False
3007.699941,control_sample,left_arc_out,1,1790842677.316,odom,base_footprint,1.717885136604309,0.07432682812213898,-0.0161380133210297,0.09634333804061036,0.12339741961598864,-0.015267742797732353,1.700813778749767,0.10230780421055122,-0.019359510980687222,0.060952012619754706,0.13705784237905272,0.03277752708576613,-0.0032214976596575237,0.034090225912832256,0.16834294842261624,-0.0064429953193150475,0.4128850449340117,progress=0.4343;speed=0.1500;settled=False
3007.720319,control_sample,left_arc_out,1,1790842677.316,odom,base_footprint,1.717885136604309,0.07432682812213898,-0.0161380133210297,0.09634333804061036,0.12339741961598864,-0.015267742797732353,1.7020150567013916,0.10506465832278436,-0.019359510980687222,0.05888437203557985,0.13795880084277123,0.034592970984994795,-0.0032214976596575237,0.03274856674872269,0.1721597989284976,-0.0064429953193150475,0.4128850449340117,progress=0.4373;speed=0.1500;settled=False
3007.740171,control_sample,left_arc_out,1,1790842677.376,odom,base_footprint,1.7230637073516846,0.0823523998260498,-0.018886207932720556,0.08667765806020199,0.1335218474918591,-0.0458032488822937,1.7031700546612516,0.10782779358570282,-0.019359510980687222,0.05681202058839109,0.1388250493126663,0.032322640742627126,-0.00047330304796666667,0.02781686350660923,0.16591599658736272,-0.0009466060959333333,0.41969016052557384,progress=0.4403;speed=0.1500;settled=False
3007.760813,control_sample,left_arc_out,1,1790842677.376,odom,base_footprint,1.7230637073516846,0.0823523998260498,-0.018886207932720556,0.08667765806020199,0.1335218474918591,-0.0458032488822937,1.704290328276461,0.11062521672204532,-0.019359510980687222,0.05471395323613421,0.13966525452407308,0.03393806030309529,-0.00047330304796666667,0.026347835120803256,0.16969459712347165,-0.0009466060959333333,0.41969016052557384,progress=0.4434;speed=0.1500;settled=False
3007.780441,control_sample,left_arc_out,1,1790842677.376,odom,base_footprint,1.7230637073516846,0.0823523998260498,-0.018886207932720556,0.08667765806020199,0.1335218474918591,-0.0458032488822937,1.7053609505117178,0.1134195054451799,-0.019359510980687222,0.05261823669378313,0.14046822120051572,0.03575685460558823,-0.00047330304796666667,0.02483288777577282,0.17342450113646293,-0.0009466060959333333,0.41969016052557384,progress=0.4463;speed=0.1500;settled=False
3007.800138,control_sample,left_arc_out,1,1790842677.376,odom,base_footprint,1.7230637073516846,0.0823523998260498,-0.018886207932720556,0.08667765806020199,0.1335218474918591,-0.0458032488822937,1.7063922014492654,0.11623664453622003,-0.019359510980687222,0.05050538237550307,0.14124165940367672,0.03776348962467711,-0.00047330304796666667,0.02325825213710013,0.1771406916852636,-0.0009466060959333333,0.41969016052557384,progress=0.4493;speed=0.1500;settled=False
3007.820449,control_sample,left_arc_out,1,1790842677.467,odom,base_footprint,1.7302861213684082,0.09613990783691406,-0.021664942137122858,0.07978762446068449,0.15128999524760947,-0.03053552471101284,1.7073829896630204,0.11907453623516766,-0.019359510980687222,0.048376963601292435,0.14198475056399268,0.03241219865544948,0.0023054311564356354,0.015654822960487078,0.16343581873960597,0.004610862312871271,0.43000403792685044,progress=0.4524;speed=0.1500;settled=False
3007.840431,control_sample,left_arc_out,1,1790842677.467,odom,base_footprint,1.7302861213684082,0.09613990783691406,-0.021664942137122858,0.07978762446068449,0.15128999524760947,-0.03053552471101284,1.70832730909246,0.12191556083437083,-0.019359510980687222,0.04624619515188981,0.14269299013607262,0.03386109454839928,0.0023054311564356354,0.013962641547763138,0.16709093044659745,0.004610862312871271,0.43000403792685044,progress=0.4553;speed=0.1500;settled=False
3007.860366,control_sample,left_arc_out,1,1790842677.467,odom,base_footprint,1.7302861213684082,0.09613990783691406,-0.021664942137122858,0.07978762446068449,0.15128999524760947,-0.03053552471101284,1.7092306835417828,0.12477588883717548,-0.019359510980687222,0.044100949149786337,0.1433705209730646,0.035543647391878944,0.0023054311564356354,0.01221253590420995,0.1707272358347582,0.004610862312871271,0.43000403792685044,progress=0.4583;speed=0.1500;settled=False
3007.880529,control_sample,left_arc_out,1,1790842677.467,odom,base_footprint,1.7302861213684082,0.09613990783691406,-0.021664942137122858,0.07978762446068449,0.15128999524760947,-0.03053552471101284,1.7100908303428877,0.12764866023886576,-0.019359510980687222,0.04194637059851865,0.14401563107389326,0.0374252756507279,0.0023054311564356354,0.010408589567750967,0.17433590688905387,0.004610862312871271,0.43000403792685044,progress=0.4613;speed=0.1500;settled=False
3007.900276,control_sample,left_arc_out,1,1790842677.467,odom,base_footprint,1.7302861213684082,0.09613990783691406,-0.021664942137122858,0.07978762446068449,0.15128999524760947,-0.03053552471101284,1.710907312512184,0.1305322052577618,-0.019359510980687222,0.039783711834346806,0.14462799270086568,0.03947617451793069,0.0023054311564356354,0.008551912800914434,0.17791490411584515,0.004610862312871271,0.43000403792685044,progress=0.4643;speed=0.1500;settled=False
3007.920475,control_sample,left_arc_out,1,1790842677.562,odom,base_footprint,1.7362380027770996,0.11094558238983154,-0.02019923847899114,0.06177293251400646,0.15431647185663544,0.015267756767570972,1.7116824209635888,0.1334350946329803,-0.019359510980687222,0.03760654480293275,0.14520932403941905,0.0332979692944594,0.0008397274983039174,0.004865639602958988,0.1660095478134472,0.0016794549966078348,0.4396908572230313,progress=0.4673;speed=0.1500;settled=False
3007.940481,control_sample,left_arc_out,1,1790842677.562,odom,base_footprint,1.7362380027770996,0.11094558238983154,-0.02019923847899114,0.06177293251400646,0.15431647185663544,0.015267756767570972,1.7124146050148619,0.13635247658991367,-0.019359510980687222,0.03541850833523297,0.14575846207787402,0.03482907627015051,0.0008397274983039174,0.002900331568561355,0.16954692200643987,0.0016794549966078348,0.4396908572230313,progress=0.4704;speed=0.1500;settled=False
3007.960296,control_sample,left_arc_out,1,1790842677.562,odom,base_footprint,1.7362380027770996,0.11094558238983154,-0.02019923847899114,0.06177293251400646,0.15431647185663544,0.015267756767570972,1.7130987578837908,0.13926260514573652,-0.019359510980687222,0.033235911918365786,0.1462715767295705,0.036568817754898175,0.0008397274983039174,0.0008945484971751537,0.17303298675787468,0.0016794549966078348,0.4396908572230313,progress=0.4733;speed=0.1500;settled=False
3007.980451,control_sample,left_arc_out,1,1790842677.562,odom,base_footprint,1.7362380027770996,0.11094558238983154,-0.02019923847899114,0.06177293251400646,0.15431647185663544,0.015267756767570972,1.7137435258854357,0.1422024407406901,-0.019359510980687222,0.031031035222150373,0.1467551527308042,0.03850964404659228,0.0008397274983039174,-0.0011772263656982234,0.1765119778315802,0.0016794549966078348,0.4396908572230313,progress=0.4764;speed=0.1500;settled=False
3008.000734,control_sample,left_arc_out,1,1790842677.646,odom,base_footprint,1.7401041984558105,0.124202661216259,-0.018932012838496562,0.04637830794061638,0.15978275531129804,0.015267767943441868,1.714341114442162,0.1451370024097734,-0.019359510980687222,0.028830113970338037,0.14720334414834915,0.033196131387569584,-0.0004274981421906604,-0.0035778963175858752,0.16558374384489127,-0.0008549962843813208,0.4472753656776982,progress=0.4794;speed=0.1500;settled=False
3008.020450,control_sample,left_arc_out,1,1790842677.646,odom,base_footprint,1.7401041984558105,0.124202661216259,-0.018932012838496562,0.04637830794061638,0.15978275531129804,0.015267767943441868,1.7148950001918926,0.14808187391931985,-0.019359510980687222,0.02662146033817807,0.14761875846064687,0.03472348594867094,-0.0004274981421906604,-0.0057392052289591666,0.16898680689200338,-0.0008549962843813208,0.4472753656776982,progress=0.4823;speed=0.1500;settled=False
3008.040250,control_sample,left_arc_out,1,1790842677.646,odom,base_footprint,1.7401041984558105,0.124202661216259,-0.018932012838496562,0.04637830794061638,0.15978275531129804,0.015267767943441868,1.7154045877960458,0.15103401249839546,-0.019359510980687222,0.024407356403871643,0.14800094916376172,0.03646905782124583,-0.0004274981421906604,-0.007950726367328622,0.17235631210214605,-0.0008549962843813208,0.4472753656776982,progress=0.4853;speed=0.1500;settled=False
3008.060313,control_sample,left_arc_out,1,1790842677.646,odom,base_footprint,1.7401041984558105,0.124202661216259,-0.018932012838496562,0.04637830794061638,0.15978275531129804,0.015267767943441868,1.715871164371723,0.15400191157547985,-0.019359510980687222,0.022181432096058114,0.1483508815955199,0.03840879147919224,-0.0004274981421906604,-0.010218998279751163,0.17570178923651086,-0.0008549962843813208,0.4472753656776982,progress=0.4883;speed=0.1500;settled=False
3008.079978,control_sample,left_arc_out,1,1790842677.646,odom,base_footprint,1.7401041984558105,0.124202661216259,-0.018932012838496562,0.04637830794061638,0.15978275531129804,0.015267767943441868,1.7162921616244888,0.15696944412007924,-0.019359510980687222,0.01995578268760883,0.14866662953509416,0.04050524854784017,-0.0004274981421906604,-0.012531728017027169,0.17900502925282594,-0.0008549962843813208,0.4472753656776982,progress=0.4913;speed=0.1500;settled=False
3008.100111,control_sample,left_arc_out,1,1790842677.736,odom,base_footprint,1.742910385131836,0.13906803727149963,-0.020306111268781582,0.03140622569653164,0.16512788296820927,-0.015267756767570972,1.716669368293375,0.15994906708099438,-0.019359510980687222,0.01772106546692239,0.1489495345367586,0.03353518108824527,0.0009466002880943597,-0.014637324645146572,0.16633197927535703,0.0018932005761887194,0.45468551737466534,progress=0.4943;speed=0.1500;settled=False
3008.120279,control_sample,left_arc_out,1,1790842677.736,odom,base_footprint,1.742910385131836,0.13906803727149963,-0.020306111268781582,0.03140622569653164,0.16512788296820927,-0.015267756767570972,1.7170012936931818,0.16292924944815904,-0.019359510980687222,0.015485928691548816,0.1491984785866138,0.03522269816064779,0.0009466002880943597,-0.017053656287703497,0.16956249758516087,0.0018932005761887194,0.45468551737466534,progress=0.4973;speed=0.1500;settled=False
3008.140234,control_sample,left_arc_out,1,1790842677.736,odom,base_footprint,1.742910385131836,0.13906803727149963,-0.020306111268781582,0.03140622569653164,0.16512788296820927,-0.015267756767570972,1.7172885527229664,0.16591465645205342,-0.019359510980687222,0.013246873438628085,0.14941392285895236,0.03711090483151649,0.0009466002880943597,-0.019518636136031716,0.17275704559497335,0.0018932005761887194,0.45468551737466534,progress=0.5003;speed=0.1500;settled=False
3008.160427,control_sample,left_arc_out,1,1790842677.736,odom,base_footprint,1.742910385131836,0.13906803727149963,-0.020306111268781582,0.03140622569653164,0.16512788296820927,-0.015267756767570972,1.7175312323634437,0.16890703642874466,-0.019359510980687222,0.011002588456109503,0.14959593258931034,0.039172276752155455,0.0009466002880943597,-0.022033787494386708,0.17591741936352395,0.0018932005761887194,0.45468551737466534,progress=0.5033;speed=0.1500;settled=False
3008.179976,control_sample,left_arc_out,1,1790842677.736,odom,base_footprint,1.742910385131836,0.13906803727149963,-0.020306111268781582,0.03140622569653164,0.16512788296820927,-0.015267756767570972,1.7177286158453562,0.17189671385200503,-0.019359510980687222,0.008760330388664299,0.14974397020074445,0.041374430635658516,0.0009466002880943597,-0.024590911248676392,0.17903346265910547,0.0018932005761887194,0.45468551737466534,progress=0.5063;speed=0.1500;settled=False
3008.200188,control_sample,left_arc_out,1,1790842677.842,odom,base_footprint,1.744645357131958,0.15731549263000488,-0.021939759917107383,0.016493198549655478,0.17051018831106465,-0.015267756767570972,1.7178816232918337,0.1748989767924127,-0.019359510980687222,0.006508633183358412,0.14985872578560275,0.03202305988431871,0.0025802489364201604,-0.02582939522460561,0.16278444900006536,0.005160497872840321,0.46270329422351286,progress=0.5094;speed=0.1500;settled=False
3008.220413,control_sample,left_arc_out,1,1790842677.842,odom,base_footprint,1.744645357131958,0.15731549263000488,-0.021939759917107383,0.016493198549655478,0.17051018831106465,-0.015267756767570972,1.7179893550989713,0.17789850813966485,-0.019359510980687222,0.004258984672919306,0.14993952464095595,0.03367793004110396,0.0025802489364201604,-0.02848854865493006,0.1658233338251614,0.005160497872840321,0.46270329422351286,progress=0.5124;speed=0.1500;settled=False
3008.240238,segment_enter,west_to_cell_center,2,1790842677.842,,,1.744645357131958,0.15731549263000488,-0.021939759917107383,,,,,,,,,,,,,,,
3008.240486,control_sample,west_to_cell_center,2,1790842677.842,odom,base_footprint,1.744645357131958,0.15731549263000488,-0.021939759917107383,0.016493198549655478,0.17051018831106465,-0.015267756767570972,1.7180554683800893,0.1808911901407463,-0.019359510980687222,0.002903745256402222,0.14997189157800844,0.03553639960596368,0.0025802489364201604,-0.03011485272768705,0.1688198994663318,0.005160497872840321,0.46270329422351286,progress=0.5153;speed=0.1500;settled=False
3008.260309,control_sample,west_to_cell_center,2,1790842677.842,odom,base_footprint,1.744645357131958,0.15731549263000488,-0.021939759917107383,0.016493198549655478,0.17051018831106465,-0.015267756767570972,1.7181136246946191,0.18389483258425598,-0.019359510980687222,0.002903745256402222,0.14997189157800844,0.03755521453180887,0.0025802489364201604,-0.03012260431687402,0.1718240948658086,0.005160497872840321,0.46270329422351286,progress=0.5183;speed=0.1500;settled=False
3008.279927,control_sample,west_to_cell_center,2,1790842677.916,odom,base_footprint,1.7454689741134644,0.1693987250328064,-0.020825215362340676,0.011098632831321852,0.16553631404029334,0.015267756767570972,1.7181715907267225,0.1868886473697073,-0.019359510980687222,0.002903745256402222,0.14997189157800844,0.03241981682726776,0.0014657043816534536,-0.029449325276092425,0.1637711968583801,0.002931408763306907,0.46803224028979024,progress=0.5213;speed=0.1500;settled=False
3008.299979,control_sample,west_to_cell_center,2,1790842677.916,odom,base_footprint,1.7454689741134644,0.1693987250328064,-0.020825215362340676,0.011098632831321852,0.16553631404029334,0.015267756767570972,1.7182296934294043,0.1898895208822081,-0.019359510980687222,0.002903745256402222,0.14997189157800844,0.03408593737491845,0.0014657043816534536,-0.02945372449234051,0.1667726295844268,0.002931408763306907,0.46803224028979024,progress=0.5243;speed=0.1500;settled=False
3008.320371,control_sample,west_to_cell_center,2,1790842677.916,odom,base_footprint,1.7454689741134644,0.1693987250328064,-0.020825215362340676,0.011098632831321852,0.16553631404029334,0.015267756767570972,1.718287856620003,0.19289351845915312,-0.019359510980687222,0.002903745256402222,0.14997189157800844,0.03592796217906122,0.0014657043816534536,-0.029458128288400078,0.16977718695708793,0.002931408763306907,0.46803224028979024,progress=0.5273;speed=0.1500;settled=False
3008.340291,control_sample,west_to_cell_center,2,1790842677.916,odom,base_footprint,1.7454689741134644,0.1693987250328064,-0.020825215362340676,0.011098632831321852,0.16553631404029334,0.015267756767570972,1.7183458917757612,0.19589090332544185,-0.019359510980687222,0.002903745256402222,0.14997189157800844,0.03791433905775765,0.0014657043816534536,-0.029462522390367687,0.17277513038681247,0.002931408763306907,0.46803224028979024,progress=0.5303;speed=0.1500;settled=False
3008.360103,control_sample,west_to_cell_center,2,1790842677.916,odom,base_footprint,1.7454689741134644,0.1693987250328064,-0.020825215362340676,0.011098632831321852,0.16553631404029334,0.015267756767570972,1.718403858922903,0.19888477570010382,-0.019359510980687222,0.002903745256402222,0.14997189157800844,0.04002433814859142,0.0014657043816534536,-0.029466911343097615,0.17576956067035654,0.002931408763306907,0.46803224028979024,progress=0.5333;speed=0.1500;settled=False
3008.379831,control_sample,west_to_cell_center,2,1790842678.016,odom,base_footprint,1.7455698251724243,0.18648342788219452,-0.02235198949574739,0.0012690155572154388,0.17084527873210703,-0.015267756767570972,1.7184618676952335,0.2018807979218745,-0.019359510980687222,0.002903745256402222,0.14997189157800844,0.0311756373266694,0.002992478515060168,-0.02747402149336193,0.16062065856922403,0.005984957030120336,0.47502515253560157,progress=0.5363;speed=0.1500;settled=False
3008.400140,control_sample,west_to_cell_center,2,1790842678.016,odom,base_footprint,1.7455698251724243,0.18648342788219452,-0.02235198949574739,0.0012690155572154388,0.17084527873210703,-0.015267756767570972,1.7185200814284223,0.20488740590957874,-0.019359510980687222,0.002903745256402222,0.14997189157800844,0.03271689233176982,0.002992478515060168,-0.02748302037603615,0.16362781660474016,0.005984957030120336,0.47502515253560157,progress=0.5393;speed=0.1500;settled=False
3008.419996,control_sample,west_to_cell_center,2,1790842678.016,odom,base_footprint,1.7455698251724243,0.18648342788219452,-0.02235198949574739,0.0012690155572154388,0.17084527873210703,-0.015267756767570972,1.7185780300816105,0.20788032311327082,-0.019359510980687222,0.002903745256402222,0.14997189157800844,0.034443927298642034,0.002992478515060168,-0.02749197828171572,0.16662128135156584,0.005984957030120336,0.47502515253560157,progress=0.5423;speed=0.1500;settled=False
3008.440381,control_sample,west_to_cell_center,2,1790842678.016,odom,base_footprint,1.7455698251724243,0.18648342788219452,-0.02235198949574739,0.0012690155572154388,0.17084527873210703,-0.015267756767570972,1.7186362710316037,0.2108883367875166,-0.019359510980687222,0.002903745256402222,0.14997189157800844,0.036345782662278524,0.002992478515060168,-0.027500981371658795,0.16962984533078868,0.005984957030120336,0.47502515253560157,progress=0.5453;speed=0.1500;settled=False
3008.460061,control_sample,west_to_cell_center,2,1790842678.016,odom,base_footprint,1.7455698251724243,0.18648342788219452,-0.02235198949574739,0.0012690155572154388,0.17084527873210703,-0.015267756767570972,1.718694320958715,0.21388648456086579,-0.019359510980687222,0.002903745256402222,0.14997189157800844,0.038382551271060286,0.002992478515060168,-0.02750995493261591,0.17262854160418487,0.005984957030120336,0.47502515253560157,progress=0.5483;speed=0.1500;settled=False
3008.480130,control_sample,west_to_cell_center,2,1790842678.122,odom,base_footprint,1.7448691129684448,0.20396390557289124,-0.025619292227216713,-0.006015372674114157,0.16338953648095333,-0.030535535886883736,1.7187523852884026,0.21688537619477305,-0.019359510980687222,0.002903745256402222,0.14997189157800844,0.029138425965477954,0.00625978124652949,-0.025526140284897223,0.1596083195538267,0.01251956249305898,0.4819829888957734,progress=0.5513;speed=0.1500;settled=False
3008.500019,control_sample,west_to_cell_center,2,1790842678.122,odom,base_footprint,1.7448691129684448,0.20396390557289124,-0.025619292227216713,-0.006015372674114157,0.16338953648095333,-0.030535535886883736,1.7188104350296736,0.2198835143698862,-0.019359510980687222,0.002903745256402222,0.14997189157800844,0.030536676966657055,0.00625978124652949,-0.025544911368955994,0.16260696090216023,0.01251956249305898,0.4819829888957734,progress=0.5543;speed=0.1500;settled=False
3008.520448,control_sample,west_to_cell_center,2,1790842678.122,odom,base_footprint,1.7448691129684448,0.20396390557289124,-0.025619292227216713,-0.006015372674114157,0.16338953648095333,-0.030535535886883736,1.718868568297178,0.22288596648653247,-0.019359510980687222,0.002903745256402222,0.14997189157800844,0.03215700098613191,0.00625978124652949,-0.02556370946223016,0.16560991691602953,0.01251956249305898,0.4819829888957734,progress=0.5573;speed=0.1500;settled=False
3008.540396,control_sample,west_to_cell_center,2,1790842678.187,odom,base_footprint,1.7435053586959839,0.21444591879844666,-0.02366502046171221,-0.021628681083822928,0.16373945460309094,0.030535513535141945,1.7189266211048047,0.22588426303199355,-0.019359510980687222,0.002903745256402222,0.14997189157800844,0.02710996238251102,0.004305509481024986,-0.020518075984997858,0.15821550873968449,0.008611018962049972,0.4855749379786105,progress=0.5603;speed=0.1500;settled=False
3008.560507,control_sample,west_to_cell_center,2,1790842678.187,odom,base_footprint,1.7435053586959839,0.21444591879844666,-0.02366502046171221,-0.021628681083822928,0.16373945460309094,0.030535513535141945,1.7189846409258853,0.22888085589677853,-0.019359510980687222,0.002903745256402222,0.14997189157800844,0.028454050836280335,0.004305509481024986,-0.02053098022224514,0.16121263545999173,0.008611018962049972,0.4855749379786105,progress=0.5633;speed=0.1500;settled=False
3008.580319,control_sample,west_to_cell_center,2,1790842678.187,odom,base_footprint,1.7435053586959839,0.21444591879844666,-0.02366502046171221,-0.021628681083822928,0.16373945460309094,0.030535513535141945,1.719042893769619,0.23188948385587463,-0.019359510980687222,0.002903745256402222,0.14997189157800844,0.030044802415498714,0.004305509481024986,-0.020543936286256604,0.16422179941871232,0.008611018962049972,0.4855749379786105,progress=0.5664;speed=0.1500;settled=False
3008.600299,control_sample,west_to_cell_center,2,1790842678.187,odom,base_footprint,1.7435053586959839,0.21444591879844666,-0.02366502046171221,-0.021628681083822928,0.16373945460309094,0.030535513535141945,1.7191008846055145,0.23488457970124724,-0.019359510980687222,0.002903745256402222,0.14997189157800844,0.03183264386022723,0.004305509481024986,-0.02055683407688468,0.1672174288529069,0.008611018962049972,0.4855749379786105,progress=0.5693;speed=0.1500;settled=False
3008.620232,control_sample,west_to_cell_center,2,1790842678.187,odom,base_footprint,1.7435053586959839,0.21444591879844666,-0.02366502046171221,-0.021628681083822928,0.16373945460309094,0.030535513535141945,1.719158870147882,0.2378794021478202,-0.019359510980687222,0.002903745256402222,0.14997189157800844,0.0337917097304683,0.004305509481024986,-0.020569730690174298,0.17021278483959473,0.008611018962049972,0.4855749379786105,progress=0.5723;speed=0.1500;settled=False
3008.640356,control_sample,west_to_cell_center,2,1790842678.187,odom,base_footprint,1.7435053586959839,0.21444591879844666,-0.02366502046171221,-0.021628681083822928,0.16373945460309094,0.030535513535141945,1.7192169819509016,0.2408807456722374,-0.019359510980687222,0.002903745256402222,0.14997189157800844,0.035898820548290244,0.004305509481024986,-0.02058265538520202,0.17321466306588404,0.008611018962049972,0.4855749379786105,progress=0.5753;speed=0.1500;settled=False
3008.660258,control_sample,west_to_cell_center,2,1790842678.296,odom,base_footprint,1.7414454221725464,0.23312047123908997,-0.022000832772357842,-0.019183768010078355,0.17129444458797147,0.015267779119312763,1.7192750141332245,0.24387797696729688,-0.019359510980687222,0.002903745256402222,0.14997189157800844,0.02464246177074105,0.00264132179167062,-0.01828764661506678,0.1561003533282449,0.00528264358334124,0.49279225386017583,progress=0.5783;speed=0.1500;settled=False
3008.680287,control_sample,west_to_cell_center,2,1790842678.296,odom,base_footprint,1.7414454221725464,0.23312047123908997,-0.022000832772357842,-0.019183768010078355,0.17129444458797147,0.015267779119312763,1.7193331925539683,0.24688276114688276,-0.019359510980687222,0.002903745256402222,0.14997189157800844,0.02604517848299098,0.00264132179167062,-0.018295584695283983,0.15910569019478957,0.00528264358334124,0.49279225386017583,progress=0.5813;speed=0.1500;settled=False
3008.700054,control_sample,west_to_cell_center,2,1790842678.296,odom,base_footprint,1.7414454221725464,0.23312047123908997,-0.022000832772357842,-0.019183768010078355,0.17129444458797147,0.015267779119312763,1.719391153472576,0.24987631183182937,-0.019359510980687222,0.002903745256402222,0.14997189157800844,0.027697454068195203,0.00264132179167062,-0.018303493098700368,0.16209979150045464,0.00528264358334124,0.49279225386017583,progress=0.5843;speed=0.1500;settled=False
3008.720081,control_sample,west_to_cell_center,2,1790842678.366,odom,base_footprint,1.739904522895813,0.24422281980514526,-0.022000832772357842,-0.022013326535344168,0.15860505201821185,0.0,1.7194492663006162,0.2528777082962417,-0.019359510980687222,0.002903745256402222,0.14997189157800844,0.022210912119241154,0.00264132179167062,-0.016016710840746354,0.15658569050853155,0.00528264358334124,0.4970990852384838,progress=0.5873;speed=0.1500;settled=False
3008.740371,control_sample,west_to_cell_center,2,1790842678.366,odom,base_footprint,1.739904522895813,0.24422281980514526,-0.022000832772357842,-0.022013326535344168,0.15860505201821185,0.0,1.7195074249323354,0.2558814704173516,-0.019359510980687222,0.002903745256402222,0.14997189157800844,0.023493951124261732,0.00264132179167062,-0.016024646220875446,0.15959000512860722,0.00528264358334124,0.4970990852384838,progress=0.5903;speed=0.1500;settled=False
3008.760303,control_sample,west_to_cell_center,2,1790842678.366,odom,base_footprint,1.739904522895813,0.24422281980514526,-0.022000832772357842,-0.022013326535344168,0.15860505201821185,0.0,1.7195654324008838,0.258877425301705,-0.019359510980687222,0.002903745256402222,0.14997189157800844,0.02506862709485141,0.00264132179167062,-0.016032560975738814,0.1625865110758971,0.00528264358334124,0.4970990852384838,progress=0.5933;speed=0.1500;settled=False
3008.780422,control_sample,west_to_cell_center,2,1790842678.366,odom,base_footprint,1.739904522895813,0.24422281980514526,-0.022000832772357842,-0.022013326535344168,0.15860505201821185,0.0,1.719623598187431,0.2618815569535348,-0.019359510980687222,0.002903745256402222,0.14997189157800844,0.026891390903093327,0.00264132179167062,-0.016040497332099092,0.16559119529466257,0.00528264358334124,0.4970990852384838,progress=0.5964;speed=0.1500;settled=False
3008.800529,control_sample,west_to_cell_center,2,1790842678.366,odom,base_footprint,1.739904522895813,0.24422281980514526,-0.022000832772357842,-0.022013326535344168,0.15860505201821185,0.0,1.7196819503508667,0.2648953145511816,-0.019359510980687222,0.002903745256402222,0.14997189157800844,0.028918929429709455,0.00264132179167062,-0.01604845911841563,0.1686055072297997,0.00528264358334124,0.4970990852384838,progress=0.5994;speed=0.1500;settled=False
3008.820327,control_sample,west_to_cell_center,2,1790842678.456,odom,base_footprint,1.738178014755249,0.25963932275772095,-0.020626733352991002,-0.019419125421951358,0.17126792247707293,0.015267779119312763,1.7197396869841912,0.2678772814072397,-0.019359510980687222,0.002903745256402222,0.14997189157800844,0.02019494723202174,0.00126722237230378,-0.014242927241143859,0.1536895732046267,0.00253444474460756,0.5037799795441624,progress=0.6023;speed=0.1500;settled=False
3008.840284,control_sample,west_to_cell_center,2,1790842678.456,odom,base_footprint,1.738178014755249,0.25963932275772095,-0.020626733352991002,-0.019419125421951358,0.17126792247707293,0.015267779119312763,1.7197977672931901,0.27087699833653683,-0.019359510980687222,0.002903745256402222,0.14997189157800844,0.021543417769268595,0.00126722237230378,-0.014246729260988347,0.1566898499456708,0.00253444474460756,0.5037799795441624,progress=0.6053;speed=0.1500;settled=False
3008.860270,control_sample,west_to_cell_center,2,1790842678.456,odom,base_footprint,1.738178014755249,0.25963932275772095,-0.020626733352991002,-0.019419125421951358,0.17126792247707293,0.015267779119312763,1.7198558385889626,0.2738762497530267,-0.019359510980687222,0.002903745256402222,0.14997189157800844,0.023203280581376835,0.00126722237230378,-0.01425053069081422,0.15968966108703297,0.00253444474460756,0.5037799795441624,progress=0.6083;speed=0.1500;settled=False
3008.880366,control_sample,west_to_cell_center,2,1790842678.456,odom,base_footprint,1.738178014755249,0.25963932275772095,-0.020626733352991002,-0.019419125421951358,0.17126792247707293,0.015267779119312763,1.7199139256811087,0.27687631701657167,-0.019359510980687222,0.002903745256402222,0.14997189157800844,0.025113560496030536,0.00126722237230378,-0.014254333154693197,0.16269028822770484,0.00253444474460756,0.5037799795441624,progress=0.6113;speed=0.1500;settled=False
3008.900417,control_sample,west_to_cell_center,2,1790842678.456,odom,base_footprint,1.738178014755249,0.25963932275772095,-0.020626733352991002,-0.019419125421951358,0.17126792247707293,0.015267779119312763,1.7199720519796244,0.2798784092006657,-0.019359510980687222,0.002903745256402222,0.14997189157800844,0.027222742342247926,0.00126722237230378,-0.014258138185077127,0.1656929406668195,0.00253444474460756,0.5037799795441624,progress=0.6144;speed=0.1500;settled=False
3008.920425,control_sample,west_to_cell_center,2,1790842678.456,odom,base_footprint,1.738178014755249,0.25963932275772095,-0.020626733352991002,-0.019419125421951358,0.17126792247707293,0.015267779119312763,1.7200301400009697,0.2828785244552546,-0.019359510980687222,0.002903745256402222,0.14997189157800844,0.029485688963218418,0.00126722237230378,-0.014261940709782879,0.16869361580749145,0.00253444474460756,0.5037799795441624,progress=0.6174;speed=0.1500;settled=False
3008.940302,control_sample,west_to_cell_center,2,1790842678.576,odom,base_footprint,1.7367465496063232,0.27925485372543335,-0.024290996228025007,-0.011330323259584602,0.16350526021816836,-0.030535535886883736,1.72008809952578,0.28587200315370365,-0.019359510980687222,0.002903745256402222,0.14997189157800844,0.01792458160298344,0.004931485247337785,-0.014642261580559184,0.15357203268717282,0.00986297049467557,0.5134629697711383,progress=0.6203;speed=0.1500;settled=False
3008.960511,control_sample,west_to_cell_center,2,1790842678.576,odom,base_footprint,1.7367465496063232,0.27925485372543335,-0.024290996228025007,-0.011330323259584602,0.16350526021816836,-0.030535535886883736,1.7201463243106228,0.2888791819343923,-0.019359510980687222,0.002903745256402222,0.14997189157800844,0.01918841247580888,0.004931485247337785,-0.014657094157711832,0.15657973851375379,0.00986297049467557,0.5134629697711383,progress=0.6234;speed=0.1500;settled=False
3008.980310,control_sample,west_to_cell_center,2,1790842678.576,odom,base_footprint,1.7367465496063232,0.27925485372543335,-0.024290996228025007,-0.011330323259584602,0.16350526021816836,-0.030535535886883736,1.7202042962837893,0.29187330356236185,-0.019359510980687222,0.002903745256402222,0.14997189157800844,0.020805562267671707,0.004931485247337785,-0.01467186233190124,0.15957438489918546,0.00986297049467557,0.5134629697711383,progress=0.6263;speed=0.1500;settled=False
3009.000288,control_sample,west_to_cell_center,2,1790842678.636,odom,base_footprint,1.7357608079910278,0.28907260298728943,-0.022458867273555175,-0.01672801145330628,0.1635987450068915,0.030535535886883736,1.7202623378481143,0.2948710194166618,-0.019359510980687222,0.002903745256402222,0.14997189157800844,0.016547634569907457,0.003099356292867953,-0.012103114455319561,0.15281167547070276,0.006198712585735906,0.5183026427865631,progress=0.6293;speed=0.1500;settled=False
3009.020364,control_sample,west_to_cell_center,2,1790842678.636,odom,base_footprint,1.7357608079910278,0.28907260298728943,-0.022458867273555175,-0.01672801145330628,0.1635987450068915,0.030535535886883736,1.72032044203461,0.2978719695648077,-0.019359510980687222,0.002903745256402222,0.14997189157800844,0.01777171215819257,0.003099356292867953,-0.012112417197390915,0.15581317365446623,0.006198712585735906,0.5183026427865631,progress=0.6323;speed=0.1500;settled=False
3009.040305,control_sample,west_to_cell_center,2,1790842678.636,odom,base_footprint,1.7357608079910278,0.28907260298728943,-0.022458867273555175,-0.01672801145330628,0.1635987450068915,0.030535535886883736,1.7203785028333436,0.30087067883291396,-0.019359510980687222,0.002903745256402222,0.14997189157800844,0.019385817125497397,0.003099356292867953,-0.012121712992885978,0.15881243054895894,0.006198712585735906,0.5183026427865631,progress=0.6353;speed=0.1500;settled=False
3009.060312,control_sample,west_to_cell_center,2,1790842678.636,odom,base_footprint,1.7357608079910278,0.28907260298728943,-0.022458867273555175,-0.01672801145330628,0.1635987450068915,0.030535535886883736,1.720436561959519,0.3038693017171697,-0.019359510980687222,0.002903745256402222,0.14997189157800844,0.021301990745868204,0.003099356292867953,-0.01213100852059699,0.16181160104382564,0.006198712585735906,0.5183026427865631,progress=0.6383;speed=0.1500;settled=False
3009.080295,control_sample,west_to_cell_center,2,1790842678.728,odom,base_footprint,1.7342324256896973,0.30459272861480713,-0.019649596682479138,-0.017087342674964697,0.16864955224765713,0.030535535886883736,1.7204946575973894,0.30686981034809785,-0.019359510980687222,0.002903745256402222,0.14997189157800844,0.01392520640342966,0.0002900857017919152,-0.009752527050564327,0.1483504589136241,0.0005801714035838304,0.5262638614962435,progress=0.6413;speed=0.1500;settled=False
3009.100353,control_sample,west_to_cell_center,2,1790842678.728,odom,base_footprint,1.7342324256896973,0.30459272861480713,-0.019649596682479138,-0.017087342674964697,0.16864955224765713,0.030535535886883736,1.720552760111327,0.3098706741123929,-0.019359510980687222,0.002903745256402222,0.14997189157800844,0.01466253589975254,0.0002900857017919152,-0.009753397721377788,0.1513518849873293,0.0005801714035838304,0.5262638614962435,progress=0.6443;speed=0.1500;settled=False
3009.120292,control_sample,west_to_cell_center,2,1790842678.728,odom,base_footprint,1.7342324256896973,0.30459272861480713,-0.019649596682479138,-0.017087342674964697,0.16864955224765713,0.030535535886883736,1.7206108242522717,0.31286955599816235,-0.019359510980687222,0.002903745256402222,0.14997189157800844,0.015939068268061716,0.0002900857017919152,-0.00975426781716874,0.15435132881113947,0.0005801714035838304,0.5262638614962435,progress=0.6473;speed=0.1500;settled=False
3009.140407,control_sample,west_to_cell_center,2,1790842678.728,odom,base_footprint,1.7342324256896973,0.30459272861480713,-0.019649596682479138,-0.017087342674964697,0.16864955224765713,0.030535535886883736,1.720668827353587,0.315865285324789,-0.019359510980687222,0.002903745256402222,0.14997189157800844,0.01763637532496656,0.0002900857017919152,-0.009755136998276095,0.15734761948507242,0.0005801714035838304,0.5262638614962435,progress=0.6503;speed=0.1500;settled=False
3009.160277,control_sample,west_to_cell_center,2,1790842678.728,odom,base_footprint,1.7342324256896973,0.30459272861480713,-0.019649596682479138,-0.017087342674964697,0.16864955224765713,0.030535535886883736,1.7207268994856373,0.3188645799331366,-0.019359510980687222,0.002903745256402222,0.14997189157800844,0.01964904522110562,0.0002900857017919152,-0.009756007213814486,0.16034747610879774,0.0005801714035838304,0.5262638614962435,progress=0.6533;speed=0.1500;settled=False
3009.180348,control_sample,west_to_cell_center,2,1790842678.822,odom,base_footprint,1.7333214282989502,0.3198736310005188,-0.021100037476063208,-0.009356650706123508,0.16086532293694017,-0.015267779119312763,1.7207850178888702,0.32186626434367294,-0.019359510980687222,0.002903745256402222,0.14997189157800844,0.012693784841811854,0.001740526495375986,-0.010339239880343557,0.14960099730061785,0.003481052990751972,0.5348963461750622,progress=0.6563;speed=0.1500;settled=False
3009.200141,control_sample,west_to_cell_center,2,1790842678.822,odom,base_footprint,1.7333214282989502,0.3198736310005188,-0.021100037476063208,-0.009356650706123508,0.16086532293694017,-0.015267779119312763,1.7208428119408834,0.32485119674546636,-0.019359510980687222,0.0028667832703235018,0.14806288838412157,0.013434732113335481,0.001740526495375986,-0.010340448255336136,0.1502952549149128,0.003481052990751972,0.5348963461750622,progress=0.6593;speed=0.1481;settled=False
3009.220292,control_sample,west_to_cell_center,2,1790842678.822,odom,base_footprint,1.7333214282989502,0.3198736310005188,-0.021100037476063208,-0.009356650706123508,0.16086532293694017,-0.015267779119312763,1.7208995117132642,0.32777961207295414,-0.019359510980687222,0.0027891579013688593,0.1440537132022075,0.014724420137290556,0.001740526495375986,-0.010337170936567873,0.1484123100316376,0.003481052990751972,0.5348963461750622,progress=0.6623;speed=0.1441;settled=False
3009.240240,control_sample,west_to_cell_center,2,1790842678.822,odom,base_footprint,1.7333214282989502,0.3198736310005188,-0.021100037476063208,-0.009356650706123508,0.16086532293694017,-0.015267779119312763,1.720954447405312,0.33061691663106113,-0.019359510980687222,0.0027118291093389817,0.14005985554937322,0.016381709390751304,0.001740526495375986,-0.010333767006108134,0.14645662189272138,0.003481052990751972,0.5348963461750622,progress=0.6651;speed=0.1401;settled=False
3009.260307,control_sample,west_to_cell_center,2,1790842678.907,odom,base_footprint,1.732526421546936,0.33295807242393494,-0.019817546652363058,-0.009664006570502565,0.15575476155094986,0.015267756767570972,1.7210079841835755,0.3333819704481858,-0.019359510980687222,0.002634286369358792,0.1360549479675768,0.011526234807109573,0.0004580356716758355,-0.009049654465173846,0.13238554844302583,0.000916071343351671,0.5425106352087788,progress=0.6679;speed=0.1361;settled=False
3009.280168,control_sample,west_to_cell_center,2,1790842678.907,odom,base_footprint,1.732526421546936,0.33295807242393494,-0.019817546652363058,-0.009664006570502565,0.15575476155094986,0.015267756767570972,1.7210601168753736,0.33607450636702124,-0.019359510980687222,0.0025565180470887563,0.13203838956942857,0.011882268442629722,0.0004580356716758355,-0.009048679887651892,0.13025781579252235,0.000916071343351671,0.5425106352087788,progress=0.6706;speed=0.1321;settled=False
3009.300417,control_sample,west_to_cell_center,2,1790842678.907,odom,base_footprint,1.732526421546936,0.33295807242393494,-0.019817546652363058,-0.009664006570502565,0.15575476155094986,0.015267756767570972,1.7211102984761706,0.3386662728373619,-0.019359510980687222,0.002479357234787912,0.1280532076906328,0.012763675721621527,0.0004580356716758355,-0.009047676394588826,0.1280669536935735,0.000916071343351671,0.5425106352087788,progress=0.6731;speed=0.1281;settled=False
3009.320391,control_sample,west_to_cell_center,2,1790842678.907,odom,base_footprint,1.732526421546936,0.33295807242393494,-0.019817546652363058,-0.009664006570502565,0.15575476155094986,0.015267756767570972,1.721159071260197,0.34118527709981805,-0.019359510980687222,0.002401988549169212,0.12405728962393674,0.01403223251376273,0.0004580356716758355,-0.009046633665419364,0.12579042991814685,0.000916071343351671,0.5425106352087788,progress=0.6757;speed=0.1241;settled=False
3009.340403,control_sample,west_to_cell_center,2,1790842678.907,odom,base_footprint,1.732526421546936,0.33295807242393494,-0.019817546652363058,-0.009664006570502565,0.15575476155094986,0.015267756767570972,1.721206365272254,0.3436279061261927,-0.019359510980687222,0.0023245077518827166,0.12005558124252547,0.015555996441752085,0.0004580356716758355,-0.009045552763910577,0.12343056692082752,0.000916071343351671,0.5425106352087788,progress=0.6781;speed=0.1201;settled=False
3009.360268,control_sample,west_to_cell_center,2,1790842678.996,odom,base_footprint,1.7318977117538452,0.34704262018203735,-0.02253520861711928,-0.006634157266997534,0.15827207165427767,-0.030535535886883736,1.7212520222902032,0.3459859881000083,-0.019359510980687222,0.0022471758625256296,0.1160615636197285,0.010697998668586136,0.003175697636432058,-0.009021777894312728,0.10638655178867666,0.006351395272864116,0.5511099888659733,progress=0.6805;speed=0.1161;settled=False
3009.380209,control_sample,west_to_cell_center,2,1790842678.996,odom,base_footprint,1.7318977117538452,0.34704262018203735,-0.02253520861711928,-0.006634157266997534,0.15827207165427767,-0.030535535886883736,1.7212961681591072,0.34826602263481204,-0.019359510980687222,0.00216978426055051,0.11206446197492316,0.010671899556901052,0.003175697636432058,-0.009013784806712676,0.10386960538988435,0.006351395272864116,0.5511099888659733,progress=0.6828;speed=0.1121;settled=False
3009.400363,control_sample,west_to_cell_center,2,1790842678.996,odom,base_footprint,1.7318977117538452,0.34704262018203735,-0.02253520861711928,-0.006634157266997534,0.15827207165427767,-0.030535535886883736,1.7213388472324656,0.3504703004888103,-0.019359510980687222,0.002092244246218546,0.10805969516670845,0.011101288766007716,0.003175697636432058,-0.009005521877999053,0.10126768862002858,0.006351395272864116,0.5511099888659733,progress=0.6850;speed=0.1081;settled=False
3009.420243,control_sample,west_to_cell_center,2,1790842678.996,odom,base_footprint,1.7318977117538452,0.34704262018203735,-0.02253520861711928,-0.006634157266997534,0.15827207165427767,-0.030535535886883736,1.721379886073731,0.35258986405561626,-0.019359510980687222,0.002014871975443311,0.10406359193476553,0.011891029040004395,0.003175697636432058,-0.008997022893964679,0.09859144030030648,0.006351395272864116,0.5511099888659733,progress=0.6871;speed=0.1041;settled=False
3009.440216,control_sample,west_to_cell_center,2,1790842678.996,odom,base_footprint,1.7318977117538452,0.34704262018203735,-0.02253520861711928,-0.006634157266997534,0.15827207165427767,-0.030535535886883736,1.7214194312580349,0.3546322836100783,-0.019359510980687222,0.0019373946510363878,0.10006206291974928,0.012938212902090533,0.003175697636432058,-0.008988258197751774,0.09583152177146753,0.006351395272864116,0.5511099888659733,progress=0.6891;speed=0.1001;settled=False
3009.461442,control_sample,west_to_cell_center,2,1790842679.101,odom,base_footprint,1.7311701774597168,0.3627386689186096,-0.019298443113542597,-0.007343224855888437,0.148052807233374,0.030535513535141945,1.7214574332127075,0.35659499883564466,-0.019359510980687222,0.0018599023394323207,0.09605975984981201,0.011492696937452534,-6.106786714462492e-05,-0.007545565257440713,0.07938665419012136,-0.00012213573428924984,0.5609354826032434,progress=0.6911;speed=0.0961;settled=False
3009.480509,control_sample,west_to_cell_center,2,1790842679.101,odom,base_footprint,1.7311701774597168,0.3627386689186096,-0.019298443113542597,-0.007343224855888437,0.148052807233374,0.030535513535141945,1.721493866058966,0.3584766731515781,-0.019359510980687222,0.0017824492980793103,0.09205948499974725,0.01057334432629968,-6.106786714462492e-05,-0.0075457435269131404,0.07646745166357606,-0.00012213573428924984,0.5609354826032434,progress=0.6930;speed=0.0921;settled=False
3009.500421,control_sample,west_to_cell_center,2,1790842679.101,odom,base_footprint,1.7311701774597168,0.3627386689186096,-0.019298443113542597,-0.007343224855888437,0.148052807233374,0.030535513535141945,1.7215286778138863,0.3602746217570986,-0.019359510980687222,0.0017051589129205612,0.08806761097516001,0.009951384016040182,-6.106786714462492e-05,-0.007545926294554251,0.07347459061449593,-0.00012213573428924984,0.5609354826032434,progress=0.6948;speed=0.0881;settled=False
3009.520366,control_sample,west_to_cell_center,2,1790842679.101,odom,base_footprint,1.7311701774597168,0.3627386689186096,-0.019298443113542597,-0.007343224855888437,0.148052807233374,0.030535513535141945,1.7215620465609816,0.36199804226392257,-0.019359510980687222,0.0016276307962000101,0.08406345865173351,0.009636633603539354,-6.106786714462492e-05,-0.007546114514260606,0.07039245077837307,-0.00012213573428924984,0.5609354826032434,progress=0.6965;speed=0.0841;settled=False
3009.540333,control_sample,west_to_cell_center,2,1790842679.176,odom,base_footprint,1.730804443359375,0.37312501668930054,-0.01816862822897574,-0.0051001611316977054,0.1403502028912947,0.015267779119312763,1.7215937899799143,0.36363751823792234,-0.019359510980687222,0.0015502846630037462,0.08006870536677746,0.013223039081144488,-0.001190882751711482,-0.007392493562455184,0.05840024199960544,-0.002381765503422964,0.5676677327054124,progress=0.6981;speed=0.0801;settled=False
3009.560162,control_sample,west_to_cell_center,2,1790842679.176,odom,base_footprint,1.730804443359375,0.37312501668930054,-0.01816862822897574,-0.0051001611316977054,0.1403502028912947,0.015267779119312763,1.7216240414216029,0.3651999369531964,-0.019359510980687222,0.0014727986699494394,0.07606672863568052,0.012127929277607892,-0.001190882751711482,-0.0073963526892781364,0.055159683688479996,-0.002381765503422964,0.5676677327054124,progress=0.6997;speed=0.0761;settled=False
3009.580089,control_sample,west_to_cell_center,2,1790842679.176,odom,base_footprint,1.730804443359375,0.37312501668930054,-0.01816862822897574,-0.0051001611316977054,0.1403502028912947,0.015267779119312763,1.7216526690426448,0.3666784889954471,-0.019359510980687222,0.0013955153428267984,0.07207521914273517,0.011194315184591777,-0.001190882751711482,-0.0074002967490668205,0.05184780607618943,-0.002381765503422964,0.5676677327054124,progress=0.7012;speed=0.0721;settled=False
3009.600207,control_sample,west_to_cell_center,2,1790842679.176,odom,base_footprint,1.730804443359375,0.37312501668930054,-0.01816862822897574,-0.0051001611316977054,0.1403502028912947,0.015267779119312763,1.7216798160298739,0.3680805696416099,-0.019359510980687222,0.0013180497882678483,0.06807429801381369,0.010426181943512879,-0.001190882751711482,-0.007404345346672712,0.04844814671749834,-0.002381765503422964,0.5676677327054124,progress=0.7026;speed=0.0681;settled=False
3009.620317,control_sample,west_to_cell_center,2,1790842679.176,odom,base_footprint,1.730804443359375,0.37312501668930054,-0.01816862822897574,-0.0051001611316977054,0.1403502028912947,0.015267779119312763,1.7217054223866306,0.369403080199571,-0.019359510980687222,0.0012405551226945385,0.06407187336667565,0.009830818577108545,-0.001190882751711482,-0.007408490869680698,0.04496709785491145,-0.002381765503422964,0.5676677327054124,progress=0.7039;speed=0.0641;settled=False
3009.640275,control_sample,west_to_cell_center,2,1790842679.276,odom,base_footprint,1.7299977540969849,0.3848702907562256,-0.015115077025999905,-0.008424966503117791,0.11742768845291768,0.030535513535141945,1.7217294458378534,0.3706438372577757,-0.019359510980687222,0.0011631662502392642,0.06007491269541246,0.016454692358460504,-0.004244433954687318,-0.005706527767016983,0.03429557032668368,-0.008488867909374635,0.5751278458593542,progress=0.7051;speed=0.0601;settled=False
3009.660144,control_sample,west_to_cell_center,2,1790842679.276,odom,base_footprint,1.7299977540969849,0.3848702907562256,-0.015115077025999905,-0.008424966503117791,0.11742768845291768,0.030535513535141945,1.7217519205910679,0.37180460755775424,-0.019359510980687222,0.0010857838202273315,0.05607828476181358,0.015450108337811746,-0.004244433954687318,-0.0057219599076027885,0.030659738533977573,-0.008488867909374635,0.5751278458593542,progress=0.7063;speed=0.0561;settled=False
3009.680175,control_sample,west_to_cell_center,2,1790842679.276,odom,base_footprint,1.7299977540969849,0.3848702907562256,-0.015115077025999905,-0.008424966503117791,0.11742768845291768,0.030535513535141945,1.721772873811489,0.37288679412156767,-0.019359510980687222,0.0010083050129743338,0.052076679161142905,0.014534539803640011,-0.004244433954687318,-0.005737751010709764,0.026939334718367586,-0.008488867909374635,0.5751278458593542,progress=0.7074;speed=0.0521;settled=False
3009.700153,control_sample,west_to_cell_center,2,1790842679.276,odom,base_footprint,1.7299977540969849,0.3848702907562256,-0.015115077025999905,-0.008424966503117791,0.11742768845291768,0.030535513535141945,1.721792267281307,0.37388842308556336,-0.019359510980687222,0.0009308647287428065,0.04807706318762239,0.013708808533866034,-0.004244433954687318,-0.005753873962608256,0.023140746908786314,-0.008488867909374635,0.5751278458593542,progress=0.7084;speed=0.0481;settled=False
3009.719945,control_sample,west_to_cell_center,2,1790842679.276,odom,base_footprint,1.7299977540969849,0.3848702907562256,-0.015115077025999905,-0.008424966503117791,0.11742768845291768,0.030535513535141945,1.721810104211663,0.3748096602979268,-0.019359510980687222,0.0008534588868001289,0.04407922608061837,0.012971271944688464,-0.004244433954687318,-0.005770329132906291,0.019263888025125166,-0.008488867909374635,0.5751278458593542,progress=0.7093;speed=0.0441;settled=False
3009.740195,control_sample,west_to_cell_center,2,1790842679.382,odom,base_footprint,1.7301627397537231,0.39578181505203247,-0.015115077025999905,0.001541507389815959,0.10197698573396738,0.0,1.7218264001282424,0.37565130762529136,-0.019359510980687222,0.000776020337071698,0.040079699690269706,0.021788342929406984,-0.004244433954687318,-0.007826948362466129,0.007452285911232459,-0.008488867909374635,0.5828382687183609,progress=0.7101;speed=0.0401;settled=False
3009.760374,control_sample,west_to_cell_center,2,1790842679.382,odom,base_footprint,1.7301627397537231,0.39578181505203247,-0.015115077025999905,0.001541507389815959,0.10197698573396738,0.0,1.7218411744562006,0.3764143683331196,-0.019359510980687222,0.0006984305293162351,0.036072361164066376,0.02107952659361357,-0.004244433954687318,-0.007844123429006328,0.0034058185646473047,-0.008488867909374635,0.5828382687183609,progress=0.7109;speed=0.0361;settled=False
3009.780276,control_sample,west_to_cell_center,2,1790842679.382,odom,base_footprint,1.7301627397537231,0.39578181505203247,-0.015115077025999905,0.001541507389815959,0.10197698573396738,0.0,1.721854355661246,0.3770951478366126,-0.019359510980687222,0.0006210788248015571,0.032077320133083266,0.020450446886265735,-0.004244433954687318,-0.007861585150451796,-0.0007081850393621463,-0.008488867909374635,0.5828382687183609,progress=0.7116;speed=0.0321;settled=False
3009.800349,control_sample,west_to_cell_center,2,1790842679.446,odom,base_footprint,1.7294446229934692,0.4014154374599457,-0.016076946502972658,-0.011312285192683518,0.0894334760322893,-0.015267767943441868,1.721866002281566,0.3776966695011061,-0.019359510980687222,0.0005436500626290799,0.028078299247918652,0.024900109344743154,-0.0032825644777145636,-0.004535993542787264,-0.007985457823160711,-0.006565128955429127,0.5862897733038188,progress=0.7122;speed=0.0281;settled=False
3009.820141,control_sample,west_to_cell_center,2,1790842679.446,odom,base_footprint,1.7294446229934692,0.4014154374599457,-0.016076946502972658,-0.011312285192683518,0.0894334760322893,-0.015267767943441868,1.7218760911658708,0.3782177376146927,-0.019359510980687222,0.00046629810645562006,0.024083245219327212,0.024401146533223006,-0.0032825644777145636,-0.004550022533731684,-0.012259232383036415,-0.006565128955429127,0.5862897733038188,progress=0.7127;speed=0.0241;settled=False
3009.840167,control_sample,west_to_cell_center,2,1790842679.446,odom,base_footprint,1.7294446229934692,0.4014154374599457,-0.016076946502972658,-0.011312285192683518,0.0894334760322893,-0.015267767943441868,1.721884643755638,0.37865945958134456,-0.019359510980687222,0.00038885534436126906,0.020083501269781964,0.023978903546405566,-0.0032825644777145636,-0.004564330509259148,-0.0166179964633264,-0.006565128955429127,0.5862897733038188,progress=0.7132;speed=0.0201;settled=False
3009.860473,control_sample,west_to_cell_center,2,1790842679.446,odom,base_footprint,1.7294446229934692,0.4014154374599457,-0.016076946502972658,-0.011312285192683518,0.0894334760322893,-0.015267767943441868,1.7218916569920553,0.37902167742026904,-0.019359510980687222,0.0003112920497371404,0.01607753208699782,0.02363319242364716,-0.0032825644777145636,-0.00457892403688407,-0.021063750783702116,-0.006565128955429127,0.5862897733038188,progress=0.7135;speed=0.0161;settled=False
3009.880275,control_sample,west_to_cell_center,2,1790842679.446,odom,base_footprint,1.7294446229934692,0.4014154374599457,-0.016076946502972658,-0.011312285192683518,0.0894334760322893,-0.015267767943441868,1.721897105366224,0.3793030736544225,-0.019359510980687222,0.00023391073476215839,0.012080961742541882,0.023364966411304536,-0.0032825644777145636,-0.0045937458862615205,-0.025579060762183053,-0.006565128955429127,0.5862897733038188,progress=0.7138;speed=0.0121;settled=False
3009.900399,control_sample,west_to_cell_center,2,1790842679.446,odom,base_footprint,1.7294446229934692,0.4014154374599457,-0.016076946502972658,-0.011312285192683518,0.0894334760322893,-0.015267767943441868,1.7219010120175837,0.37950484338366086,-0.019359510980687222,0.00015640900728112084,0.00807817236380152,0.02317283321761126,-0.0032825644777145636,-0.004608853665099628,-0.030181475940115002,-0.006565128955429127,0.5862897733038188,progress=0.7140;speed=0.0081;settled=False
3009.920325,control_sample,west_to_cell_center,2,1790842679.562,odom,base_footprint,1.7289727926254272,0.40918025374412537,-0.01250429223108072,-0.004270112336720413,0.06635119426582971,0.030535513535141945,1.7219033637191712,0.3796263034651607,-0.019359510980687222,7.908095860921071e-05,0.004084353103729257,0.030387708076657003,-0.006855218749606502,-0.005645843317201298,-0.037996531321943784,-0.013710437499213003,0.5914664525972014,progress=0.7141;speed=0.0041;settled=False
3009.940216,control_sample,west_to_cell_center,2,1790842679.562,odom,base_footprint,1.7289727926254272,0.40918025374412537,-0.01250429223108072,-0.004270112336720413,0.06635119426582971,0.030535513535141945,1.7219041709754745,0.3796679964320416,-0.019359510980687222,1.7185992852703788e-06,8.876177588524319e-05,0.030346972562099554,-0.006855218749606502,-0.005678432137498594,-0.04275032707853871,-0.013710437499213003,0.5914664525972014,progress=0.7142;speed=0.0001;settled=False
3009.960188,segment_enter,east_back_to_arc,3,1790842679.562,,,1.7289727926254272,0.40918025374412537,-0.01250429223108072,,,,,,,,,,,,,,,
3009.960405,control_sample,east_back_to_arc,3,1790842679.562,odom,base_footprint,1.7289727926254272,0.40918025374412537,-0.01250429223108072,-0.004270112336720413,0.06635119426582971,0.030535513535141945,1.7219034303220624,0.3796297433542347,-0.019359510980687222,-7.575005260264918e-05,-0.003912319323089862,0.03038434708331366,-0.006855218749606502,-0.005711614272253454,-0.04759067079007789,-0.013710437499213003,0.5914664525972014,progress=0.7142;speed=0.0039;settled=False
3009.980155,control_sample,east_back_to_arc,3,1790842679.627,odom,base_footprint,1.7283568382263184,0.41212546825408936,-0.01250429223108072,-0.009624197772431627,0.04601882558703997,0.0,1.7219011422282209,0.3795115684693176,-0.019359510980687222,-0.00015315193383642816,-0.007909951868414717,0.03324669111341739,-0.006855218749606502,-0.004072696582299499,-0.05136454756469336,-0.013710437499213003,0.5931396618337506,progress=0.7143;speed=0.0079;settled=False
3010.000413,control_sample,east_back_to_arc,3,1790842679.627,odom,base_footprint,1.7283568382263184,0.41212546825408936,-0.01250429223108072,-0.009624197772431627,0.04601882558703997,0.0,1.7218972913853938,0.3793126811248846,-0.019359510980687222,-0.0002308112340226386,-0.01192087952188966,0.03344255888200848,-0.006855218749606502,-0.004107061112741988,-0.05637736967684932,-0.013710437499213003,0.5931396618337506,progress=0.7145;speed=0.0119;settled=False
3010.020397,control_sample,east_back_to_arc,3,1790842679.627,odom,base_footprint,1.7283568382263184,0.41212546825408936,-0.01250429223108072,-0.009624197772431627,0.04601882558703997,0.0,1.7218919015277334,0.37903430713636144,-0.019359510980687222,-0.00030823565993561464,-0.015919676449033734,0.033716766610043414,-0.006855218749606502,-0.0041418708309155505,-0.061455132204999485,-0.013710437499213003,0.5931396618337506,progress=0.7148;speed=0.0159;settled=False
3010.040163,control_sample,east_back_to_arc,3,1790842679.627,odom,base_footprint,1.7283568382263184,0.41212546825408936,-0.01250429223108072,-0.009624197772431627,0.04601882558703997,0.0,1.7218849811963446,0.3786768876325594,-0.019359510980687222,-0.00038548095573773044,-0.019909221710073473,0.03406893715705568,-0.006855218749606502,-0.0041771464004013905,-0.06660084938662714,-0.013710437499213003,0.5931396618337506,progress=0.7152;speed=0.0199;settled=False
3010.059971,control_sample,east_back_to_arc,3,1790842679.627,odom,base_footprint,1.7283568382263184,0.41212546825408936,-0.01250429223108072,-0.009624197772431627,0.04601882558703997,0.0,1.7218765048711469,0.37823910455887716,-0.019359510980687222,-0.00046285037697115834,-0.02390517776961069,0.03450044006789397,-0.006855218749606502,-0.0042130257250588025,-0.07183463753084668,-0.013710437499213003,0.5931396618337506,progress=0.7156;speed=0.0239;settled=False
3010.080249,control_sample,east_back_to_arc,3,1790842679.716,odom,base_footprint,1.7277016639709473,0.4141761362552643,-0.01386312224087011,-0.007330299812126589,0.023051278132005484,-0.01526776235550642,1.7218664625683882,0.37772044227705337,-0.019359510980687222,-0.0005403621397970721,-0.027908485451273942,0.036919739961724964,-0.005496388739817112,-0.0039835461938702785,-0.07461852497409112,-0.010992777479634223,0.5941533791830707,progress=0.7161;speed=0.0279;settled=False
3010.100393,control_sample,east_back_to_arc,3,1790842679.716,odom,base_footprint,1.7277016639709473,0.4141761362552643,-0.01386312224087011,-0.007330299812126589,0.023051278132005484,-0.01526776235550642,1.7218548584933213,0.3771211179789081,-0.019359510980687222,-0.0006179363370176252,-0.031915017728566905,0.037513457768570006,-0.005496388739817112,-0.004013271484433653,-0.08002661974928153,-0.010992777479634223,0.5941533791830707,progress=0.7167;speed=0.0319;settled=False
3010.120508,control_sample,east_back_to_arc,3,1790842679.716,odom,base_footprint,1.7277016639709473,0.4141761362552643,-0.01386312224087011,-0.007330299812126589,0.023051278132005484,-0.01526776235550642,1.721841765496669,0.3764448942399096,-0.019359510980687222,-0.0006951464510427835,-0.035902745930197676,0.03818357021220141,-0.005496388739817112,-0.004043295473275403,-0.085489058437279,-0.010992777479634223,0.5941533791830707,progress=0.7174;speed=0.0359;settled=False
3010.140319,control_sample,east_back_to_arc,3,1790842679.716,odom,base_footprint,1.7277016639709473,0.4141761362552643,-0.01386312224087011,-0.007330299812126589,0.023051278132005484,-0.01526776235550642,1.7218270583183932,0.3756853016616984,-0.019359510980687222,-0.0007727295685677418,-0.03990973892108876,0.038936555308376586,-0.005496388739817112,-0.004073904860541672,-0.09105800206101483,-0.010992777479634223,0.5941533791830707,progress=0.7181;speed=0.0399;settled=False
3010.160392,control_sample,east_back_to_arc,3,1790842679.716,odom,base_footprint,1.7277016639709473,0.4141761362552643,-0.01386312224087011,-0.007330299812126589,0.023051278132005484,-0.01526776235550642,1.7218108103766938,0.37484613212864976,-0.019359510980687222,-0.0008502493805748932,-0.043913462324803795,0.039768723648973756,-0.005496388739817112,-0.004104930144420895,-0.09670261217132696,-0.010992777479634223,0.5941533791830707,progress=0.7190;speed=0.0439;settled=False
3010.180349,control_sample,east_back_to_arc,3,1790842679.716,odom,base_footprint,1.7277016639709473,0.4141761362552643,-0.01386312224087011,-0.007330299812126589,0.023051278132005484,-0.01526776235550642,1.7217930452714396,0.3739286045207489,-0.019359510980687222,-0.0009276232619614039,-0.047909648741185536,0.04067893294639125,-0.005496388739817112,-0.00413633647277108,-0.10241654791559515,-0.010992777479634223,0.5941533791830707,progress=0.7199;speed=0.0479;settled=False
3010.200388,control_sample,east_back_to_arc,3,1790842679.836,odom,base_footprint,1.727089762687683,0.4141846299171448,-0.017527385250502,-0.0050986488010011785,8.937513426844515e-05,-0.03053552284836769,1.7217737041587202,0.37292967968277735,-0.019359510980687222,-0.0010051116128565725,-0.05191174724944365,0.041596050258690336,-0.0018321257301852217,-0.0036864531242831937,-0.10364745285609699,-0.0036642514603704435,0.593733829447941,progress=0.7209;speed=0.0519;settled=False
3010.220365,control_sample,east_back_to_arc,3,1790842679.836,odom,base_footprint,1.727089762687683,0.4141846299171448,-0.017527385250502,-0.0050986488010011785,8.937513426844515e-05,-0.03053552284836769,1.7217528307770595,0.37185161661082805,-0.019359510980687222,-0.0010825334370131432,-0.05591040980173902,0.04266810117419594,-0.0018321257301852217,-0.003697221546299947,-0.10952500251906966,-0.0036642514603704435,0.593733829447941,progress=0.7220;speed=0.0559;settled=False
3010.240279,control_sample,east_back_to_arc,3,1790842679.836,odom,base_footprint,1.727089762687683,0.4141846299171448,-0.017527385250502,-0.0050986488010011785,8.937513426844515e-05,-0.03053552284836769,1.7217304377643385,0.37069506802293406,-0.019359510980687222,-0.0011598598712021589,-0.05990414567741208,0.043818538969075255,-0.0018321257301852217,-0.0037081229569469643,-0.11547513916627429,-0.0036642514603704435,0.593733829447941,progress=0.7231;speed=0.0599;settled=False
3010.260375,control_sample,east_back_to_arc,3,1790842679.896,odom,base_footprint,1.726778507232666,0.41388407349586487,-0.01935951656836092,-0.005197192869968792,-0.004999760123595738,-0.03053552284836769,1.7217064656755896,0.36945696372062553,-0.019359510980687222,-0.0012372948280290552,-0.06390348650250215,0.044715698457453136,5.587673698737028e-09,-0.0031911706219787807,-0.12019564062664675,1.1175347397474056e-08,0.5933013968486697,progress=0.7244;speed=0.0639;settled=False
3010.280125,control_sample,east_back_to_arc,3,1790842679.896,odom,base_footprint,1.726778507232666,0.41388407349586487,-0.01935951656836092,-0.005197192869968792,-0.004999760123595738,-0.03053552284836769,1.7216809122080838,0.36813718477315993,-0.019359510980687222,-0.0013148259143116144,-0.06790779219710699,0.04603002610082025,5.587673698737028e-09,-0.003191170587748263,-0.12632173437315938,1.1175347397474056e-08,0.5933013968486697,progress=0.7257;speed=0.0679;settled=False
3010.300811,control_sample,east_back_to_arc,3,1790842679.896,odom,base_footprint,1.726778507232666,0.41388407349586487,-0.01935951656836092,-0.005197192869968792,-0.004999760123595738,-0.03053552284836769,1.7216535419896513,0.3667235747389483,-0.019359510980687222,-0.0013930913693843818,-0.07195002638297343,0.04743814827481401,5.587673698737028e-09,-0.0031911705527388353,-0.13258719951266484,1.1175347397474056e-08,0.5933013968486697,progress=0.7271;speed=0.0720;settled=False
3010.320547,control_sample,east_back_to_arc,3,1790842679.896,odom,base_footprint,1.726778507232666,0.41388407349586487,-0.01935951656836092,-0.005197192869968792,-0.004999760123595738,-0.03053552284836769,1.7216252207027556,0.3652608441642534,-0.019359510980687222,-0.0014696953323946025,-0.07590644825217312,0.048895549825048866,5.587673698737028e-09,-0.0031911705180304533,-0.1387988003190441,1.1175347397474056e-08,0.5933013968486697,progress=0.7286;speed=0.0759;settled=False
3010.340369,control_sample,east_back_to_arc,3,1790842679.991,odom,base_footprint,1.7265129089355469,0.4126778841018677,-0.023710828614654744,-0.0028512504253083593,-0.01268454673086291,-0.04580328240990639,1.721595088842149,0.363704601542079,-0.019359510980687222,-0.001547037501012109,-0.07990099677558052,0.04921958308592149,0.004351317633967521,-0.002828119817155756,-0.14242465406175925,0.008702635267935042,0.5922501994076533,progress=0.7301;speed=0.0799;settled=False
3010.360265,control_sample,east_back_to_arc,3,1790842679.991,odom,base_footprint,1.7265129089355469,0.4126778841018677,-0.023710828614654744,-0.0028512504253083593,-0.01268454673086291,-0.04580328240990639,1.7215633644501553,0.36206610826655794,-0.019359510980687222,-0.001624492896334362,-0.08390139320284604,0.05085321861806303,0.004351317633967521,-0.0028000966550221222,-0.14886476890225867,0.008702635267935042,0.5922501994076533,progress=0.7318;speed=0.0839;settled=False
3010.379796,control_sample,east_back_to_arc,3,1790842679.991,odom,base_footprint,1.7265129089355469,0.4126778841018677,-0.023710828614654744,-0.0028512504253083593,-0.01268454673086291,-0.04580328240990639,1.7215301613517073,0.3603512431386593,-0.019359510980687222,-0.001701787122180048,-0.0878934655902489,0.052563343957331865,0.004351317633967521,-0.0027717845861235956,-0.15537127856054508,0.008702635267935042,0.5922501994076533,progress=0.7335;speed=0.0879;settled=False
3010.400041,control_sample,east_back_to_arc,3,1790842679.991,odom,base_footprint,1.7265129089355469,0.4126778841018677,-0.023710828614654744,-0.0028512504253083593,-0.01268454673086291,-0.04580328240990639,1.7214952647331183,0.35854891151609447,-0.019359510980687222,-0.001779408642704515,-0.09190244200942657,0.054361037761742115,0.004351317633967521,-0.0027430035705544266,-0.16198555872660844,0.008702635267935042,0.5922501994076533,progress=0.7353;speed=0.0919;settled=False
3010.420081,control_sample,east_back_to_arc,3,1790842679.991,odom,base_footprint,1.7265129089355469,0.4126778841018677,-0.023710828614654744,-0.0028512504253083593,-0.01268454673086291,-0.04580328240990639,1.7214589473167443,0.3566731988932984,-0.019359510980687222,-0.0018567478340150137,-0.09589683676164389,0.056232262033064855,0.004351317633967521,-0.0027139793454951013,-0.16865573183725788,0.008702635267935042,0.5922501994076533,progress=0.7372;speed=0.0959;settled=False
3010.440045,control_sample,east_back_to_arc,3,1790842680.081,odom,base_footprint,1.7264689207077026,0.41082221269607544,-0.026489559899921016,-0.0005402638898954913,-0.020390572211159138,-0.030535519123077393,1.7214210643866554,0.3547166310189572,-0.019359510980687222,-0.0019341282778650676,-0.09989336211446256,0.05633220347870058,0.007130048919233793,-0.00270520056704594,-0.17203150641254514,0.014260097838467586,0.5908886880918115,progress=0.7391;speed=0.0999;settled=False
3010.461571,control_sample,east_back_to_arc,3,1790842680.081,odom,base_footprint,1.7264689207077026,0.41082221269607544,-0.026489559899921016,-0.0005402638898954913,-0.020390572211159138,-0.030535519123077393,1.721381190906199,0.3526572557088568,-0.019359510980687222,-0.0020123631235909227,-0.10393401539661637,0.058387046644423644,0.007130048919233793,-0.0026559362393818783,-0.1789407847909461,0.014260097838467586,0.5908886880918115,progress=0.7412;speed=0.1040;settled=False
3010.480441,control_sample,east_back_to_arc,3,1790842680.081,odom,base_footprint,1.7264689207077026,0.41082221269607544,-0.026489559899921016,-0.0005402638898954913,-0.020390572211159138,-0.030535519123077393,1.7213405234430943,0.3505568729862158,-0.019359510980687222,-0.002089140145945885,-0.10789937539054613,0.06048315161140686,0.007130048919233793,-0.0026070238036139635,-0.18580071064214787,0.014260097838467586,0.5908886880918115,progress=0.7433;speed=0.1079;settled=False
3010.500041,control_sample,east_back_to_arc,3,1790842680.081,odom,base_footprint,1.7264689207077026,0.41082221269607544,-0.026489559899921016,-0.0005402638898954913,-0.020390572211159138,-0.030535519123077393,1.7212980170481924,0.3483615135849309,-0.019359510980687222,-0.002166482678499136,-0.1118939427104137,0.06267437417405035,0.007130048919233793,-0.0025571841139836304,-0.19279068302739413,0.014260097838467586,0.5908886880918115,progress=0.7455;speed=0.1119;settled=False
3010.520299,control_sample,east_back_to_arc,3,1790842680.166,odom,base_footprint,1.7259613275527954,0.4078361392021179,-0.03161952549452366,-0.006225385384252682,-0.035516964631361066,-0.061071038246154785,1.7212538841920122,0.34608215112794166,-0.019359510980687222,-0.002243965698118054,-0.11589576587028094,0.06193314997689432,0.012260014513836438,-2.7560270498756465e-05,-0.19382326912613768,0.024520029027672877,0.5883977381385174,progress=0.7478;speed=0.1159;settled=False
3010.540437,control_sample,east_back_to_arc,3,1790842680.166,odom,base_footprint,1.7259613275527954,0.4078361392021179,-0.03161952549452366,-0.006225385384252682,-0.035516964631361066,-0.061071038246154785,1.7212081594559676,0.3437205716672818,-0.019359510980687222,-0.0023215174668097527,-0.11990113976465784,0.06429151271568302,0.012260014513836438,6.0036314015088684e-05,-0.19999999098910232,0.024520029027672877,0.5883977381385174,progress=0.7501;speed=0.1199;settled=False
3010.560237,control_sample,east_back_to_arc,3,1790842680.166,odom,base_footprint,1.7259613275527954,0.4078361392021179,-0.03161952549452366,-0.006225385384252682,-0.035516964631361066,-0.061071038246154785,1.7211611255460502,0.34129137632961076,-0.019359510980687222,-0.002398675050148328,-0.12388615487483702,0.0667176693617498,0.012260014513836438,0.00014289632955341474,-0.19999994895159098,0.024520029027672877,0.5883977381385174,progress=0.7525;speed=0.1239;settled=False
3010.579978,control_sample,east_back_to_arc,3,1790842680.166,odom,base_footprint,1.7259613275527954,0.4078361392021179,-0.03161952549452366,-0.006225385384252682,-0.035516964631361066,-0.061071038246154785,1.721112327952326,0.33877109070223277,-0.019359510980687222,-0.0024761860618712755,-0.12788942376372656,0.0692350613592336,0.012260014513836438,0.00022137830725588967,-0.19999987747907516,0.024520029027672877,0.5883977381385174,progress=0.7551;speed=0.1279;settled=False
3010.600065,control_sample,east_back_to_arc,3,1790842680.166,odom,base_footprint,1.7259613275527954,0.4078361392021179,-0.03161952549452366,-0.006225385384252682,-0.035516964631361066,-0.061071038246154785,1.721062000560233,0.3361717944403753,-0.019359510980687222,-0.002553663750213943,-0.13189097157520296,0.07183162057972767,0.012260014513836438,0.0002954456420945061,-0.19999978177956235,0.024520029027672877,0.5883977381385174,progress=0.7577;speed=0.1319;settled=False
3010.620342,control_sample,east_back_to_arc,3,1790842680.256,odom,base_footprint,1.7253284454345703,0.40234601497650146,-0.039864118452897626,-0.0075341476032719755,-0.06094134016935685,-0.09160657227039337,1.721010139224043,0.33349327342651197,-0.019359510980687222,-0.002631117159376078,-0.13589126542177923,0.06898802640659848,0.020504607472210404,0.002541324506193728,-0.19998385352261375,0.04100921494442081,0.5840425901066162,progress=0.7603;speed=0.1359;settled=False
3010.640303,control_sample,east_back_to_arc,3,1790842680.256,odom,base_footprint,1.7253284454345703,0.40234601497650146,-0.039864118452897626,-0.0075341476032719755,-0.06094134016935685,-0.09160657227039337,1.7209567246018476,0.3307345286947164,-0.019359510980687222,-0.0027085760198346646,-0.13989184081551898,0.07174480406639598,0.020504607472210404,0.0025931782241061293,-0.19998318786012492,0.04100921494442081,0.5840425901066162,progress=0.7631;speed=0.1399;settled=False
3010.660277,control_sample,east_back_to_arc,3,1790842680.256,odom,base_footprint,1.7253284454345703,0.40234601497650146,-0.039864118452897626,-0.0075341476032719755,-0.06094134016935685,-0.09160657227039337,1.720901747186436,0.32789506921901274,-0.019359510980687222,-0.002786053088711186,-0.14389335663296646,0.07458243078342622,0.020504607472210404,0.0026422024925296175,-0.1999825461533793,0.04100921494442081,0.5840425901066162,progress=0.7659;speed=0.1439;settled=False
3010.680360,control_sample,east_back_to_arc,3,1790842680.256,odom,base_footprint,1.7253284454345703,0.40234601497650146,-0.039864118452897626,-0.0075341476032719755,-0.06094134016935685,-0.09160657227039337,1.7208451773864577,0.3249733666728805,-0.019359510980687222,-0.0028635868967721127,-0.14789780290128357,0.07750242833554988,0.020504607472210404,0.002688637751156644,-0.19998192725104702,0.04100921494442081,0.5840425901066162,progress=0.7689;speed=0.1479;settled=False
3010.700127,control_sample,east_back_to_arc,3,1790842680.256,odom,base_footprint,1.7253284454345703,0.40234601497650146,-0.039864118452897626,-0.0075341476032719755,-0.06094134016935685,-0.09160657227039337,1.7207874227013498,0.3219904674829339,-0.019359510980687222,-0.002903745256402222,-0.14997189157800844,0.08048375550665249,0.020504607472210404,0.0027197714336517414,-0.1999815062533251,0.04100921494442081,0.5840425901066162,progress=0.7718;speed=0.1500;settled=False
3010.720384,control_sample,east_back_to_arc,3,1790842680.362,odom,base_footprint,1.7249152660369873,0.3919871151447296,-0.04313141955308612,-0.0041776733806756245,-0.09679909681565459,-0.030535513535141945,1.7207293467653926,0.3189909764113726,-0.019359510980687222,-0.002903745256402222,-0.14997189157800844,0.0731160597278588,0.0237719085723989,0.002776148689870222,-0.19998073156794816,0.0475438171447978,0.576436062323517,progress=0.7748;speed=0.1500;settled=False
3010.740401,control_sample,east_back_to_arc,3,1790842680.362,odom,base_footprint,1.7249152660369873,0.3919871151447296,-0.04313141955308612,-0.0041776733806756245,-0.09679909681565459,-0.030535513535141945,1.7206712422159285,0.3159900075167342,-0.019359510980687222,-0.002903745256402222,-0.14997189157800844,0.07611551816820823,0.0237719085723989,0.002801229754211221,-0.1999803818174776,0.0475438171447978,0.576436062323517,progress=0.7778;speed=0.1500;settled=False
3010.760469,control_sample,east_back_to_arc,3,1790842680.362,odom,base_footprint,1.7249152660369873,0.3919871151447296,-0.04313141955308612,-0.0041776733806756245,-0.09679909681565459,-0.030535513535141945,1.7206130226404037,0.31298309778556976,-0.019359510980687222,-0.002903745256402222,-0.14997189157800844,0.07912107214345543,0.0237719085723989,0.002825730488865548,-0.19998003712171947,0.0475438171447978,0.576436062323517,progress=0.7809;speed=0.1500;settled=False
3010.780303,control_sample,east_back_to_arc,3,1790842680.362,odom,base_footprint,1.7249152660369873,0.3919871151447296,-0.04313141955308612,-0.0041776733806756245,-0.09679909681565459,-0.030535513535141945,1.7205551570575608,0.3099944709777997,-0.019359510980687222,-0.002903745256402222,-0.14997189157800844,0.08210849071683916,0.0237719085723989,0.002849480553691792,-0.19997970012122265,0.0475438171447978,0.576436062323517,progress=0.7838;speed=0.1500;settled=False
3010.800331,control_sample,east_back_to_arc,3,1790842680.436,odom,base_footprint,1.7243200540542603,0.3825113773345947,-0.044245963918365716,-0.008298889752139658,-0.12979547694283236,-0.015267756767570972,1.7204970744313741,0.3069946343709716,-0.019359510980687222,-0.002903745256402222,-0.14997189157800844,0.07561344881058481,0.024886452937678494,0.003928706375495532,-0.19996140944246005,0.04977290587535699,0.569397846574709,progress=0.7868;speed=0.1500;settled=False
3010.820588,control_sample,east_back_to_arc,3,1790842680.436,odom,base_footprint,1.7243200540542603,0.3825113773345947,-0.044245963918365716,-0.008298889752139658,-0.12979547694283236,-0.015267756767570972,1.7204389598465668,0.3039931471735014,-0.019359510980687222,-0.002903745256402222,-0.14997189157800844,0.07861409135695341,0.024886452937678494,0.003942234242301495,-0.19996114319831948,0.04977290587535699,0.569397846574709,progress=0.7898;speed=0.1500;settled=False
3010.840309,control_sample,east_back_to_arc,3,1790842680.436,odom,base_footprint,1.7243200540542603,0.3825113773345947,-0.044245963918365716,-0.008298889752139658,-0.12979547694283236,-0.015267756767570972,1.7203808822409552,0.3009935698680593,-0.019359510980687222,-0.002903745256402222,-0.14997189157800844,0.08161292795094338,0.024886452937678494,0.003955409062666678,-0.19996088302252263,0.04977290587535699,0.569397846574709,progress=0.7928;speed=0.1500;settled=False
3010.860292,control_sample,east_back_to_arc,3,1790842680.436,odom,base_footprint,1.7243200540542603,0.3825113773345947,-0.044245963918365716,-0.008298889752139658,-0.12979547694283236,-0.015267756767570972,1.7203227964583978,0.29799357024180395,-0.019359510980687222,-0.002903745256402222,-0.14997189157800844,0.08461227915652594,0.024886452937678494,0.003968254331738311,-0.19996062851861274,0.04977290587535699,0.569397846574709,progress=0.7958;speed=0.1500;settled=False
3010.880261,control_sample,east_back_to_arc,3,1790842680.436,odom,base_footprint,1.7243200540542603,0.3825113773345947,-0.044245963918365716,-0.008298889752139658,-0.12979547694283236,-0.015267756767570972,1.7202647902065191,0.29499767819569034,-0.019359510980687222,-0.002903745256402222,-0.14997189157800844,0.08760760641547896,0.024886452937678494,0.003980763581714369,-0.19996037987888127,0.04977290587535699,0.569397846574709,progress=0.7988;speed=0.1500;settled=False
3010.900330,control_sample,east_back_to_arc,3,1790842680.537,odom,base_footprint,1.7236138582229614,0.3665606677532196,-0.04116187977078333,-0.006505131265272095,-0.1579484951703006,0.030535513535141945,1.7202067099062326,0.2919979617163729,-0.019359510980687222,-0.002903745256402222,-0.14997189157800844,0.07464051038939516,0.021802368790096113,0.0032179166008950164,-0.1999741108562548,0.043604737580192225,0.5579316904000869,progress=0.8018;speed=0.1500;settled=False
3010.920229,control_sample,east_back_to_arc,3,1790842680.537,odom,base_footprint,1.7236138582229614,0.3665606677532196,-0.04116187977078333,-0.006505131265272095,-0.1579484951703006,0.030535513535141945,1.7201486087918998,0.2889971702385155,-0.019359510980687222,-0.002903745256402222,-0.14997189157800844,0.07764086617454098,0.021802368790096113,0.0032330855177431506,-0.19997386618764704,0.043604737580192225,0.5579316904000869,progress=0.8048;speed=0.1500;settled=False
3010.940343,control_sample,east_back_to_arc,3,1790842680.537,odom,base_footprint,1.7236138582229614,0.3665606677532196,-0.04116187977078333,-0.006505131265272095,-0.1579484951703006,0.030535513535141945,1.72009051827043,0.28599692585812975,-0.019359510980687222,-0.002903745256402222,-0.14997189157800844,0.0806407492063396,0.021802368790096113,0.003247854167807221,-0.1999736268694066,0.043604737580192225,0.5579316904000869,progress=0.8078;speed=0.1500;settled=False
3010.960130,control_sample,east_back_to_arc,3,1790842680.537,odom,base_footprint,1.7236138582229614,0.3665606677532196,-0.04116187977078333,-0.006505131265272095,-0.1579484951703006,0.030535513535141945,1.7200325212176153,0.28300150892292275,-0.019359510980687222,-0.002903745256402222,-0.14997189157800844,0.08363587148570067,0.021802368790096113,0.0032622179268962897,-0.1999733930656712,0.043604737580192225,0.5579316904000869,progress=0.8108;speed=0.1500;settled=False
3010.980153,control_sample,east_back_to_arc,3,1790842680.537,odom,base_footprint,1.7236138582229614,0.3665606677532196,-0.04116187977078333,-0.006505131265272095,-0.1579484951703006,0.030535513535141945,1.7199744201991065,0.2800007223941538,-0.019359510980687222,-0.002903745256402222,-0.14997189157800844,0.08663642218890355,0.021802368790096113,0.003276240209316489,-0.19997316382477642,0.043604737580192225,0.5579316904000869,progress=0.8138;speed=0.1500;settled=False
3011.000306,control_sample,east_back_to_arc,3,1790842680.641,odom,base_footprint,1.7228868007659912,0.34890609979629517,-0.03795564731710133,-0.006385690551357087,-0.16816005609248424,0.030535513535141945,1.7199162572988818,0.27699673981437606,-0.019359510980687222,-0.002903745256402222,-0.14997189157800844,0.07197068973894315,0.01859613633641411,0.002846859359438361,-0.19997973745304193,0.03719227267282822,0.5455455179643877,progress=0.8168;speed=0.1500;settled=False
3011.020401,control_sample,east_back_to_arc,3,1790842680.641,odom,base_footprint,1.7228868007659912,0.34890609979629517,-0.03795564731710133,-0.006385690551357087,-0.16816005609248424,0.030535513535141945,1.7198582060796044,0.2739985253035589,-0.019359510980687222,-0.002903745256402222,-0.14997189157800844,0.07496877418071636,0.01859613633641411,0.002858677836269424,-0.19997956885899223,0.03719227267282822,0.5455455179643877,progress=0.8198;speed=0.1500;settled=False
3011.040324,control_sample,east_back_to_arc,3,1790842680.641,odom,base_footprint,1.7228868007659912,0.34890609979629517,-0.03795564731710133,-0.006385690551357087,-0.16816005609248424,0.030535513535141945,1.7198001110979813,0.2709980505663286,-0.019359510980687222,-0.002903745256402222,-0.14997189157800844,0.07796917203565455,0.01859613633641411,0.002870188851202929,-0.19997940397940595,0.03719227267282822,0.5455455179643877,progress=0.8228;speed=0.1500;settled=False
3011.060223,control_sample,east_back_to_arc,3,1790842680.707,odom,base_footprint,1.7224465608596802,0.3373132348060608,-0.03597083804379149,-0.006418695035235226,-0.17836466314406976,0.030535513535141945,1.719742122779634,0.2680030847466434,-0.019359510980687222,-0.002903745256402222,-0.14997189157800844,0.06936289272073187,0.01661132706310427,0.0026020985557120247,-0.19998307199137222,0.03322265412620854,0.5376010690939333,progress=0.8258;speed=0.1500;settled=False
3011.080230,control_sample,east_back_to_arc,3,1790842680.707,odom,base_footprint,1.7224465608596802,0.3373132348060608,-0.03597083804379149,-0.006418695035235226,-0.17836466314406976,0.030535513535141945,1.7196839691713937,0.26499958207689006,-0.019359510980687222,-0.002903745256402222,-0.14997189157800844,0.0723664030049255,0.01661132706310427,0.0026120818523531412,-0.1999829418435398,0.03322265412620854,0.5376010690939333,progress=0.8288;speed=0.1500;settled=False
3011.100293,control_sample,east_back_to_arc,3,1790842680.707,odom,base_footprint,1.7224465608596802,0.3373132348060608,-0.03597083804379149,-0.006418695035235226,-0.17836466314406976,0.030535513535141945,1.7196259107043679,0.2620009932362347,-0.019359510980687222,-0.002903745256402222,-0.14997189157800844,0.07536504360491343,0.01661132706310427,0.002621776422204011,-0.1999828149826679,0.03322265412620854,0.5376010690939333,progress=0.8318;speed=0.1500;settled=False
3011.120230,control_sample,east_back_to_arc,3,1790842680.707,odom,base_footprint,1.7224465608596802,0.3373132348060608,-0.03597083804379149,-0.006418695035235226,-0.17836466314406976,0.030535513535141945,1.71956797878256,0.25900894017058196,-0.019359510980687222,-0.002903745256402222,-0.14997189157800844,0.07835718724619074,0.01661132706310427,0.002631189540571574,-0.199982691355031,0.03322265412620854,0.5376010690939333,progress=0.8348;speed=0.1500;settled=False
3011.140292,control_sample,east_back_to_arc,3,1790842680.707,odom,base_footprint,1.7224465608596802,0.3373132348060608,-0.03597083804379149,-0.006418695035235226,-0.17836466314406976,0.030535513535141945,1.7195098439412262,0.25600640676921166,-0.019359510980687222,-0.002903745256402222,-0.14997189157800844,0.08135984631052895,0.01661132706310427,0.002640384645446839,-0.19998257016281218,0.03322265412620854,0.5376010690939333,progress=0.8378;speed=0.1500;settled=False
3011.160387,control_sample,east_back_to_arc,3,1790842680.707,odom,base_footprint,1.7224465608596802,0.3373132348060608,-0.03597083804379149,-0.006418695035235226,-0.17836466314406976,0.030535513535141945,1.7194517032488454,0.25300357117447037,-0.019359510980687222,-0.002903745256402222,-0.14997189157800844,0.08436283870153431,0.01661132706310427,0.002649339110479878,-0.19998245173584028,0.03322265412620854,0.5376010690939333,progress=0.8408;speed=0.1500;settled=False
3011.180289,control_sample,east_back_to_arc,3,1790842680.818,odom,base_footprint,1.7219864130020142,0.31665608286857605,-0.030886678963280186,-0.0031995018088046964,-0.18611923631323654,0.04580327123403549,1.7193936373482313,0.25000459840574085,-0.019359510980687222,-0.002903745256402222,-0.14997189157800844,0.06670189552546772,0.011527167982592963,0.0009850623309391963,-0.1999975741157981,0.023054335965185926,0.524035597981014,progress=0.8438;speed=0.1500;settled=False
3011.200368,control_sample,east_back_to_arc,3,1790842680.818,odom,base_footprint,1.7219864130020142,0.31665608286857605,-0.030886678963280186,-0.0031995018088046964,-0.18611923631323654,0.04580327123403549,1.7193355087354312,0.247002386694086,-0.019359510980687222,-0.002903745256402222,-0.14997189157800844,0.06970412243331636,0.011527167982592963,0.0010037225629336833,-0.19999748133668252,0.023054335965185926,0.524035597981014,progress=0.8468;speed=0.1500;settled=False
3011.220302,control_sample,east_back_to_arc,3,1790842680.818,odom,base_footprint,1.7219864130020142,0.31665608286857605,-0.030886678963280186,-0.0031995018088046964,-0.18611923631323654,0.04580327123403549,1.7192774859467226,0.24400564055801158,-0.019359510980687222,-0.002903745256402222,-0.14997189157800844,0.0727009288366493,0.011527167982592963,0.0010218301370408579,-0.19999738964089264,0.023054335965185926,0.524035597981014,progress=0.8498;speed=0.1500;settled=False
3011.240335,control_sample,east_back_to_arc,3,1790842680.886,odom,base_footprint,1.7214115858078003,0.30366408824920654,-0.031924883783771174,-0.008652333252990934,-0.19104987542601273,-0.015267756767570972,1.7192194243204213,0.24100688854789096,-0.019359510980687222,-0.002903745256402222,-0.14997189157800844,0.0626955360962588,0.012565372803083954,0.0025244023320755535,-0.19998406784758083,0.025130745606167907,0.5155196540771031,progress=0.8528;speed=0.1500;settled=False
3011.260535,control_sample,east_back_to_arc,3,1790842680.886,odom,base_footprint,1.7214115858078003,0.30366408824920654,-0.031924883783771174,-0.008652333252990934,-0.19104987542601273,-0.015267756767570972,1.7191612764732127,0.23800368342242936,-0.019359510980687222,-0.002903745256402222,-0.14997189157800844,0.0656989547414386,0.012565372803083954,0.0025242373586202888,-0.19998406992997553,0.025130745606167907,0.5155196540771031,progress=0.8559;speed=0.1500;settled=False
3011.280353,control_sample,east_back_to_arc,3,1790842680.886,odom,base_footprint,1.7214115858078003,0.30366408824920654,-0.031924883783771174,-0.008652333252990934,-0.19104987542601273,-0.015267756767570972,1.7191032081566828,0.23500458587710946,-0.019359510980687222,-0.002903745256402222,-0.14997189157800844,0.06869829600044082,0.012565372803083954,0.002524077310389546,-0.19998407195007104,0.025130745606167907,0.5155196540771031,progress=0.8588;speed=0.1500;settled=False
3011.300379,control_sample,east_back_to_arc,3,1790842680.886,odom,base_footprint,1.7214115858078003,0.30366408824920654,-0.031924883783771174,-0.008652333252990934,-0.19104987542601273,-0.015267756767570972,1.719045184067097,0.2320077725536567,-0.019359510980687222,-0.002903745256402222,-0.14997189157800844,0.07169537946240821,0.012565372803083954,0.0025239218772538253,-0.19998407391179313,0.025130745606167907,0.5155196540771031,progress=0.8618;speed=0.1500;settled=False
3011.320370,control_sample,east_back_to_arc,3,1790842680.886,odom,base_footprint,1.7214115858078003,0.30366408824920654,-0.031924883783771174,-0.008652333252990934,-0.19104987542601273,-0.015267756767570972,1.7189870514558396,0.22900535433070868,-0.019359510980687222,-0.002903745256402222,-0.14997189157800844,0.07469809179046612,0.012565372803083954,0.00252377047023007,-0.19998407582258543,0.025130745606167907,0.5155196540771031,progress=0.8649;speed=0.1500;settled=False
3011.340255,control_sample,east_back_to_arc,3,1790842680.976,odom,base_footprint,1.7208548784255981,0.28623291850090027,-0.029176686676122093,-0.005653009841528837,-0.19369593665469564,0.030535513535141945,1.7189291769526907,0.22601626680924955,-0.019359510980687222,-0.002903745256402222,-0.14997189157800844,0.060247435357169685,0.00981717569543487,0.001587037494096699,-0.199993703180856,0.01963435139086974,0.5045677518077432,progress=0.8678;speed=0.1500;settled=False
3011.360193,control_sample,east_back_to_arc,3,1790842680.976,odom,base_footprint,1.7208548784255981,0.28623291850090027,-0.029176686676122093,-0.005653009841528837,-0.19369593665469564,0.030535513535141945,1.7188710449947757,0.22301388232996125,-0.019359510980687222,-0.002903745256402222,-0.14997189157800844,0.06325015517343609,0.00981717569543487,0.0015925644347207627,-0.19999365924579027,0.01963435139086974,0.5045677518077432,progress=0.8708;speed=0.1500;settled=False
3011.380247,control_sample,east_back_to_arc,3,1790842680.976,odom,base_footprint,1.7208548784255981,0.28623291850090027,-0.029176686676122093,-0.005653009841528837,-0.19369593665469564,0.030535513535141945,1.718812880979513,0.2200098421609724,-0.019359510980687222,-0.002903745256402222,-0.14997189157800844,0.06625455149266148,0.00981717569543487,0.0015979343153036485,-0.1999936164129345,0.01963435139086974,0.5045677518077432,progress=0.8738;speed=0.1500;settled=False
3011.400419,control_sample,east_back_to_arc,3,1790842680.976,odom,base_footprint,1.7208548784255981,0.28623291850090027,-0.029176686676122093,-0.005653009841528837,-0.19369593665469564,0.030535513535141945,1.7187547200335094,0.21700596051230162,-0.019359510980687222,-0.002903745256402222,-0.14997189157800844,0.0692588072206493,0.00981717569543487,0.0016031506290746695,-0.19999357466693898,0.01963435139086974,0.5045677518077432,progress=0.8769;speed=0.1500;settled=False
3011.420273,control_sample,east_back_to_arc,3,1790842680.976,odom,base_footprint,1.7208548784255981,0.28623291850090027,-0.029176686676122093,-0.005653009841528837,-0.19369593665469564,0.030535513535141945,1.7186967521575274,0.21401205049468372,-0.019359510980687222,-0.002903745256402222,-0.14997189157800844,0.07225310570875337,0.00981717569543487,0.0016082035418103666,-0.19999353409890058,0.01963435139086974,0.5045677518077432,progress=0.8798;speed=0.1500;settled=False
3011.440439,control_sample,east_back_to_arc,3,1790842681.093,odom,base_footprint,1.7196145057678223,0.26418426632881165,-0.029176686676122093,-0.010601506773971573,-0.18844991295712585,0.0,1.7186385953029013,0.21100838015642387,-0.019359510980687222,-0.002903745256402222,-0.14997189157800844,0.05318484061698675,0.00981717569543487,0.0033627303214832224,-0.1954372539837927,0.01963435139086974,0.4908091874746078,progress=0.8829;speed=0.1500;settled=False
3011.463345,control_sample,east_back_to_arc,3,1790842681.093,odom,base_footprint,1.7196145057678223,0.26418426632881165,-0.029176686676122093,-0.010601506773971573,-0.18844991295712585,0.0,1.7185746798452168,0.20770729096174534,-0.019359510980687222,-0.002903745256402222,-0.14997189157800844,0.05648654693430584,0.00981717569543487,0.0033951432473835865,-0.19873880278082554,0.01963435139086974,0.4908091874746078,progress=0.8862;speed=0.1500;settled=False
3011.480390,control_sample,east_back_to_arc,3,1790842681.093,odom,base_footprint,1.7196145057678223,0.26418426632881165,-0.029176686676122093,-0.010601506773971573,-0.18844991295712585,0.0,1.7185224781888158,0.2050111931767495,-0.019359510980687222,-0.002903745256402222,-0.14997189157800844,0.05918314887273748,0.00981717569543487,0.0033967459964605227,-0.19997115321124578,0.01963435139086974,0.4908091874746078,progress=0.8888;speed=0.1500;settled=False
3011.500405,control_sample,east_back_to_arc,3,1790842681.093,odom,base_footprint,1.7196145057678223,0.26418426632881165,-0.029176686676122093,-0.010601506773971573,-0.18844991295712585,0.0,1.7184644195417584,0.2020125950378672,-0.019359510980687222,-0.002903745256402222,-0.14997189157800844,0.062182307849070924,0.00981717569543487,0.0033757223551536923,-0.19997150921714052,0.01963435139086974,0.4908091874746078,progress=0.8918;speed=0.1500;settled=False
3011.520346,control_sample,east_back_to_arc,3,1790842681.156,odom,base_footprint,1.7195888757705688,0.2522931694984436,-0.029176686676122093,-0.00040698614395903027,-0.1887474397222529,0.0,1.7184063667457468,0.19901429909228752,-0.019359510980687222,-0.002903745256402222,-0.14997189157800844,0.05329199151232538,0.00981717569543487,0.0011194517321740354,-0.19554622139276473,0.01963435139086974,0.48418363545637466,progress=0.8948;speed=0.1500;settled=False
3011.540148,control_sample,east_back_to_arc,3,1790842681.156,odom,base_footprint,1.7195888757705688,0.2522931694984436,-0.029176686676122093,-0.00040698614395903027,-0.1887474397222529,0.0,1.7183482680502333,0.1960136325409907,-0.019359510980687222,-0.002903745256402222,-0.14997189157800844,0.05629320907233007,0.00981717569543487,0.0011489148508125706,-0.19854730571932608,0.01963435139086974,0.48418363545637466,progress=0.8978;speed=0.1500;settled=False
3011.560406,control_sample,east_back_to_arc,3,1790842681.156,odom,base_footprint,1.7195888757705688,0.2522931694984436,-0.029176686676122093,-0.00040698614395903027,-0.1887474397222529,0.0,1.7182901400907755,0.19301145457299557,-0.019359510980687222,-0.002903745256402222,-0.14997189157800844,0.05929593948044045,0.00981717569543487,0.001169311083605518,-0.1999965817497633,0.01963435139086974,0.48418363545637466,progress=0.9009;speed=0.1500;settled=False
3011.580231,control_sample,east_back_to_arc,3,1790842681.156,odom,base_footprint,1.7195888757705688,0.2522931694984436,-0.029176686676122093,-0.00040698614395903027,-0.1887474397222529,0.0,1.7182321483372969,0.19001631133652885,-0.019359510980687222,-0.002903745256402222,-0.14997189157800844,0.06229163484648192,0.00981717569543487,0.0011809410279801022,-0.19999651341533042,0.01963435139086974,0.48418363545637466,progress=0.9038;speed=0.1500;settled=False
3011.600358,control_sample,east_back_to_arc,3,1790842681.246,odom,base_footprint,1.7197481393814087,0.23415231704711914,-0.025054392364309404,0.0026006281187215922,-0.2015559716734909,0.04580327123403549,1.7181740296669197,0.18701461312858797,-0.019359510980687222,-0.002903745256402222,-0.14997189157800844,0.047163979392162804,0.0056948813836221815,-0.0008974888084918196,-0.18687391258067446,0.011389762767244363,0.4746413169539152,progress=0.9068;speed=0.1500;settled=False
3011.620325,control_sample,east_back_to_arc,3,1790842681.246,odom,base_footprint,1.7197481393814087,0.23415231704711914,-0.025054392364309404,0.0026006281187215922,-0.2015559716734909,0.04580327123403549,1.7181159986141536,0.1840174401725916,-0.019359510980687222,-0.002903745256402222,-0.14997189157800844,0.05016143700800617,0.0056948813836221815,-0.0008804171572334169,-0.1898715986699714,0.011389762767244363,0.4746413169539152,progress=0.9098;speed=0.1500;settled=False
3011.640308,control_sample,east_back_to_arc,3,1790842681.246,odom,base_footprint,1.7197481393814087,0.23415231704711914,-0.025054392364309404,0.0026006281187215922,-0.2015559716734909,0.04580327123403549,1.7180579160866931,0.1810176086647536,-0.019359510980687222,-0.002903745256402222,-0.14997189157800844,0.05316158471739744,0.0056948813836221815,-0.0008633303630818717,-0.19287194376626937,0.011389762767244363,0.4746413169539152,progress=0.9128;speed=0.1500;settled=False
3011.660187,segment_enter,right_arc_back,4,1790842681.246,,,1.7197481393814087,0.23415231704711914,-0.025054392364309404,,,,,,,,,,,,,,,
3011.660427,control_sample,right_arc_back,4,1790842681.246,odom,base_footprint,1.7197481393814087,0.23415231704711914,-0.025054392364309404,0.0026006281187215922,-0.2015559716734909,0.04580327123403549,1.7179927438312568,0.17801909129870758,-0.019359510980687222,-0.004168547303637355,-0.14994206619017006,0.05616066636409889,0.0056948813836221815,-0.0023715467226834404,-0.1958733961485729,0.011389762767244363,0.4746413169539152,progress=0.9158;speed=0.1500;settled=False
3011.680298,control_sample,right_arc_back,4,1790842681.246,odom,base_footprint,1.7197481393814087,0.23415231704711914,-0.025054392364309404,0.0026006281187215922,-0.2015559716734909,0.04580327123403549,1.7178868953841784,0.17502122733096948,-0.019359510980687222,-0.006416945279441033,-0.14986267985486135,0.059160375254358945,0.0056948813836221815,-0.005101877462558362,-0.1988453288608973,0.011389762767244363,0.4746413169539152,progress=0.9188;speed=0.1500;settled=False
3011.700177,control_sample,right_arc_back,4,1790842681.342,odom,base_footprint,1.7192648649215698,0.2148672193288803,-0.022092449510299147,-0.004393341264856121,-0.19882930942521784,0.030535513535141945,1.71773589598109,0.17202182858986664,-0.019359510980687222,-0.0086664943352681,-0.14974943030254492,0.04287266324360676,0.0027329385296119245,-0.0070096934153783385,-0.18297834580098618,0.005465877059223849,0.46448963823803835,progress=0.9218;speed=0.1500;settled=False
3011.720252,control_sample,right_arc_back,4,1790842681.342,odom,base_footprint,1.7192648649215698,0.2148672193288803,-0.022092449510299147,-0.004393341264856121,-0.19882930942521784,0.030535513535141945,1.7175403448268205,0.16903146391470172,-0.019359510980687222,-0.01090926784164184,-0.14960276693684285,0.04586818553142903,0.0027329385296119245,-0.009833697057886672,-0.18585580070045604,0.005465877059223849,0.46448963823803835,progress=0.9248;speed=0.1500;settled=False
3011.740283,control_sample,right_arc_back,4,1790842681.342,odom,base_footprint,1.7192648649215698,0.2148672193288803,-0.022092449510299147,-0.004393341264856121,-0.19882930942521784,0.030535513535141945,1.7172996868332204,0.16604069332950294,-0.019359510980687222,-0.013152345780540859,-0.14942227344164286,0.048866057402728966,0.0027329385296119245,-0.012704049591006291,-0.18869407967176216,0.005465877059223849,0.46448963823803835,progress=0.9278;speed=0.1500;settled=False
3011.760726,control_sample,right_arc_back,4,1790842681.342,odom,base_footprint,1.7192648649215698,0.2148672193288803,-0.022092449510299147,-0.004393341264856121,-0.19882930942521784,0.030535513535141945,1.7170079600217398,0.16299357717007765,-0.019359510980687222,-0.015437682900109892,-0.14920347833303232,0.0519227153618374,0.0027329385296119245,-0.015675927740315954,-0.19154498813025264,0.005465877059223849,0.46448963823803835,progress=0.9309;speed=0.1500;settled=False
3011.780387,control_sample,right_arc_back,4,1790842681.427,odom,base_footprint,1.718886375427246,0.19773730635643005,-0.022092449510299147,-0.004505991015556813,-0.20392749570041382,0.0,1.7166836839474062,0.16006970567842949,-0.019359510980687222,-0.017630586518845928,-0.14896027127728215,0.03773194920213728,0.0027329385296119245,-0.018572837583595618,-0.176087683537163,0.005465877059223849,0.4560126881387807,progress=0.9338;speed=0.1500;settled=False
3011.800415,control_sample,right_arc_back,4,1790842681.427,odom,base_footprint,1.718886375427246,0.19773730635643005,-0.022092449510299147,-0.004505991015556813,-0.20392749570041382,0.0,1.7163087074749175,0.15709299944415908,-0.019359510980687222,-0.019863116194548877,-0.1486790389229156,0.04072596292847279,0.0027329385296119245,-0.021567802146391493,-0.17879373201960272,0.005465877059223849,0.4560126881387807,progress=0.9368;speed=0.1500;settled=False
3011.820125,control_sample,right_arc_back,4,1790842681.427,odom,base_footprint,1.718886375427246,0.19773730635643005,-0.022092449510299147,-0.004505991015556813,-0.20392749570041382,0.0,1.7158898328638617,0.1541270382672727,-0.019359510980687222,-0.022087587077213665,-0.14836488296462377,0.043713095865453765,0.0027329385296119245,-0.024598096073607776,-0.1814502954929183,0.005465877059223849,0.4560126881387807,progress=0.9398;speed=0.1500;settled=False
3011.840381,control_sample,right_arc_back,4,1790842681.427,odom,base_footprint,1.718886375427246,0.19773730635643005,-0.022092449510299147,-0.004505991015556813,-0.20392749570041382,0.0,1.7154251696862994,0.15115906341531657,-0.019359510980687222,-0.024313568216180692,-0.1480163855814522,0.04670666612660927,0.0027329385296119245,-0.027676845124916468,-0.18406872403075109,0.005465877059223849,0.4560126881387807,progress=0.9428;speed=0.1500;settled=False
3011.860374,control_sample,right_arc_back,4,1790842681.427,odom,base_footprint,1.718886375427246,0.19773730635643005,-0.022092449510299147,-0.004505991015556813,-0.20392749570041382,0.0,1.7149166992069933,0.14820240849612537,-0.019359510980687222,-0.02653105940557414,-0.14763503272197254,0.04969370619429042,0.0027329385296119245,-0.03079032635779589,-0.18663716112147546,0.005465877059223849,0.4560126881387807,progress=0.9458;speed=0.1500;settled=False
3011.880336,control_sample,right_arc_back,4,1790842681.517,odom,base_footprint,1.7180523872375488,0.18077048659324646,-0.022092449510299147,-0.009266228038650714,-0.1885202871241252,0.0,1.7143644937619675,0.1452565676663996,-0.019359510980687222,-0.028740440027868484,-0.147220878638203,0.03570488756220759,0.0027329385296119245,-0.032460047298169835,-0.17523474171537898,0.005465877059223849,0.4476903065191458,progress=0.9488;speed=0.1500;settled=False
3011.900336,control_sample,right_arc_back,4,1790842681.517,odom,base_footprint,1.7180523872375488,0.18077048659324646,-0.022092449510299147,-0.009266228038650714,-0.1885202871241252,0.0,1.713767459415036,0.14231579183414605,-0.019359510980687222,-0.0309460219020585,-0.14677310287800457,0.03869268865638221,0.0027329385296119245,-0.03564989466544238,-0.17770925629629028,0.005465877059223849,0.4476903065191458,progress=0.9518;speed=0.1500;settled=False
3011.920369,control_sample,right_arc_back,4,1790842681.517,odom,base_footprint,1.7180523872375488,0.18077048659324646,-0.022092449510299147,-0.009266228038650714,-0.1885202871241252,0.0,1.7131257829986208,0.13938171124698576,-0.019359510980687222,-0.0331465823424287,-0.14629184556569305,0.04168095673074529,0.0027329385296119245,-0.03887938441566385,-0.18013776226827574,0.005465877059223849,0.4476903065191458,progress=0.9549;speed=0.1500;settled=False
3011.940330,control_sample,right_arc_back,4,1790842681.517,odom,base_footprint,1.7180523872375488,0.18077048659324646,-0.022092449510299147,-0.009266228038650714,-0.1885202871241252,0.0,1.7124420035114636,0.136465373039342,-0.019359510980687222,-0.03533383599816163,-0.14577901095032514,0.044658923997094806,0.0027329385296119245,-0.04213623173401238,-0.18251122401125935,0.005465877059223849,0.4476903065191458,progress=0.9578;speed=0.1500;settled=False
3011.960159,control_sample,right_arc_back,4,1790842681.517,odom,base_footprint,1.7180523872375488,0.18077048659324646,-0.022092449510299147,-0.009266228038650714,-0.1885202871241252,0.0,1.7117132383009732,0.13355423996388174,-0.019359510980687222,-0.03751718580475663,-0.14523243704245745,0.04763988617749924,0.0027329385296119245,-0.04543437969446716,-0.1848398948989558,0.005465877059223849,0.4476903065191458,progress=0.9608;speed=0.1500;settled=False
3011.980370,control_sample,right_arc_back,4,1790842681.622,odom,base_footprint,1.7173224687576294,0.15997076034545898,-0.01723730099741242,-0.005933336102701833,-0.196255019078756,0.04580327123403549,1.7109414442825919,0.13065644289677836,-0.019359510980687222,-0.03969053360508432,-0.14465359152867124,0.03000077800379599,-0.0021222099832748018,-0.04999444661533148,-0.1645337930260325,-0.0042444199665496035,0.43844013152166894,progress=0.9638;speed=0.1500;settled=False
3012.000480,control_sample,right_arc_back,4,1790842681.622,odom,base_footprint,1.7173224687576294,0.15997076034545898,-0.01723730099741242,-0.005933336102701833,-0.196255019078756,0.04580327123403549,1.710123804001626,0.12776199416130724,-0.019359510980687222,-0.04186137015668778,-0.14404036131794715,0.03300341487444417,-0.0021222099832748018,-0.05337937617395027,-0.16675103905989874,-0.0042444199665496035,0.43844013152166894,progress=0.9669;speed=0.1500;settled=False
3012.020332,control_sample,right_arc_back,4,1790842681.622,odom,base_footprint,1.7173224687576294,0.15997076034545898,-0.01723730099741242,-0.005933336102701833,-0.196255019078756,0.04580327123403549,1.709266821879599,0.12489350193797437,-0.019359510980687222,-0.04401273932418717,-0.14339762472642686,0.03599038071497676,-0.0021222099832748018,-0.056781342038866554,-0.1689072054961696,-0.0042444199665496035,0.43844013152166894,progress=0.9698;speed=0.1500;settled=False
3012.040316,control_sample,right_arc_back,4,1790842681.622,odom,base_footprint,1.7173224687576294,0.15997076034545898,-0.01723730099741242,-0.005933336102701833,-0.196255019078756,0.04580327123403549,1.7083655043469728,0.12203353727658119,-0.019359510980687222,-0.04615771282023203,-0.142721636576957,0.03898025276510612,-0.0021222099832748018,-0.0602207978137373,-0.171015581594157,-0.0042444199665496035,0.43844013152166894,progress=0.9728;speed=0.1500;settled=False
3012.060179,control_sample,right_arc_back,4,1790842681.696,odom,base_footprint,1.7170850038528442,0.14619924128055573,-0.01500820916490881,-0.002831627289890259,-0.18865773064747465,0.030535513535141945,1.707422009011992,0.11918917036944246,-0.019359510980687222,-0.04829098800058615,-0.14201401507572148,0.02868653691050391,-0.004351301815778412,-0.06464165307519848,-0.16068355825455463,-0.008702603631556824,0.43298646158075366,progress=0.9758;speed=0.1500;settled=False
3012.080333,control_sample,right_arc_back,4,1790842681.696,odom,base_footprint,1.7170850038528442,0.14619924128055573,-0.01500820916490881,-0.002831627289890259,-0.18865773064747465,0.030535513535141945,1.7064326248528074,0.11634979847200841,-0.019359510980687222,-0.05042051692366177,-0.14127197695633317,0.031693255029125074,-0.004351301815778412,-0.06815682392751626,-0.16268546430439096,-0.008702603631556824,0.43298646158075366,progress=0.9788;speed=0.1500;settled=False
3012.100453,control_sample,right_arc_back,4,1790842681.696,odom,base_footprint,1.7170850038528442,0.14619924128055573,-0.01500820916490881,-0.002831627289890259,-0.18865773064747465,0.030535513535141945,1.7054023978938597,0.11353025190701911,-0.019359510980687222,-0.052535176847403775,-0.1404993067371224,0.034695045016272116,-0.004351301815778412,-0.07169584138052174,-0.1646311380503895,-0.008702603631556824,0.43298646158075366,progress=0.9819;speed=0.1500;settled=False
3012.120431,control_sample,right_arc_back,4,1790842681.696,odom,base_footprint,1.7170850038528442,0.14619924128055573,-0.01500820916490881,-0.002831627289890259,-0.18865773064747465,0.030535513535141945,1.7043301539725224,0.11072695937209413,-0.019359510980687222,-0.05463764624859764,-0.1396951237961193,0.037695742190105734,-0.004351301815778412,-0.07526305553719917,-0.16652315962394848,-0.008702603631556824,0.43298646158075366,progress=0.9849;speed=0.1500;settled=False
3012.140400,control_sample,right_arc_back,4,1790842681.696,odom,base_footprint,1.7170850038528442,0.14619924128055573,-0.01500820916490881,-0.002831627289890259,-0.18865773064747465,0.030535513535141945,1.70321774411326,0.10794443166652239,-0.019359510980687222,-0.05672454202777628,-0.13886081640167264,0.040690678923938205,-0.004351301815778412,-0.07885259901430791,-0.16835859576184115,-0.008702603631556824,0.43298646158075366,progress=0.9878;speed=0.1500;settled=False
3012.160275,control_sample,right_arc_back,4,1790842681.796,odom,base_footprint,1.715021014213562,0.12761519849300385,-0.013481433027163354,-0.02035559858075901,-0.18587173350495428,0.015267756767570972,1.7020646023735835,0.10518083929887914,-0.019359510980687222,-0.058797236303508575,-0.13799596009691506,0.025906931123121153,-0.005878077953523867,-0.07740107435222827,-0.1519124151597831,-0.011756155907047735,0.42457613335471867,progress=0.9908;speed=0.1500;settled=False
3012.180271,control_sample,right_arc_back,4,1790842681.796,odom,base_footprint,1.715021014213562,0.12761519849300385,-0.013481433027163354,-0.02035559858075901,-0.18587173350495428,0.015267756767570972,1.7008667953076844,0.10242712312448704,-0.019359510980687222,-0.06086252343430268,-0.13709760479749075,0.028892577829013236,-0.005878077953523867,-0.0810543018959161,-0.1536375109903418,-0.011756155907047735,0.42457613335471867,progress=0.9938;speed=0.1500;settled=False
3012.200367,control_sample,right_arc_back,4,1790842681.796,odom,base_footprint,1.715021014213562,0.12761519849300385,-0.013481433027163354,-0.02035559858075901,-0.18587173350495428,0.015267756767570972,1.6996293280811314,0.09969505639863045,-0.019359510980687222,-0.06291157347869535,-0.1361695043775761,0.03188163008017716,-0.005878077953523867,-0.08472847631354355,-0.15530554042729822,-0.011756155907047735,0.42457613335471867,progress=0.9968;speed=0.1500;settled=False
3012.220515,control_sample,right_arc_back,4,1790842681.796,odom,base_footprint,1.715021014213562,0.12761519849300385,-0.013481433027163354,-0.02035559858075901,-0.18587173350495428,0.015267756767570972,1.6983414056792363,0.09696181914381258,-0.019359510980687222,-0.06496150141980873,-0.13520356257615473,0.03489755014873933,-0.005878077953523867,-0.08845475109061189,-0.15693002914495613,-0.011756155907047735,0.42457613335471867,progress=0.9999;speed=0.1500;settled=False
3012.240101,control_sample,right_arc_back,4,1790842681.796,odom,base_footprint,1.715021014213562,0.12761519849300385,-0.013481433027163354,-0.02035559858075901,-0.18587173350495428,0.015267756767570972,1.6970326203652373,0.094288988620302,-0.019359510980687222,-0.06696612431244164,-0.13422197359065544,0.03787107838076198,-0.005878077953523867,-0.09214859323886725,-0.15847489004931495,-0.011756155907047735,0.42457613335471867,progress=1.0028;speed=0.1500;settled=False
3012.260202,control_sample,right_arc_back,4,1790842681.902,odom,base_footprint,1.711759090423584,0.10828722268342972,-0.01511508633895961,-0.03077984591778642,-0.180585232474378,-0.015267779119312763,1.6956710611450516,0.09161053465782058,-0.019359510980687222,-0.06897496478430278,-0.1332008041755161,0.023171892662672375,-0.004244424641727612,-0.09056934193207605,-0.14178571412544422,-0.008488849283455224,0.415472774073305,progress=1.0058;speed=0.1500;settled=False
3012.280466,control_sample,right_arc_back,4,1790842681.902,odom,base_footprint,1.711759090423584,0.10828722268342972,-0.01511508633895961,-0.03077984591778642,-0.180585232474378,-0.015267779119312763,1.6942717609323965,0.08895720120742476,-0.019359510980687222,-0.07096496487209965,-0.13215132901602492,0.02606638492380883,-0.004244424641727612,-0.09433514055122805,-0.1432367613425469,-0.008488849283455224,0.415472774073305,progress=1.0088;speed=0.1500;settled=False
3012.300357,control_sample,right_arc_back,4,1790842681.902,odom,base_footprint,1.711759090423584,0.10828722268342972,-0.01511508633895961,-0.03077984591778642,-0.180585232474378,-0.015267779119312763,1.6928325780887277,0.08632471263271634,-0.019359510980687222,-0.07293933130313077,-0.13107194188327312,0.028992494147436758,-0.004244424641727612,-0.09812291658637551,-0.14463139504978373,-0.008488849283455224,0.415472774073305,progress=1.0118;speed=0.1500;settled=False
3012.320350,control_sample,right_arc_back,4,1790842681.966,odom,base_footprint,1.708856225013733,0.09692491590976715,-0.01415321860549107,-0.04590289637197682,-0.18039825707664614,0.015267734415829182,1.6913542814623674,0.08371447888542381,-0.019359510980687222,-0.0748970066136001,-0.12996321941350308,0.021927919975440552,-0.005206292375196153,-0.09630439565219183,-0.13446308773243323,-0.010412584750392306,0.40951445274327947,progress=1.0148;speed=0.1500;settled=False
3012.340315,control_sample,right_arc_back,4,1790842681.966,odom,base_footprint,1.708856225013733,0.09692491590976715,-0.01415321860549107,-0.04590289637197682,-0.18039825707664614,0.015267734415829182,1.6898377023406423,0.08112788583617048,-0.019359510980687222,-0.07683695140054021,-0.12882578507220913,0.024723477987794874,-0.005206292375196153,-0.10013123345921182,-0.13573904762989425,-0.010412584750392306,0.40951445274327947,progress=1.0178;speed=0.1500;settled=False
3012.360169,control_sample,right_arc_back,4,1790842681.966,odom,base_footprint,1.708856225013733,0.09692491590976715,-0.01415321860549107,-0.04590289637197682,-0.18039825707664614,0.015267734415829182,1.6882823802852622,0.07856409888346455,-0.019359510980687222,-0.07875979161506953,-0.12765929353067415,0.027575400065721335,-0.005206292375196153,-0.10397710314432983,-0.13695759639383773,-0.010412584750392306,0.40951445274327947,progress=1.0208;speed=0.1500;settled=False
3012.380252,control_sample,right_arc_back,4,1790842681.966,odom,base_footprint,1.708856225013733,0.09692491590976715,-0.01415321860549107,-0.04590289637197682,-0.18039825707664614,0.015267734415829182,1.6866877361042756,0.07602225986758097,-0.019359510980687222,-0.08066617087698225,-0.1264633103949343,0.03046904872401951,-0.005206292375196153,-0.10784335134001144,-0.1381190900054328,-0.010412584750392306,0.40951445274327947,progress=1.0238;speed=0.1500;settled=False
3012.400353,control_sample,right_arc_back,4,1790842681.966,odom,base_footprint,1.708856225013733,0.09692491590976715,-0.01415321860549107,-0.04590289637197682,-0.18039825707664614,0.015267734415829182,1.6850540300286205,0.07350295206996305,-0.019359510980687222,-0.08255565172519583,-0.12523803083819296,0.033393605319318245,-0.005206292375196153,-0.11172919788100971,-0.13922316831352866,-0.010412584750392306,0.40951445274327947,progress=1.0268;speed=0.1500;settled=False
3012.420369,control_sample,right_arc_back,4,1790842682.071,odom,base_footprint,1.7032523155212402,0.07933293282985687,-0.014153214880294064,-0.053370855642323134,-0.1675426934333258,3.346069377130334e-08,1.6833846825450305,0.07101138662222485,-0.019359510980687222,-0.08442432581099954,-0.1239860202255004,0.021539985407681497,-0.005206296100393158,-0.1087423597929314,-0.1251477685786115,-0.010412592200786316,0.3997119583377711,progress=1.0298;speed=0.1500;settled=False
3012.440332,control_sample,right_arc_back,4,1790842682.071,odom,base_footprint,1.7032523155212402,0.07933293282985687,-0.014153214880294064,-0.053370855642323134,-0.1675426934333258,3.346069377130334e-08,1.6816777197684698,0.06854450507586278,-0.019359510980687222,-0.0862744869707711,-0.12270579814307979,0.02412163666293417,-0.005206296100393158,-0.11265595188158803,-0.12613387044975333,-0.010412592200786316,0.3997119583377711,progress=1.0328;speed=0.1500;settled=False
3012.462630,control_sample,right_arc_back,4,1790842682.071,odom,base_footprint,1.7032523155212402,0.07933293282985687,-0.014153214880294064,-0.053370855642323134,-0.1675426934333258,3.346069377130334e-08,1.6798627197911993,0.0660054220773931,-0.019359510980687222,-0.08817879921962325,-0.12134454816012695,0.026920173314296986,-0.005206296100393158,-0.11674289942102066,-0.1270973914858124,-0.010412592200786316,0.3997119583377711,progress=1.0360;speed=0.1500;settled=False
3012.480372,control_sample,right_arc_back,4,1790842682.071,odom,base_footprint,1.7032523155212402,0.07933293282985687,-0.014153214880294064,-0.053370855642323134,-0.1675426934333258,3.346069377130334e-08,1.6781535824095322,0.0636886933216049,-0.019359510980687222,-0.08991634578646443,-0.12006269512387667,0.029575135394521918,-0.005206296100393158,-0.12052569469290161,-0.12792951686660706,-0.010412592200786316,0.3997119583377711,progress=1.0388;speed=0.1500;settled=False
3012.500360,control_sample,right_arc_back,4,1790842682.148,odom,base_footprint,1.6979074478149414,0.0670769214630127,-0.014153213948994818,-0.0685232732670326,-0.15712832591865444,1.1153564294374974e-08,1.6763379740608646,0.061301871190786214,-0.019359510980687222,-0.09170646238457854,-0.11870098886237586,0.02232920517337219,-0.005206297031692404,-0.1162478576568775,-0.11844766072842233,-0.010412594063384809,0.391840014007716,progress=1.0418;speed=0.1500;settled=False
3012.520285,control_sample,right_arc_back,4,1790842682.148,odom,base_footprint,1.6979074478149414,0.0670769214630127,-0.014153213948994818,-0.0685232732670326,-0.15712832591865444,1.1153564294374974e-08,1.6744869552981612,0.05894275853084442,-0.019359510980687222,-0.0934757968795346,-0.11731272479034827,0.024792823081198716,-0.005206297031692404,-0.12021186915471722,-0.119197033185171,-0.010412594063384809,0.391840014007716,progress=1.0448;speed=0.1500;settled=False
3012.540599,control_sample,right_arc_back,4,1790842682.148,odom,base_footprint,1.6979074478149414,0.0670769214630127,-0.014153213948994818,-0.0685232732670326,-0.15712832591865444,1.1153564294374974e-08,1.672598252247524,0.05660859200060788,-0.019359510980687222,-0.09522642177721223,-0.11589619750237053,0.0273887075635787,-0.005206297031692404,-0.12419194495662625,-0.1198877651338725,-0.010412594063384809,0.391840014007716,progress=1.0478;speed=0.1500;settled=False
3012.560402,control_sample,right_arc_back,4,1790842682.148,odom,base_footprint,1.6979074478149414,0.0670769214630127,-0.014153213948994818,-0.0685232732670326,-0.15712832591865444,1.1153564294374974e-08,1.6706758155367438,0.05430433557260293,-0.019359510980687222,-0.09695461409821586,-0.11445436996928532,0.030078243746317155,-0.005206297031692404,-0.1281796876354922,-0.12051832916741947,-0.010412594063384809,0.391840014007716,progress=1.0508;speed=0.1500;settled=False
3012.580378,control_sample,right_arc_back,4,1790842682.148,odom,base_footprint,1.6979074478149414,0.0670769214630127,-0.014153213948994818,-0.0685232732670326,-0.15712832591865444,1.1153564294374974e-08,1.668719423021024,0.0520296420321394,-0.019359510980687222,-0.09866063425356358,-0.11298707558249553,0.032838413628570984,-0.005206297031692404,-0.13217562969130903,-0.12108888012202795,-0.010412594063384809,0.391840014007716,progress=1.0538;speed=0.1500;settled=False
3012.600390,control_sample,right_arc_back,4,1790842682.236,odom,base_footprint,1.6910649538040161,0.05386292189359665,-0.014153213948994818,-0.07864894223609259,-0.15188506412434516,0.0,1.6667305244567667,0.04978610395482929,-0.019359510980687222,-0.10034328781154622,-0.1114954016593025,0.024673566749907228,-0.005206297031692404,-0.12748232575813262,-0.10930945939528686,-0.010412594063384809,0.3826304525249451,progress=1.0568;speed=0.1500;settled=False
3012.620279,control_sample,right_arc_back,4,1790842682.236,odom,base_footprint,1.6910649538040161,0.05386292189359665,-0.014153213948994818,-0.07864894223609259,-0.15188506412434516,0.0,1.6647089715912189,0.04757344574976311,-0.019359510980687222,-0.10200278146534583,-0.10997923701014159,0.027096038613884776,-0.005206297031692404,-0.1314893033755055,-0.10975947481085778,-0.010412594063384809,0.3826304525249451,progress=1.0598;speed=0.1500;settled=False
3012.640255,control_sample,right_arc_back,4,1790842682.236,odom,base_footprint,1.6910649538040161,0.05386292189359665,-0.014153213948994818,-0.07864894223609259,-0.15188506412434516,0.0,1.662650386777086,0.04538703694899565,-0.019359510980687222,-0.10364258806592123,-0.10843529839954222,0.029651783165975235,-0.005206297031692404,-0.13551053032903287,-0.1101501077881224,-0.010412594063384809,0.3826304525249451,progress=1.0628;speed=0.1500;settled=False
3012.660499,control_sample,right_arc_back,4,1790842682.236,odom,base_footprint,1.6910649538040161,0.05386292189359665,-0.014153213948994818,-0.07864894223609259,-0.15188506412434516,0.0,1.6605532005944421,0.04322568701637003,-0.019359510980687222,-0.10526360051539047,-0.10686240876255919,0.032312812470523755,-0.005206297031692404,-0.13954865039776743,-0.11048117378354175,-0.010412594063384809,0.3826304525249451,progress=1.0659;speed=0.1500;settled=False
3012.680968,control_sample,right_arc_back,4,1790842682.236,odom,base_footprint,1.6910649538040161,0.05386292189359665,-0.014153213948994818,-0.07864894223609259,-0.15188506412434516,0.0,1.6584362453264714,0.041108511996140615,-0.019359510980687222,-0.10685148178056274,-0.10527469231158107,0.03503295004342232,-0.005206297031692404,-0.14356766113679656,-0.11074999600633954,-0.010412594063384809,0.3826304525249451,progress=1.0689;speed=0.1500;settled=False
3012.700435,control_sample,right_arc_back,4,1790842682.353,odom,base_footprint,1.6788970232009888,0.037327736616134644,-0.014153214880294064,-0.10399921515198433,-0.1413263693040682,-5.576782147187487e-09,1.6562865576303332,0.03902204331751135,-0.019359510980687222,-0.1084163332895346,-0.10366242653947741,0.02267385782173233,-0.005206296100393158,-0.13056049209516035,-0.09629276450266826,-0.010412592200786316,0.3680515894980906,progress=1.0718;speed=0.1500;settled=False
3012.720444,control_sample,right_arc_back,4,1790842682.353,odom,base_footprint,1.6788970232009888,0.037327736616134644,-0.014153214880294064,-0.10399921515198433,-0.1413263693040682,-5.576782147187487e-09,1.654101440280992,0.03696390722597151,-0.019359510980687222,-0.1099599353581893,-0.10202358852747156,0.024798252038552748,-0.005206296100393158,-0.13459623214954078,-0.09644142665833909,-0.010412592200786316,0.3680515894980906,progress=1.0749;speed=0.1500;settled=False
3012.740320,control_sample,right_arc_back,4,1790842682.353,odom,base_footprint,1.6788970232009888,0.037327736616134644,-0.014153214880294064,-0.10399921515198433,-0.1413263693040682,-5.576782147187487e-09,1.6518909515655944,0.034943544597045,-0.019359510980687222,-0.11147520732988433,-0.10036572199092329,0.027111109840062673,-0.005206296100393158,-0.13862420608248985,-0.09652936512824463,-0.010412592200786316,0.3680515894980906,progress=1.0778;speed=0.1500;settled=False
3012.760361,control_sample,right_arc_back,4,1790842682.353,odom,base_footprint,1.6788970232009888,0.037327736616134644,-0.014153214880294064,-0.10399921515198433,-0.1413263693040682,-5.576782147187487e-09,1.6496392108652347,0.03294667991579924,-0.019359510980687222,-0.11297285584081879,-0.09867691646565359,0.029584003117998713,-0.005206296100393158,-0.14267313984023142,-0.0965569694602341,-0.010412592200786316,0.3680515894980906,progress=1.0809;speed=0.1500;settled=False
3012.780356,control_sample,right_arc_back,4,1790842682.416,odom,base_footprint,1.672670841217041,0.028740860521793365,-0.016076953953312517,-0.09909013870062103,-0.1361092487923347,-0.030535541474819183,1.647369863326513,0.03099425075340229,-0.019359510980687222,-0.11443717771261627,-0.09697490581161232,0.025401126938639877,-0.003282557027374705,-0.14139216711938565,-0.08917922918236879,-0.00656511405474941,0.36080134909855466,progress=1.0838;speed=0.1500;settled=False
3012.800078,control_sample,right_arc_back,4,1790842682.416,odom,base_footprint,1.672670841217041,0.028740860521793365,-0.016076953953312517,-0.09909013870062103,-0.1361092487923347,-0.030535541474819183,1.6450763292475168,0.0290799391385813,-0.019359510980687222,-0.11587291142373193,-0.09525475525236507,0.027596595173038623,-0.003282557027374705,-0.14541047193880857,-0.08909394842379184,-0.00656511405474941,0.36080134909855466,progress=1.0868;speed=0.1500;settled=False
3012.820617,control_sample,right_arc_back,4,1790842682.416,odom,base_footprint,1.672670841217041,0.028740860521793365,-0.016076953953312517,-0.09909013870062103,-0.1361092487923347,-0.030535541474819183,1.6427373217062065,0.027186438105681353,-0.019359510980687222,-0.11729303719840711,-0.09350049959638225,0.029973852260816006,-0.003282557027374705,-0.14945650973595426,-0.0889473688880811,-0.00656511405474941,0.36080134909855466,progress=1.0898;speed=0.1500;settled=False
3012.840114,control_sample,right_arc_back,4,1790842682.416,odom,base_footprint,1.672670841217041,0.028740860521793365,-0.016076953953312517,-0.09909013870062103,-0.1361092487923347,-0.030535541474819183,1.6403796659672283,0.02533574734156906,-0.019359510980687222,-0.1186810552714914,-0.09173225779214855,0.03247021396271136,-0.003282557027374705,-0.15348362710115654,-0.08874088379419036,-0.00656511405474941,0.36080134909855466,progress=1.0928;speed=0.1500;settled=False
3012.860228,control_sample,right_arc_back,4,1790842682.51,odom,base_footprint,1.6613430976867676,0.017294783145189285,-0.021878705131472945,-0.1199363068453323,-0.11979119392292449,-0.06107104942202568,1.637988329622425,0.023515942451077902,-0.019359510980687222,-0.12004590893935962,-0.08993875553354612,0.024169154193899395,0.002519194150785723,-0.14168740182908424,-0.0808661517706507,0.005038388301571446,0.34838487011825064,progress=1.0958;speed=0.1500;settled=False
3012.880531,control_sample,right_arc_back,4,1790842682.51,odom,base_footprint,1.6613430976867676,0.017294783145189285,-0.021878705131472945,-0.1199363068453323,-0.11979119392292449,-0.06107104942202568,1.6355729972579693,0.02173450538850756,-0.019359510980687222,-0.12138198673628746,-0.0881272562602044,0.026149745882286544,0.002519194150785723,-0.14571364946397655,-0.0805617989218943,0.005038388301571446,0.34838487011825064,progress=1.0988;speed=0.1500;settled=False
3012.900597,control_sample,right_arc_back,4,1790842682.51,odom,base_footprint,1.6613430976867676,0.017294783145189285,-0.021878705131472945,-0.1199363068453323,-0.11979119392292449,-0.06107104942202568,1.6331330267122945,0.019990793899844962,-0.019359510980687222,-0.12268977035278429,-0.0862972783509483,0.02833860579446394,0.002519194150785723,-0.14973189492139186,-0.08019735669166785,0.005038388301571446,0.34838487011825064,progress=1.1018;speed=0.1500;settled=False
3012.920243,control_sample,right_arc_back,4,1790842682.51,odom,base_footprint,1.6613430976867676,0.017294783145189285,-0.021878705131472945,-0.1199363068453323,-0.11979119392292449,-0.06107104942202568,1.6306656728361557,0.01828283516525814,-0.019359510980687222,-0.12397073940372451,-0.08444676294384426,0.03069333221172476,0.002519194150785723,-0.15374666869715883,-0.07977242628351396,0.005038388301571446,0.34838487011825064,progress=1.1048;speed=0.1500;settled=False
3012.940237,control_sample,right_arc_back,4,1790842682.51,odom,base_footprint,1.6613430976867676,0.017294783145189285,-0.021878705131472945,-0.1199363068453323,-0.11979119392292449,-0.06107104942202568,1.628149686667209,0.01659673593168905,-0.019359510980687222,-0.1252353138289014,-0.08255977331713413,0.03320075006721433,0.002519194150785723,-0.15779183003760336,-0.07928251654688416,0.005038388301571446,0.34838487011825064,progress=1.1079;speed=0.1500;settled=False
3012.960234,control_sample,right_arc_back,4,1790842682.602,odom,base_footprint,1.650319218635559,0.00674302875995636,-0.021878705131472945,-0.11982473919406163,-0.11469297640013586,0.0,1.625656562795569,0.014979618445802395,-0.019359510980687222,-0.12644815194331616,-0.08068993041340429,0.026001692305209306,0.002519194150785723,-0.15096272588881765,-0.06897184398510618,0.005038388301571446,0.3366346414487503,progress=1.1109;speed=0.1500;settled=False
3012.980360,control_sample,right_arc_back,4,1790842682.602,odom,base_footprint,1.650319218635559,0.00674302875995636,-0.021878705131472945,-0.11982473919406163,-0.11469297640013586,0.0,1.623115954732001,0.013385071520464548,-0.019359510980687222,-0.12764406213731963,-0.07878447436572825,0.028002398094431842,0.002519194150785723,-0.15495261354690468,-0.06836698550435974,0.005038388301571446,0.3366346414487503,progress=1.1138;speed=0.1500;settled=False
3013.000399,control_sample,right_arc_back,4,1790842682.602,odom,base_footprint,1.650319218635559,0.00674302875995636,-0.021878705131472945,-0.11982473919406163,-0.11469297640013586,0.0,1.6205532683504658,0.011829730997008375,-0.019359510980687222,-0.12881056752991163,-0.07686245957957676,0.03019745578725263,0.002519194150785723,-0.15893058934489293,-0.06770277533567855,0.005038388301571446,0.3366346414487503,progress=1.1168;speed=0.1500;settled=False
3013.020348,control_sample,right_arc_back,4,1790842682.602,odom,base_footprint,1.650319218635559,0.00674302875995636,-0.021878705131472945,-0.11982473919406163,-0.11469297640013586,0.0,1.6179655745535326,0.010311831904528786,-0.019359510980687222,-0.12994899184927153,-0.07492168923187704,0.032549879281975155,0.002519194150785723,-0.1629011888324152,-0.06697844130151212,0.005038388301571446,0.3366346414487503,progress=1.1198;speed=0.1500;settled=False
3013.040330,control_sample,right_arc_back,4,1790842682.686,odom,base_footprint,1.6401667594909668,-0.0025602830573916435,-0.02314593037738881,-0.12246000690099455,-0.11193299676541696,-0.015267761424183846,1.615355345094144,0.008832885587741396,-0.019359510980687222,-0.13105820158686216,-0.0729640171373356,0.027302208265034295,0.0037864193967015874,-0.1563024350593548,-0.0574098723546471,0.007572838793403175,0.3260828986566162,progress=1.1228;speed=0.1500;settled=False
3013.060386,control_sample,right_arc_back,4,1790842682.686,odom,base_footprint,1.6401667594909668,-0.0025602830573916435,-0.02314593037738881,-0.12246000690099455,-0.11193299676541696,-0.015267761424183846,1.6126986595271955,0.007380063879440723,-0.019359510980687222,-0.13214781786808744,-0.07097150296212411,0.029211419219961326,0.0037864193967015874,-0.16028731179015407,-0.056563675838791544,0.007572838793403175,0.3260828986566162,progress=1.1259;speed=0.1500;settled=False
3013.080340,control_sample,right_arc_back,4,1790842682.686,odom,base_footprint,1.6401667594909668,-0.0025602830573916435,-0.02314593037738881,-0.12246000690099455,-0.11193299676541696,-0.015267761424183846,1.610069695913663,0.005993219535369807,-0.019359510980687222,-0.1331879511261406,-0.06899978025197458,0.03128890606238336,0.0037864193967015874,-0.16418605980765966,-0.05567444683910494,0.007572838793403175,0.3260828986566162,progress=1.1288;speed=0.1500;settled=False
3013.100343,control_sample,right_arc_back,4,1790842682.686,odom,base_footprint,1.6401667594909668,-0.0025602830573916435,-0.02314593037738881,-0.12246000690099455,-0.11193299676541696,-0.015267761424183846,1.6073943944491407,0.0046326082804839675,-0.019359510980687222,-0.1342084095673051,-0.06699330415358304,0.033552430556268095,0.0037864193967015874,-0.16810910213632008,-0.05471782489702775,0.007572838793403175,0.3260828986566162,progress=1.1318;speed=0.1500;settled=False
3013.120680,control_sample,right_arc_back,4,1790842682.686,odom,base_footprint,1.6401667594909668,-0.0025602830573916435,-0.02314593037738881,-0.12246000690099455,-0.11193299676541696,-0.015267761424183846,1.6047008924457824,0.0033132185628851974,-0.019359510980687222,-0.13519795185550418,-0.06497317765106436,0.03594893248136989,0.0037864193967015874,-0.17201458381576454,-0.05370317896941825,0.007572838793403175,0.3260828986566162,progress=1.1348;speed=0.1500;settled=False
3013.140325,control_sample,right_arc_back,4,1790842682.776,odom,base_footprint,1.6280248165130615,-0.011460633017122746,-0.0258941264293955,-0.13518139191200612,-0.09852165088743761,-0.03053552471101284,1.6019884173460566,0.002034604622250761,-0.019359510980687222,-0.13615691231097987,-0.06293882132626999,0.029326021218821684,0.006534615448708276,-0.16123807874141066,-0.04651726458898237,0.013069230897416552,0.31379077709914904,progress=1.1378;speed=0.1500;settled=False
3013.160299,control_sample,right_arc_back,4,1790842682.776,odom,base_footprint,1.6280248165130615,-0.011460633017122746,-0.0258941264293955,-0.13518139191200612,-0.09852165088743761,-0.03053552471101284,1.5992557168463593,0.0007961991817504897,-0.019359510980687222,-0.1370857163913551,-0.06088929595149671,0.03127124927443713,0.006534615448708276,-0.16511566824558438,-0.04539625935318904,0.013069230897416552,0.31379077709914904,progress=1.1408;speed=0.1500;settled=False
3013.180374,control_sample,right_arc_back,4,1790842682.776,odom,base_footprint,1.6280248165130615,-0.011460633017122746,-0.0258941264293955,-0.13518139191200612,-0.09852165088743761,-0.03053552471101284,1.5965055946900795,-0.0004007131738737917,-0.019359510980687222,-0.13798340065807327,-0.05882670433428702,0.03340334072013517,0.006534615448708276,-0.16897482257699883,-0.044217584899554005,0.013069230897416552,0.31379077709914904,progress=1.1438;speed=0.1500;settled=False
3013.200267,control_sample,right_arc_back,4,1790842682.776,odom,base_footprint,1.6280248165130615,-0.011460633017122746,-0.0258941264293955,-0.13518139191200612,-0.09852165088743761,-0.03053552471101284,1.5937365753871309,-0.001556763891813316,-0.019359510980687222,-0.13885043869652802,-0.05674993985707565,0.03568991598702944,0.006534615448708276,-0.1728176028761491,-0.04298059788398774,0.013069230897416552,0.31379077709914904,progress=1.1468;speed=0.1500;settled=False
3013.220215,control_sample,right_arc_back,4,1790842682.776,odom,base_footprint,1.6280248165130615,-0.011460633017122746,-0.0258941264293955,-0.13518139191200612,-0.09852165088743761,-0.03053552471101284,1.5909519898290205,-0.0026705676083011937,-0.019359510980687222,-0.13968579148389396,-0.05466150068849278,0.03810065259593729,0.006534615448708276,-0.17663939121072245,-0.041686791681749234,0.013069230897416552,0.31379077709914904,progress=1.1498;speed=0.1500;settled=False
3013.240232,control_sample,right_arc_back,4,1790842682.879,odom,base_footprint,1.613205075263977,-0.020360879600048065,-0.027481972083407285,-0.14263361158197602,-0.08535292201664473,-0.015267751179635525,1.588153510697262,-0.0037415579199225934,-0.019359510980687222,-0.14048903421761,-0.052562641339674025,0.030062979565368825,0.00812246110272006,-0.16424187286832698,-0.03391119099986751,0.01624492220544012,0.2990722350833825,progress=1.1528;speed=0.1500;settled=False
3013.260411,control_sample,right_arc_back,4,1790842682.879,odom,base_footprint,1.613205075263977,-0.020360879600048065,-0.027481972083407285,-0.14263361158197602,-0.08535292201664473,-0.015267751179635525,1.58532968190125,-0.004773937208405581,-0.019359510980687222,-0.1412633186839722,-0.050444769742665145,0.031937287427819455,0.00812246110272006,-0.16803489278809405,-0.03250582024275391,0.01624492220544012,0.2990722350833825,progress=1.1558;speed=0.1500;settled=False
3013.280354,control_sample,right_arc_back,4,1790842682.879,odom,base_footprint,1.613205075263977,-0.020360879600048065,-0.027481972083407285,-0.14263361158197602,-0.08535292201664473,-0.015267751179635525,1.5824966458993808,-0.005761710814147056,-0.019359510980687222,-0.1420041488882782,-0.04831999274126303,0.03400210821816237,0.00812246110272006,-0.1717984398796992,-0.031046727162286993,0.01624492220544012,0.2990722350833825,progress=1.1589;speed=0.1500;settled=False
3013.300318,control_sample,right_arc_back,4,1790842682.879,odom,base_footprint,1.613205075263977,-0.020360879600048065,-0.027481972083407285,-0.14263361158197602,-0.08535292201664473,-0.015267751179635525,1.5796522574026317,-0.006705856451626106,-0.019359510980687222,-0.14271225811638746,-0.04618670136870125,0.03622500853858498,0.00812246110272006,-0.1755355644211289,-0.02953304220157949,0.01624492220544012,0.2990722350833825,progress=1.1618;speed=0.1500;settled=False
3013.320252,control_sample,right_arc_back,4,1790842682.956,odom,base_footprint,1.602176547050476,-0.02664867229759693,-0.027481972083407285,-0.14511229430166817,-0.08273410728228485,0.0,1.5767941047683904,-0.007607254556788709,-0.019359510980687222,-0.14338830669525968,-0.04404308689302032,0.03173080468225435,0.00812246110272006,-0.16788797852147244,-0.021885040969290524,0.01624492220544012,0.2882874734040857,progress=1.1648;speed=0.1500;settled=False
3013.340192,control_sample,right_arc_back,4,1790842682.956,odom,base_footprint,1.602176547050476,-0.02664867229759693,-0.027481972083407285,-0.14511229430166817,-0.08273410728228485,0.0,1.5739196186009778,-0.008466639758864268,-0.019359510980687222,-0.1440328455968163,-0.041887222267460805,0.03360119510731122,0.00812246110272006,-0.1715820072080923,-0.02025828076173116,0.01624492220544012,0.2882874734040857,progress=1.1678;speed=0.1500;settled=False
3013.360162,control_sample,right_arc_back,4,1790842682.956,odom,base_footprint,1.602176547050476,-0.02664867229759693,-0.027481972083407285,-0.14511229430166817,-0.08273410728228485,0.0,1.571034675083873,-0.009282229686171282,-0.019359510980687222,-0.1446445380422966,-0.03972351462963232,0.03565682990059878,0.00812246110272006,-0.17524855047816482,-0.018577538022199972,0.01624492220544012,0.2882874734040857,progress=1.1708;speed=0.1500;settled=False
3013.380233,control_sample,right_arc_back,4,1790842682.956,odom,base_footprint,1.602176547050476,-0.02664867229759693,-0.027481972083407285,-0.14511229430166817,-0.08273410728228485,0.0,1.5681320217519557,-0.010055985530553379,-0.019359510980687222,-0.14522485492558318,-0.03754652463069412,0.03787277329363166,0.00812246110272006,-0.17889674793202195,-0.01683849623661713,0.01624492220544012,0.2882874734040857,progress=1.1738;speed=0.1500;settled=False
3013.400376,control_sample,right_arc_back,4,1790842683.054,odom,base_footprint,1.586997628211975,-0.033230483531951904,-0.030474453237258378,-0.15508721545003892,-0.0666975461787466,-0.03053552471101284,1.5652205745915877,-0.010785450752212824,-0.019359510980687222,-0.14577195384182778,-0.03536293926041824,0.03127330428446585,0.011114942256571156,-0.1654063716953719,-0.01169630438117671,0.02222988451314231,0.2735474295552485,progress=1.1768;speed=0.1500;settled=False
3013.420277,control_sample,right_arc_back,4,1790842683.054,odom,base_footprint,1.586997628211975,-0.033230483531951904,-0.030474453237258378,-0.15508721545003892,-0.0666975461787466,-0.03053552471101284,1.5623025664766275,-0.011470222135852998,-0.019359510980687222,-0.14628553237955783,-0.033174433174198104,0.032914359330529025,0.011114942256571156,-0.16899818808394074,-0.009863459151714445,0.02222988451314231,0.2735474295552485,progress=1.1798;speed=0.1500;settled=False
3013.440255,control_sample,right_arc_back,4,1790842683.054,odom,base_footprint,1.586997628211975,-0.033230483531951904,-0.030474453237258378,-0.15508721545003892,-0.0666975461787466,-0.03053552471101284,1.5593720789979344,-0.012111724604676194,-0.019359510980687222,-0.14676665923117535,-0.03097656756517829,0.0347731641931788,0.011114942256571156,-0.17256521471085903,-0.007975332574874474,0.02222988451314231,0.2735474295552485,progress=1.1828;speed=0.1500;settled=False
3013.461800,control_sample,right_arc_back,4,1790842683.054,odom,base_footprint,1.586997628211975,-0.033230483531951904,-0.030474453237258378,-0.15508721545003892,-0.0666975461787466,-0.03053552471101284,1.5563748682853327,-0.012720416211075293,-0.019359510980687222,-0.14722317793597436,-0.02872865953072701,0.036856699350751254,0.011114942256571156,-0.17617224699995926,-0.005995520616621008,0.02222988451314231,0.2735474295552485,progress=1.1859;speed=0.1500;settled=False
3013.480219,control_sample,right_arc_back,4,1790842683.054,odom,base_footprint,1.586997628211975,-0.033230483531951904,-0.030474453237258378,-0.15508721545003892,-0.0666975461787466,-0.03053552471101284,1.5534829201514784,-0.013262689921929468,-0.019359510980687222,-0.14762988321911516,-0.0265596984303363,0.03901215756700438,0.011114942256571156,-0.17961345437850992,-0.004038985249915333,0.02222988451314231,0.2735474295552485,progress=1.1888;speed=0.1500;settled=False
3013.500234,control_sample,right_arc_back,4,1790842683.054,odom,base_footprint,1.586997628211975,-0.033230483531951904,-0.030474453237258378,-0.15508721545003892,-0.0666975461787466,-0.03053552471101284,1.550527368332259,-0.013771568759940577,-0.019359510980687222,-0.1480115423476235,-0.02434303456592159,0.04133677805294502,0.011114942256571156,-0.1830909562018099,-0.001992875985632185,0.02222988451314231,0.2735474295552485,progress=1.1918;speed=0.1500;settled=False
3013.520266,control_sample,right_arc_back,4,1790842683.162,odom,base_footprint,1.56987464427948,-0.03854751959443092,-0.03546701378597043,-0.1573335092623877,-0.047995240775337136,-0.04580330476164818,1.5475638298828192,-0.014236175172379868,-0.019359510980687222,-0.14835999715695292,-0.02212038072884199,0.03299718028331877,0.016107502805283214,-0.16903109784730716,0.0013730276940608207,0.03221500561056643,0.25696103746844107,progress=1.1948;speed=0.1500;settled=False
3013.540383,control_sample,right_arc_back,4,1790842683.162,odom,base_footprint,1.56987464427948,-0.03854751959443092,-0.03546701378597043,-0.1573335092623877,-0.047995240775337136,-0.04580330476164818,1.5445908688244034,-0.014656654372433145,-0.019359510980687222,-0.14867535655699293,-0.019890659935030135,0.03478566863405667,0.016107502805283214,-0.17246035046963157,0.003507956226112453,0.03221500561056643,0.25696103746844107,progress=1.1978;speed=0.1500;settled=False
3013.560278,control_sample,right_arc_back,4,1790842683.162,odom,base_footprint,1.56987464427948,-0.03854751959443092,-0.03546701378597043,-0.1573335092623877,-0.047995240775337136,-0.04580330476164818,1.5416193274733272,-0.015031578200321045,-0.019359510980687222,-0.14895654942790884,-0.017662003921722805,0.036760881755845715,0.016107502805283214,-0.17584878029313006,0.005688638727114977,0.03221500561056643,0.25696103746844107,progress=1.2008;speed=0.1500;settled=False
3013.580173,control_sample,right_arc_back,4,1790842683.228,odom,base_footprint,1.5589736700057983,-0.041974958032369614,-0.03645942088775601,-0.16775902691796893,-0.052563350372134124,-0.015267767943441868,1.5386350572656529,-0.01536273093076257,-0.019359510980687222,-0.14920491397573993,-0.015423801265967143,0.03349432488498785,0.017099909907068785,-0.16640108696415296,0.01255913885012444,0.03419981981413757,0.24650474060297717,progress=1.2038;speed=0.1500;settled=False
3013.600370,control_sample,right_arc_back,4,1790842683.228,odom,base_footprint,1.5589736700057983,-0.041974958032369614,-0.03645942088775601,-0.16775902691796893,-0.052563350372134124,-0.015267767943441868,1.5356434507227872,-0.015649283232696987,-0.019359510980687222,-0.149419828202191,-0.013180096358818056,0.03517584804168201,0.017099909907068785,-0.16973612910721106,0.014844984775734277,0.03419981981413757,0.24650474060297717,progress=1.2069;speed=0.1500;settled=False
3013.620292,control_sample,right_arc_back,4,1790842683.228,odom,base_footprint,1.5589736700057983,-0.041974958032369614,-0.03645942088775601,-0.16775902691796893,-0.052563350372134124,-0.015267767943441868,1.532657717654794,-0.015890131594413093,-0.019359510980687222,-0.14960046447347788,-0.010940796557822966,0.03705330644407659,0.017099909907068785,-0.17302566875230116,0.01717293512275969,0.03419981981413757,0.24650474060297717,progress=1.2098;speed=0.1500;settled=False
3013.640322,control_sample,right_arc_back,4,1790842683.228,odom,base_footprint,1.5589736700057983,-0.041974958032369614,-0.03645942088775601,-0.16775902691796893,-0.052563350372134124,-0.015267767943441868,1.529661985221342,-0.01608662707634114,-0.019359510980687222,-0.14974783608492384,-0.008693997232734056,0.039107295286074074,0.017099909907068785,-0.17628725481718094,0.019555292881642927,0.03419981981413757,0.24650474060297717,progress=1.2128;speed=0.1500;settled=False
3013.660295,control_sample,right_arc_back,4,1790842683.228,odom,base_footprint,1.5589736700057983,-0.041974958032369614,-0.03645942088775601,-0.16775902691796893,-0.052563350372134124,-0.015267767943441868,1.5266684694983954,-0.016237925470084014,-0.019359510980687222,-0.14986130988023108,-0.006448860440524029,0.04130400495031512,0.017099909907068785,-0.17950755007109545,0.02198238752564659,0.03419981981413757,0.24650474060297717,progress=1.2158;speed=0.1500;settled=False
3013.680130,control_sample,right_arc_back,4,1790842683.333,odom,base_footprint,1.5422298908233643,-0.04565059021115303,-0.03325319404163886,-0.15935131629189878,-0.03551712433298741,0.03053550235927105,1.5236667470620795,-0.01634452103841838,-0.019359510980687222,-0.14994125655648197,-0.004197568613287097,0.03469057504076912,0.013893683060951637,-0.1675733140718648,0.02581536235286757,0.027787366121903273,0.2303895733433194,progress=1.2188;speed=0.1500;settled=False
3013.700564,control_sample,right_arc_back,4,1790842683.333,odom,base_footprint,1.5422298908233643,-0.04565059021115303,-0.03325319404163886,-0.15935131629189878,-0.03551712433298741,0.03053550235927105,1.520665499772723,-0.01640600322902707,-0.019359510980687222,-0.14998736819943817,-0.0019466331462696493,0.0363355037001018,0.013893683060951637,-0.17071596584052243,0.02835192107432568,0.027787366121903273,0.2303895733433194,progress=1.2219;speed=0.1500;settled=False
3013.720401,control_sample,right_arc_back,4,1790842683.333,odom,base_footprint,1.5422298908233643,-0.04565059021115303,-0.03325319404163886,-0.15935131629189878,-0.03551712433298741,0.03053550235927105,1.5176681745031924,-0.01642244199232275,-0.019359510980687222,-0.14999969727191012,0.0003013608058783572,0.03817803762498159,0.013893683060951637,-0.17381556129020692,0.030931448656285117,0.027787366121903273,0.2303895733433194,progress=1.2248;speed=0.1500;settled=False
3013.740297,control_sample,right_arc_back,4,1790842683.333,odom,base_footprint,1.5422298908233643,-0.04565059021115303,-0.03325319404163886,-0.15935131629189878,-0.03551712433298741,0.03053550235927105,1.5146704402056381,-0.016393951214057106,-0.019359510980687222,-0.14997832918821075,0.0025496615290439197,0.040192962614831955,0.013893683060951637,-0.1768766573237209,0.033557579661729696,0.027787366121903273,0.2303895733433194,progress=1.2278;speed=0.1500;settled=False
3013.760616,segment_enter,south_back_to_start,5,1790842683.406,,,1.5308265686035156,-0.04694734513759613,-0.03436774028587227,,,,,,,,,,,,,,,
3013.760859,control_sample,south_back_to_start,5,1790842683.406,odom,base_footprint,1.5308265686035156,-0.04694734513759613,-0.03436774028587227,-0.1562293255940798,-0.0175896404415457,-0.015267779119312763,1.51166154859209,-0.0163362507776201,-0.019359510980687222,-0.14997189157800844,0.002903745256402222,0.03611560729039046,0.015008229305185049,-0.16907872343238178,0.031822598587750765,0.030016458610370098,0.2193108151735321,progress=1.2309;speed=0.1500;settled=False
3013.780416,control_sample,south_back_to_start,5,1790842683.406,odom,base_footprint,1.5308265686035156,-0.04694734513759613,-0.03436774028587227,-0.1562293255940798,-0.0175896404415457,-0.015267779119312763,1.5086673318819919,-0.01627827696347997,-0.019359510980687222,-0.14997189157800844,0.002903745256402222,0.03783680106389957,0.015008229305185049,-0.17207316405639472,0.03177765396162754,0.030016458610370098,0.2193108151735321,progress=1.2339;speed=0.1500;settled=False
3013.800283,control_sample,south_back_to_start,5,1790842683.406,odom,base_footprint,1.5308265686035156,-0.04694734513759613,-0.03436774028587227,-0.1562293255940798,-0.0175896404415457,-0.015267779119312763,1.5056750682557793,-0.01622034096481318,-0.019359510980687222,-0.14997189157800844,0.002903745256402222,0.03970827061427378,0.015008229305185049,-0.17506565145046635,0.03173273865222836,0.030016458610370098,0.2193108151735321,progress=1.2368;speed=0.1500;settled=False
3013.820400,control_sample,south_back_to_start,5,1790842683.406,odom,base_footprint,1.5308265686035156,-0.04694734513759613,-0.03436774028587227,-0.1562293255940798,-0.0175896404415457,-0.015267779119312763,1.5026709950930504,-0.01616217631072784,-0.019359510980687222,-0.14997189157800844,0.002903745256402222,0.04171885592153741,0.015008229305185049,-0.17806994926419678,0.031687646076032944,0.030016458610370098,0.2193108151735321,progress=1.2398;speed=0.1500;settled=False
3013.840369,control_sample,south_back_to_start,5,1790842683.406,odom,base_footprint,1.5308265686035156,-0.04694734513759613,-0.03436774028587227,-0.1562293255940798,-0.0175896404415457,-0.015267779119312763,1.4996706649286953,-0.016104084128314742,-0.019359510980687222,-0.14997189157800844,0.002903745256402222,0.04384058717080944,0.015008229305185049,-0.1810705037996439,0.03164260968403486,0.030016458610370098,0.2193108151735321,progress=1.2428;speed=0.1500;settled=False
3013.860371,control_sample,south_back_to_start,5,1790842683.496,odom,base_footprint,1.515627145767212,-0.048261649906635284,-0.03436774028587227,-0.16888277071154983,-0.014603373234187735,0.0,1.4966698260597437,-0.016045982096398896,-0.019359510980687222,-0.14997189157800844,0.002903745256402222,0.037379529464008264,0.015008229305185049,-0.16637656365629247,0.032923417488974614,0.030016458610370098,0.20453945081551925,progress=1.2459;speed=0.1500;settled=False
3013.880268,control_sample,south_back_to_start,5,1790842683.496,odom,base_footprint,1.515627145767212,-0.048261649906635284,-0.03436774028587227,-0.16888277071154983,-0.014603373234187735,0.0,1.4936728885595139,-0.015987955602510873,-0.019359510980687222,-0.14997189157800844,0.002903745256402222,0.0390330725613272,0.015008229305185049,-0.1693737252739037,0.0328784320224891,0.030016458610370098,0.20453945081551925,progress=1.2488;speed=0.1500;settled=False
3013.900294,control_sample,south_back_to_start,5,1790842683.496,odom,base_footprint,1.515627145767212,-0.048261649906635284,-0.03436774028587227,-0.16888277071154983,-0.014603373234187735,0.0,1.4906740651628456,-0.01592989259402815,-0.019359510980687222,-0.14997189157800844,0.002903745256402222,0.040841140564011266,0.015008229305185049,-0.1723727729289847,0.03283341824779528,0.030016458610370098,0.20453945081551925,progress=1.2518;speed=0.1500;settled=False
3013.920299,control_sample,south_back_to_start,5,1790842683.496,odom,base_footprint,1.515627145767212,-0.048261649906635284,-0.03436774028587227,-0.16888277071154983,-0.014603373234187735,0.0,1.4876746082848546,-0.015871817320124448,-0.019359510980687222,-0.14997189157800844,0.002903745256402222,0.042783707257375285,0.015008229305185049,-0.1753724541127615,0.03278839496424355,0.030016458610370098,0.20453945081551925,progress=1.2548;speed=0.1500;settled=False
3013.940303,control_sample,south_back_to_start,5,1790842683.496,odom,base_footprint,1.515627145767212,-0.048261649906635284,-0.03436774028587227,-0.16888277071154983,-0.014603373234187735,0.0,1.484673424030607,-0.015813708600882697,-0.019359510980687222,-0.14997189157800844,0.002903745256402222,0.04484419454431904,0.015008229305185049,-0.17837386280197187,0.03274334575194734,0.030016458610370098,0.20453945081551925,progress=1.2578;speed=0.1500;settled=False
3013.960348,control_sample,south_back_to_start,5,1790842683.613,odom,base_footprint,1.4962172508239746,-0.04848979040980339,-0.0325814103623498,-0.16589275200344758,-0.0022462745811118612,0.015267756767570972,1.4816770718706858,-0.015755693440312718,-0.019359510980687222,-0.14997189157800844,0.002903745256402222,0.03581812262530914,0.013221899381662577,-0.16243675612752417,0.031393025026273405,0.026443798763325154,0.18550343565614674,progress=1.2608;speed=0.1500;settled=False
3013.980225,control_sample,south_back_to_start,5,1790842683.613,odom,base_footprint,1.4962172508239746,-0.04848979040980339,-0.0325814103623498,-0.16589275200344758,-0.0022462745811118612,0.015267756767570972,1.4786782772685887,-0.01569763098934847,-0.019359510980687222,-0.14997189157800844,0.002903745256402222,0.037187918909681636,0.013221899381662577,-0.16543585060962332,0.03135336898989684,0.026443798763325154,0.18550343565614674,progress=1.2638;speed=0.1500;settled=False
3014.000304,control_sample,south_back_to_start,5,1790842683.613,odom,base_footprint,1.4962172508239746,-0.04848979040980339,-0.0325814103623498,-0.16589275200344758,-0.0022462745811118612,0.015267756767570972,1.4756757444670998,-0.015639496159629524,-0.019359510980687222,-0.14997189157800844,0.002903745256402222,0.03874397134694034,0.013221899381662577,-0.16843868366493486,0.03131366351960072,0.026443798763325154,0.18550343565614674,progress=1.2668;speed=0.1500;settled=False
3014.020278,control_sample,south_back_to_start,5,1790842683.613,odom,base_footprint,1.4962172508239746,-0.04848979040980339,-0.0325814103623498,-0.16589275200344758,-0.0022462745811118612,0.015267756767570972,1.4726783462532491,-0.015581460745436657,-0.019359510980687222,-0.14997189157800844,0.002903745256402222,0.04046032859095884,0.013221899381662577,-0.17143638161914854,0.031274025949051404,0.026443798763325154,0.18550343565614674,progress=1.2698;speed=0.1500;settled=False
3014.040294,control_sample,south_back_to_start,5,1790842683.676,odom,base_footprint,1.4856315851211548,-0.04782333970069885,-0.028733935699853358,-0.1680652855915448,0.009932043150357388,0.06107102707028389,1.469677545777105,-0.01552335945687966,-0.019359510980687222,-0.14997189157800844,0.002903745256402222,0.03602527022997329,0.009374424719166136,-0.16321127094740967,0.02912102996624864,0.01874884943833227,0.17499509443090075,progress=1.2728;speed=0.1500;settled=False
3014.060282,control_sample,south_back_to_start,5,1790842683.676,odom,base_footprint,1.4856315851211548,-0.04782333970069885,-0.028733935699853358,-0.1680652855915448,0.009932043150357388,0.06107102707028389,1.4666784297852333,-0.015465290783189112,-0.019359510980687222,-0.14997189157800844,0.002903745256402222,0.0375002056919095,0.009374424719166136,-0.16621081724275175,0.029092910121584006,0.01874884943833227,0.17499509443090075,progress=1.2758;speed=0.1500;settled=False
3014.080329,control_sample,south_back_to_start,5,1790842683.676,odom,base_footprint,1.4856315851211548,-0.04782333970069885,-0.028733935699853358,-0.1680652855915448,0.009932043150357388,0.06107102707028389,1.4636784450061746,-0.015407205288101923,-0.019359510980687222,-0.14997189157800844,0.002903745256402222,0.03915030180169116,0.009374424719166136,-0.1692112324499317,0.02906478213113214,0.01874884943833227,0.17499509443090075,progress=1.2788;speed=0.1500;settled=False
3014.100422,control_sample,south_back_to_start,5,1790842683.676,odom,base_footprint,1.4856315851211548,-0.04782333970069885,-0.028733935699853358,-0.1680652855915448,0.009932043150357388,0.06107102707028389,1.4606767808419023,-0.015349087276875903,-0.019359510980687222,-0.14997189157800844,0.002903745256402222,0.04095508914777219,0.009374424719166136,-0.17221332728327793,0.02903663839468997,0.01874884943833227,0.17499509443090075,progress=1.2819;speed=0.1500;settled=False
3014.120368,control_sample,south_back_to_start,5,1790842683.767,odom,base_footprint,1.4700990915298462,-0.04714478552341461,-0.02456584006887277,-0.17071680635352027,0.006745130476883373,0.04580327123403549,1.4576792626505113,-0.015291049539686307,-0.019359510980687222,-0.14997189157800844,0.002903745256402222,0.0341893645087625,0.005206329088185548,-0.15902988107560528,0.03009197399908662,0.010412658176371097,0.15966425775266338,progress=1.2848;speed=0.1500;settled=False
3014.140286,control_sample,south_back_to_start,5,1790842683.767,odom,base_footprint,1.4700990915298462,-0.04714478552341461,-0.02456584006887277,-0.17071680635352027,0.006745130476883373,0.04580327123403549,1.4546811303243083,-0.015232999911661514,-0.019359510980687222,-0.14997189157800844,0.002903745256402222,0.03544115670609471,0.005206329088185548,-0.1620285346845589,0.0300763618805167,0.010412658176371097,0.15966425775266338,progress=1.2878;speed=0.1500;settled=False
3014.160260,control_sample,south_back_to_start,5,1790842683.767,odom,base_footprint,1.4700990915298462,-0.04714478552341461,-0.02456584006887277,-0.17071680635352027,0.006745130476883373,0.04580327123403549,1.4516824939425204,-0.015174940524147803,-0.019359510980687222,-0.14997189157800844,0.002903745256402222,0.03689501397168241,0.005206329088185548,-0.1650276924367373,0.030060747137187524,0.010412658176371097,0.15966425775266338,progress=1.2908;speed=0.1500;settled=False
3014.180333,control_sample,south_back_to_start,5,1790842683.767,odom,base_footprint,1.4700990915298462,-0.04714478552341461,-0.02456584006887277,-0.17071680635352027,0.006745130476883373,0.04580327123403549,1.4486786608847058,-0.015116780518956988,-0.019359510980687222,-0.14997189157800844,0.002903745256402222,0.038530870137966446,0.005206329088185548,-0.16803204776848402,0.030045105333304158,0.010412658176371097,0.15966425775266338,progress=1.2939;speed=0.1500;settled=False
3014.200249,control_sample,south_back_to_start,5,1790842683.767,odom,base_footprint,1.4700990915298462,-0.04714478552341461,-0.02456584006887277,-0.17071680635352027,0.006745130476883373,0.04580327123403549,1.4456823951086355,-0.015058767030945077,-0.019359510980687222,-0.14997189157800844,0.002903745256402222,0.04031981704850184,0.005206329088185548,-0.17102883450276946,0.030029502934385943,0.010412658176371097,0.15966425775266338,progress=1.2968;speed=0.1500;settled=False
3014.220249,control_sample,south_back_to_start,5,1790842683.862,odom,base_footprint,1.453948974609375,-0.04674796387553215,-0.018703022223512233,-0.16825182536282834,0.003147184602379551,0.06107102707028389,1.4426852320507473,-0.015000736169825477,-0.019359510980687222,-0.14997189157800844,0.002903745256402222,0.033686174662983494,-0.0006564887571749896,-0.15819921684075477,0.03164918945131037,-0.0013129775143499792,0.14384628486645976,progress=1.2998;speed=0.1500;settled=False
3014.240397,control_sample,south_back_to_start,5,1790842683.862,odom,base_footprint,1.453948974609375,-0.04674796387553215,-0.018703022223512233,-0.16825182536282834,0.003147184602379551,0.06107102707028389,1.4396819315431482,-0.014942586475834622,-0.019359510980687222,-0.14997189157800844,0.002903745256402222,0.034858722715996944,-0.0006564887571749896,-0.16120307959345553,0.03165116145371891,-0.0013129775143499792,0.14384628486645976,progress=1.3028;speed=0.1500;settled=False
3014.260374,control_sample,south_back_to_start,5,1790842683.862,odom,base_footprint,1.453948974609375,-0.04674796387553215,-0.018703022223512233,-0.16825182536282834,0.003147184602379551,0.06107102707028389,1.4366813806201844,-0.014884490019108814,-0.019359510980687222,-0.14997189157800844,0.002903745256402222,0.03624156134018658,-0.0006564887571749896,-0.16420419224677374,0.03165313165071786,-0.0013129775143499792,0.14384628486645976,progress=1.3059;speed=0.1500;settled=False
3014.280322,control_sample,south_back_to_start,5,1790842683.862,odom,base_footprint,1.453948974609375,-0.04674796387553215,-0.018703022223512233,-0.16825182536282834,0.003147184602379551,0.06107102707028389,1.4336847165187543,-0.014826468818749194,-0.019359510980687222,-0.14997189157800844,0.002903745256402222,0.0378103425351253,-0.0006564887571749896,-0.16720141735091,0.03165509929558412,-0.0013129775143499792,0.14384628486645976,progress=1.3088;speed=0.1500;settled=False
3014.300370,control_sample,south_back_to_start,5,1790842683.947,odom,base_footprint,1.439395546913147,-0.046047311276197433,-0.01357305381985249,-0.1732955045856682,0.00745219410963204,0.06107102707028389,1.4306844679392,-0.014768378215975295,-0.019359510980687222,-0.14997189157800844,0.002903745256402222,0.03246928626065255,-0.005786457160834733,-0.15445566314521414,0.03117948990716668,-0.011572914321669465,0.12957416107572536,progress=1.3118;speed=0.1500;settled=False
3014.320270,control_sample,south_back_to_start,5,1790842683.947,odom,base_footprint,1.439395546913147,-0.046047311276197433,-0.01357305381985249,-0.1732955045856682,0.00745219410963204,0.06107102707028389,1.4276864171976615,-0.014710330167587061,-0.019359510980687222,-0.14997189157800844,0.002903745256402222,0.033453103050322064,-0.005786457160834733,-0.15745422559395428,0.03119684115397859,-0.011572914321669465,0.12957416107572536,progress=1.3148;speed=0.1500;settled=False
3014.340285,control_sample,south_back_to_start,5,1790842683.947,odom,base_footprint,1.439395546913147,-0.046047311276197433,-0.01357305381985249,-0.1732955045856682,0.00745219410963204,0.06107102707028389,1.4246863700302737,-0.014652243464541415,-0.019359510980687222,-0.14997189157800844,0.002903745256402222,0.03467001827905683,-0.005786457160834733,-0.16045478480929382,0.031214203955123865,-0.011572914321669465,0.12957416107572536,progress=1.3178;speed=0.1500;settled=False
3014.360255,control_sample,south_back_to_start,5,1790842683.947,odom,base_footprint,1.439395546913147,-0.046047311276197433,-0.01357305381985249,-0.1732955045856682,0.00745219410963204,0.06107102707028389,1.4216885592437474,-0.014594200062145311,-0.019359510980687222,-0.14997189157800844,0.002903745256402222,0.03609481427252121,-0.005786457160834733,-0.16345310726206635,0.031231553813193903,-0.011572914321669465,0.12957416107572536,progress=1.3208;speed=0.1500;settled=False
3014.380404,control_sample,south_back_to_start,5,1790842683.947,odom,base_footprint,1.439395546913147,-0.046047311276197433,-0.01357305381985249,-0.1732955045856682,0.00745219410963204,0.06107102707028389,1.4186825042024251,-0.014535997035065513,-0.019359510980687222,-0.14997189157800844,0.002903745256402222,0.037709323297290154,-0.005786457160834733,-0.16645967537676398,0.03124895138496596,-0.011572914321669465,0.12957416107572536,progress=1.3239;speed=0.1500;settled=False
3014.400368,control_sample,south_back_to_start,5,1790842684.037,odom,base_footprint,1.4244966506958008,-0.0446975976228714,-0.009450757482096077,-0.16560365116204837,0.014314276321411988,0.04580329358577728,1.4156876541610433,-0.014478010958409438,-0.019359510980687222,-0.14997189157800844,0.002903745256402222,0.03147732260088677,-0.009908753498591145,-0.15593905356956456,0.02936881702368299,-0.01981750699718229,0.11486190212970596,progress=1.3268;speed=0.1500;settled=False
3014.420201,control_sample,south_back_to_start,5,1790842684.037,odom,base_footprint,1.4244966506958008,-0.0446975976228714,-0.009450757482096077,-0.16560365116204837,0.014314276321411988,0.04580329358577728,1.4126905776369079,-0.0144199817727503,-0.019359510980687222,-0.14997189157800844,0.002903745256402222,0.03249795966886878,-0.009908753498591145,-0.15893654466162518,0.029398519396128073,-0.01981750699718229,0.11486190212970596,progress=1.3298;speed=0.1500;settled=False
3014.440343,control_sample,south_back_to_start,5,1790842684.037,odom,base_footprint,1.4244966506958008,-0.0446975976228714,-0.009450757482096077,-0.16560365116204837,0.014314276321411988,0.04580329358577728,1.4096858904892007,-0.01436180523073083,-0.019359510980687222,-0.14997189157800844,0.002903745256402222,0.03375824222255156,-0.009908753498591145,-0.1619416474299903,0.029428297193265864,-0.01981750699718229,0.11486190212970596,progress=1.3329;speed=0.1500;settled=False
3014.461244,control_sample,south_back_to_start,5,1790842684.037,odom,base_footprint,1.4244966506958008,-0.0446975976228714,-0.009450757482096077,-0.16560365116204837,0.014314276321411988,0.04580329358577728,1.4066511351769766,-0.014303046511016822,-0.019359510980687222,-0.14997189157800844,0.002903745256402222,0.03524615101573128,-0.009908753498591145,-0.16497682252202425,0.0294583729793986,-0.01981750699718229,0.11486190212970596,progress=1.3359;speed=0.1500;settled=False
3014.480320,control_sample,south_back_to_start,5,1790842684.037,odom,base_footprint,1.4244966506958008,-0.0446975976228714,-0.009450757482096077,-0.16560365116204837,0.014314276321411988,0.04580329358577728,1.4036855855939334,-0.014245627747782057,-0.019359510980687222,-0.14997189157800844,0.002903745256402222,0.036883911125957215,-0.009908753498591145,-0.16794278231205678,0.02948776290571866,-0.01981750699718229,0.11486190212970596,progress=1.3389;speed=0.1500;settled=False
3014.500267,control_sample,south_back_to_start,5,1790842684.14,odom,base_footprint,1.4070112705230713,-0.042941249907016754,-0.003099368469014305,-0.16823303391156716,0.01581978707512116,0.06107104942202568,1.4006931925419834,-0.014187689243183206,-0.019359510980687222,-0.14997189157800844,0.002903745256402222,0.029439520380329962,-0.01626014251167292,-0.15272711916438317,0.02860087806796398,-0.03252028502334584,0.09763770826207979,progress=1.3418;speed=0.1500;settled=False
3014.520098,control_sample,south_back_to_start,5,1790842684.14,odom,base_footprint,1.4070112705230713,-0.042941249907016754,-0.003099368469014305,-0.16823303391156716,0.01581978707512116,0.06107104942202568,1.397693779005888,-0.014129614808462252,-0.019359510980687222,-0.14997189157800844,0.002903745256402222,0.030280785412948562,-0.01626014251167292,-0.15572669828796315,0.028649655950895355,-0.03252028502334584,0.09763770826207979,progress=1.3448;speed=0.1500;settled=False
3014.540348,control_sample,south_back_to_start,5,1790842684.14,odom,base_footprint,1.4070112705230713,-0.042941249907016754,-0.003099368469014305,-0.16823303391156716,0.01581978707512116,0.06107104942202568,1.3946924845223063,-0.014071503954967859,-0.019359510980687222,-0.14997189157800844,0.002903745256402222,0.03138813023849121,-0.01626014251167292,-0.1587281584628703,0.028698464422685248,-0.03252028502334584,0.09763770826207979,progress=1.3478;speed=0.1500;settled=False
3014.560322,control_sample,south_back_to_start,5,1790842684.14,odom,base_footprint,1.4070112705230713,-0.042941249907016754,-0.003099368469014305,-0.16823303391156716,0.01581978707512116,0.06107104942202568,1.3916944243325704,-0.014013455723644284,-0.019359510980687222,-0.14997189157800844,0.002903745256402222,0.03273259924813518,-0.01626014251167292,-0.16172638416537718,0.02874722029685742,-0.03252028502334584,0.09763770826207979,progress=1.3508;speed=0.1500;settled=False
3014.580315,control_sample,south_back_to_start,5,1790842684.216,odom,base_footprint,1.3943949937820435,-0.04137231037020683,-0.0008092031389257597,-0.16826469615399295,0.020533893474724653,0.030535535886883736,1.3886922804081758,-0.013955328423336391,-0.019359510980687222,-0.14997189157800844,0.002903745256402222,0.028003782581992535,-0.01855030784176146,-0.15203767661689577,0.026671676940317787,-0.03710061568352292,0.08519574095671392,progress=1.3538;speed=0.1500;settled=False
3014.600291,control_sample,south_back_to_start,5,1790842684.216,odom,base_footprint,1.3943949937820435,-0.04137231037020683,-0.0008092031389257597,-0.16826469615399295,0.020533893474724653,0.030535535886883736,1.3856932747956083,-0.013897261886802199,-0.019359510980687222,-0.14997189157800844,0.002903745256402222,0.0288201006674911,-0.01855030784176146,-0.1550367282351928,0.02672731665335022,-0.03710061568352292,0.08519574095671392,progress=1.3568;speed=0.1500;settled=False
3014.620320,control_sample,south_back_to_start,5,1790842684.216,odom,base_footprint,1.3943949937820435,-0.04137231037020683,-0.0008092031389257597,-0.16826469615399295,0.020533893474724653,0.030535535886883736,1.3826952577977296,-0.01383921449175634,-0.019359510980687222,-0.14997189157800844,0.002903745256402222,0.029915801689986442,-0.01855030784176146,-0.1580347912236354,0.026782938024890606,-0.03710061568352292,0.08519574095671392,progress=1.3598;speed=0.1500;settled=False
3014.640244,control_sample,south_back_to_start,5,1790842684.216,odom,base_footprint,1.3943949937820435,-0.04137231037020683,-0.0008092031389257597,-0.16826469615399295,0.020533893474724653,0.030535535886883736,1.3796951341447357,-0.013781126307801749,-0.019359510980687222,-0.14997189157800844,0.002903745256402222,0.03126274638162917,-0.01855030784176146,-0.16103496089951003,0.026838598480614626,-0.03710061568352292,0.08519574095671392,progress=1.3628;speed=0.1500;settled=False
3014.660466,control_sample,south_back_to_start,5,1790842684.216,odom,base_footprint,1.3943949937820435,-0.04137231037020683,-0.0008092031389257597,-0.16826469615399295,0.020533893474724653,0.030535535886883736,1.3766935565142162,-0.013723009972036189,-0.019359510980687222,-0.14997189157800844,0.002903745256402222,0.03283024053909905,-0.01855030784176146,-0.16403658457521458,0.026894285911577345,-0.03710061568352292,0.08519574095671392,progress=1.3658;speed=0.1500;settled=False
3014.680389,control_sample,south_back_to_start,5,1790842684.316,odom,base_footprint,1.3778232336044312,-0.03957409784197807,0.0037711264488964643,-0.16579766284366385,0.017222891103331094,0.04580329358577728,1.3736979339676063,-0.01366500893818802,-0.019359510980687222,-0.14997189157800844,0.002903745256402222,0.02623545282471953,-0.023130637429583687,-0.1508331069838396,0.026518002922979383,-0.046261274859167374,0.06910590149548188,progress=1.3688;speed=0.1500;settled=False
3014.700388,control_sample,south_back_to_start,5,1790842684.316,odom,base_footprint,1.3778232336044312,-0.03957409784197807,0.0037711264488964643,-0.16579766284366385,0.017222891103331094,0.04580329358577728,1.3706947727838537,-0.01360686194177571,-0.019359510980687222,-0.14997189157800844,0.002903745256402222,0.026927909201556417,-0.023130637429583687,-0.15383602753389095,0.026587474779653262,-0.046261274859167374,0.06910590149548188,progress=1.3718;speed=0.1500;settled=False
3014.720327,control_sample,south_back_to_start,5,1790842684.316,odom,base_footprint,1.3778232336044312,-0.03957409784197807,0.0037711264488964643,-0.16579766284366385,0.017222891103331094,0.04580329358577728,1.3677318459995038,-0.013549493960985474,-0.019359510980687222,-0.1462682671522808,0.002832035939779326,0.027912651449754036,-0.023130637429583687,-0.15235472370901693,0.026553205166023174,-0.046261274859167374,0.06910590149548188,progress=1.3748;speed=0.1463;settled=False
3014.740175,control_sample,south_back_to_start,5,1790842684.316,odom,base_footprint,1.3778232336044312,-0.03957409784197807,0.0037711264488964643,-0.16579766284366385,0.017222891103331094,0.04580329358577728,1.3648487041059385,-0.013493670769660184,-0.019359510980687222,-0.1422721523225433,0.0027546634444484052,0.029129488357706318,-0.023130637429583687,-0.15044268102503955,0.0265089705107662,-0.046261274859167374,0.06910590149548188,progress=1.3777;speed=0.1423;settled=False
3014.760175,control_sample,south_back_to_start,5,1790842684.316,odom,base_footprint,1.3778232336044312,-0.03957409784197807,0.0037711264488964643,-0.16579766284366385,0.017222891103331094,0.04580329358577728,1.3620386129613664,-0.013439261981818332,-0.019359510980687222,-0.13826619073825466,0.0026771002969458143,0.030531686725154196,-0.023130637429583687,-0.14844577828671718,0.026462772638223074,-0.046261274859167374,0.06910590149548188,progress=1.3805;speed=0.1383;settled=False
3014.780280,control_sample,south_back_to_start,5,1790842684.422,odom,base_footprint,1.3606284856796265,-0.03772918879985809,0.0054047740746339615,-0.1607262215464764,0.016979578145077605,0.015267734415829182,1.3593167189502602,-0.01338656086069479,-0.019359510980687222,-0.13427205933680378,0.002599766204614402,0.024377946323199708,-0.024764285055321182,-0.13016101760343557,0.024770281012824004,-0.049528570110642364,0.05280247330695413,progress=1.3832;speed=0.1343;settled=False
3014.800414,control_sample,south_back_to_start,5,1790842684.422,odom,base_footprint,1.3606284856796265,-0.03772918879985809,0.0054047740746339615,-0.1607262215464764,0.016979578145077605,0.015267734415829182,1.3566668939959952,-0.013335255135600025,-0.019359510980687222,-0.13026609135369113,0.002522202933218229,0.02471352278174926,-0.024764285055321182,-0.12800393824489548,0.02471685156203247,-0.049528570110642364,0.05280247330695413,progress=1.3859;speed=0.1303;settled=False
3014.820316,control_sample,south_back_to_start,5,1790842684.422,odom,base_footprint,1.3606284856796265,-0.03772918879985809,0.0054047740746339615,-0.1607262215464764,0.016979578145077605,0.015267734415829182,1.3541053709518451,-0.01328565910590171,-0.019359510980687222,-0.12627286858187944,0.002444886433710225,0.02529895590041465,-0.024764285055321182,-0.12577385993611817,0.024661613974788242,-0.049528570110642364,0.05280247330695413,progress=1.3884;speed=0.1263;settled=False
3014.840318,control_sample,south_back_to_start,5,1790842684.486,odom,base_footprint,1.3498601913452148,-0.03666294738650322,0.00636664269787327,-0.17094114882980974,0.0167600331919569,0.015267756767570972,1.3516204384659007,-0.01323754601722477,-0.019359510980687222,-0.12227448877669188,0.002367470084083344,0.023491443106750075,-0.025726153678560494,-0.11063277789879397,0.023619192131112444,-0.05145230735712099,0.04303815272986467,progress=1.3909;speed=0.1223;settled=False
3014.860312,control_sample,south_back_to_start,5,1790842684.486,odom,base_footprint,1.3498601913452148,-0.03666294738650322,0.00636664269787327,-0.17094114882980974,0.0167600331919569,0.015267756767570972,1.3492104267745921,-0.013190883539723967,-0.019359510980687222,-0.11826760576511607,0.0022898890959701817,0.023481055666739477,-0.025726153678560494,-0.10823487421270395,0.023557489679496724,-0.05145230735712099,0.04303815272986467,progress=1.3933;speed=0.1183;settled=False
3014.880563,control_sample,south_back_to_start,5,1790842684.486,odom,base_footprint,1.3498601913452148,-0.03666294738650322,0.00636664269787327,-0.17094114882980974,0.0167600331919569,0.015267756767570972,1.346887425819431,-0.013145905757999732,-0.019359510980687222,-0.1142724827494566,0.002212535804073945,0.02370418911981709,-0.025726153678560494,-0.10576408224920775,0.02349391167906888,-0.05145230735712099,0.04303815272986467,progress=1.3957;speed=0.1143;settled=False
3014.900289,control_sample,south_back_to_start,5,1790842684.486,odom,base_footprint,1.3498601913452148,-0.03666294738650322,0.00636664269787327,-0.17094114882980974,0.0167600331919569,0.015267756767570972,1.344645592686063,-0.013102499541953729,-0.019359510980687222,-0.11027980367572145,0.002135229831610002,0.024130618347066143,-0.025726153678560494,-0.10321506642383119,0.023428320835472714,-0.05145230735712099,0.04303815272986467,progress=1.3979;speed=0.1103;settled=False
3014.920302,control_sample,south_back_to_start,5,1790842684.486,odom,base_footprint,1.3498601913452148,-0.03666294738650322,0.00636664269787327,-0.17094114882980974,0.0167600331919569,0.015267756767570972,1.3424769152481504,-0.01306050976135721,-0.019359510980687222,-0.10627476971758351,0.0020576846447399435,0.024730301813249093,-0.025726153678560494,-0.1005780816702945,0.023360466390312824,-0.05145230735712099,0.04303815272986467,progress=1.4001;speed=0.1063;settled=False
3014.940422,control_sample,south_back_to_start,5,1790842684.486,odom,base_footprint,1.3498601913452148,-0.03666294738650322,0.00636664269787327,-0.17094114882980974,0.0167600331919569,0.015267756767570972,1.3403888764982173,-0.013020081301387109,-0.019359510980687222,-0.10227056120482786,0.0019801554400855387,0.02546941149005392,-0.025726153678560494,-0.0978614601956669,0.02329056274653063,-0.05145230735712099,0.04303815272986467,progress=1.4022;speed=0.1023;settled=False
3014.960358,control_sample,south_back_to_start,5,1790842684.597,odom,base_footprint,1.3317294120788574,-0.0339481383562088,0.006366640369578632,-0.16334083452450845,0.024457731210816423,-2.2307128588749947e-08,1.3383846278109472,-0.012981275178739225,-0.019359510980687222,-0.0982736915165503,0.001902768329236457,0.02199775552058404,-0.025726151350265854,-0.07848657203332879,0.0188587135418766,-0.05145230270053171,0.02766696709310463,progress=1.4042;speed=0.0983;settled=False
3014.980281,control_sample,south_back_to_start,5,1790842684.597,odom,base_footprint,1.3317294120788574,-0.0339481383562088,0.006366640369578632,-0.16334083452450845,0.024457731210816423,-2.2307128588749947e-08,1.336461424213858,-0.012944038245448706,-0.019359510980687222,-0.09427927216893008,0.0018254286617114908,0.021530540176888834,-0.025726151350265854,-0.07561688437761008,0.01878487123172702,-0.05145230270053171,0.02766696709310463,progress=1.4061;speed=0.0943;settled=False
3015.000298,control_sample,south_back_to_start,5,1790842684.597,odom,base_footprint,1.3317294120788574,-0.0339481383562088,0.006366640369578632,-0.16334083452450845,0.024457731210816423,-2.2307128588749947e-08,1.334615828656809,-0.012908303953591554,-0.019359510980687222,-0.09028001592800168,0.001747995342597206,0.021236902607278448,-0.025726151350265854,-0.07266379638260065,0.018708882878363222,-0.05145230270053171,0.02766696709310463,progress=1.4079;speed=0.0903;settled=False
3015.020276,control_sample,south_back_to_start,5,1790842684.667,odom,base_footprint,1.3208343982696533,-0.032768119126558304,0.007435385062252293,-0.15566107935308246,0.01669108681261802,0.015267779119312763,1.3328505302467668,-0.012874124369468427,-0.019359510980687222,-0.08628148255149348,0.0016705760195331752,0.023241309237788835,-0.026794896042939515,-0.06024975894885795,0.019008970100519655,-0.05358979208587903,0.021302173797967647,progress=1.4097;speed=0.0863;settled=False
3015.040333,control_sample,south_back_to_start,5,1790842684.667,odom,base_footprint,1.3208343982696533,-0.032768119126558304,0.007435385062252293,-0.15566107935308246,0.01669108681261802,0.015267779119312763,1.3311633241789258,-0.012841456803803178,-0.019359510980687222,-0.08227841922408514,0.0015930689878772236,0.02244456686515356,-0.026794896042939515,-0.05713382382384236,0.018925458955744805,-0.05358979208587903,0.021302173797967647,progress=1.4114;speed=0.0823;settled=False
3015.060513,control_sample,south_back_to_start,5,1790842684.667,odom,base_footprint,1.3208343982696533,-0.032768119126558304,0.007435385062252293,-0.15566107935308246,0.01669108681261802,0.015267779119312763,1.3295589232134317,-0.012810392504727527,-0.019359510980687222,-0.07828217001949894,0.0015156938907898976,0.021781372486745283,-0.026794896042939515,-0.053943273350388135,0.01883994802184859,-0.05358979208587903,0.021302173797967647,progress=1.4130;speed=0.0783;settled=False
3015.080201,control_sample,south_back_to_start,5,1790842684.667,odom,base_footprint,1.3208343982696533,-0.032768119126558304,0.007435385062252293,-0.15566107935308246,0.01669108681261802,0.015267779119312763,1.3280301638266374,-0.012780792772598554,-0.019359510980687222,-0.07427455134576404,0.001438098658837558,0.021243169648872375,-0.026794896042939515,-0.05066345325694687,0.018752044545149137,-0.05358979208587903,0.021302173797967647,progress=1.4145;speed=0.0743;settled=False
3015.100518,control_sample,south_back_to_start,5,1790842684.667,odom,base_footprint,1.3208343982696533,-0.032768119126558304,0.007435385062252293,-0.15566107935308246,0.01669108681261802,0.015267779119312763,1.3265841617867657,-0.012752795382422001,-0.019359510980687222,-0.0702738681722735,0.0013606377115549886,0.020824816087670582,-0.026794896042939515,-0.04730921119020821,0.01866214646203551,-0.05358979208587903,0.021302173797967647,progress=1.4160;speed=0.0703;settled=False
3015.120278,control_sample,south_back_to_start,5,1790842684.756,odom,base_footprint,1.3083386421203613,-0.030818652361631393,0.006076552782819709,-0.14037123244374114,0.022094887340596087,-0.015267779119312763,1.3252215888960426,-0.012726413341585488,-0.019359510980687222,-0.06628340308353893,0.0012833746061134965,0.024745969461489232,-0.025436063763506933,-0.034489808041056794,0.015423173674092377,-0.050872127527013866,0.01923142110333193,progress=1.4173;speed=0.0663;settled=False
3015.140365,control_sample,south_back_to_start,5,1790842684.756,odom,base_footprint,1.3083386421203613,-0.030818652361631393,0.006076552782819709,-0.14037123244374114,0.022094887340596087,-0.015267779119312763,1.323935379384112,-0.01270150984313848,-0.019359510980687222,-0.06228243836279398,0.0012059082075327146,0.023905837494424913,-0.025436063763506933,-0.030975338326158328,0.015333760114171587,-0.050872127527013866,0.01923142110333193,progress=1.4186;speed=0.0623;settled=False
3015.160208,control_sample,south_back_to_start,5,1790842684.756,odom,base_footprint,1.3083386421203613,-0.030818652361631393,0.006076552782819709,-0.14037123244374114,0.022094887340596087,-0.015267779119312763,1.322730357312482,-0.012678178290221876,-0.019359510980687222,-0.058285363712916434,0.0011285171282314956,0.023155955296782688,-0.025436063763506933,-0.0273843596714517,0.015242400048169099,-0.050872127527013866,0.01923142110333193,progress=1.4198;speed=0.0583;settled=False
3015.180173,control_sample,south_back_to_start,5,1790842684.756,odom,base_footprint,1.3083386421203613,-0.030818652361631393,0.006076552782819709,-0.14037123244374114,0.022094887340596087,-0.015267779119312763,1.3216056067498414,-0.012656400948637809,-0.019359510980687222,-0.054289664805191123,0.0010511526859534315,0.022491770203091236,-0.025436063763506933,-0.023714771099803928,0.015149040023968366,-0.050872127527013866,0.01923142110333193,progress=1.4209;speed=0.0543;settled=False
3015.200266,control_sample,south_back_to_start,5,1790842684.756,odom,base_footprint,1.3083386421203613,-0.030818652361631393,0.006076552782819709,-0.14037123244374114,0.022094887340596087,-0.015267779119312763,1.320558753775579,-0.012636131854701735,-0.019359510980687222,-0.05028623054722599,0.0009736384723660297,0.02190742296234095,-0.025436063763506933,-0.019958014386019317,0.015053462307047993,-0.050872127527013866,0.01923142110333193,progress=1.4220;speed=0.0503;settled=False
3015.220337,control_sample,south_back_to_start,5,1790842684.756,odom,base_footprint,1.3083386421203613,-0.030818652361631393,0.006076552782819709,-0.14037123244374114,0.022094887340596087,-0.015267779119312763,1.3195929033139115,-0.012617431125738791,-0.019359510980687222,-0.046286468801022614,0.0008961953656940311,0.02139959928341085,-0.025436063763506933,-0.016124672599569626,0.014955936147107957,-0.050872127527013866,0.01923142110333193,progress=1.4230;speed=0.0463;settled=False
3015.240348,control_sample,south_back_to_start,5,1790842684.876,odom,base_footprint,1.2942496538162231,-0.028456494212150574,-0.0012519689647371261,-0.1172613062155548,0.020544550025216702,-0.061071015894412994,1.3187070677444757,-0.012600279639512693,-0.019359510980687222,-0.04228675164635382,0.0008187531224002007,0.029147635180772624,-0.0181075420159501,-0.002850361903657202,0.01272624972449326,-0.0362150840319002,0.025565968577418573,progress=1.4238;speed=0.0423;settled=False
3015.260268,control_sample,south_back_to_start,5,1790842684.876,odom,base_footprint,1.2942496538162231,-0.028456494212150574,-0.0012519689647371261,-0.1172613062155548,0.020544550025216702,-0.061071015894412994,1.3179015678861796,-0.012584683607696668,-0.019359510980687222,-0.03828876856679748,0.000741344454147193,0.028483809629968052,-0.0181075420159501,0.0011418115749965646,0.012653953373737516,-0.0362150840319002,0.025565968577418573,progress=1.4247;speed=0.0383;settled=False
3015.280475,control_sample,south_back_to_start,5,1790842684.876,odom,base_footprint,1.2942496538162231,-0.028456494212150574,-0.0012519689647371261,-0.1172613062155548,0.020544550025216702,-0.061071015894412994,1.3171751180916649,-0.012570618137676645,-0.019359510980687222,-0.03428562865364376,0.0006638359396434056,0.02789153941427576,-0.0181075420159501,0.005219225317166734,0.01258011336261164,-0.0362150840319002,0.025565968577418573,progress=1.4254;speed=0.0343;settled=False
3015.300362,control_sample,south_back_to_start,5,1790842684.936,odom,base_footprint,1.2887438535690308,-0.027225736528635025,-0.008580494711642564,-0.0916113751751759,0.02118456757185032,-0.12214209139347076,1.3165297663504476,-0.01255812288248214,-0.019359510980687222,-0.03028880995581568,0.0005864498160678339,0.031419672804937265,-0.010779016269044657,0.009665718692296222,0.01121778849317665,-0.021558032538089314,0.029432693790707072,progress=1.4260;speed=0.0303;settled=False
3015.320372,control_sample,south_back_to_start,5,1790842684.936,odom,base_footprint,1.2887438535690308,-0.027225736528635025,-0.008580494711642564,-0.0916113751751759,0.02118456757185032,-0.12214209139347076,1.3159636698241495,-0.012547162161205586,-0.019359510980687222,-0.026287179959702523,0.0005089705364719878,0.030925376997258763,-0.010779016269044657,0.013902125945560333,0.011172122421853522,-0.021558032538089314,0.029432693790707072,progress=1.4266;speed=0.0263;settled=False
3015.340322,control_sample,south_back_to_start,5,1790842684.936,odom,base_footprint,1.2887438535690308,-0.027225736528635025,-0.008580494711642564,-0.0916113751751759,0.02118456757185032,-0.12214209139347076,1.3154782953570676,-0.01253776437478349,-0.019359510980687222,-0.022291308284366557,0.0004316027490795519,0.030503555591279017,-0.010779016269044657,0.01821235481853572,0.011125660595271425,-0.021558032538089314,0.029432693790707072,progress=1.4271;speed=0.0223;settled=False
3015.360127,control_sample,south_back_to_start,5,1790842684.936,odom,base_footprint,1.2887438535690308,-0.027225736528635025,-0.008580494711642564,-0.0916113751751759,0.02118456757185032,-0.12214209139347076,1.3150728697315999,-0.01252991455223082,-0.019359510980687222,-0.018296517806410995,0.0003542558957550373,0.030152682727263094,-0.010779016269044657,0.022601245267521868,0.011078350841442076,-0.021558032538089314,0.029432693790707072,progress=1.4275;speed=0.0183;settled=False
3015.380286,control_sample,south_back_to_start,5,1790842685.03,odom,base_footprint,1.2834275960922241,-0.02572672814130783,-0.014382244356334044,-0.05586793476108666,0.016103440747621274,-0.06107104569673538,1.3147468523186987,-0.012523602225925834,-0.019359510980687222,-0.014296154572936828,0.00027680114312864703,0.03398850312262955,-0.004977266624353178,0.025186495251996413,0.010677929319044259,-0.009954533248706356,0.033522078451465466,progress=1.4278;speed=0.0143;settled=False
3015.400150,control_sample,south_back_to_start,5,1790842685.03,odom,base_footprint,1.2834275960922241,-0.02572672814130783,-0.014382244356334044,-0.05586793476108666,0.016103440747621274,-0.06107104569673538,1.3145011415646304,-0.012518844791522186,-0.019359510980687222,-0.01030117233085911,0.00019945057688063587,0.03376408462859973,-0.004977266624353178,0.029735559297746354,0.010655287227424771,-0.009954533248706356,0.033522078451465466,progress=1.4281;speed=0.0103;settled=False
3015.420151,control_sample,south_back_to_start,5,1790842685.03,odom,base_footprint,1.2834275960922241,-0.02572672814130783,-0.014382244356334044,-0.05586793476108666,0.016103440747621274,-0.06107104569673538,1.3143350874579187,-0.012515629663543228,-0.019359510980687222,-0.006301186826504651,0.00012200313781899441,0.0336125890926254,-0.004977266624353178,0.03437029889924266,0.010632218702199759,-0.009954533248706356,0.033522078451465466,progress=1.4282;speed=0.0063;settled=False
3015.440617,control_sample,south_back_to_start,5,1790842685.03,odom,base_footprint,1.2834275960922241,-0.02572672814130783,-0.014382244356334044,-0.05586793476108666,0.016103440747621274,-0.06107104569673538,1.3142489530979444,-0.012513961936100724,-0.019359510980687222,-0.002292960466726346,4.4396139892062235e-05,0.03353406087051682,-0.004977266624353178,0.0390948629937277,0.010608703092831842,-0.009954533248706356,0.033522078451465466,progress=1.4283;speed=0.0023;settled=False
3015.462374,segment_enter,settle,6,1790842685.03,,,1.2834275960922241,-0.02572672814130783,-0.014382244356334044,,,,,,,,,,,,,,,
3015.462608,control_sample,settle,6,1790842685.03,odom,base_footprint,1.2834275960922241,-0.02572672814130783,-0.014382244356334044,-0.05586793476108666,0.016103440747621274,-0.06107104569673538,1.314235806465149,-0.012513707391917706,-0.019359510980687222,-0.0,0.0,0.033522078451465466,-0.004977266624353178,0.04183374823984008,0.010595070818136635,-0.009954533248706356,0.033522078451465466,progress=1.4283;speed=0.0000;settled=False
3015.480307,control_sample,settle,6,1790842685.123,odom,base_footprint,1.2803691625595093,-0.024022702127695084,-0.021481752246020263,-0.03275528215976745,0.018555879131965686,-0.07633879780769348,1.314235806465149,-0.012513707391917706,-0.019359510980687222,-0.0,0.0,0.03576879267265741,0.0021222412653330407,0.04024087707468249,0.008664196014825607,0.004244482530666081,0.03576879267265741,progress=1.4283;speed=0.0000;settled=False
3015.500293,control_sample,settle,6,1790842685.123,odom,base_footprint,1.2803691625595093,-0.024022702127695084,-0.021481752246020263,-0.03275528215976745,0.018555879131965686,-0.07633879780769348,1.314235806465149,-0.012513707391917706,-0.019359510980687222,-0.0,0.0,0.03576879267265741,0.0021222412653330407,0.04024087707468249,0.008664196014825607,0.004244482530666081,0.03576879267265741,progress=1.4283;speed=0.0000;settled=False
3015.520251,control_sample,settle,6,1790842685.123,odom,base_footprint,1.2803691625595093,-0.024022702127695084,-0.021481752246020263,-0.03275528215976745,0.018555879131965686,-0.07633879780769348,1.314235806465149,-0.012513707391917706,-0.019359510980687222,-0.0,0.0,0.03576879267265741,0.0021222412653330407,0.04024087707468249,0.008664196014825607,0.004244482530666081,0.03576879267265741,progress=1.4283;speed=0.0000;settled=False
3015.540289,control_sample,settle,6,1790842685.123,odom,base_footprint,1.2803691625595093,-0.024022702127695084,-0.021481752246020263,-0.03275528215976745,0.018555879131965686,-0.07633879780769348,1.314235806465149,-0.012513707391917706,-0.019359510980687222,-0.0,0.0,0.03576879267265741,0.0021222412653330407,0.04024087707468249,0.008664196014825607,0.004244482530666081,0.03576879267265741,progress=1.4283;speed=0.0000;settled=False
3015.560257,control_sample,settle,6,1790842685.206,odom,base_footprint,1.2785193920135498,-0.022519083693623543,-0.02273370873230555,-0.02253579936379161,0.018365034794459317,-0.01526776235550642,1.314235806465149,-0.012513707391917706,-0.019359510980687222,-0.0,0.0,0.037091371182758064,0.003374197751618329,0.04006923472732123,0.007245085319563304,0.006748395503236658,0.037091371182758064,progress=1.4283;speed=0.0000;settled=False
3015.580167,control_sample,settle,6,1790842685.206,odom,base_footprint,1.2785193920135498,-0.022519083693623543,-0.02273370873230555,-0.02253579936379161,0.018365034794459317,-0.01526776235550642,1.314235806465149,-0.012513707391917706,-0.019359510980687222,-0.0,0.0,0.037091371182758064,0.003374197751618329,0.04006923472732123,0.007245085319563304,0.006748395503236658,0.037091371182758064,progress=1.4283;speed=0.0000;settled=False
3015.600348,control_sample,settle,6,1790842685.206,odom,base_footprint,1.2785193920135498,-0.022519083693623543,-0.02273370873230555,-0.02253579936379161,0.018365034794459317,-0.01526776235550642,1.314235806465149,-0.012513707391917706,-0.019359510980687222,-0.0,0.0,0.037091371182758064,0.003374197751618329,0.04006923472732123,0.007245085319563304,0.006748395503236658,0.037091371182758064,progress=1.4283;speed=0.0000;settled=False
3015.620263,control_sample,settle,6,1790842685.206,odom,base_footprint,1.2785193920135498,-0.022519083693623543,-0.02273370873230555,-0.02253579936379161,0.018365034794459317,-0.01526776235550642,1.314235806465149,-0.012513707391917706,-0.019359510980687222,-0.0,0.0,0.037091371182758064,0.003374197751618329,0.04006923472732123,0.007245085319563304,0.006748395503236658,0.037091371182758064,progress=1.4283;speed=0.0000;settled=False
3015.640336,control_sample,settle,6,1790842685.206,odom,base_footprint,1.2785193920135498,-0.022519083693623543,-0.02273370873230555,-0.02253579936379161,0.018365034794459317,-0.01526776235550642,1.314235806465149,-0.012513707391917706,-0.019359510980687222,-0.0,0.0,0.037091371182758064,0.003374197751618329,0.04006923472732123,0.007245085319563304,0.006748395503236658,0.037091371182758064,progress=1.4283;speed=0.0000;settled=False
3015.660273,control_sample,settle,6,1790842685.296,odom,base_footprint,1.2776225805282593,-0.021580558270215988,-0.02273370873230555,-0.00996439073575134,0.010428066807893157,0.0,1.314235806465149,-0.012513707391917706,-0.019359510980687222,-0.0,0.0,0.03771917414730905,0.003374197751618329,0.03843743253122795,0.007857017896115367,0.006748395503236658,0.03771917414730905,progress=1.4283;speed=0.0000;settled=False
3015.680383,control_sample,settle,6,1790842685.296,odom,base_footprint,1.2776225805282593,-0.021580558270215988,-0.02273370873230555,-0.00996439073575134,0.010428066807893157,0.0,1.314235806465149,-0.012513707391917706,-0.019359510980687222,-0.0,0.0,0.03771917414730905,0.003374197751618329,0.03843743253122795,0.007857017896115367,0.006748395503236658,0.03771917414730905,progress=1.4283;speed=0.0000;settled=False
3015.700309,control_sample,settle,6,1790842685.296,odom,base_footprint,1.2776225805282593,-0.021580558270215988,-0.02273370873230555,-0.00996439073575134,0.010428066807893157,0.0,1.314235806465149,-0.012513707391917706,-0.019359510980687222,-0.0,0.0,0.03771917414730905,0.003374197751618329,0.03843743253122795,0.007857017896115367,0.006748395503236658,0.03771917414730905,progress=1.4283;speed=0.0000;settled=False
3015.720272,control_sample,settle,6,1790842685.296,odom,base_footprint,1.2776225805282593,-0.021580558270215988,-0.02273370873230555,-0.00996439073575134,0.010428066807893157,0.0,1.314235806465149,-0.012513707391917706,-0.019359510980687222,-0.0,0.0,0.03771917414730905,0.003374197751618329,0.03843743253122795,0.007857017896115367,0.006748395503236658,0.03771917414730905,progress=1.4283;speed=0.0000;settled=False
3015.740336,control_sample,settle,6,1790842685.296,odom,base_footprint,1.2776225805282593,-0.021580558270215988,-0.02273370873230555,-0.00996439073575134,0.010428066807893157,0.0,1.314235806465149,-0.012513707391917706,-0.019359510980687222,-0.0,0.0,0.03771917414730905,0.003374197751618329,0.03843743253122795,0.007857017896115367,0.006748395503236658,0.03771917414730905,progress=1.4283;speed=0.0000;settled=False
3015.760644,control_sample,settle,6,1790842685.399,odom,base_footprint,1.277366042137146,-0.021312035620212555,-0.021161129537248326,-0.0024951943422264616,0.0026030960316148896,0.015267761424183846,1.314235806465149,-0.012513707391917706,-0.019359510980687222,-0.0,0.0,0.03790501419621535,0.0018016185565611041,0.03718528415670528,0.009066562809157444,0.0036032371131222082,0.03790501419621535,progress=1.4283;speed=0.0000;settled=False
3015.780358,control_sample,settle,6,1790842685.399,odom,base_footprint,1.277366042137146,-0.021312035620212555,-0.021161129537248326,-0.0024951943422264616,0.0026030960316148896,0.015267761424183846,1.314235806465149,-0.012513707391917706,-0.019359510980687222,-0.0,0.0,0.03790501419621535,0.0018016185565611041,0.03718528415670528,0.009066562809157444,0.0036032371131222082,0.03790501419621535,progress=1.4283;speed=0.0000;settled=False
3015.800278,control_sample,settle,6,1790842685.399,odom,base_footprint,1.277366042137146,-0.021312035620212555,-0.021161129537248326,-0.0024951943422264616,0.0026030960316148896,0.015267761424183846,1.314235806465149,-0.012513707391917706,-0.019359510980687222,-0.0,0.0,0.03790501419621535,0.0018016185565611041,0.03718528415670528,0.009066562809157444,0.0036032371131222082,0.03790501419621535,progress=1.4283;speed=0.0000;settled=False
3015.820504,control_sample,settle,6,1790842685.399,odom,base_footprint,1.277366042137146,-0.021312035620212555,-0.021161129537248326,-0.0024951943422264616,0.0026030960316148896,0.015267761424183846,1.314235806465149,-0.012513707391917706,-0.019359510980687222,-0.0,0.0,0.03790501419621535,0.0018016185565611041,0.03718528415670528,0.009066562809157444,0.0036032371131222082,0.03790501419621535,progress=1.4283;speed=0.0000;settled=False
3015.840318,control_sample,settle,6,1790842685.476,odom,base_footprint,1.2773743867874146,-0.020919466391205788,-0.01880989387178636,9.591412001665711e-05,0.005098529983451866,0.03053552284836769,1.314235806465149,-0.012513707391917706,-0.019359510980687222,-0.0,0.0,0.03780768499937778,-0.0005496171089008628,0.03669679675047949,0.008077704104360258,-0.0010992342178017256,0.03780768499937778,progress=1.4283;speed=0.0000;settled=False
3015.860277,control_sample,settle,6,1790842685.476,odom,base_footprint,1.2773743867874146,-0.020919466391205788,-0.01880989387178636,9.591412001665711e-05,0.005098529983451866,0.03053552284836769,1.314235806465149,-0.012513707391917706,-0.019359510980687222,-0.0,0.0,0.03780768499937778,-0.0005496171089008628,0.03669679675047949,0.008077704104360258,-0.0010992342178017256,0.03780768499937778,progress=1.4283;speed=0.0000;settled=False
3015.880237,control_sample,settle,6,1790842685.476,odom,base_footprint,1.2773743867874146,-0.020919466391205788,-0.01880989387178636,9.591412001665711e-05,0.005098529983451866,0.03053552284836769,1.314235806465149,-0.012513707391917706,-0.019359510980687222,-0.0,0.0,0.03780768499937778,-0.0005496171089008628,0.03669679675047949,0.008077704104360258,-0.0010992342178017256,0.03780768499937778,progress=1.4283;speed=0.0000;settled=False
3015.900293,control_sample,settle,6,1790842685.476,odom,base_footprint,1.2773743867874146,-0.020919466391205788,-0.01880989387178636,9.591412001665711e-05,0.005098529983451866,0.03053552284836769,1.314235806465149,-0.012513707391917706,-0.019359510980687222,-0.0,0.0,0.03780768499937778,-0.0005496171089008628,0.03669679675047949,0.008077704104360258,-0.0010992342178017256,0.03780768499937778,progress=1.4283;speed=0.0000;settled=False
3015.920449,control_sample,settle,6,1790842685.476,odom,base_footprint,1.2773743867874146,-0.020919466391205788,-0.01880989387178636,9.591412001665711e-05,0.005098529983451866,0.03053552284836769,1.314235806465149,-0.012513707391917706,-0.019359510980687222,-0.0,0.0,0.03780768499937778,-0.0005496171089008628,0.03669679675047949,0.008077704104360258,-0.0010992342178017256,0.03780768499937778,progress=1.4283;speed=0.0000;settled=False
3015.940439,control_sample,settle,6,1790842685.576,odom,base_footprint,1.2773743867874146,-0.020919466391205788,-0.01880989387178636,0.0,0.0,0.0,1.314235806465149,-0.012513707391917706,-0.019359510980687222,-0.0,0.0,0.03780768499937778,-0.0005496171089008628,0.03669679675047949,0.009097590519812022,-0.0010992342178017256,0.03780768499937778,progress=1.4283;speed=0.0000;settled=False
3015.960333,control_sample,settle,6,1790842685.576,odom,base_footprint,1.2773743867874146,-0.020919466391205788,-0.01880989387178636,0.0,0.0,0.0,1.314235806465149,-0.012513707391917706,-0.019359510980687222,-0.0,0.0,0.03780768499937778,-0.0005496171089008628,0.03669679675047949,0.009097590519812022,-0.0010992342178017256,0.03780768499937778,progress=1.4283;speed=0.0000;settled=False
3015.980291,control_sample,settle,6,1790842685.576,odom,base_footprint,1.2773743867874146,-0.020919466391205788,-0.01880989387178636,0.0,0.0,0.0,1.314235806465149,-0.012513707391917706,-0.019359510980687222,-0.0,0.0,0.03780768499937778,-0.0005496171089008628,0.03669679675047949,0.009097590519812022,-0.0010992342178017256,0.03780768499937778,progress=1.4283;speed=0.0000;settled=False
3016.000205,control_sample,settle,6,1790842685.576,odom,base_footprint,1.2773743867874146,-0.020919466391205788,-0.01880989387178636,0.0,0.0,0.0,1.314235806465149,-0.012513707391917706,-0.019359510980687222,-0.0,0.0,0.03780768499937778,-0.0005496171089008628,0.03669679675047949,0.009097590519812022,-0.0010992342178017256,0.03780768499937778,progress=1.4283;speed=0.0000;settled=False
3016.019904,control_sample,settle,6,1790842685.576,odom,base_footprint,1.2773743867874146,-0.020919466391205788,-0.01880989387178636,0.0,0.0,0.0,1.314235806465149,-0.012513707391917706,-0.019359510980687222,-0.0,0.0,0.03780768499937778,-0.0005496171089008628,0.03669679675047949,0.009097590519812022,-0.0010992342178017256,0.03780768499937778,progress=1.4283;speed=0.0000;settled=False
3016.040213,control_sample,settle,6,1790842685.679,odom,base_footprint,1.2778995037078857,-0.02092934586107731,-0.0219550520666244,0.005098203101508965,-0.00011194930254639195,-0.03053552284836769,1.314235806465149,-0.012513707391917706,-0.019359510980687222,-0.0,0.0,0.03729812151987136,0.0025955410859371773,0.03512290826540545,0.009211311609564102,0.005191082171874355,0.03729812151987136,progress=1.4283;speed=0.0000;settled=False
3016.060114,control_sample,settle,6,1790842685.679,odom,base_footprint,1.2778995037078857,-0.02092934586107731,-0.0219550520666244,0.005098203101508965,-0.00011194930254639195,-0.03053552284836769,1.314235806465149,-0.012513707391917706,-0.019359510980687222,-0.0,0.0,0.03729812151987136,0.0025955410859371773,0.03512290826540545,0.009211311609564102,0.005191082171874355,0.03729812151987136,progress=1.4283;speed=0.0000;settled=False
3016.080361,control_sample,settle,6,1790842685.679,odom,base_footprint,1.2778995037078857,-0.02092934586107731,-0.0219550520666244,0.005098203101508965,-0.00011194930254639195,-0.03053552284836769,1.314235806465149,-0.012513707391917706,-0.019359510980687222,-0.0,0.0,0.03729812151987136,0.0025955410859371773,0.03512290826540545,0.009211311609564102,0.005191082171874355,0.03729812151987136,progress=1.4283;speed=0.0000;settled=False
3016.100421,control_sample,settle,6,1790842685.747,odom,base_footprint,1.278947114944458,-0.020605506375432014,-0.02403146841588945,0.015416413553912016,0.004730354531414329,-0.03053552284836769,1.314235806465149,-0.012513707391917706,-0.019359510980687222,-0.0,0.0,0.036204543361739644,0.004671957435202229,0.03202440395041686,0.007917533579820892,0.009343914870404459,0.036204543361739644,progress=1.4283;speed=0.0000;settled=False
3016.120085,control_sample,settle,6,1790842685.747,odom,base_footprint,1.278947114944458,-0.020605506375432014,-0.02403146841588945,0.015416413553912016,0.004730354531414329,-0.03053552284836769,1.314235806465149,-0.012513707391917706,-0.019359510980687222,-0.0,0.0,0.036204543361739644,0.004671957435202229,0.03202440395041686,0.007917533579820892,0.009343914870404459,0.036204543361739644,progress=1.4283;speed=0.0000;settled=False
3016.140134,control_sample,settle,6,1790842685.747,odom,base_footprint,1.278947114944458,-0.020605506375432014,-0.02403146841588945,0.015416413553912016,0.004730354531414329,-0.03053552284836769,1.314235806465149,-0.012513707391917706,-0.019359510980687222,-0.0,0.0,0.036204543361739644,0.004671957435202229,0.03202440395041686,0.007917533579820892,0.009343914870404459,0.036204543361739644,progress=1.4283;speed=0.0000;settled=False
3016.160427,control_sample,settle,6,1790842685.747,odom,base_footprint,1.278947114944458,-0.020605506375432014,-0.02403146841588945,0.015416413553912016,0.004730354531414329,-0.03053552284836769,1.314235806465149,-0.012513707391917706,-0.019359510980687222,-0.0,0.0,0.036204543361739644,0.004671957435202229,0.03202440395041686,0.007917533579820892,0.009343914870404459,0.036204543361739644,progress=1.4283;speed=0.0000;settled=False
3016.180315,control_sample,settle,6,1790842685.747,odom,base_footprint,1.278947114944458,-0.020605506375432014,-0.02403146841588945,0.015416413553912016,0.004730354531414329,-0.03053552284836769,1.314235806465149,-0.012513707391917706,-0.019359510980687222,-0.0,0.0,0.036204543361739644,0.004671957435202229,0.03202440395041686,0.007917533579820892,0.009343914870404459,0.036204543361739644,progress=1.4283;speed=0.0000;settled=False
3016.200139,control_sample,settle,6,1790842685.747,odom,base_footprint,1.278947114944458,-0.020605506375432014,-0.02403146841588945,0.015416413553912016,0.004730354531414329,-0.03053552284836769,1.314235806465149,-0.012513707391917706,-0.019359510980687222,-0.0,0.0,0.036204543361739644,0.004671957435202229,0.03202440395041686,0.007917533579820892,0.009343914870404459,0.036204543361739644,progress=1.4283;speed=0.0000;settled=False
3016.220412,control_sample,settle,6,1790842685.856,odom,base_footprint,1.2814676761627197,-0.01983209326863289,-0.029024025980322766,0.023159756830615948,0.006979992615725518,-0.04580328240990639,1.314235806465149,-0.012513707391917706,-0.019359510980687222,-0.0,0.0,0.033575424574493216,0.009664514999635544,0.027952461500834126,0.006736403576534204,0.019329029999271087,0.033575424574493216,progress=1.4283;speed=0.0000;settled=False
3016.240257,control_sample,settle,6,1790842685.856,odom,base_footprint,1.2814676761627197,-0.01983209326863289,-0.029024025980322766,0.023159756830615948,0.006979992615725518,-0.04580328240990639,1.314235806465149,-0.012513707391917706,-0.019359510980687222,-0.0,0.0,0.033575424574493216,0.009664514999635544,0.027952461500834126,0.006736403576534204,0.019329029999271087,0.033575424574493216,progress=1.4283;speed=0.0000;settled=False
3016.260293,control_sample,settle,6,1790842685.856,odom,base_footprint,1.2814676761627197,-0.01983209326863289,-0.029024025980322766,0.023159756830615948,0.006979992615725518,-0.04580328240990639,1.314235806465149,-0.012513707391917706,-0.019359510980687222,-0.0,0.0,0.033575424574493216,0.009664514999635544,0.027952461500834126,0.006736403576534204,0.019329029999271087,0.033575424574493216,progress=1.4283;speed=0.0000;settled=False
3016.280258,control_sample,settle,6,1790842685.926,odom,base_footprint,1.283272385597229,-0.01917026750743389,-0.031161510385430042,0.02580254119291896,0.009399511399864908,-0.030535519123077393,1.314235806465149,-0.012513707391917706,-0.019359510980687222,-0.0,0.0,0.031670857652034305,0.01180199940474282,0.02564156203201832,0.005578266468461923,0.02360399880948564,0.031670857652034305,progress=1.4283;speed=0.0000;settled=False
3016.300083,control_sample,settle,6,1790842685.926,odom,base_footprint,1.283272385597229,-0.01917026750743389,-0.031161510385430042,0.02580254119291896,0.009399511399864908,-0.030535519123077393,1.314235806465149,-0.012513707391917706,-0.019359510980687222,-0.0,0.0,0.031670857652034305,0.01180199940474282,0.02564156203201832,0.005578266468461923,0.02360399880948564,0.031670857652034305,progress=1.4283;speed=0.0000;settled=False
3016.320413,control_sample,settle,6,1790842685.926,odom,base_footprint,1.283272385597229,-0.01917026750743389,-0.031161510385430042,0.02580254119291896,0.009399511399864908,-0.030535519123077393,1.314235806465149,-0.012513707391917706,-0.019359510980687222,-0.0,0.0,0.031670857652034305,0.01180199940474282,0.02564156203201832,0.005578266468461923,0.02360399880948564,0.031670857652034305,progress=1.4283;speed=0.0000;settled=False
3016.339956,control_sample,settle,6,1790842685.926,odom,base_footprint,1.283272385597229,-0.01917026750743389,-0.031161510385430042,0.02580254119291896,0.009399511399864908,-0.030535519123077393,1.314235806465149,-0.012513707391917706,-0.019359510980687222,-0.0,0.0,0.031670857652034305,0.01180199940474282,0.02564156203201832,0.005578266468461923,0.02360399880948564,0.031670857652034305,progress=1.4283;speed=0.0000;settled=False
3016.360284,control_sample,settle,6,1790842685.926,odom,base_footprint,1.283272385597229,-0.01917026750743389,-0.031161510385430042,0.02580254119291896,0.009399511399864908,-0.030535519123077393,1.314235806465149,-0.012513707391917706,-0.019359510980687222,-0.0,0.0,0.031670857652034305,0.01180199940474282,0.02564156203201832,0.005578266468461923,0.02360399880948564,0.031670857652034305,progress=1.4283;speed=0.0000;settled=False
3016.380306,control_sample,settle,6,1790842686.016,odom,base_footprint,1.2863184213638306,-0.017198944464325905,-0.03253560979356144,0.033875242001573096,0.02185705397907044,-0.015267758630216122,1.314235806465149,-0.012513707391917706,-0.019359510980687222,-0.0,0.0,0.02830780523671838,0.013176098812874215,0.021120938681764248,0.0010014176509554815,0.02635219762574843,0.02830780523671838,progress=1.4283;speed=0.0000;settled=False
3016.400017,control_sample,settle,6,1790842686.016,odom,base_footprint,1.2863184213638306,-0.017198944464325905,-0.03253560979356144,0.033875242001573096,0.02185705397907044,-0.015267758630216122,1.314235806465149,-0.012513707391917706,-0.019359510980687222,-0.0,0.0,0.02830780523671838,0.013176098812874215,0.021120938681764248,0.0010014176509554815,0.02635219762574843,0.02830780523671838,progress=1.4283;speed=0.0000;settled=False
3016.420335,control_sample,settle,6,1790842686.016,odom,base_footprint,1.2863184213638306,-0.017198944464325905,-0.03253560979356144,0.033875242001573096,0.02185705397907044,-0.015267758630216122,1.314235806465149,-0.012513707391917706,-0.019359510980687222,-0.0,0.0,0.02830780523671838,0.013176098812874215,0.021120938681764248,0.0010014176509554815,0.02635219762574843,0.02830780523671838,progress=1.4283;speed=0.0000;settled=False
3016.439929,control_sample,settle,6,1790842686.016,odom,base_footprint,1.2863184213638306,-0.017198944464325905,-0.03253560979356144,0.033875242001573096,0.02185705397907044,-0.015267758630216122,1.314235806465149,-0.012513707391917706,-0.019359510980687222,-0.0,0.0,0.02830780523671838,0.013176098812874215,0.021120938681764248,0.0010014176509554815,0.02635219762574843,0.02830780523671838,progress=1.4283;speed=0.0000;settled=False
3016.462270,control_sample,settle,6,1790842686.016,odom,base_footprint,1.2863184213638306,-0.017198944464325905,-0.03253560979356144,0.033875242001573096,0.02185705397907044,-0.015267758630216122,1.314235806465149,-0.012513707391917706,-0.019359510980687222,-0.0,0.0,0.02830780523671838,0.013176098812874215,0.021120938681764248,0.0010014176509554815,0.02635219762574843,0.02830780523671838,progress=1.4283;speed=0.0000;settled=False
3016.480265,control_sample,settle,6,1790842686.016,odom,base_footprint,1.2863184213638306,-0.017198944464325905,-0.03253560979356144,0.033875242001573096,0.02185705397907044,-0.015267758630216122,1.314235806465149,-0.012513707391917706,-0.019359510980687222,-0.0,0.0,0.02830780523671838,0.013176098812874215,0.021120938681764248,0.0010014176509554815,0.02635219762574843,0.02830780523671838,progress=1.4283;speed=0.0000;settled=False
3016.500075,control_sample,settle,6,1790842686.137,odom,base_footprint,1.2906955480575562,-0.015489334240555763,-0.036230407905078074,0.036226738929747336,0.013995256809499642,-0.030535513535141945,1.314235806465149,-0.012513707391917706,-0.019359510980687222,-0.0,0.0,0.023727581440985045,0.016870896924390852,0.016277821093275337,0.0007667017185197246,0.033741793848781704,0.023727581440985045,progress=1.4283;speed=0.0000;settled=False
3016.520113,control_sample,settle,6,1790842686.137,odom,base_footprint,1.2906955480575562,-0.015489334240555763,-0.036230407905078074,0.036226738929747336,0.013995256809499642,-0.030535513535141945,1.314235806465149,-0.012513707391917706,-0.019359510980687222,-0.0,0.0,0.023727581440985045,0.016870896924390852,0.016277821093275337,0.0007667017185197246,0.033741793848781704,0.023727581440985045,progress=1.4283;speed=0.0000;settled=False
3016.540368,control_sample,settle,6,1790842686.137,odom,base_footprint,1.2906955480575562,-0.015489334240555763,-0.036230407905078074,0.036226738929747336,0.013995256809499642,-0.030535513535141945,1.314235806465149,-0.012513707391917706,-0.019359510980687222,-0.0,0.0,0.023727581440985045,0.016870896924390852,0.016277821093275337,0.0007667017185197246,0.033741793848781704,0.023727581440985045,progress=1.4283;speed=0.0000;settled=False
3016.560328,control_sample,settle,6,1790842686.196,odom,base_footprint,1.2928438186645508,-0.014362945221364498,-0.036230407905078074,0.036411453000341584,0.01909134192196438,2.7883910735937434e-09,1.314235806465149,-0.012513707391917706,-0.019359510980687222,-0.0,0.0,0.021471768036442573,0.016870896924390852,0.014171760893817359,-0.0014566501245733316,0.033741793848781704,0.021471768036442573,progress=1.4283;speed=0.0000;settled=False
3016.580284,control_sample,settle,6,1790842686.196,odom,base_footprint,1.2928438186645508,-0.014362945221364498,-0.036230407905078074,0.036411453000341584,0.01909134192196438,2.7883910735937434e-09,1.314235806465149,-0.012513707391917706,-0.019359510980687222,-0.0,0.0,0.021471768036442573,0.016870896924390852,0.014171760893817359,-0.0014566501245733316,0.033741793848781704,0.021471768036442573,progress=1.4283;speed=0.0000;settled=False
3016.600036,control_sample,settle,6,1790842686.196,odom,base_footprint,1.2928438186645508,-0.014362945221364498,-0.036230407905078074,0.036411453000341584,0.01909134192196438,2.7883910735937434e-09,1.314235806465149,-0.012513707391917706,-0.019359510980687222,-0.0,0.0,0.021471768036442573,0.016870896924390852,0.014171760893817359,-0.0014566501245733316,0.033741793848781704,0.021471768036442573,progress=1.4283;speed=0.0000;settled=False
3016.620348,control_sample,settle,6,1790842686.196,odom,base_footprint,1.2928438186645508,-0.014362945221364498,-0.036230407905078074,0.036411453000341584,0.01909134192196438,2.7883910735937434e-09,1.314235806465149,-0.012513707391917706,-0.019359510980687222,-0.0,0.0,0.021471768036442573,0.016870896924390852,0.014171760893817359,-0.0014566501245733316,0.033741793848781704,0.021471768036442573,progress=1.4283;speed=0.0000;settled=False
3016.639989,control_sample,settle,6,1790842686.286,odom,base_footprint,1.2956455945968628,-0.013086747378110886,-0.03897860371625398,0.031169506477113793,0.01409436427142265,-0.030535513535141945,1.314235806465149,-0.012513707391917706,-0.019359510980687222,-0.0,0.0,0.018599041699333407,0.019619092735566758,0.012434442359184327,-0.0017626172189608104,0.039238185471133516,0.018599041699333407,progress=1.4283;speed=0.0000;settled=False
3016.659922,control_sample,settle,6,1790842686.286,odom,base_footprint,1.2956455945968628,-0.013086747378110886,-0.03897860371625398,0.031169506477113793,0.01409436427142265,-0.030535513535141945,1.314235806465149,-0.012513707391917706,-0.019359510980687222,-0.0,0.0,0.018599041699333407,0.019619092735566758,0.012434442359184327,-0.0017626172189608104,0.039238185471133516,0.018599041699333407,progress=1.4283;speed=0.0000;settled=False
3016.680287,control_sample,settle,6,1790842686.286,odom,base_footprint,1.2956455945968628,-0.013086747378110886,-0.03897860371625398,0.031169506477113793,0.01409436427142265,-0.030535513535141945,1.314235806465149,-0.012513707391917706,-0.019359510980687222,-0.0,0.0,0.018599041699333407,0.019619092735566758,0.012434442359184327,-0.0017626172189608104,0.039238185471133516,0.018599041699333407,progress=1.4283;speed=0.0000;settled=False
3016.700052,control_sample,settle,6,1790842686.286,odom,base_footprint,1.2956455945968628,-0.013086747378110886,-0.03897860371625398,0.031169506477113793,0.01409436427142265,-0.030535513535141945,1.314235806465149,-0.012513707391917706,-0.019359510980687222,-0.0,0.0,0.018599041699333407,0.019619092735566758,0.012434442359184327,-0.0017626172189608104,0.039238185471133516,0.018599041699333407,progress=1.4283;speed=0.0000;settled=False
3016.720314,control_sample,settle,6,1790842686.286,odom,base_footprint,1.2956455945968628,-0.013086747378110886,-0.03897860371625398,0.031169506477113793,0.01409436427142265,-0.030535513535141945,1.314235806465149,-0.012513707391917706,-0.019359510980687222,-0.0,0.0,0.018599041699333407,0.019619092735566758,0.012434442359184327,-0.0017626172189608104,0.039238185471133516,0.018599041699333407,progress=1.4283;speed=0.0000;settled=False
3016.740073,control_sample,settle,6,1790842686.379,odom,base_footprint,1.2978057861328125,-0.012459080666303635,-0.03471889780659629,0.023199131242649287,0.006847988761600219,0.045803286135196686,1.314235806465149,-0.012513707391917706,-0.019359510980687222,-0.0,0.0,0.01643011114387665,0.015359386825909066,0.011832526407287478,-0.0010141058713066396,0.030718773651818132,0.01643011114387665,progress=1.4283;speed=0.0000;settled=False
3016.760373,control_sample,settle,6,1790842686.379,odom,base_footprint,1.2978057861328125,-0.012459080666303635,-0.03471889780659629,0.023199131242649287,0.006847988761600219,0.045803286135196686,1.314235806465149,-0.012513707391917706,-0.019359510980687222,-0.0,0.0,0.01643011114387665,0.015359386825909066,0.011832526407287478,-0.0010141058713066396,0.030718773651818132,0.01643011114387665,progress=1.4283;speed=0.0000;settled=False
3016.780131,control_sample,settle,6,1790842686.379,odom,base_footprint,1.2978057861328125,-0.012459080666303635,-0.03471889780659629,0.023199131242649287,0.006847988761600219,0.045803286135196686,1.314235806465149,-0.012513707391917706,-0.019359510980687222,-0.0,0.0,0.01643011114387665,0.015359386825909066,0.011832526407287478,-0.0010141058713066396,0.030718773651818132,0.01643011114387665,progress=1.4283;speed=0.0000;settled=False
3016.799952,control_sample,settle,6,1790842686.379,odom,base_footprint,1.2978057861328125,-0.012459080666303635,-0.03471889780659629,0.023199131242649287,0.006847988761600219,0.045803286135196686,1.314235806465149,-0.012513707391917706,-0.019359510980687222,-0.0,0.0,0.01643011114387665,0.015359386825909066,0.011832526407287478,-0.0010141058713066396,0.030718773651818132,0.01643011114387665,progress=1.4283;speed=0.0000;settled=False
3016.820339,control_sample,settle,6,1790842686.467,odom,base_footprint,1.2991667985916138,-0.012057332322001457,-0.0293446470012404,0.015441329052920628,0.004648377989959887,0.061071038246154785,1.314235806465149,-0.012513707391917706,-0.019359510980687222,-0.0,0.0,0.015075917103019159,0.00998513602055318,0.012016251405331368,-0.0010339337487696467,0.01997027204110636,0.015075917103019159,progress=1.4283;speed=0.0000;settled=False
3016.839951,control_sample,settle,6,1790842686.467,odom,base_footprint,1.2991667985916138,-0.012057332322001457,-0.0293446470012404,0.015441329052920628,0.004648377989959887,0.061071038246154785,1.314235806465149,-0.012513707391917706,-0.019359510980687222,-0.0,0.0,0.015075917103019159,0.00998513602055318,0.012016251405331368,-0.0010339337487696467,0.01997027204110636,0.015075917103019159,progress=1.4283;speed=0.0000;settled=False
3016.860267,control_sample,settle,6,1790842686.467,odom,base_footprint,1.2991667985916138,-0.012057332322001457,-0.0293446470012404,0.015441329052920628,0.004648377989959887,0.061071038246154785,1.314235806465149,-0.012513707391917706,-0.019359510980687222,-0.0,0.0,0.015075917103019159,0.00998513602055318,0.012016251405331368,-0.0010339337487696467,0.01997027204110636,0.015075917103019159,progress=1.4283;speed=0.0000;settled=False
3016.880353,control_sample,settle,6,1790842686.467,odom,base_footprint,1.2991667985916138,-0.012057332322001457,-0.0293446470012404,0.015441329052920628,0.004648377989959887,0.061071038246154785,1.314235806465149,-0.012513707391917706,-0.019359510980687222,-0.0,0.0,0.015075917103019159,0.00998513602055318,0.012016251405331368,-0.0010339337487696467,0.01997027204110636,0.015075917103019159,progress=1.4283;speed=0.0000;settled=False
3016.899993,control_sample,settle,6,1790842686.467,odom,base_footprint,1.2991667985916138,-0.012057332322001457,-0.0293446470012404,0.015441329052920628,0.004648377989959887,0.061071038246154785,1.314235806465149,-0.012513707391917706,-0.019359510980687222,-0.0,0.0,0.015075917103019159,0.00998513602055318,0.012016251405331368,-0.0010339337487696467,0.01997027204110636,0.015075917103019159,progress=1.4283;speed=0.0000;settled=False
3016.920387,control_sample,settle,6,1790842686.563,odom,base_footprint,1.3001701831817627,-0.011591926217079163,-0.02638269968464179,0.010329836082796098,0.004828614636335049,0.03053552284836769,1.314235806465149,-0.012513707391917706,-0.019359510980687222,-0.0,0.0,0.014095795078122537,0.007023188703954568,0.012045271824882953,-0.0015703006471005693,0.014046377407909136,0.014095795078122537,progress=1.4283;speed=0.0000;settled=False
3016.940216,control_sample,settle,6,1790842686.563,odom,base_footprint,1.3001701831817627,-0.011591926217079163,-0.02638269968464179,0.010329836082796098,0.004828614636335049,0.03053552284836769,1.314235806465149,-0.012513707391917706,-0.019359510980687222,-0.0,0.0,0.014095795078122537,0.007023188703954568,0.012045271824882953,-0.0015703006471005693,0.014046377407909136,0.014095795078122537,progress=1.4283;speed=0.0000;settled=False
3016.960343,control_sample,settle,6,1790842686.563,odom,base_footprint,1.3001701831817627,-0.011591926217079163,-0.02638269968464179,0.010329836082796098,0.004828614636335049,0.03053552284836769,1.314235806465149,-0.012513707391917706,-0.019359510980687222,-0.0,0.0,0.014095795078122537,0.007023188703954568,0.012045271824882953,-0.0015703006471005693,0.014046377407909136,0.014095795078122537,progress=1.4283;speed=0.0000;settled=False
3016.980296,control_sample,settle,6,1790842686.563,odom,base_footprint,1.3001701831817627,-0.011591926217079163,-0.02638269968464179,0.010329836082796098,0.004828614636335049,0.03053552284836769,1.314235806465149,-0.012513707391917706,-0.019359510980687222,-0.0,0.0,0.014095795078122537,0.007023188703954568,0.012045271824882953,-0.0015703006471005693,0.014046377407909136,0.014095795078122537,progress=1.4283;speed=0.0000;settled=False
3017.000043,control_sample,settle,6,1790842686.563,odom,base_footprint,1.3001701831817627,-0.011591926217079163,-0.02638269968464179,0.010329836082796098,0.004828614636335049,0.03053552284836769,1.314235806465149,-0.012513707391917706,-0.019359510980687222,-0.0,0.0,0.014095795078122537,0.007023188703954568,0.012045271824882953,-0.0015703006471005693,0.014046377407909136,0.014095795078122537,progress=1.4283;speed=0.0000;settled=False
3017.020333,control_sample,settle,6,1790842686.659,odom,base_footprint,1.301400065422058,-0.011379524134099483,-0.024916995394247986,0.01280814779922702,0.0022313011245508815,0.015267761424183846,1.314235806465149,-0.012513707391917706,-0.019359510980687222,-0.0,0.0,0.012885752589104037,0.0055574844135607634,0.010310298101214121,-0.0013239793942333433,0.011114968827121527,0.012885752589104037,progress=1.4283;speed=0.0000;settled=False
3017.039959,control_sample,settle,6,1790842686.659,odom,base_footprint,1.301400065422058,-0.011379524134099483,-0.024916995394247986,0.01280814779922702,0.0022313011245508815,0.015267761424183846,1.314235806465149,-0.012513707391917706,-0.019359510980687222,-0.0,0.0,0.012885752589104037,0.0055574844135607634,0.010310298101214121,-0.0013239793942333433,0.011114968827121527,0.012885752589104037,progress=1.4283;speed=0.0000;settled=False
3017.060306,control_sample,settle,6,1790842686.659,odom,base_footprint,1.301400065422058,-0.011379524134099483,-0.024916995394247986,0.01280814779922702,0.0022313011245508815,0.015267761424183846,1.314235806465149,-0.012513707391917706,-0.019359510980687222,-0.0,0.0,0.012885752589104037,0.0055574844135607634,0.0,0.0,0.0,0.012885752589104037,progress=1.4283;speed=0.0000;settled=True
3017.061011,emergency_zero,,,,,,,,,,,,,,,,,,,0.0,0.0,0.0,,
3017.081584,emergency_zero,,,,,,,,,,,,,,,,,,,0.0,0.0,0.0,,
3017.102258,emergency_zero,,,,,,,,,,,,,,,,,,,0.0,0.0,0.0,,
3017.122831,emergency_zero,,,,,,,,,,,,,,,,,,,0.0,0.0,0.0,,
3017.143434,emergency_zero,,,,,,,,,,,,,,,,,,,0.0,0.0,0.0,,
3017.164130,emergency_zero,,,,,,,,,,,,,,,,,,,0.0,0.0,0.0,,
3017.184826,emergency_zero,,,,,,,,,,,,,,,,,,,0.0,0.0,0.0,,
3017.205802,emergency_zero,,,,,,,,,,,,,,,,,,,0.0,0.0,0.0,,
3017.226546,emergency_zero,,,,,,,,,,,,,,,,,,,0.0,0.0,0.0,,
3017.247115,emergency_zero,,,,,,,,,,,,,,,,,,,0.0,0.0,0.0,,
3017.267933,emergency_zero,,,,,,,,,,,,,,,,,,,0.0,0.0,0.0,,
3017.288579,emergency_zero,,,,,,,,,,,,,,,,,,,0.0,0.0,0.0,,
3017.309245,emergency_zero,,,,,,,,,,,,,,,,,,,0.0,0.0,0.0,,
3017.329871,emergency_zero,,,,,,,,,,,,,,,,,,,0.0,0.0,0.0,,
3017.350520,emergency_zero,,,,,,,,,,,,,,,,,,,0.0,0.0,0.0,,
3017.371226,emergency_zero,,,,,,,,,,,,,,,,,,,0.0,0.0,0.0,,
3017.391930,emergency_zero,,,,,,,,,,,,,,,,,,,0.0,0.0,0.0,,
3017.412639,emergency_zero,,,,,,,,,,,,,,,,,,,0.0,0.0,0.0,,
3017.433166,emergency_zero,,,,,,,,,,,,,,,,,,,0.0,0.0,0.0,,
3017.453798,emergency_zero,,,,,,,,,,,,,,,,,,,0.0,0.0,0.0,,
3017.474489,emergency_zero,,,,,,,,,,,,,,,,,,,0.0,0.0,0.0,,
3017.495185,emergency_zero,,,,,,,,,,,,,,,,,,,0.0,0.0,0.0,,
3017.515794,emergency_zero,,,,,,,,,,,,,,,,,,,0.0,0.0,0.0,,
3017.536464,emergency_zero,,,,,,,,,,,,,,,,,,,0.0,0.0,0.0,,
3017.557112,emergency_zero,,,,,,,,,,,,,,,,,,,0.0,0.0,0.0,,
3017.560994,trial_stop,,,1790842686.659,,,1.301400065422058,-0.011379524134099483,-0.024916995394247986,,,,,,,,,,,,,,,settled
