monotonic_s,record_type,segment,primitive_index,phase,source_stamp_s,frame_id,child_frame_id,pose_x_m,pose_y_m,pose_yaw_rad,world_vx_mps,world_vy_mps,odom_wz_radps,ref_x_m,ref_y_m,ref_yaw_rad,ref_vx_mps,ref_vy_mps,position_error_m,corridor_error_m,yaw_error_rad,cmd_vx_mps,cmd_vy_mps,cmd_wz_radps,displacement_from_start_m,imu_source_stamp_s,imu_frame_id,imu_acc_z_mps2,imu_wz_radps,imu_receipt_age_s,reason
7371.147996,imu_sample,,,,1790847040.859,,,,,,,,,,,,,,,,,,,,,1790847040.859,imu_frame,9.838373184204102,0.007423561532050371,0.0,
7371.187317,imu_sample,,,,1790847040.898,,,,,,,,,,,,,,,,,,,,,1790847040.898,imu_frame,9.88625717163086,-0.0032290827948600054,0.0,
7371.259084,imu_sample,,,,1790847040.97,,,,,,,,,,,,,,,,,,,,,1790847040.97,imu_frame,9.790489196777344,-0.005359611939638853,0.0,
7371.266633,imu_sample,,,,1790847040.978,,,,,,,,,,,,,,,,,,,,,1790847040.978,imu_frame,9.790489196777344,-0.005359611939638853,0.0,
7371.306912,imu_sample,,,,1790847041.018,,,,,,,,,,,,,,,,,,,,,1790847041.018,imu_frame,9.780912399291992,0.0010319749126210809,0.0,
7371.365750,imu_sample,,,,1790847041.077,,,,,,,,,,,,,,,,,,,,,1790847041.077,imu_frame,9.900622367858887,0.007423561532050371,0.0,
7371.396205,imu_sample,,,,1790847041.107,,,,,,,,,,,,,,,,,,,,,1790847041.107,imu_frame,9.766547203063965,-0.006424876395612955,0.0,
7371.426905,imu_sample,,,,1790847041.138,,,,,,,,,,,,,,,,,,,,,1790847041.138,imu_frame,9.723451614379883,0.0031625039409846067,0.0,
7371.467436,imu_sample,,,,1790847041.178,,,,,,,,,,,,,,,,,,,,,1790847041.178,imu_frame,9.847949981689453,-0.005359611939638853,0.0,
7371.539633,imu_sample,,,,1790847041.251,,,,,,,,,,,,,,,,,,,,,1790847041.251,imu_frame,9.938929557800293,-0.005359611939638853,0.0,
7371.546788,imu_sample,,,,1790847041.258,,,,,,,,,,,,,,,,,,,,,1790847041.258,imu_frame,9.938929557800293,-0.005359611939638853,0.0,
7371.593974,imu_sample,,,,1790847041.306,,,,,,,,,,,,,,,,,,,,,1790847041.306,imu_frame,9.804854393005371,-0.011751198209822178,0.0,
7371.646285,imu_sample,,,,1790847041.357,,,,,,,,,,,,,,,,,,,,,1790847041.357,imu_frame,9.900622367858887,0.005293032620102167,0.0,
7371.684398,imu_sample,,,,1790847041.396,,,,,,,,,,,,,,,,,,,,,1790847041.396,imu_frame,9.88625717163086,-0.0010985539993271232,0.0,
7371.706854,imu_sample,,,,1790847041.418,,,,,,,,,,,,,,,,,,,,,1790847041.418,imu_frame,9.709086418151855,-0.0032290827948600054,0.0,
7371.747283,imu_sample,,,,1790847041.458,,,,,,,,,,,,,,,,,,,,,1790847041.458,imu_frame,9.790489196777344,-0.0032290827948600054,0.0,
7371.818436,imu_sample,,,,1790847041.529,,,,,,,,,,,,,,,,,,,,,1790847041.529,imu_frame,9.91977596282959,-0.0010985539993271232,0.0,
7371.827089,imu_sample,,,,1790847041.538,,,,,,,,,,,,,,,,,,,,,1790847041.538,imu_frame,9.900622367858887,0.0010319749126210809,0.0,
7371.866726,imu_sample,,,,1790847041.578,,,,,,,,,,,,,,,,,,,,,1790847041.578,imu_frame,9.819219589233398,0.005426190793514252,0.0,
7371.924725,imu_sample,,,,1790847041.636,,,,,,,,,,,,,,,,,,,,,1790847041.636,imu_frame,9.852738380432129,-0.008422247134149075,0.0,
7371.963355,imu_sample,,,,1790847041.675,,,,,,,,,,,,,,,,,,,,,1790847041.675,imu_frame,9.742605209350586,0.006491455249488354,0.0,
7371.987302,imu_sample,,,,1790847041.698,,,,,,,,,,,,,,,,,,,,,1790847041.698,imu_frame,9.867103576660156,0.008621984161436558,0.0,
7372.027661,imu_sample,,,,1790847041.738,,,,,,,,,,,,,,,,,,,,,1790847041.738,imu_frame,9.814431190490723,0.010752513073384762,0.0,
7372.070652,imu_sample,,,,1790847041.782,,,,,,,,,,,,,,,,,,,,,1790847041.782,imu_frame,9.766547203063965,-0.0052264537662267685,0.0,
7372.106908,imu_sample,,,,1790847041.818,,,,,,,,,,,,,,,,,,,,,1790847041.818,imu_frame,9.876680374145508,0.00436092633754015,0.0,
7372.147562,imu_sample,,,,1790847041.858,,,,,,,,,,,,,,,,,,,,,1790847041.858,imu_frame,9.900622367858887,-0.0041611893102526665,0.0,
7372.205768,imu_sample,,,,1790847041.917,,,,,,,,,,,,,,,,,,,,,1790847041.917,imu_frame,9.895833969116211,-0.0009653959423303604,0.0,
7372.306696,trial_start,,,,1790847041.948,odom,base_footprint,2.164646625518799,0.8020739555358887,-0.08922474965764292,,,,,,,,,,,,,,,,,,,,,route_length_m=1.428319;profile_s=4.339684;speed=0.500;a_acc=1.000;a_dec=0.600;midpoint_stop=true;command_cap=0.700;kp_pos=1.000;kd_vel=0.200
7372.308053,segment_enter,north_out,0,outbound,1790847041.948,,,2.164646625518799,0.8020739555358887,-0.08922474965764292,,,,,,,,,,,,,,,,,,,,,
7372.308217,control_sample,north_out,0,outbound,1790847041.948,odom,base_footprint,2.164646625518799,0.8020739555358887,-0.08922474965764292,0.0,0.0,0.0,2.1646466264690187,0.8020739554508798,-0.08922474965764282,4.3507242410091304e-05,-3.8922571239654545e-06,9.54014871363849e-10,0.0,9.71445146547012e-17,5.241815465564663e-05,-4.914231050085274e-17,1.942890293094024e-16,0.0,1790847041.917,imu_frame,9.895833969116211,-0.0009653959423303604,0.10116825699969922,progress=0.0000;speed=0.0000;settled=False
7372.328502,control_sample,north_out,0,outbound,1790847042.016,odom,base_footprint,2.164646625518799,0.8020739555358887,-0.08922474965764292,0.0,0.0,0.0,2.1648500759608824,0.8020557543953726,-0.08922474965764282,0.020131623830675276,-0.0018010209779180098,0.00020426297731134034,0.0,9.71445146547012e-17,0.024458692977967045,1.734723475976807e-18,1.942890293094024e-16,0.0,1790847041.917,imu_frame,9.895833969116211,-0.0009653959423303604,0.12133660099971166,progress=0.0002;speed=0.0202;settled=False
7372.329466,imu_sample,,,,1790847041.957,,,,,,,,,,,,,,,,,,,,,1790847041.957,imu_frame,9.756970405578613,0.0011651329696178436,0.0,
7372.348605,control_sample,north_out,0,outbound,1790847042.016,odom,base_footprint,2.164646625518799,0.8020739555358887,-0.08922474965764292,0.0,0.0,0.0,2.16544822776948,0.8020022423704944,-0.08922474965764282,0.03996031948772394,-0.0035749413105978247,0.0008048036694674725,0.0,9.71445146547012e-17,0.048948698070177016,8.673617379884035e-19,1.942890293094024e-16,0.0,1790847041.957,imu_frame,9.756970405578613,0.0011651329696178436,0.017532765000396466,progress=0.0008;speed=0.0401;settled=False
7372.369696,control_sample,north_out,0,outbound,1790847042.016,odom,base_footprint,2.164646625518799,0.8020739555358887,-0.08922474965764292,0.0,0.0,0.0,2.16645272886738,0.8019123774115187,-0.08922474965764282,0.0599819784920063,-0.005366124584372716,0.0018133165184353321,0.0,9.71445146547012e-17,0.07407915611843958,-2.688821387764051e-17,1.942890293094024e-16,0.0,1790847041.957,imu_frame,9.756970405578613,0.0011651329696178436,0.03763438599980873,progress=0.0018;speed=0.0602;settled=False
7372.371864,imu_sample,,,,1790847041.978,,,,,,,,,,,,,,,,,,,,,1790847041.978,imu_frame,9.86231517791748,-0.0052264537662267685,0.0,
7372.388759,control_sample,north_out,0,outbound,1790847042.016,odom,base_footprint,2.164646625518799,0.8020739555358887,-0.08922474965764292,0.0,0.0,0.0,2.1678487954941623,0.8017874821073667,-0.08922474965764282,0.07986779203327027,-0.007145154813231362,0.003214958720787645,0.0,9.71445146547012e-17,0.099439077921057,7.112366251504909e-17,1.942890293094024e-16,0.0,1790847041.978,imu_frame,9.86231517791748,-0.0052264537662267685,0.01519889199971658,progress=0.0032;speed=0.0802;settled=False
7372.408859,control_sample,north_out,0,outbound,1790847042.016,odom,base_footprint,2.164646625518799,0.8020739555358887,-0.08922474965764292,0.0,0.0,0.0,2.169648005186498,0.8016265207052053,-0.08922474965764282,0.09981467567436436,-0.008929648512490744,0.005021354051267694,0.0,9.71445146547012e-17,0.12527732965186164,2.42861286636753e-17,1.942890293094024e-16,0.0,1790847041.978,imu_frame,9.86231517791748,-0.0052264537662267685,0.03522543899998709,progress=0.0050;speed=0.1002;settled=False
7372.428806,control_sample,north_out,0,outbound,1790847042.112,odom,base_footprint,2.164646625518799,0.8020739555358887,-0.08922474965764292,0.0,0.0,0.0,2.171837938910014,0.8014306042401712,-0.08922474965764282,0.11968882280835415,-0.010707635037949482,0.007220033876677786,0.0,9.71445146547012e-17,0.15142023347720518,2.6020852139652106e-17,1.942890293094024e-16,0.0,1790847041.978,imu_frame,9.86231517791748,-0.0052264537662267685,0.05517895899993164,progress=0.0072;speed=0.1202;settled=False
7372.430067,imu_sample,,,,1790847042.028,,,,,,,,,,,,,,,,,,,,,1790847042.028,imu_frame,9.819219589233398,0.006491455249488354,0.0,
7372.448889,control_sample,north_out,0,outbound,1790847042.112,odom,base_footprint,2.164646625518799,0.8020739555358887,-0.08922474965764292,0.0,0.0,0.0,2.1744316683878138,0.8011985632861055,-0.08922474965764282,0.13961460572085363,-0.012490241017908727,0.009824122125637512,0.0,9.71445146547012e-17,0.17803075612630886,1.0408340855860843e-17,1.942890293094024e-16,0.0,1790847042.028,imu_frame,9.819219589233398,0.006491455249488354,0.01699005800037412,progress=0.0098;speed=0.1402;settled=False
7372.468812,control_sample,north_out,0,outbound,1790847042.112,odom,base_footprint,2.164646625518799,0.8020739555358887,-0.08922474965764292,0.0,0.0,0.0,2.1774220804283386,0.8009310342053466,-0.08922474965764282,0.1595282770039209,-0.01427176346387848,0.012826477198104416,0.0,9.71445146547012e-17,0.20502495359825804,-3.469446951953614e-18,1.942890293094024e-16,0.0,1790847042.028,imu_frame,9.819219589233398,0.006491455249488354,0.036983259999942675,progress=0.0128;speed=0.1602;settled=False
7372.470704,imu_sample,,,,1790847042.065,,,,,,,,,,,,,,,,,,,,,1790847042.065,imu_frame,9.910199165344238,-0.0009653959423303604,0.0,
7372.488783,control_sample,north_out,0,outbound,1790847042.112,odom,base_footprint,2.164646625518799,0.8020739555358887,-0.08922474965764292,0.0,0.0,0.0,2.1808092235477905,0.8006280126575246,-0.08922474965764282,0.17943413847821726,-0.016052587226545376,0.01622714780404299,0.0,9.71445146547012e-17,0.23240805740441378,7.28583859910259e-17,1.942890293094024e-16,0.0,1790847042.065,imu_frame,9.910199165344238,-0.0009653959423303604,0.016326066999681643,progress=0.0162;speed=0.1802;settled=False
7372.508500,control_sample,north_out,0,outbound,1790847042.112,odom,base_footprint,2.164646625518799,0.8020739555358887,-0.08922474965764292,0.0,0.0,0.0,2.1845972291566738,0.8002891290372338,-0.08922474965764282,0.199355172357686,-0.017834768347179553,0.020030281853880363,0.0,9.71445146547012e-17,0.2602119042548766,6.938893903907228e-18,1.942890293094024e-16,0.0,1790847042.065,imu_frame,9.910199165344238,-0.0009653959423303604,0.036326661000202876,progress=0.0200;speed=0.2002;settled=False
7372.529454,control_sample,north_out,0,outbound,1790847042.198,odom,base_footprint,2.1672284603118896,0.8014026880264282,-0.08922474965764292,0.030020489637464405,-0.007805499524541662,0.0,2.188912841587212,0.7999030445074743,-0.08922474965764282,0.21986217401322813,-0.01966937148135663,0.021736175422035403,0.000438539254037945,9.71445146547012e-17,0.28050073758123206,0.001458425669489831,1.942890293094024e-16,0.002667671450548503,1790847042.065,imu_frame,9.910199165344238,-0.0009653959423303604,0.05691556300007505,progress=0.0244;speed=0.2207;settled=False
7372.530685,imu_sample,,,,1790847042.103,,,,,,,,,,,,,,,,,,,,,1790847042.103,imu_frame,9.73781681060791,9.986854274757206e-05,0.0,
7372.548399,control_sample,north_out,0,outbound,1790847042.198,odom,base_footprint,2.1672284603118896,0.8014026880264282,-0.08922474965764292,0.030020489637464405,-0.007805499524541662,0.0,2.193369456430908,0.7995043455802786,-0.08922474965764282,0.23920106484003859,-0.02139947275692688,0.02620983369152461,0.000438539254037945,9.71445146547012e-17,0.3082745023401291,0.0014584256694898101,1.942890293094024e-16,0.002667671450548503,1790847042.103,imu_frame,9.73781681060791,9.986854274757206e-05,0.016349780000382452,progress=0.0288;speed=0.2402;settled=False
7372.568687,control_sample,north_out,0,outbound,1790847042.198,odom,base_footprint,2.1672284603118896,0.8014026880264282,-0.08922474965764292,0.030020489637464405,-0.007805499524541662,0.0,2.1983528526522536,0.7990585195897172,-0.08922474965764282,0.25912216246424835,-0.023181659580310963,0.031212544340642523,0.000438539254037945,9.71445146547012e-17,0.3372785907230237,0.001458425669489831,1.942890293094024e-16,0.002667671450548503,1790847042.103,imu_frame,9.73781681060791,9.986854274757206e-05,0.03635043800022686,progress=0.0338;speed=0.2602;settled=False
7372.570438,imu_sample,,,,1790847042.138,,,,,,,,,,,,,,,,,,,,,1790847042.138,imu_frame,9.766547203063965,0.06295046955347061,0.0,
7372.588271,control_sample,north_out,0,outbound,1790847042.198,odom,base_footprint,2.1672284603118896,0.8014026880264282,-0.08922474965764292,0.030020489637464405,-0.007805499524541662,0.0,2.203734041021336,0.798577106206457,-0.08922474965764282,0.2790409652542279,-0.02496364110259145,0.03661476936367687,0.000438539254037945,9.71445146547012e-17,0.36667929514673203,0.0014584256694898413,1.942890293094024e-16,0.002667671450548503,1790847042.138,imu_frame,9.766547203063965,0.06295046955347061,0.01660092500060273,progress=0.0392;speed=0.2802;settled=False
7372.607950,control_sample,north_out,0,outbound,1790847042.198,odom,base_footprint,2.1672284603118896,0.8014026880264282,-0.08922474965764292,0.030020489637464405,-0.007805499524541662,0.0,2.20950471402213,0.7980608486398271,-0.08922474965764282,0.2989302529201136,-0.02674298213456148,0.042408130332029864,0.000438539254037945,9.71445146547012e-17,0.3964354801149994,0.0014584256694898518,1.942890293094024e-16,0.002667671450548503,1790847042.138,imu_frame,9.766547203063965,0.06295046955347061,0.036569646000316425,progress=0.0450;speed=0.3001;settled=False
7372.629131,control_sample,north_out,0,outbound,1790847042.288,odom,base_footprint,2.175044536590576,0.8002375364303589,-0.09200348060737931,0.08585519758934869,-0.013042429547570376,-0.030535513535141945,2.2157726867577923,0.7975001015048272,-0.08922474965764282,0.3191322218082751,-0.028550296341743612,0.04082004122995009,0.0009025935135495776,0.002778730949736491,0.40795595916908894,0.003104263854090794,0.005557461899472982,0.010558834679439993,1790847042.138,imu_frame,9.766547203063965,0.06295046955347061,0.056852297000659746,progress=0.0513;speed=0.3204;settled=False
7372.630062,imu_sample,,,,1790847042.207,,,,,,,,,,,,,,,,,,,,,1790847042.207,imu_frame,9.598953247070312,0.10023472458124161,0.0,
7372.649619,control_sample,north_out,0,outbound,1790847042.288,odom,base_footprint,2.175044536590576,0.8002375364303589,-0.09200348060737931,0.08585519758934869,-0.013042429547570376,-0.030535513535141945,2.2224234601620605,0.7969051081490396,-0.08922474965764282,0.33925508064375204,-0.030350533183202667,0.04749597327187526,0.0009025935135495776,0.002778730949736491,0.4388770448872353,0.0031901854531187837,0.005557461899472982,0.010558834679439993,1790847042.207,imu_frame,9.598953247070312,0.10023472458124161,0.017421561000446673,progress=0.0580;speed=0.3406;settled=False
7372.670452,control_sample,north_out,0,outbound,1790847042.288,odom,base_footprint,2.175044536590576,0.8002375364303589,-0.09200348060737931,0.08585519758934869,-0.013042429547570376,-0.030535513535141945,2.229410784384199,0.7962800061895836,-0.08922474965764282,0.35918389245871524,-0.03213341013568371,0.05451009947490698,0.0009025935135495776,0.002778730949736491,0.46990223872875064,0.0032763963413559374,0.005557461899472982,0.010558834679439993,1790847042.207,imu_frame,9.598953247070312,0.10023472458124161,0.03742996399978438,progress=0.0650;speed=0.3606;settled=False
7372.689457,control_sample,north_out,0,outbound,1790847042.377,odom,base_footprint,2.190237522125244,0.7988357543945312,-0.08931635484306835,0.17268958292764483,-0.01546514990752219,0.030535513535141945,2.236619602898803,0.7956350888456075,-0.08922474965764282,0.3786467402302349,-0.03387460088221059,0.04649238299808913,0.0009450070259371114,9.160518542553064e-05,0.4679973156280466,0.0009910545249193284,0.0001832103708510613,0.02579495950284983,1790847042.207,imu_frame,9.598953247070312,0.10023472458124161,0.05697054200027196,progress=0.0723;speed=0.3802;settled=False
7372.691759,imu_sample,,,,1790847042.242,,,,,,,,,,,,,,,,,,,,,1790847042.242,imu_frame,9.900622367858887,0.14817163348197937,0.0,
7372.708575,control_sample,north_out,0,outbound,1790847042.377,odom,base_footprint,2.190237522125244,0.7988357543945312,-0.08931635484306835,0.17268958292764483,-0.01546514990752219,0.030535513535141945,2.2443882543024536,0.7949400875746823,-0.08922474965764282,0.3985584662823067,-0.03565594930337939,0.05429068074079693,0.0009450070259371114,9.160518542553064e-05,0.4997864919414363,0.0009939665783181215,0.0001832103708510613,0.02579495950284983,1790847042.242,imu_frame,9.900622367858887,0.14817163348197937,0.015266446000168798,progress=0.0801;speed=0.4002;settled=False
7372.730862,control_sample,north_out,0,outbound,1790847042.377,odom,base_footprint,2.190237522125244,0.7988357543945312,-0.08931635484306835,0.17268958292764483,-0.01546514990752219,0.030535513535141945,2.2532534968909226,0.7941469827555948,-0.08922474965764282,0.4201295113886097,-0.037585744191205105,0.06319017055801256,0.0009450070259371114,9.160518542553064e-05,0.5346757741655863,0.000997162617494593,0.0001832103708510613,0.02579495950284983,1790847042.242,imu_frame,9.900622367858887,0.14817163348197937,0.036923641000612406,progress=0.0890;speed=0.4218;settled=False
7372.734295,imu_sample,,,,1790847042.258,,,,,,,,,,,,,,,,,,,,,1790847042.258,imu_frame,10.001178741455078,0.2483064830303192,0.0,
7372.748765,control_sample,north_out,0,outbound,1790847042.377,odom,base_footprint,2.190237522125244,0.7988357543945312,-0.08931635484306835,0.17268958292764483,-0.01546514990752219,0.030535513535141945,2.2611306530722426,0.793442274399815,-0.08922474965764282,0.4384067173454423,-0.0392208647171423,0.07109800026668595,0.0009450070259371114,9.160518542553064e-05,0.564604631007801,0.0009999042559828697,0.0001832103708510613,0.02579495950284983,1790847042.258,imu_frame,10.001178741455078,0.2483064830303192,0.012751608000144188,progress=0.0969;speed=0.4402;settled=False
7372.767911,control_sample,north_out,0,outbound,1790847042.377,odom,base_footprint,2.190237522125244,0.7988357543945312,-0.08931635484306835,0.17268958292764483,-0.01546514990752219,0.030535513535141945,2.270089904355443,0.7926407593485106,-0.08922474965764282,0.4583095837807627,-0.04100142053679224,0.08009232741941015,0.0009450070259371114,9.160518542553064e-05,0.5975784881833661,0.0010029248322920778,0.0001832103708510613,0.02579495950284983,1790847042.258,imu_frame,10.001178741455078,0.2483064830303192,0.03273396199983836,progress=0.1059;speed=0.4601;settled=False
7372.769374,imu_sample,,,,1790847042.298,,,,,,,,,,,,,,,,,,,,,1790847042.298,imu_frame,10.111311912536621,-0.14158029854297638,0.0,
7372.788120,control_sample,north_out,0,outbound,1790847042.377,odom,base_footprint,2.190237522125244,0.7988357543945312,-0.08931635484306835,0.17268958292764483,-0.01546514990752219,0.030535513535141945,2.279455094336424,0.7918029280955626,-0.08922474965764282,0.47822959673703974,-0.04278351032330948,0.08949433410562123,0.0009450070259371114,9.160518542553064e-05,0.6309805632829728,0.00100598463558383,0.0001832103708510613,0.02579495950284983,1790847042.298,imu_frame,10.111311912536621,-0.14158029854297638,0.01765017599973362,progress=0.1153;speed=0.4801;settled=False
7372.808419,control_sample,north_out,0,outbound,1790847042.377,odom,base_footprint,2.190237522125244,0.7988357543945312,-0.08931635484306835,0.17268958292764483,-0.01546514990752219,0.030535513535141945,2.289230842724751,0.7909283673512177,-0.08922474965764282,0.49801105604537477,-0.04455320478451121,0.09930863151393009,0.0009450070259371114,9.160518542553064e-05,0.664627908066681,0.0010090669068503755,0.0001832103708510613,0.02579495950284983,1790847042.298,imu_frame,10.111311912536621,-0.14158029854297638,0.0376741950003634,progress=0.1251;speed=0.5000;settled=False
7372.828500,control_sample,north_out,0,outbound,1790847042.481,odom,base_footprint,2.2206814289093018,0.7969080209732056,-0.084552812791695,0.29281581107955545,-0.01714099266990575,0.045803315937519073,2.2991865309487167,0.7900377087788252,-0.08922474965764282,0.49801105604537477,-0.04455320478451121,0.07880515361235715,0.00015232491301238183,-0.004671936865947815,0.620154843688085,-0.004548830040980181,-0.00934387373189563,0.05627242727054026,1790847042.298,imu_frame,10.111311912536621,-0.14158029854297638,0.05766509299974132,progress=0.1351;speed=0.5000;settled=False
7372.829574,imu_sample,,,,1790847042.369,,,,,,,,,,,,,,,,,,,,,1790847042.369,imu_frame,10.092158317565918,-0.19910457730293274,0.0,
7372.848484,control_sample,north_out,0,outbound,1790847042.481,odom,base_footprint,2.2206814289093018,0.7969080209732056,-0.084552812791695,0.29281581107955545,-0.01714099266990575,0.045803315937519073,2.3091376768145455,0.7891474565761504,-0.08922474965764282,0.49801105604537477,-0.04455320478451121,0.0887960255486403,0.00015232491301238183,-0.004671936865947815,0.6301456231531485,-0.004595506671486546,-0.00934387373189563,0.05627242727054026,1790847042.369,imu_frame,10.092158317565918,-0.19910457730293274,0.017442362000110734,progress=0.1451;speed=0.5000;settled=False
7372.868731,control_sample,north_out,0,outbound,1790847042.481,odom,base_footprint,2.2206814289093018,0.7969080209732056,-0.084552812791695,0.29281581107955545,-0.01714099266990575,0.045803315937519073,2.3191060349380948,0.7882556645256474,-0.08922474965764282,0.49801105604537477,-0.04455320478451121,0.09880418181442886,0.00015232491301238183,-0.004671936865947815,0.640153683429216,-0.004642264037438351,-0.00934387373189563,0.05627242727054026,1790847042.369,imu_frame,10.092158317565918,-0.19910457730293274,0.037458701000105066,progress=0.1551;speed=0.5000;settled=False
7372.888103,control_sample,north_out,0,outbound,1790847042.556,odom,base_footprint,2.248120069503784,0.7945824861526489,-0.08226264353379285,0.3659174898288807,-0.030169424348382812,0.030535558238625526,2.3290344200293736,0.7873674485537696,-0.08922474965764282,0.49244889805078745,-0.04405560144585345,0.08123539184697263,2.3650269894753497e-05,-0.0069621061238499685,0.6010861394010062,-0.004672490646145375,-0.013924212247699937,0.08380893725751751,1790847042.369,imu_frame,10.092158317565918,-0.19910457730293274,0.057446750000053726,progress=0.1650;speed=0.4944;settled=False
7372.889046,imu_sample,,,,1790847042.387,,,,,,,,,,,,,,,,,,,,,1790847042.387,imu_frame,9.905410766601562,0.2578938603401184,0.0,
7372.909663,control_sample,north_out,0,outbound,1790847042.556,odom,base_footprint,2.248120069503784,0.7945824861526489,-0.08226264353379285,0.3659174898288807,-0.030169424348382812,0.030535558238625526,2.3388028305978943,0.7864935442675185,-0.08922474965764282,0.48044818001524514,-0.04298198984284121,0.09104281487559833,2.3650269894753497e-05,-0.0069621061238499685,0.5964353000785004,-0.004640110486050036,-0.013924212247699937,0.08380893725751751,1790847042.387,imu_frame,9.905410766601562,0.2578938603401184,0.018052910999358573,progress=0.1749;speed=0.4824;settled=False
7372.927986,control_sample,north_out,0,outbound,1790847042.556,odom,base_footprint,2.248120069503784,0.7945824861526489,-0.08226264353379285,0.3659174898288807,-0.030169424348382812,0.030535558238625526,2.3482502089790405,0.7856483602528616,-0.08922474965764282,0.46854956659596847,-0.04191751275164895,0.10052792366764335,2.3650269894753497e-05,-0.0069621061238499685,0.5915851661474056,-0.00460634279332138,-0.013924212247699937,0.08380893725751751,1790847042.387,imu_frame,9.905410766601562,0.2578938603401184,0.037963134000165155,progress=0.1843;speed=0.4704;settled=False
7372.929661,imu_sample,,,,1790847042.418,,,,,,,,,,,,,,,,,,,,,1790847042.418,imu_frame,11.030685424804688,-0.24597622454166412,0.0,
7372.949286,control_sample,north_out,0,outbound,1790847042.556,odom,base_footprint,2.248120069503784,0.7945824861526489,-0.08226264353379285,0.3659174898288807,-0.030169424348382812,0.030535558238625526,2.357516983832703,0.7848193334416385,-0.08922474965764282,0.45657726746176586,-0.04084644356835967,0.10983170769658128,2.3650269894753497e-05,-0.0069621061238499685,0.5864649379461362,-0.004570694645237711,-0.013924212247699937,0.08380893725751751,1790847042.418,imu_frame,11.030685424804688,-0.24597622454166412,0.01738597599978675,progress=0.1936;speed=0.4584;settled=False
7372.968866,segment_enter,left_arc_out,1,outbound,1790847042.556,,,2.248120069503784,0.7945824861526489,-0.08226264353379285,,,,,,,,,,,,,,,,,,,,,
7372.969132,control_sample,left_arc_out,1,outbound,1790847042.556,odom,base_footprint,2.248120069503784,0.7945824861526489,-0.08226264353379285,0.3659174898288807,-0.030169424348382812,0.030535558238625526,2.36654663599306,0.7840298827885736,-0.08922474965764282,0.4487112298162365,-0.03403281117980973,0.11889579087671005,2.3650269894753497e-05,-0.0069621061238499685,0.5854497485697046,0.0027575773146102447,-0.013924212247699937,0.08380893725751751,1790847042.418,imu_frame,11.030685424804688,-0.24597622454166412,0.037397865999992064,progress=0.2027;speed=0.4500;settled=False
7372.988750,control_sample,left_arc_out,1,outbound,1790847042.655,odom,base_footprint,2.2941362857818604,0.7905352115631104,-0.07470511413816179,0.46510627245561026,-0.03736744561761797,0.0763387382030487,2.375521939618052,0.7835516866587334,-0.08922474965764282,0.4497871711083771,-0.013838378023578849,0.08168472482927537,4.551455971283152e-05,-0.014519635519481029,0.5278388750156592,0.023344617773589246,-0.029039271038962058,0.13000274892290709,1790847042.418,imu_frame,11.030685424804688,-0.24597622454166412,0.057372954999664216,progress=0.2117;speed=0.4500;settled=False
7372.990148,imu_sample,,,,1790847042.492,,,,,,,,,,,,,,,,,,,,,1790847042.492,imu_frame,13.496713638305664,0.3473760783672333,0.0,
7373.008776,control_sample,left_arc_out,1,outbound,1790847042.655,odom,base_footprint,2.2941362857818604,0.7905352115631104,-0.07470511413816179,0.46510627245561026,-0.03736744561761797,0.0763387382030487,2.38452188950052,0.7834773970460555,-0.08922474965764282,0.44995432273690267,0.006411509211974704,0.09066074180892023,4.551455971283152e-05,-0.014519635519481029,0.5352056539047206,0.04818931222430301,-0.029039271038962058,0.13000274892290709,1790847042.492,imu_frame,13.496713638305664,0.3473760783672333,0.016893670999706956,progress=0.2207;speed=0.4500;settled=False
7373.028809,control_sample,left_arc_out,1,outbound,1790847042.655,odom,base_footprint,2.2941362857818604,0.7905352115631104,-0.07470511413816179,0.46510627245561026,-0.03736744561761797,0.0763387382030487,2.393509110870652,0.7838076767696363,-0.08922474965764282,0.44921119335884513,0.02663275729477204,0.09960029161867451,4.551455971283152e-05,-0.014519635519481029,0.5414428189527998,0.07332069919049553,-0.029039271038962058,0.13000274892290709,1790847042.492,imu_frame,13.496713638305664,0.3473760783672333,0.03688043999954971,progress=0.2297;speed=0.4500;settled=False
7373.030668,imu_sample,,,,1790847042.528,,,,,,,,,,,,,,,,,,,,,1790847042.528,imu_frame,11.255741119384766,-0.1170792207121849,0.0,
7373.048076,control_sample,left_arc_out,1,outbound,1790847042.655,odom,base_footprint,2.2941362857818604,0.7905352115631104,-0.07470511413816179,0.46510627245561026,-0.03736744561761797,0.0763387382030487,2.402484530013336,0.7845429127239293,-0.08922474965764282,0.44755691246168616,0.04682745036581156,0.10851382249935528,4.551455971283152e-05,-0.014519635519481029,0.5465500366222277,0.09874164964954638,-0.029039271038962058,0.13000274892290709,1790847042.528,imu_frame,11.255741119384766,-0.1170792207121849,0.016375573000004806,progress=0.2387;speed=0.4500;settled=False
7373.068537,control_sample,left_arc_out,1,outbound,1790847042.655,odom,base_footprint,2.2941362857818604,0.7905352115631104,-0.07470511413816179,0.46510627245561026,-0.03736744561761797,0.0763387382030487,2.41140335563121,0.7856792759843904,-0.08922474965764282,0.4450000951256491,0.06689480800602755,0.11736756699104306,4.551455971283152e-05,-0.014519635519481029,0.5505022617547672,0.12432517472401142,-0.029039271038962058,0.13000274892290709,1790847042.528,imu_frame,11.255741119384766,-0.1170792207121849,0.036357093999868084,progress=0.2477;speed=0.4500;settled=False
7373.088625,control_sample,left_arc_out,1,outbound,1790847042.759,odom,base_footprint,2.3464934825897217,0.7866165637969971,-0.06517803846811161,0.5037718182523537,-0.03288143418897251,0.09160645306110382,2.420285467894134,0.7872199294013865,-0.08922474965764282,0.4415336249374071,0.0868795605976061,0.07379445199484273,0.0008078165578161285,-0.02404671118953121,0.4945522109664973,0.14395190879824754,-0.04809342237906242,0.18250263117539484,1790847042.528,imu_frame,11.255741119384766,-0.1170792207121849,0.05639154500022414,progress=0.2567;speed=0.4500;settled=False
7373.089770,imu_sample,,,,1790847042.538,,,,,,,,,,,,,,,,,,,,,1790847042.538,imu_frame,16.460735321044922,0.2216748744249344,0.0,
7373.108073,control_sample,left_arc_out,1,outbound,1790847042.759,odom,base_footprint,2.3464934825897217,0.7866165637969971,-0.06517803846811161,0.5037718182523537,-0.03288143418897251,0.09160645306110382,2.4290611659637125,0.7891524429516914,-0.08922474965764282,0.437185469449222,0.10662488125415824,0.08260661608391187,0.0008078165578161285,-0.02404671118953121,0.49643343921942157,0.16975612614389504,-0.04809342237906242,0.18250263117539484,1790847042.538,imu_frame,16.460735321044922,0.2216748744249344,0.017253330999665195,progress=0.2657;speed=0.4500;settled=False
7373.128805,control_sample,left_arc_out,1,outbound,1790847042.759,odom,base_footprint,2.3464934825897217,0.7866165637969971,-0.06517803846811161,0.5037718182523537,-0.03288143418897251,0.09160645306110382,2.4377622254304443,0.7914833384225343,-0.08922474965764282,0.43194095463982474,0.12620226505430424,0.09139840761731972,0.0008078165578161285,-0.02404671118953121,0.49715401837824374,0.19568186393010098,-0.04809342237906242,0.18250263117539484,1790847042.538,imu_frame,16.460735321044922,0.2216748744249344,0.037272485999892524,progress=0.2747;speed=0.4500;settled=False
7373.148251,control_sample,left_arc_out,1,outbound,1790847042.827,odom,base_footprint,2.3820247650146484,0.785355269908905,-0.06096412396252247,0.5150178588219394,-0.016109803078401895,0.061071205884218216,2.4463466016030293,0.7942026678930629,-0.08922474965764282,0.4258224633311351,0.14551711144262058,0.06492746039383068,0.0018780895552543608,-0.02826062569512035,0.4600534650757889,0.21511891312811834,-0.0565212513902407,0.21802011370460975,1790847042.538,imu_frame,16.460735321044922,0.2216748744249344,0.05728482399990753,progress=0.2837;speed=0.4500;settled=False
7373.149211,imu_sample,,,,1790847042.578,,,,,,,,,,,,,,,,,,,,,1790847042.578,imu_frame,12.864644050598145,0.21741381287574768,0.0,
7373.168185,control_sample,left_arc_out,1,outbound,1790847042.827,odom,base_footprint,2.3820247650146484,0.785355269908905,-0.06096412396252247,0.5150178588219394,-0.016109803078401895,0.061071205884218216,2.4547850486308906,0.7972998228742992,-0.08922474965764282,0.41885386462335383,0.164503617255309,0.07373419300066361,0.0018780895552543608,-0.02826062569512035,0.4585526192275007,0.24095643330889416,-0.0565212513902407,0.21802011370460975,1790847042.578,imu_frame,12.864644050598145,0.21741381287574768,0.01781578299960529,progress=0.2927;speed=0.4500;settled=False
7373.188612,control_sample,left_arc_out,1,outbound,1790847042.827,odom,base_footprint,2.3820247650146484,0.785355269908905,-0.06096412396252247,0.5150178588219394,-0.016109803078401895,0.061071205884218216,2.4630827273746796,0.8007760976441332,-0.08922474965764282,0.4110322463912272,0.1831733944288348,0.0825117881881117,0.0018780895552543608,-0.02826062569512035,0.45588960295816516,0.26672205852716574,-0.0565212513902407,0.21802011370460975,1790847042.578,imu_frame,12.864644050598145,0.21741381287574768,0.03780956099944888,progress=0.3017;speed=0.4500;settled=False
7373.190076,imu_sample,,,,1790847042.62,,,,,,,,,,,,,,,,,,,,,1790847042.62,imu_frame,16.125547409057617,-0.014813833869993687,0.0,
7373.208179,control_sample,left_arc_out,1,outbound,1790847042.827,odom,base_footprint,2.3820247650146484,0.785355269908905,-0.06096412396252247,0.5150178588219394,-0.016109803078401895,0.061071205884218216,2.471228337814421,0.8046283471277299,-0.08922474965764282,0.40236468505313444,0.20150101791825265,0.09126186994428223,0.0018780895552543608,-0.02826062569512035,0.4520636636517217,0.2923820250759227,-0.0565212513902407,0.21802011370460975,1790847042.62,imu_frame,16.125547409057617,-0.014813833869993687,0.01697905000037281,progress=0.3107;speed=0.4500;settled=False
7373.228768,control_sample,left_arc_out,1,outbound,1790847042.827,odom,base_footprint,2.3820247650146484,0.785355269908905,-0.06096412396252247,0.5150178588219394,-0.016109803078401895,0.061071205884218216,2.4792795624435167,0.808892414201146,-0.08922474965764282,0.39277053413794893,0.21961627333371786,0.10006244442528857,0.0018780895552543608,-0.02826062569512035,0.447024108046048,0.31812518083673363,-0.0565212513902407,0.21802011370460975,1790847042.62,imu_frame,16.125547409057617,-0.014813833869993687,0.037226755999654415,progress=0.3198;speed=0.4500;settled=False
7373.248991,control_sample,left_arc_out,1,outbound,1790847042.924,odom,base_footprint,2.431734800338745,0.7882064580917358,-0.05510130977158198,0.5176310453786469,0.0327351546049955,0.06107098236680031,2.4869496232507946,0.8134080104962016,-0.08922474965764282,0.3826104424740733,0.236873910150092,0.06069427413524293,0.0015697192984268794,-0.03412343988606084,0.39351572504669413,0.32506882964652106,-0.06824687977212168,0.2674479400070484,1790847042.62,imu_frame,16.125547409057617,-0.014813833869993687,0.05700746999991679,progress=0.3287;speed=0.4500;settled=False
7373.250316,imu_sample,,,,1790847042.665,,,,,,,,,,,,,,,,,,,,,1790847042.665,imu_frame,7.472901821136475,0.008621984161436558,0.0,
7373.268781,control_sample,left_arc_out,1,outbound,1790847042.924,odom,base_footprint,2.431734800338745,0.7882064580917358,-0.05510130977158198,0.5176310453786469,0.0327351546049955,0.06107098236680031,2.494480457395407,0.8183076898654945,-0.08922474965764282,0.3715861638931644,0.2538182869754706,0.06959239637898511,0.0015697192984268794,-0.03412343988606084,0.38643640904176724,0.3499496404176557,-0.06824687977212168,0.2674479400070484,1790847042.665,imu_frame,7.472901821136475,0.008621984161436558,0.016733249000026262,progress=0.3377;speed=0.4500;settled=False
7373.288824,control_sample,left_arc_out,1,outbound,1790847042.924,odom,base_footprint,2.431734800338745,0.7882064580917358,-0.05510130977158198,0.5176310453786469,0.0327351546049955,0.06107098236680031,2.50180377004714,0.8235557605975872,-0.08922474965764282,0.35977800474595584,0.27029574044187044,0.07848078556975685,0.0015697192984268794,-0.03412343988606084,0.3782223284245684,0.37455562203355597,-0.06824687977212168,0.2674479400070484,1790847042.665,imu_frame,7.472901821136475,0.008621984161436558,0.03675630799989449,progress=0.3467;speed=0.4500;settled=False
7373.290667,imu_sample,,,,1790847042.698,,,,,,,,,,,,,,,,,,,,,1790847042.698,imu_frame,18.720861434936523,0.03738412633538246,0.0,
7373.307938,control_sample,left_arc_out,1,outbound,1790847042.924,odom,base_footprint,2.431734800338745,0.7882064580917358,-0.05510130977158198,0.5176310453786469,0.0327351546049955,0.06107098236680031,2.5088579035666343,0.8291073962071535,-0.08922474965764282,0.3472868246244325,0.28616754086073193,0.08729753599169264,0.0015697192984268794,-0.03412343988606084,0.3689444040871368,0.3986790629971924,-0.06824687977212168,0.2674479400070484,1790847042.698,imu_frame,18.720861434936523,0.03738412633538246,0.016356051999537158,progress=0.3557;speed=0.4500;settled=False
7373.329399,control_sample,left_arc_out,1,outbound,1790847042.924,odom,base_footprint,2.431734800338745,0.7882064580917358,-0.05510130977158198,0.5176310453786469,0.0327351546049955,0.06107098236680031,2.5159140476854773,0.835203390545962,-0.08922474965764282,0.33357083736211196,0.30204386512812914,0.09640984049343419,0.0015697192984268794,-0.03412343988606084,0.35817067071053804,0.42327062243210267,-0.06824687977212168,0.2674479400070484,1790847042.698,imu_frame,18.720861434936523,0.03738412633538246,0.0370795190001445,progress=0.3650;speed=0.4500;settled=False
7373.348938,control_sample,left_arc_out,1,outbound,1790847043.008,odom,base_footprint,2.4757437705993652,0.7951124310493469,-0.04082595506650773,0.5165406770134469,0.08862921724081577,0.16794532537460327,2.5222289914788063,0.8411763001752368,-0.08922474965764282,0.32013179069624426,0.3162524886631188,0.06544276735482338,0.010542704571530864,-0.048398794591135094,0.3104166039658061,0.42086123453425806,-0.09679758918227019,0.31117502550888576,1790847042.698,imu_frame,18.720861434936523,0.03738412633538246,0.056397016999653715,progress=0.3737;speed=0.4500;settled=False
7373.350303,imu_sample,,,,1790847042.771,,,,,,,,,,,,,,,,,,,,,1790847042.771,imu_frame,15.957952499389648,0.21315276622772217,0.0,
7373.368822,control_sample,left_arc_out,1,outbound,1790847043.008,odom,base_footprint,2.4757437705993652,0.7951124310493469,-0.04082595506650773,0.5165406770134469,0.08862921724081577,0.16794532537460327,2.528481334474012,0.8476369349391369,-0.08922474965764282,0.3055953624774691,0.33032026040233176,0.07443167438867,0.010542704571530864,-0.048398794591135094,0.29828186531816103,0.44372697388838567,-0.09679758918227019,0.31117502550888576,1790847042.771,imu_frame,15.957952499389648,0.21315276622772217,0.016742785000133154,progress=0.3827;speed=0.4500;settled=False
7373.389363,control_sample,left_arc_out,1,outbound,1790847043.008,odom,base_footprint,2.4757437705993652,0.7951124310493469,-0.04082595506650773,0.5165406770134469,0.08862921724081577,0.16794532537460327,2.5344836370079764,0.8544272374612959,-0.08922474965764282,0.290317181802611,0.3438254411037522,0.08347824965455655,0.010542704571530864,-0.048398794591135094,0.28502203236317347,0.4662010250851379,-0.09679758918227019,0.31117502550888576,1790847042.771,imu_frame,15.957952499389648,0.21315276622772217,0.036884248000205844,progress=0.3918;speed=0.4500;settled=False
7373.412809,control_sample,left_arc_out,1,outbound,1790847043.096,odom,base_footprint,2.5171594619750977,0.8089613914489746,-0.04082595879102183,0.47604138618837855,0.1591833125923567,-4.4614257177499894e-08,2.5405176100207285,0.8619327076742681,-0.08922474965764282,0.27342987382342365,0.35740188038244375,0.057892688854134684,0.020933520266244572,-0.048398790866620994,0.23768491393643415,0.4601013149945833,-0.09679758173324199,0.35258011378964943,1790847042.771,imu_frame,15.957952499389648,0.21315276622772217,0.05828677899989998,progress=0.4014;speed=0.4500;settled=False
7373.420929,imu_sample,,,,1790847042.808,,,,,,,,,,,,,,,,,,,,,1790847042.808,imu_frame,13.563751220703125,0.029927274212241173,0.0,
7373.431177,control_sample,left_arc_out,1,outbound,1790847043.096,odom,base_footprint,2.5171594619750977,0.8089613914489746,-0.04082595879102183,0.47604138618837855,0.1591833125923567,-4.4614257177499894e-08,2.5454437805614205,0.868657653828507,-0.08922474965764282,0.25829874497638605,0.368485764099,0.06605790202525799,0.020933520266244572,-0.048398790866620994,0.22364741743071687,0.4795702092662511,-0.09679758173324199,0.35258011378964943,1790847042.808,imu_frame,13.563751220703125,0.029927274212241173,0.006188405999637325,progress=0.4097;speed=0.4500;settled=False
7373.448138,control_sample,left_arc_out,1,outbound,1790847043.096,odom,base_footprint,2.5171594619750977,0.8089613914489746,-0.04082595879102183,0.47604138618837855,0.1591833125923567,-4.4614257177499894e-08,2.5504193266822774,0.8761050999696366,-0.08922474965764282,0.24154199115884475,0.37968074287092907,0.07492994190740788,0.020933520266244572,-0.048398790866620994,0.20767520116268184,0.49981660060221617,-0.09679758173324199,0.35258011378964943,1790847042.808,imu_frame,13.563751220703125,0.029927274212241173,0.02609360399947036,progress=0.4187;speed=0.4500;settled=False
7373.450139,imu_sample,,,,1790847042.818,,,,,,,,,,,,,,,,,,,,,1790847042.818,imu_frame,7.161655902862549,0.14604109525680542,0.0,
7373.467900,control_sample,left_arc_out,1,outbound,1790847043.096,odom,base_footprint,2.5171594619750977,0.8089613914489746,-0.04082595879102183,0.47604138618837855,0.1591833125923567,-4.4614257177499894e-08,2.5550720655955437,0.8837950087470366,-0.08922474965764282,0.22423969640969493,0.39014940542577764,0.08388942597964219,0.020933520266244572,-0.048398790866620994,0.19075202021122173,0.5193945048270837,-0.09679758173324199,0.35258011378964943,1790847042.818,imu_frame,7.161655902862549,0.14604109525680542,0.016858404999766208,progress=0.4277;speed=0.4500;settled=False
7373.488842,control_sample,left_arc_out,1,outbound,1790847043.096,odom,base_footprint,2.5171594619750977,0.8089613914489746,-0.04082595879102183,0.47604138618837855,0.1591833125923567,-4.4614257177499894e-08,2.5593894773140353,0.891714981951261,-0.08922474965764282,0.20641975670019003,0.3998635817923837,0.09290603283181889,0.020933520266244572,-0.048398790866620994,0.17290069801761024,0.5382586135422186,-0.09679758173324199,0.35258011378964943,1790847042.818,imu_frame,7.161655902862549,0.14604109525680542,0.03690524099965842,progress=0.4367;speed=0.4500;settled=False
7373.490780,imu_sample,,,,1790847042.858,,,,,,,,,,,,,,,,,,,,,1790847042.858,imu_frame,9.95329475402832,0.18332535028457642,0.0,
7373.508173,control_sample,left_arc_out,1,outbound,1790847043.096,odom,base_footprint,2.5171594619750977,0.8089613914489746,-0.04082595879102183,0.47604138618837855,0.1591833125923567,-4.4614257177499894e-08,2.56333863425184,0.8998069086808994,-0.08922474965764282,0.188212921558503,0.4087491849024446,0.10190890026538889,0.020933520266244572,-0.048398790866620994,0.15425110350529606,0.5562670937305157,-0.09679758173324199,0.35258011378964943,1790847042.858,imu_frame,9.95329475402832,0.18332535028457642,0.01627166500020394,progress=0.4457;speed=0.4500;settled=False
7373.529308,control_sample,left_arc_out,1,outbound,1790847043.096,odom,base_footprint,2.5171594619750977,0.8089613914489746,-0.04082595879102183,0.47604138618837855,0.1591833125923567,-4.4614257177499894e-08,2.5669910249189325,0.9082441898457045,-0.08922474965764282,0.1692290389376917,0.4169670639034038,0.11108671713085724,0.020933520266244572,-0.048398790866620994,0.13439191799068337,0.573769869042159,-0.09679758173324199,0.35258011378964943,1790847042.858,imu_frame,9.95329475402832,0.18332535028457642,0.03670433800016326,progress=0.4549;speed=0.4500;settled=False
7373.548766,control_sample,left_arc_out,1,outbound,1790847043.216,odom,base_footprint,2.5594050884246826,0.8461257815361023,-0.046322352673370454,0.35374291908660316,0.30776370505498324,-0.04580327495932579,2.5701196324780624,0.9164674391334298,-0.08922474965764282,0.15072672804031056,0.4240064309114453,0.07115300589442075,0.024625671818686662,-0.04290239698427237,0.09674069216929151,0.522636914223055,-0.08580479396854473,0.39720877055997783,1790847042.858,imu_frame,9.95329475402832,0.18332535028457642,0.05625768400022935,progress=0.4637;speed=0.4500;settled=False
7373.550057,imu_sample,,,,1790847042.935,,,,,,,,,,,,,,,,,,,,,1790847042.935,imu_frame,7.515997886657715,0.07040732353925705,0.0,
7373.568914,control_sample,left_arc_out,1,outbound,1790847043.216,odom,base_footprint,2.5594050884246826,0.8461257815361023,-0.046322352673370454,0.35374291908660316,0.30776370505498324,-0.04580327495932579,2.572943547117225,0.9250163444588052,-0.08922474965764282,0.1314916910582154,0.4303602388495606,0.0800438053944877,0.024625671818686662,-0.04290239698427237,0.0757553675864768,0.5378549713083052,-0.08580479396854473,0.39720877055997783,1790847042.935,imu_frame,7.515997886657715,0.07040732353925705,0.016991530999803217,progress=0.4727;speed=0.4500;settled=False
7373.588132,control_sample,left_arc_out,1,outbound,1790847043.216,odom,base_footprint,2.5594050884246826,0.8461257815361023,-0.046322352673370454,0.35374291908660316,0.30776370505498324,-0.04580327495932579,2.5753764823757996,0.9336705386722699,-0.08922474965764282,0.11201975407791986,0.4358343431813541,0.08898971809581344,0.024625671818686662,-0.04290239698427237,0.05413951492592892,0.5520924239714122,-0.08580479396854473,0.39720877055997783,1790847042.935,imu_frame,7.515997886657715,0.07040732353925705,0.03697026800000458,progress=0.4817;speed=0.4500;settled=False
7373.608252,control_sample,left_arc_out,1,outbound,1790847043.276,odom,base_footprint,2.5784294605255127,0.8666844964027405,-0.046322348949079266,0.31707307257511513,0.34264547136426476,5.576782058369645e-08,2.577423627541719,0.9424518591514797,-0.08922474965764282,0.09226178299969766,0.4404404198046731,0.0757740388120517,0.028820462750935735,-0.04290240070856356,0.02143493264332039,0.537335727296232,-0.08580480141712712,0.4187967962357168,1790847042.935,imu_frame,7.515997886657715,0.07040732353925705,0.05700926299959974,progress=0.4907;speed=0.4500;settled=False
7373.609098,imu_sample,,,,1790847042.942,,,,,,,,,,,,,,,,,,,,,1790847042.942,imu_frame,10.43692398071289,0.13432319462299347,0.0,
7373.628464,control_sample,left_arc_out,1,outbound,1790847043.276,odom,base_footprint,2.5784294605255127,0.8666844964027405,-0.046322348949079266,0.31707307257511513,0.34264547136426476,5.576782058369645e-08,2.579069745946911,0.951297181261734,-0.08922474965764282,0.07235980825162597,0.4441441862163546,0.08461510742455043,0.028820462750935735,-0.04290240070856356,-0.00139286263757505,0.5495816461812751,-0.08580480141712712,0.4187967962357168,1790847042.942,imu_frame,10.43692398071289,0.13432319462299347,0.017954027999621758,progress=0.4997;speed=0.4500;settled=False
7373.648997,control_sample,left_arc_out,1,outbound,1790847043.276,odom,base_footprint,2.5784294605255127,0.8666844964027405,-0.046322348949079266,0.31707307257511513,0.34264547136426476,5.576782058369645e-08,2.580317669450087,0.9602185707973232,-0.08922474965764282,0.05228668179654967,0.44695201409850066,0.0935531314590494,0.028820462750935735,-0.04290240070856356,-0.024777325216952306,0.5608016288305147,-0.08580480141712712,0.4187967962357168,1790847042.942,imu_frame,10.43692398071289,0.13432319462299347,0.037974045999362716,progress=0.5087;speed=0.4500;settled=False
7373.651073,imu_sample,,,,1790847042.978,,,,,,,,,,,,,,,,,,,,,1790847042.978,imu_frame,6.936600685119629,-0.028662271797657013,0.0,
7373.669090,segment_enter,west_to_cell_center,2,outbound,1790847043.276,,,2.5784294605255127,0.8666844964027405,-0.046322348949079266,,,,,,,,,,,,,,,,,,,,,
7373.669334,control_sample,west_to_cell_center,2,outbound,1790847043.276,odom,base_footprint,2.5784294605255127,0.8666844964027405,-0.046322348949079266,0.31707307257511513,0.34264547136426476,5.576782058369645e-08,2.581198134561524,0.9692281917279142,-0.08922474965764282,0.040805817847595384,0.45612315741068693,0.10258106553774793,0.028820462750935735,-0.04290240070856356,-0.0385868727950032,0.5801979660214284,-0.08580480141712712,0.4187967962357168,1790847042.978,imu_frame,6.936600685119629,-0.028662271797657013,0.016057417999945756,progress=0.5178;speed=0.4579;settled=False
7373.688658,control_sample,west_to_cell_center,2,outbound,1790847043.276,odom,base_footprint,2.5784294605255127,0.8666844964027405,-0.046322348949079266,0.31707307257511513,0.34264547136426476,5.576782058369645e-08,2.582026875464732,0.9784917707317373,-0.08922474965764282,0.04222094878205517,0.4719413427583278,0.11186513302689303,0.028820462750935735,-0.04290240070856356,-0.03737061081874975,0.6085300789300103,-0.08580480141712712,0.4187967962357168,1790847042.978,imu_frame,6.936600685119629,-0.028662271797657013,0.035945880000326724,progress=0.5271;speed=0.4738;settled=False
7373.708494,control_sample,west_to_cell_center,2,outbound,1790847043.368,odom,base_footprint,2.6010308265686035,0.9036173224449158,-0.046322352673370454,0.24302498183724866,0.3971270740434564,-2.2307128588749947e-08,2.5828609210889,0.9878146453507635,-0.08922474965764282,0.041151256880845304,0.45998443873893596,0.0861355597279831,0.03345579958513083,-0.04290239698427237,-0.043155633337375224,0.5553505970748964,-0.08580479396854473,0.4480426612378532,1790847042.978,imu_frame,6.936600685119629,-0.028662271797657013,0.055953642000531545,progress=0.5364;speed=0.4618;settled=False
7373.709460,imu_sample,,,,1790847043.084,,,,,,,,,,,,,,,,,,,,,1790847043.084,imu_frame,9.55585765838623,0.37720349431037903,0.0,
7373.729579,control_sample,west_to_cell_center,2,outbound,1790847043.368,odom,base_footprint,2.6010308265686035,0.9036173224449158,-0.046322352673370454,0.24302498183724866,0.3971270740434564,-2.2307128588749947e-08,2.5836812364465316,0.9969840444887228,-0.08922474965764282,0.04007133034220158,0.4479131330144069,0.09496500967519256,0.03345579958513083,-0.04290239698427237,-0.043384550321554874,0.5500181090642546,-0.08580479396854473,0.4480426612378532,1790847043.084,imu_frame,9.55585765838623,0.37720349431037903,0.017753955999978643,progress=0.5456;speed=0.4497;settled=False
7373.749127,control_sample,west_to_cell_center,2,outbound,1790847043.368,odom,base_footprint,2.6010308265686035,0.9036173224449158,-0.046322352673370454,0.24302498183724866,0.3971270740434564,-2.2307128588749947e-08,2.584466422598419,1.0057607730447244,-0.08922474965764282,0.03900965742977307,0.4360458644116081,0.10347784293907089,0.03345579958513083,-0.04290239698427237,-0.04361983277274496,0.5445373412016942,-0.08580479396854473,0.4480426612378532,1790847043.084,imu_frame,9.55585765838623,0.37720349431037903,0.03761172899976373,progress=0.5544;speed=0.4378;settled=False
7373.768104,control_sample,west_to_cell_center,2,outbound,1790847043.457,odom,base_footprint,2.614790439605713,0.9436349868774414,-0.0422916604741426,0.1545258272600966,0.4553725579063217,0.045803315937519073,2.585233871691003,1.0143392386098269,-0.08922474965764282,0.037943270984294925,0.4241259084301325,0.0766334256048455,0.03651259501794685,-0.04693308918350022,-0.03557319414640662,0.4875127431517508,-0.09386617836700044,0.47187813994208117,1790847043.084,imu_frame,9.55585765838623,0.37720349431037903,0.05755766499987658,progress=0.5631;speed=0.4258;settled=False
7373.769419,imu_sample,,,,1790847043.109,,,,,,,,,,,,,,,,,,,,,1790847043.109,imu_frame,3.469796895980835,0.0863862931728363,0.0,
7373.789353,control_sample,west_to_cell_center,2,outbound,1790847043.457,odom,base_footprint,2.614790439605713,0.9436349868774414,-0.0422916604741426,0.1545258272600966,0.4553725579063217,0.045803315937519073,2.585982218459964,1.0227041804024737,-0.08922474965764282,0.03687374161315917,0.41217082115488374,0.08415373414341984,0.03651259501794685,-0.04693308918350022,-0.035854926254426336,0.4815143052898048,-0.09386617836700044,0.47187813994208117,1790847043.109,imu_frame,3.469796895980835,0.0863862931728363,0.017614848000448546,progress=0.5715;speed=0.4138;settled=False
7373.808639,control_sample,west_to_cell_center,2,outbound,1790847043.457,odom,base_footprint,2.614790439605713,0.9436349868774414,-0.0422916604741426,0.1545258272600966,0.4553725579063217,0.045803315937519073,2.58672543636801,1.031011792325077,-0.08922474965764282,0.035779913993439626,0.3999441306022547,0.09177336507378504,0.03651259501794685,-0.04693308918350022,-0.03615471085540173,0.4751315067030276,-0.09386617836700044,0.47187813994208117,1790847043.109,imu_frame,3.469796895980835,0.0863862931728363,0.03807405000043218,progress=0.5798;speed=0.4015;settled=False
7373.809864,imu_sample,,,,1790847043.138,,,,,,,,,,,,,,,,,,,,,1790847043.138,imu_frame,3.9869444370269775,-0.5644903182983398,0.0,
7373.829674,control_sample,west_to_cell_center,2,outbound,1790847043.457,odom,base_footprint,2.614790439605713,0.9436349868774414,-0.0422916604741426,0.1545258272600966,0.4553725579063217,0.045803315937519073,2.5874183640133754,1.038757264959435,-0.08922474965764282,0.034729081356903176,0.3881980334678372,0.09898221208752991,0.03651259501794685,-0.04693308918350022,-0.03645380902975043,0.4687633230193748,-0.09386617836700044,0.47187813994208117,1790847043.138,imu_frame,3.9869444370269775,-0.5644903182983398,0.01727266000034433,progress=0.5876;speed=0.3897;settled=False
7373.849031,control_sample,west_to_cell_center,2,outbound,1790847043.457,odom,base_footprint,2.614790439605713,0.9436349868774414,-0.0422916604741426,0.1545258272600966,0.4553725579063217,0.045803315937519073,2.588100203563373,1.046378796025276,-0.08922474965764282,0.03366305932103384,0.3762821508187962,0.10615394019160317,0.03651259501794685,-0.04693308918350022,-0.03676834218847737,0.46206650872509575,-0.09386617836700044,0.47187813994208117,1790847043.138,imu_frame,3.9869444370269775,-0.5644903182983398,0.03721177999977954,progress=0.5952;speed=0.3778;settled=False
7373.868747,control_sample,west_to_cell_center,2,outbound,1790847043.546,odom,base_footprint,2.6245198249816895,0.9856961965560913,-0.0463681490594364,0.1112444100059603,0.4721479856296393,-0.04580322653055191,2.5887604725192395,1.0537592132494766,-0.08922474965764282,0.032597554013190685,0.36437204410150353,0.0768850149895139,0.04168195680863068,-0.042856600598206424,-0.03791577824624809,0.40956261995870147,-0.08571320119641285,0.49517722785030915,1790847043.138,imu_frame,3.9869444370269775,-0.5644903182983398,0.05714123500001733,progress=0.6026;speed=0.3658;settled=False
7373.869943,imu_sample,,,,1790847043.181,,,,,,,,,,,,,,,,,,,,,1790847043.181,imu_frame,7.0132155418396,0.13219265639781952,0.0,
7373.888982,control_sample,west_to_cell_center,2,outbound,1790847043.546,odom,base_footprint,2.6245198249816895,0.9856961965560913,-0.0463681490594364,0.1112444100059603,0.4721479856296393,-0.04580322653055191,2.5894056547408586,1.0609709925386264,-0.08922474965764282,0.03152162245347468,0.35234539383294655,0.08306202418623283,0.04168195680863068,-0.042856600598206424,-0.038226352233295485,0.4023202391608416,-0.08571320119641285,0.49517722785030915,1790847043.181,imu_frame,7.0132155418396,0.13219265639781952,0.017195761000039056,progress=0.6099;speed=0.3538;settled=False
7373.908545,control_sample,west_to_cell_center,2,outbound,1790847043.546,odom,base_footprint,2.6245198249816895,0.9856961965560913,-0.0463681490594364,0.1112444100059603,0.4721479856296393,-0.04580322653055191,2.590021407811608,1.0678538158621187,-0.08922474965764282,0.030459343849148997,0.3404713548695687,0.08910676291547731,0.04168195680863068,-0.042856600598206424,-0.03854319871106561,0.39493158801112094,-0.08571320119641285,0.49517722785030915,1790847043.181,imu_frame,7.0132155418396,0.13219265639781952,0.03706486299961398,progress=0.6168;speed=0.3418;settled=False
7373.910503,imu_sample,,,,1790847043.228,,,,,,,,,,,,,,,,,,,,,1790847043.228,imu_frame,13.128006935119629,0.20356537401676178,0.0,
7373.933056,control_sample,west_to_cell_center,2,outbound,1790847043.546,odom,base_footprint,2.6245198249816895,0.9856961965560913,-0.0463681490594364,0.1112444100059603,0.4721479856296393,-0.04580322653055191,2.590656640341098,1.0749543785348996,-0.08922474965764282,0.02932315944415836,0.327771204608136,0.09546590136883876,0.04168195680863068,-0.042856600598206424,-0.03889332102652385,0.38676696624584705,-0.08571320119641285,0.49517722785030915,1790847043.228,imu_frame,13.128006935119629,0.20356537401676178,0.017747875999702956,progress=0.6239;speed=0.3291;settled=False
7373.948845,control_sample,west_to_cell_center,2,outbound,1790847043.546,odom,base_footprint,2.6245198249816895,0.9856961965560913,-0.0463681490594364,0.1112444100059603,0.4721479856296393,-0.04580322653055191,2.591198762367409,1.081014161756655,-0.08922474965764282,0.02831748263903596,0.3165298546271026,0.10097429229125937,0.04168195680863068,-0.042856600598206424,-0.03921291240821506,0.3793143057447982,-0.08571320119641285,0.49517722785030915,1790847043.228,imu_frame,13.128006935119629,0.20356537401676178,0.036558284999955504,progress=0.6300;speed=0.3178;settled=False
7373.968884,control_sample,west_to_cell_center,2,outbound,1790847043.641,odom,base_footprint,2.6309409141540527,1.030015230178833,-0.04926901416104352,0.06894428035456021,0.46631816337308674,-0.030535468831658363,2.591753903514677,1.087219471348688,-0.08922474965764282,0.027249217634413174,0.3045889003082909,0.06933936119311655,0.04412839364631965,-0.0399557354965993,-0.036477177304878344,0.3280488995862688,-0.0799114709931986,0.5190256143002074,1790847043.228,imu_frame,13.128006935119629,0.20356537401676178,0.05653935800000909,progress=0.6362;speed=0.3058;settled=False
7373.970140,imu_sample,,,,1790847043.318,,,,,,,,,,,,,,,,,,,,,1790847043.318,imu_frame,12.984354019165039,-0.12879712879657745,0.0,
7373.988841,control_sample,west_to_cell_center,2,outbound,1790847043.641,odom,base_footprint,2.6309409141540527,1.030015230178833,-0.04926901416104352,0.06894428035456021,0.46631816337308674,-0.030535468831658363,2.5922882282419732,1.09319209717884,-0.08922474965764282,0.026179873034367907,0.29263587838493643,0.07406312613004155,0.04412839364631965,-0.0399557354965993,-0.03681289323870285,0.31965117499943874,-0.0799114709931986,0.5190256143002074,1790847043.318,imu_frame,12.984354019165039,-0.12879712879657745,0.01691360800032271,progress=0.6422;speed=0.2938;settled=False
7374.008275,control_sample,west_to_cell_center,2,outbound,1790847043.641,odom,base_footprint,2.6309409141540527,1.030015230178833,-0.04926901416104352,0.06894428035456021,0.46631816337308674,-0.030535468831658363,2.592800959016242,1.098923348064054,-0.08922474965764282,0.02511096641013456,0.28068775210932884,0.07875903051966623,0.04412839364631965,-0.0399557354965993,-0.03715805382121661,0.3110171984194047,-0.0799114709931986,0.5190256143002074,1790847043.318,imu_frame,12.984354019165039,-0.12879712879657745,0.03690668200033542,progress=0.6480;speed=0.2818;settled=False
7374.009509,imu_sample,,,,1790847043.353,,,,,,,,,,,,,,,,,,,,,1790847043.353,imu_frame,11.768099784851074,0.07679890841245651,0.0,
7374.029121,control_sample,west_to_cell_center,2,outbound,1790847043.641,odom,base_footprint,2.6309409141540527,1.030015230178833,-0.04926901416104352,0.06894428035456021,0.46631816337308674,-0.030535468831658363,2.593294734609661,1.104442719923326,-0.08922474965764282,0.024036687578284418,0.26867957585973,0.0834067507097309,0.04412839364631965,-0.0399557354965993,-0.0375146016739881,0.302098376379916,-0.0799114709931986,0.5190256143002074,1790847043.353,imu_frame,11.768099784851074,0.07679890841245651,0.017620671999793558,progress=0.6535;speed=0.2698;settled=False
7374.048624,control_sample,west_to_cell_center,2,outbound,1790847043.641,odom,base_footprint,2.6309409141540527,1.030015230178833,-0.04926901416104352,0.06894428035456021,0.46631816337308674,-0.030535468831658363,2.593762927346292,1.1096761292892794,-0.08922474965764282,0.02297171263182275,0.2567753974664032,0.08790939398131886,0.04412839364631965,-0.0399557354965993,-0.0378776129931881,0.2930178747611323,-0.0799114709931986,0.5190256143002074,1790847043.353,imu_frame,11.768099784851074,0.07679890841245651,0.03754020699943794,progress=0.6588;speed=0.2578;settled=False
7374.068988,control_sample,west_to_cell_center,2,outbound,1790847043.738,odom,base_footprint,2.6347286701202393,1.0716767311096191,-0.053711940444474755,0.04095571643790076,0.42932239360682894,-0.045803315937519073,2.5942123497725778,1.1146997260924185,-0.08922474965764282,0.021900773472544124,0.2448045517269715,0.05909780293550946,0.044188775578646464,-0.035512809213168066,-0.035865327566064156,0.24935811732234797,-0.07102561842633613,0.5419066204188042,1790847043.353,imu_frame,11.768099784851074,0.07679890841245651,0.05757129799985705,progress=0.6638;speed=0.2458;settled=False
7374.070601,imu_sample,,,,1790847043.379,,,,,,,,,,,,,,,,,,,,,1790847043.379,imu_frame,10.944494247436523,0.37187716364860535,0.0,
7374.088809,control_sample,west_to_cell_center,2,outbound,1790847043.738,odom,base_footprint,2.6347286701202393,1.0716767311096191,-0.053711940444474755,0.04095571643790076,0.42932239360682894,-0.045803315937519073,2.594638644831774,1.1194648076088647,-0.08922474965764282,0.020834133822295913,0.23288176544909975,0.06237716235231874,0.044188775578646464,-0.035512809213168066,-0.03620548196838619,0.2397837862148009,-0.07102561842633613,0.5419066204188042,1790847043.379,imu_frame,10.944494247436523,0.37187716364860535,0.016441143000520242,progress=0.6686;speed=0.2338;settled=False
7374.108425,control_sample,west_to_cell_center,2,outbound,1790847043.738,odom,base_footprint,2.6347286701202393,1.0716767311096191,-0.053711940444474755,0.04095571643790076,0.42932239360682894,-0.045803315937519073,2.5950442125692854,1.123998201294752,-0.08922474965764282,0.019765998841781044,0.22094226452614607,0.06566880852769606,0.044188775578646464,-0.035512809213168066,-0.03655461037577232,0.22995686365098297,-0.07102561842633613,0.5419066204188042,1790847043.379,imu_frame,10.944494247436523,0.37187716364860535,0.036419783999917854,progress=0.6732;speed=0.2218;settled=False
7374.158368,control_sample,west_to_cell_center,2,outbound,1790847043.816,odom,base_footprint,2.6359970569610596,1.1026782989501953,-0.058475482774575406,0.018154980464200013,0.39737385909179906,-0.06107107177376747,2.595967466645532,1.1343182386463522,-0.08922474965764282,0.017087225731175833,0.19099921930255676,0.05102405202260429,0.04268967851750419,-0.030749266883067415,-0.03371565538710632,0.1797009607846853,-0.06149853376613483,0.5590475833955029,1790847043.379,imu_frame,10.944494247436523,0.37187716364860535,0.08652416899985838,progress=0.6835;speed=0.1918;settled=False
7374.159320,imu_sample,,,,1790847043.495,,,,,,,,,,,,,,,,,,,,,1790847043.495,imu_frame,8.090605735778809,-0.14797188341617584,0.0,
7374.178750,control_sample,west_to_cell_center,2,outbound,1790847043.816,odom,base_footprint,2.6359970569610596,1.1026782989501953,-0.058475482774575406,0.018154980464200013,0.39737385909179906,-0.06107107177376747,2.5962988877186635,1.1380228286848093,-0.08922474965764282,0.016016716046974626,0.1790331741905521,0.05315242631676316,0.04268967851750419,-0.030749266883067415,-0.034044535117192354,0.16900880116460587,-0.06149853376613483,0.5590475833955029,1790847043.495,imu_frame,8.090605735778809,-0.14797188341617584,0.01781792600013432,progress=0.6872;speed=0.1797;settled=False
7374.198912,control_sample,west_to_cell_center,2,outbound,1790847043.816,odom,base_footprint,2.6359970569610596,1.1026782989501953,-0.058475482774575406,0.018154980464200013,0.39737385909179906,-0.06107107177376747,2.596611192055235,1.141513733844512,-0.08922474965764282,0.014937911874815288,0.16697441416101533,0.05531218091714133,0.04268967851750419,-0.030749266883067415,-0.0343834449235667,0.15799055523737962,-0.06149853376613483,0.5590475833955029,1790847043.495,imu_frame,8.090605735778809,-0.14797188341617584,0.0379961260005075,progress=0.6907;speed=0.1676;settled=False
7374.200983,imu_sample,,,,1790847043.502,,,,,,,,,,,,,,,,,,,,,1790847043.502,imu_frame,9.996390342712402,0.021405158564448357,0.0,
7374.218875,control_sample,west_to_cell_center,2,outbound,1790847043.816,odom,base_footprint,2.6359970569610596,1.1026782989501953,-0.058475482774575406,0.018154980464200013,0.39737385909179906,-0.06107107177376747,2.596896424253226,1.1447020294750196,-0.08922474965764282,0.013879552972340602,0.15514418921433143,0.05740081362991259,0.04268967851750419,-0.030749266883067415,-0.03472323035328895,0.14694384205070726,-0.06149853376613483,0.5590475833955029,1790847043.502,imu_frame,9.996390342712402,0.021405158564448357,0.016134475999933784,progress=0.6939;speed=0.1558;settled=False
7374.239037,control_sample,west_to_cell_center,2,outbound,1790847043.816,odom,base_footprint,2.6359970569610596,1.1026782989501953,-0.058475482774575406,0.018154980464200013,0.39737385909179906,-0.06107107177376747,2.597163727359986,1.1476899156018585,-0.08922474965764282,0.012808586439570694,0.1431730374968816,0.05944807079714102,0.04268967851750419,-0.030749266883067415,-0.0350744218838866,0.13552630682775546,-0.06149853376613483,0.5590475833955029,1790847043.502,imu_frame,9.996390342712402,0.021405158564448357,0.03616607900039526,progress=0.6969;speed=0.1437;settled=False
7374.258224,control_sample,west_to_cell_center,2,outbound,1790847043.914,odom,base_footprint,2.6367504596710205,1.1369253396987915,-0.059971724940088844,0.008210577080601918,0.3494472299889981,-0.015267756767570972,2.597408882681764,1.1504302361081875,-0.08922474965764282,0.011740783362601178,0.13123724655699032,0.04159497454056351,0.04038845343646298,-0.029253024717553977,-0.032905918281803115,0.09930643395532328,-0.058506049435107954,0.5787983065775507,1790847043.502,imu_frame,9.996390342712402,0.021405158564448357,0.05613851199996134,progress=0.6997;speed=0.1318;settled=False
7374.259034,imu_sample,,,,1790847043.599,,,,,,,,,,,,,,,,,,,,,1790847043.599,imu_frame,11.883021354675293,-0.23638884723186493,0.0,
7374.279369,control_sample,west_to_cell_center,2,outbound,1790847043.914,odom,base_footprint,2.6367504596710205,1.1369253396987915,-0.059971724940088844,0.008210577080601918,0.3494472299889981,-0.015267756767570972,2.597633224323842,1.1529379034831042,-0.08922474965764282,0.010670410492417423,0.1192727307377412,0.04226772172891803,0.04038845343646298,-0.029253024717553977,-0.03325389413045597,0.08741444714503341,-0.058506049435107954,0.5787983065775507,1790847043.599,imu_frame,11.883021354675293,-0.23638884723186493,0.018100720999427722,progress=0.7022;speed=0.1197;settled=False
7374.298147,control_sample,west_to_cell_center,2,outbound,1790847043.914,odom,base_footprint,2.6367504596710205,1.1369253396987915,-0.059971724940088844,0.008210577080601918,0.3494472299889981,-0.015267756767570972,2.5978353994049126,1.155197795361075,-0.08922474965764282,0.009604142095077903,0.1073540942859933,0.04299144742207371,0.04038845343646298,-0.029253024717553977,-0.03360752933778855,0.07532905318010037,-0.058506049435107954,0.5787983065775507,1790847043.599,imu_frame,11.883021354675293,-0.23638884723186493,0.03804444900015369,progress=0.7045;speed=0.1078;settled=False
7374.299493,imu_sample,,,,1790847043.634,,,,,,,,,,,,,,,,,,,,,1790847043.634,imu_frame,8.0331449508667,-0.12027501314878464,0.0,
7374.318770,control_sample,west_to_cell_center,2,outbound,1790847043.914,odom,base_footprint,2.6367504596710205,1.1369253396987915,-0.059971724940088844,0.008210577080601918,0.3494472299889981,-0.015267756767570972,2.5980173300370297,1.1572313969092918,-0.08922474965764282,0.008531478352555265,0.09536397133571352,0.043733182947044286,0.04038845343646298,-0.029253024717553977,-0.03397032880975096,0.06293047278420831,-0.058506049435107954,0.5787983065775507,1790847043.634,imu_frame,8.0331449508667,-0.12027501314878464,0.017652801000622276,progress=0.7065;speed=0.0957;settled=False
7374.338232,control_sample,west_to_cell_center,2,outbound,1790847043.914,odom,base_footprint,2.6367504596710205,1.1369253396987915,-0.059971724940088844,0.008210577080601918,0.3494472299889981,-0.015267756767570972,2.598177233060462,1.1590187761550608,-0.08922474965764282,0.007462443415087601,0.08341441078821377,0.04445237615242508,0.04038845343646298,-0.029253024717553977,-0.03433892939325402,0.050333640865401534,-0.058506049435107954,0.5787983065775507,1790847043.634,imu_frame,8.0331449508667,-0.12027501314878464,0.03764827500071988,progress=0.7083;speed=0.0837;settled=False
7374.358286,control_sample,west_to_cell_center,2,outbound,1790847044.021,odom,base_footprint,2.6368825435638428,1.1664350032806396,-0.056704426072943855,0.0003325888836323617,0.27579374087400993,0.030535513535141945,2.5983155165063887,1.1605644940281654,-0.08922474965764282,0.006395446198676351,0.07148762767322732,0.03901126061708055,0.038217797393628704,-0.03252032358469897,-0.03231226676155926,0.022961534256161972,-0.06504064716939793,0.5964610091242328,1790847043.634,imu_frame,8.0331449508667,-0.12027501314878464,0.05760563500007265,progress=0.7099;speed=0.0718;settled=False
7374.359169,imu_sample,,,,1790847043.698,,,,,,,,,,,,,,,,,,,,,1790847043.698,imu_frame,7.247847080230713,-0.19484353065490723,0.0,
7374.378695,control_sample,west_to_cell_center,2,outbound,1790847044.021,odom,base_footprint,2.6368825435638428,1.1664350032806396,-0.056704426072943855,0.0003325888836323617,0.27579374087400993,0.030535513535141945,2.598432788146346,1.1618753441351715,-0.08922474965764282,0.005325612297486528,0.059529136392934286,0.03871917074509975,0.038217797393628704,-0.03252032358469897,-0.03273792879622278,0.00987704058653428,-0.06504064716939793,0.5964610091242328,1790847043.698,imu_frame,7.247847080230713,-0.19484353065490723,0.017937706999873626,progress=0.7112;speed=0.0598;settled=False
7374.398927,control_sample,west_to_cell_center,2,outbound,1790847044.021,odom,base_footprint,2.6368825435638428,1.1664350032806396,-0.056704426072943855,0.0003325888836323617,0.27579374087400993,0.030535513535141945,2.5985287369357257,1.1629478496520351,-0.08922474965764282,0.004254710776794891,0.047558711373685225,0.03851200752098603,0.038217797393628704,-0.03252032358469897,-0.03317183894278637,-0.003460993119919044,-0.06504064716939793,0.5964610091242328,1790847043.698,imu_frame,7.247847080230713,-0.19484353065490723,0.037968093999552366,progress=0.7123;speed=0.0477;settled=False
7374.418761,control_sample,west_to_cell_center,2,outbound,1790847044.086,odom,base_footprint,2.637084722518921,1.1816953420639038,-0.056704426072943855,0.0031117731530680703,0.2347748596008747,0.0,2.598603014954225,1.1637781215620542,-0.08922474965764282,0.003187504784012841,0.03562959457829571,0.042448422910712005,0.04192412698541447,-0.03252032358469897,-0.03396891203808062,-0.024080538326122072,-0.06504064716939793,0.6060611789304355,1790847043.698,imu_frame,7.247847080230713,-0.19484353065490723,0.057929358999899705,progress=0.7131;speed=0.0358;settled=False
7374.419986,imu_sample,,,,1790847043.746,,,,,,,,,,,,,,,,,,,,,1790847043.746,imu_frame,11.701062202453613,0.008621984161436558,0.0,
7374.438884,control_sample,west_to_cell_center,2,outbound,1790847044.086,odom,base_footprint,2.637084722518921,1.1816953420639038,-0.056704426072943855,0.0031117731530680703,0.2347748596008747,0.0,2.5986560838412487,1.1643713200221308,-0.08922474965764282,0.002117936063513762,0.02367406745998562,0.042153078301862136,0.04192412698541447,-0.03252032358469897,-0.03441788529831589,-0.03788159950374602,-0.06504064716939793,0.6060611789304355,1790847043.746,imu_frame,11.701062202453613,0.008621984161436558,0.017126894999819342,progress=0.7137;speed=0.0238;settled=False
7374.458193,control_sample,west_to_cell_center,2,outbound,1790847044.086,odom,base_footprint,2.637084722518921,1.1816953420639038,-0.056704426072943855,0.0031117731530680703,0.2347748596008747,0.0,2.5986877489397444,1.1647252691761343,-0.08922474965764282,0.0010487026682585961,0.011722288572126012,0.04197988749218115,0.04192412698541447,-0.03252032358469897,-0.034874521889326326,-0.051918225037240875,-0.06504064716939793,0.6060611789304355,1790847043.746,imu_frame,11.701062202453613,0.008621984161436558,0.03712608099976933,progress=0.7140;speed=0.0118;settled=False
7374.459421,imu_sample,,,,1790847043.784,,,,,,,,,,,,,,,,,,,,,1790847043.784,imu_frame,12.610858917236328,-0.0616854690015316,0.0,
7374.478160,segment_enter,midpoint_stop,3,outbound,1790847044.086,,,2.637084722518921,1.1816953420639038,-0.056704426072943855,,,,,,,,,,,,,,,,,,,,,
7374.478288,phase_hold_start,midpoint_stop,3,outbound,1790847044.086,,,2.637084722518921,1.1816953420639038,-0.056704426072943855,0.0031117731530680703,0.2347748596008747,0.0,,,,,,0.04192412698541429,0.04192412698541447,-0.03252032358469897,,,,,,,,,,profile complete; waiting for measured settle
7374.478390,control_sample,midpoint_stop,3,outbound,1790847044.086,odom,base_footprint,2.637084722518921,1.1816953420639038,-0.056704426072943855,0.0031117731530680703,0.2347748596008747,0.0,2.5986980341827075,1.1648402365445794,-0.08922474965764282,0.0,0.0,0.04192412698541429,0.04192412698541447,-0.03252032358469897,-0.03532997000720369,-0.0659183179041513,-0.06504064716939793,0.6060611789304355,1790847043.784,imu_frame,12.610858917236328,-0.0616854690015316,0.017666433000158577,progress=0.7142;speed=0.0000;settled=False
7374.498763,control_sample,midpoint_stop,3,outbound,1790847044.086,odom,base_footprint,2.637084722518921,1.1816953420639038,-0.056704426072943855,0.0031117731530680703,0.2347748596008747,0.0,2.5986980341827075,1.1648402365445794,-0.08922474965764282,0.0,0.0,0.04192412698541429,0.04192412698541447,-0.03252032358469897,-0.03532997000720369,-0.0659183179041513,-0.06504064716939793,0.6060611789304355,1790847043.784,imu_frame,12.610858917236328,-0.0616854690015316,0.037711220999881334,progress=0.7142;speed=0.0000;settled=False
7374.518754,control_sample,midpoint_stop,3,outbound,1790847044.198,odom,base_footprint,2.633363962173462,1.1974899768829346,-0.07050647509183862,-0.030994479324067334,0.14021653478611842,-0.12214207649230957,2.5986980341827075,1.1648402365445794,-0.08922474965764282,0.0,0.0,0.047620710910508145,0.04762071091050846,-0.018718274565804206,-0.02412059607304408,-0.06254769982312525,-0.03743654913160841,0.6132289716073175,1790847043.784,imu_frame,12.610858917236328,-0.0616854690015316,0.0576705330004188,progress=0.7142;speed=0.0000;settled=False
7374.519923,imu_sample,,,,1790847043.881,,,,,,,,,,,,,,,,,,,,,1790847043.881,imu_frame,8.210315704345703,0.0682767927646637,0.0,
7374.538933,control_sample,midpoint_stop,3,outbound,1790847044.198,odom,base_footprint,2.633363962173462,1.1974899768829346,-0.07050647509183862,-0.030994479324067334,0.14021653478611842,-0.12214207649230957,2.5986980341827075,1.1648402365445794,-0.08922474965764282,0.0,0.0,0.047620710910508145,0.04762071091050846,-0.018718274565804206,-0.02412059607304408,-0.06254769982312525,-0.03743654913160841,0.6132289716073175,1790847043.881,imu_frame,8.210315704345703,0.0682767927646637,0.01722104300006322,progress=0.7142;speed=0.0000;settled=False
7374.558355,control_sample,midpoint_stop,3,outbound,1790847044.198,odom,base_footprint,2.633363962173462,1.1974899768829346,-0.07050647509183862,-0.030994479324067334,0.14021653478611842,-0.12214207649230957,2.5986980341827075,1.1648402365445794,-0.08922474965764282,0.0,0.0,0.047620710910508145,0.04762071091050846,-0.018718274565804206,-0.02412059607304408,-0.06254769982312525,-0.03743654913160841,0.6132289716073175,1790847043.881,imu_frame,8.210315704345703,0.0682767927646637,0.037182914999903005,progress=0.7142;speed=0.0000;settled=False
7374.578894,control_sample,midpoint_stop,3,outbound,1790847044.266,odom,base_footprint,2.6303648948669434,1.2035244703292847,-0.08482763240628377,-0.0434660411591761,0.09069916509290778,-0.21374864876270294,2.5986980341827075,1.1648402365445794,-0.08922474965764282,0.0,0.0,0.0499925995433778,0.04999259954337815,-0.004397117251359051,-0.018076573675054816,-0.05856620833926692,-0.008794234502718101,0.6148626043536178,1790847043.881,imu_frame,8.210315704345703,0.0682767927646637,0.057197269999960554,progress=0.7142;speed=0.0000;settled=False
7374.580167,imu_sample,,,,1790847043.925,,,,,,,,,,,,,,,,,,,,,1790847043.925,imu_frame,12.328343391418457,0.050167299807071686,0.0,
7374.598369,control_sample,midpoint_stop,3,outbound,1790847044.266,odom,base_footprint,2.6303648948669434,1.2035244703292847,-0.08482763240628377,-0.0434660411591761,0.09069916509290778,-0.21374864876270294,2.5986980341827075,1.1648402365445794,-0.08922474965764282,0.0,0.0,0.0499925995433778,0.04999259954337815,-0.004397117251359051,-0.018076573675054816,-0.05856620833926692,-0.008794234502718101,0.6148626043536178,1790847043.925,imu_frame,12.328343391418457,0.050167299807071686,0.016923175000556512,progress=0.7142;speed=0.0000;settled=False
7374.618528,control_sample,midpoint_stop,3,outbound,1790847044.266,odom,base_footprint,2.6303648948669434,1.2035244703292847,-0.08482763240628377,-0.0434660411591761,0.09069916509290778,-0.21374864876270294,2.5986980341827075,1.1648402365445794,-0.08922474965764282,0.0,0.0,0.0499925995433778,0.04999259954337815,-0.004397117251359051,-0.018076573675054816,-0.05856620833926692,-0.008794234502718101,0.6148626043536178,1790847043.925,imu_frame,12.328343391418457,0.050167299807071686,0.036944250000487955,progress=0.7142;speed=0.0000;settled=False
7374.620218,imu_sample,,,,1790847043.938,,,,,,,,,,,,,,,,,,,,,1790847043.938,imu_frame,10.6524019241333,-0.07766443490982056,0.0,
7374.638993,control_sample,midpoint_stop,3,outbound,1790847044.266,odom,base_footprint,2.6303648948669434,1.2035244703292847,-0.08482763240628377,-0.0434660411591761,0.09069916509290778,-0.21374864876270294,2.5986980341827075,1.1648402365445794,-0.08922474965764282,0.0,0.0,0.0499925995433778,0.04999259954337815,-0.004397117251359051,-0.018076573675054816,-0.05856620833926692,-0.008794234502718101,0.6148626043536178,1790847043.938,imu_frame,10.6524019241333,-0.07766443490982056,0.01691763999951945,progress=0.7142;speed=0.0000;settled=False
7374.658231,control_sample,midpoint_stop,3,outbound,1790847044.266,odom,base_footprint,2.6303648948669434,1.2035244703292847,-0.08482763240628377,-0.0434660411591761,0.09069916509290778,-0.21374864876270294,2.5986980341827075,1.1648402365445794,-0.08922474965764282,0.0,0.0,0.0499925995433778,0.04999259954337815,-0.004397117251359051,-0.018076573675054816,-0.05856620833926692,-0.008794234502718101,0.6148626043536178,1790847043.938,imu_frame,10.6524019241333,-0.07766443490982056,0.036895833000016864,progress=0.7142;speed=0.0000;settled=False
7374.679005,control_sample,midpoint_stop,3,outbound,1790847044.358,odom,base_footprint,2.627122163772583,1.2073699235916138,-0.10328636016563685,-0.034098671550424745,0.04198515785831371,-0.19848088920116425,2.5986980341827075,1.1648402365445794,-0.08922474965764282,0.0,0.0,0.05115374300342765,0.051153743003428016,0.014061610507994024,-0.01623857108448727,-0.052882789013132106,0.028123221015988048,0.6149377571798261,1790847043.938,imu_frame,10.6524019241333,-0.07766443490982056,0.056929419999505626,progress=0.7142;speed=0.0000;settled=False
7374.680382,imu_sample,,,,1790847044.029,,,,,,,,,,,,,,,,,,,,,1790847044.029,imu_frame,10.685920715332031,0.07466837763786316,0.0,
7374.698745,control_sample,midpoint_stop,3,outbound,1790847044.358,odom,base_footprint,2.627122163772583,1.2073699235916138,-0.10328636016563685,-0.034098671550424745,0.04198515785831371,-0.19848088920116425,2.5986980341827075,1.1648402365445794,-0.08922474965764282,0.0,0.0,0.05115374300342765,0.051153743003428016,0.014061610507994024,-0.01623857108448727,-0.052882789013132106,0.028123221015988048,0.6149377571798261,1790847044.029,imu_frame,10.685920715332031,0.07466837763786316,0.01670675300010771,progress=0.7142;speed=0.0000;settled=False
7374.718809,control_sample,midpoint_stop,3,outbound,1790847044.358,odom,base_footprint,2.627122163772583,1.2073699235916138,-0.10328636016563685,-0.034098671550424745,0.04198515785831371,-0.19848088920116425,2.5986980341827075,1.1648402365445794,-0.08922474965764282,0.0,0.0,0.05115374300342765,0.051153743003428016,0.014061610507994024,-0.01623857108448727,-0.052882789013132106,0.028123221015988048,0.6149377571798261,1790847044.029,imu_frame,10.685920715332031,0.07466837763786316,0.03673329999946873,progress=0.7142;speed=0.0000;settled=False
7374.720714,imu_sample,,,,1790847044.067,,,,,,,,,,,,,,,,,,,,,1790847044.067,imu_frame,10.944494247436523,0.043775711208581924,0.0,
7374.738735,control_sample,midpoint_stop,3,outbound,1790847044.358,odom,base_footprint,2.627122163772583,1.2073699235916138,-0.10328636016563685,-0.034098671550424745,0.04198515785831371,-0.19848088920116425,2.5986980341827075,1.1648402365445794,-0.08922474965764282,0.0,0.0,0.05115374300342765,0.051153743003428016,0.014061610507994024,-0.01623857108448727,-0.052882789013132106,0.028123221015988048,0.6149377571798261,1790847044.067,imu_frame,10.944494247436523,0.043775711208581924,0.01642383000034897,progress=0.7142;speed=0.0000;settled=False
7374.758487,control_sample,midpoint_stop,3,outbound,1790847044.358,odom,base_footprint,2.627122163772583,1.2073699235916138,-0.10328636016563685,-0.034098671550424745,0.04198515785831371,-0.19848088920116425,2.5986980341827075,1.1648402365445794,-0.08922474965764282,0.0,0.0,0.05115374300342765,0.051153743003428016,0.014061610507994024,-0.01623857108448727,-0.052882789013132106,0.028123221015988048,0.6149377571798261,1790847044.067,imu_frame,10.944494247436523,0.043775711208581924,0.03639725500033819,progress=0.7142;speed=0.0000;settled=False
7374.759694,imu_sample,,,,1790847044.098,,,,,,,,,,,,,,,,,,,,,1790847044.098,imu_frame,9.675567626953125,0.07360311597585678,0.0,
7374.778557,control_sample,midpoint_stop,3,outbound,1790847044.358,odom,base_footprint,2.627122163772583,1.2073699235916138,-0.10328636016563685,-0.034098671550424745,0.04198515785831371,-0.19848088920116425,2.5986980341827075,1.1648402365445794,-0.08922474965764282,0.0,0.0,0.05115374300342765,0.051153743003428016,0.014061610507994024,-0.01623857108448727,-0.052882789013132106,0.028123221015988048,0.6149377571798261,1790847044.098,imu_frame,9.675567626953125,0.07360311597585678,0.01738063099946885,progress=0.7142;speed=0.0000;settled=False
7374.799101,control_sample,midpoint_stop,3,outbound,1790847044.358,odom,base_footprint,2.627122163772583,1.2073699235916138,-0.10328636016563685,-0.034098671550424745,0.04198515785831371,-0.19848088920116425,2.5986980341827075,1.1648402365445794,-0.08922474965764282,0.0,0.0,0.05115374300342765,0.051153743003428016,0.014061610507994024,-0.01623857108448727,-0.052882789013132106,0.028123221015988048,0.6149377571798261,1790847044.098,imu_frame,9.675567626953125,0.07360311597585678,0.03766184300002351,progress=0.7142;speed=0.0000;settled=False
7374.818876,control_sample,midpoint_stop,3,outbound,1790847044.48,odom,base_footprint,2.6243696212768555,1.20796799659729,-0.12377568948943475,-0.02245709618482504,0.005363298290841128,-0.16794537007808685,2.5986980341827075,1.1648402365445794,-0.08922474965764282,0.0,0.0,0.05018997978776851,0.050189979787768894,0.03455093983179193,-0.01556115173043129,-0.04647716826463069,0.06910187966358386,0.6132660151988831,1790847044.098,imu_frame,9.675567626953125,0.07360311597585678,0.05742534099954355,progress=0.7142;speed=0.0000;settled=False
7374.820918,imu_sample,,,,1790847044.162,,,,,,,,,,,,,,,,,,,,,1790847044.162,imu_frame,7.951742172241211,-0.056359145790338516,0.0,
7374.838910,control_sample,midpoint_stop,3,outbound,1790847044.48,odom,base_footprint,2.6243696212768555,1.20796799659729,-0.12377568948943475,-0.02245709618482504,0.005363298290841128,-0.16794537007808685,2.5986980341827075,1.1648402365445794,-0.08922474965764282,0.0,0.0,0.05018997978776851,0.050189979787768894,0.03455093983179193,-0.01556115173043129,-0.04647716826463069,0.06910187966358386,0.6132660151988831,1790847044.162,imu_frame,7.951742172241211,-0.056359145790338516,0.0162043669997729,progress=0.7142;speed=0.0000;settled=False
7374.858286,control_sample,midpoint_stop,3,outbound,1790847044.48,odom,base_footprint,2.6243696212768555,1.20796799659729,-0.12377568948943475,-0.02245709618482504,0.005363298290841128,-0.16794537007808685,2.5986980341827075,1.1648402365445794,-0.08922474965764282,0.0,0.0,0.05018997978776851,0.050189979787768894,0.03455093983179193,-0.01556115173043129,-0.04647716826463069,0.06910187966358386,0.6132660151988831,1790847044.162,imu_frame,7.951742172241211,-0.056359145790338516,0.03620499299995572,progress=0.7142;speed=0.0000;settled=False
7374.878472,control_sample,midpoint_stop,3,outbound,1790847044.536,odom,base_footprint,2.623378276824951,1.2079499959945679,-0.1296537820463135,-0.018027862633611492,-0.00022073146015333736,-0.10687432438135147,2.5986980341827075,1.1648402365445794,-0.08922474965764282,0.0,0.0,0.049674598505834916,0.049674598505835305,0.04042903238867068,-0.015329795194787912,-0.04542891300080577,0.08085806477734137,0.6125112963272471,1790847044.162,imu_frame,7.951742172241211,-0.056359145790338516,0.056210194999948726,progress=0.7142;speed=0.0000;settled=False
7374.879279,imu_sample,,,,1790847044.218,,,,,,,,,,,,,,,,,,,,,1790847044.218,imu_frame,10.441712379455566,-0.1777992993593216,0.0,
7374.898387,control_sample,midpoint_stop,3,outbound,1790847044.536,odom,base_footprint,2.623378276824951,1.2079499959945679,-0.1296537820463135,-0.018027862633611492,-0.00022073146015333736,-0.10687432438135147,2.5986980341827075,1.1648402365445794,-0.08922474965764282,0.0,0.0,0.049674598505834916,0.049674598505835305,0.04042903238867068,-0.015329795194787912,-0.04542891300080577,0.08085806477734137,0.6125112963272471,1790847044.218,imu_frame,10.441712379455566,-0.1777992993593216,0.017781925000235788,progress=0.7142;speed=0.0000;settled=False
7374.918568,control_sample,midpoint_stop,3,outbound,1790847044.536,odom,base_footprint,2.623378276824951,1.2079499959945679,-0.1296537820463135,-0.018027862633611492,-0.00022073146015333736,-0.10687432438135147,2.5986980341827075,1.1648402365445794,-0.08922474965764282,0.0,0.0,0.049674598505834916,0.049674598505835305,0.04042903238867068,-0.015329795194787912,-0.04542891300080577,0.08085806477734137,0.6125112963272471,1790847044.218,imu_frame,10.441712379455566,-0.1777992993593216,0.0378413050002564,progress=0.7142;speed=0.0000;settled=False
7374.920248,imu_sample,,,,1790847044.258,,,,,,,,,,,,,,,,,,,,,1790847044.258,imu_frame,9.871891975402832,-0.19910457730293274,0.0,
7374.938906,control_sample,midpoint_stop,3,outbound,1790847044.536,odom,base_footprint,2.623378276824951,1.2079499959945679,-0.1296537820463135,-0.018027862633611492,-0.00022073146015333736,-0.10687432438135147,2.5986980341827075,1.1648402365445794,-0.08922474965764282,0.0,0.0,0.049674598505834916,0.049674598505835305,0.04042903238867068,-0.015329795194787912,-0.04542891300080577,0.08085806477734137,0.6125112963272471,1790847044.258,imu_frame,9.871891975402832,-0.19910457730293274,0.01687946199945145,progress=0.7142;speed=0.0000;settled=False
7374.958185,control_sample,midpoint_stop,3,outbound,1790847044.536,odom,base_footprint,2.623378276824951,1.2079499959945679,-0.1296537820463135,-0.018027862633611492,-0.00022073146015333736,-0.10687432438135147,2.5986980341827075,1.1648402365445794,-0.08922474965764282,0.0,0.0,0.049674598505834916,0.049674598505835305,0.04042903238867068,-0.015329795194787912,-0.04542891300080577,0.08085806477734137,0.6125112963272471,1790847044.258,imu_frame,9.871891975402832,-0.19910457730293274,0.03686517599999206,progress=0.7142;speed=0.0000;settled=False
7374.978839,control_sample,midpoint_stop,3,outbound,1790847044.629,odom,base_footprint,2.622241735458374,1.2066479921340942,-0.1296537820463135,-0.01209119075179472,-0.013851273248214144,-2.7883910735937434e-09,2.5986980341827075,1.1648402365445794,-0.08922474965764282,0.0,0.0,0.047981186908937906,0.04798118690893829,0.04042903238867068,-0.015900959889968327,-0.0414411769435529,0.08085806477734137,0.6107973769835444,1790847044.258,imu_frame,9.871891975402832,-0.19910457730293274,0.05687952999960544,progress=0.7142;speed=0.0000;settled=False
7374.980127,imu_sample,,,,1790847044.306,,,,,,,,,,,,,,,,,,,,,1790847044.306,imu_frame,9.407417297363281,-0.23851937055587769,0.0,
7374.998474,control_sample,midpoint_stop,3,outbound,1790847044.629,odom,base_footprint,2.622241735458374,1.2066479921340942,-0.1296537820463135,-0.01209119075179472,-0.013851273248214144,-2.7883910735937434e-09,2.5986980341827075,1.1648402365445794,-0.08922474965764282,0.0,0.0,0.047981186908937906,0.04798118690893829,0.04042903238867068,-0.015900959889968327,-0.0414411769435529,0.08085806477734137,0.6107973769835444,1790847044.306,imu_frame,9.407417297363281,-0.23851937055587769,0.01699831499990978,progress=0.7142;speed=0.0000;settled=False
7375.018696,control_sample,midpoint_stop,3,outbound,1790847044.629,odom,base_footprint,2.622241735458374,1.2066479921340942,-0.1296537820463135,-0.01209119075179472,-0.013851273248214144,-2.7883910735937434e-09,2.5986980341827075,1.1648402365445794,-0.08922474965764282,0.0,0.0,0.047981186908937906,0.04798118690893829,0.04042903238867068,-0.015900959889968327,-0.0414411769435529,0.08085806477734137,0.6107973769835444,1790847044.306,imu_frame,9.407417297363281,-0.23851937055587769,0.03700946900062263,progress=0.7142;speed=0.0000;settled=False
7375.038848,control_sample,midpoint_stop,3,outbound,1790847044.721,odom,base_footprint,2.6216015815734863,1.2053275108337402,-0.12687503690816154,-0.006994211917463117,-0.014530075163529346,0.030535519123077393,2.5986980341827075,1.1648402365445794,-0.08922474965764282,0.0,0.0,0.04651657621157644,0.04651657621157682,0.03765028725051872,-0.0165765118411327,-0.04000028299814981,0.07530057450103744,0.609443403215835,1790847044.306,imu_frame,9.407417297363281,-0.23851937055587769,0.057005391000529926,progress=0.7142;speed=0.0000;settled=False
7375.039979,imu_sample,,,,1790847044.342,,,,,,,,,,,,,,,,,,,,,1790847044.342,imu_frame,9.6803560256958,-0.23106251657009125,0.0,
7375.058251,control_sample,midpoint_stop,3,outbound,1790847044.721,odom,base_footprint,2.6216015815734863,1.2053275108337402,-0.12687503690816154,-0.006994211917463117,-0.014530075163529346,0.030535519123077393,2.5986980341827075,1.1648402365445794,-0.08922474965764282,0.0,0.0,0.04651657621157644,0.04651657621157682,0.03765028725051872,-0.0165765118411327,-0.04000028299814981,0.07530057450103744,0.609443403215835,1790847044.342,imu_frame,9.6803560256958,-0.23106251657009125,0.017136047000349208,progress=0.7142;speed=0.0000;settled=False
7375.078922,control_sample,midpoint_stop,3,outbound,1790847044.721,odom,base_footprint,2.6216015815734863,1.2053275108337402,-0.12687503690816154,-0.006994211917463117,-0.014530075163529346,0.030535519123077393,2.5986980341827075,1.1648402365445794,-0.08922474965764282,0.0,0.0,0.04651657621157644,0.04651657621157682,0.03765028725051872,-0.0165765118411327,-0.04000028299814981,0.07530057450103744,0.609443403215835,1790847044.342,imu_frame,9.6803560256958,-0.23106251657009125,0.03716643400002795,progress=0.7142;speed=0.0000;settled=False
7375.080889,imu_sample,,,,1790847044.442,,,,,,,,,,,,,,,,,,,,,1790847044.442,imu_frame,10.125677108764648,-0.1170792207121849,0.0,
7375.098318,control_sample,midpoint_stop,3,outbound,1790847044.721,odom,base_footprint,2.6216015815734863,1.2053275108337402,-0.12687503690816154,-0.006994211917463117,-0.014530075163529346,0.030535519123077393,2.5986980341827075,1.1648402365445794,-0.08922474965764282,0.0,0.0,0.04651657621157644,0.04651657621157682,0.03765028725051872,-0.0165765118411327,-0.04000028299814981,0.07530057450103744,0.609443403215835,1790847044.442,imu_frame,10.125677108764648,-0.1170792207121849,0.016196911000406544,progress=0.7142;speed=0.0000;settled=False
7375.118718,control_sample,midpoint_stop,3,outbound,1790847044.721,odom,base_footprint,2.6216015815734863,1.2053275108337402,-0.12687503690816154,-0.006994211917463117,-0.014530075163529346,0.030535519123077393,2.5986980341827075,1.1648402365445794,-0.08922474965764282,0.0,0.0,0.04651657621157644,0.04651657621157682,0.03765028725051872,-0.0165765118411327,-0.04000028299814981,0.07530057450103744,0.609443403215835,1790847044.442,imu_frame,10.125677108764648,-0.1170792207121849,0.036210625000421715,progress=0.7142;speed=0.0000;settled=False
7375.138814,control_sample,midpoint_stop,3,outbound,1790847044.806,odom,base_footprint,2.62135910987854,1.2051399946212769,-0.1281727961727993,-0.002854711153457076,-0.0022028908247155375,-0.015267761424183846,2.5986980341827075,1.1648402365445794,-0.08922474965764282,0.0,0.0,0.04623413082055936,0.04623413082055975,0.03894804651515649,-0.01681404471300206,-0.04235582746369761,0.07789609303031297,0.6091375257148672,1790847044.442,imu_frame,10.125677108764648,-0.1170792207121849,0.056232595999972546,progress=0.7142;speed=0.0000;settled=False
7375.140083,imu_sample,,,,1790847044.488,,,,,,,,,,,,,,,,,,,,,1790847044.488,imu_frame,9.780912399291992,-0.1447760909795761,0.0,
7375.158184,control_sample,midpoint_stop,3,outbound,1790847044.806,odom,base_footprint,2.62135910987854,1.2051399946212769,-0.1281727961727993,-0.002854711153457076,-0.0022028908247155375,-0.015267761424183846,2.5986980341827075,1.1648402365445794,-0.08922474965764282,0.0,0.0,0.04623413082055936,0.04623413082055975,0.03894804651515649,-0.01681404471300206,-0.04235582746369761,0.07789609303031297,0.6091375257148672,1790847044.488,imu_frame,9.780912399291992,-0.1447760909795761,0.017036940000252798,progress=0.7142;speed=0.0000;settled=False
7375.178509,control_sample,midpoint_stop,3,outbound,1790847044.806,odom,base_footprint,2.62135910987854,1.2051399946212769,-0.1281727961727993,-0.002854711153457076,-0.0022028908247155375,-0.015267761424183846,2.5986980341827075,1.1648402365445794,-0.08922474965764282,0.0,0.0,0.04623413082055936,0.04623413082055975,0.03894804651515649,-0.01681404471300206,-0.04235582746369761,0.07789609303031297,0.6091375257148672,1790847044.488,imu_frame,9.780912399291992,-0.1447760909795761,0.03702886100018077,progress=0.7142;speed=0.0000;settled=False
7375.180103,imu_sample,,,,1790847044.498,,,,,,,,,,,,,,,,,,,,,1790847044.498,imu_frame,9.833584785461426,-0.1266666054725647,0.0,
7375.198705,control_sample,midpoint_stop,3,outbound,1790847044.806,odom,base_footprint,2.62135910987854,1.2051399946212769,-0.1281727961727993,-0.002854711153457076,-0.0022028908247155375,-0.015267761424183846,2.5986980341827075,1.1648402365445794,-0.08922474965764282,0.0,0.0,0.04623413082055936,0.04623413082055975,0.03894804651515649,-0.01681404471300206,-0.04235582746369761,0.07789609303031297,0.6091375257148672,1790847044.498,imu_frame,9.833584785461426,-0.1266666054725647,0.01701981899987004,progress=0.7142;speed=0.0000;settled=False
7375.218586,control_sample,midpoint_stop,3,outbound,1790847044.806,odom,base_footprint,2.62135910987854,1.2051399946212769,-0.1281727961727993,-0.002854711153457076,-0.0022028908247155375,-0.015267761424183846,2.5986980341827075,1.1648402365445794,-0.08922474965764282,0.0,0.0,0.04623413082055936,0.04623413082055975,0.03894804651515649,-0.01681404471300206,-0.04235582746369761,0.07789609303031297,0.6091375257148672,1790847044.498,imu_frame,9.833584785461426,-0.1266666054725647,0.036968346999856294,progress=0.7142;speed=0.0000;settled=False
7375.239027,control_sample,midpoint_stop,3,outbound,1790847044.901,odom,base_footprint,2.6210880279541016,1.2049306631088257,-0.12962322702817913,-0.002857903290361689,-0.0021987479478621378,-0.015267761424183846,2.5986980341827075,1.1648402365445794,-0.08922474965764282,0.0,0.0,0.04591899523276062,0.045918995232761,0.04039847737053631,-0.016510103252367285,-0.04213829405575972,0.08079695474107262,0.608795762709969,1790847044.498,imu_frame,9.833584785461426,-0.1266666054725647,0.05702459099939006,progress=0.7142;speed=0.0000;settled=False
7375.240476,imu_sample,,,,1790847044.586,,,,,,,,,,,,,,,,,,,,,1790847044.586,imu_frame,9.402628898620605,0.013948306441307068,0.0,
7375.258196,control_sample,midpoint_stop,3,outbound,1790847044.901,odom,base_footprint,2.6210880279541016,1.2049306631088257,-0.12962322702817913,-0.002857903290361689,-0.0021987479478621378,-0.015267761424183846,2.5986980341827075,1.1648402365445794,-0.08922474965764282,0.0,0.0,0.04591899523276062,0.045918995232761,0.04039847737053631,-0.016510103252367285,-0.04213829405575972,0.08079695474107262,0.608795762709969,1790847044.586,imu_frame,9.402628898620605,0.013948306441307068,0.016656670999509515,progress=0.7142;speed=0.0000;settled=False
7375.279116,control_sample,midpoint_stop,3,outbound,1790847044.901,odom,base_footprint,2.6210880279541016,1.2049306631088257,-0.12962322702817913,-0.002857903290361689,-0.0021987479478621378,-0.015267761424183846,2.5986980341827075,1.1648402365445794,-0.08922474965764282,0.0,0.0,0.04591899523276062,0.045918995232761,0.04039847737053631,-0.016510103252367285,-0.04213829405575972,0.08079695474107262,0.608795762709969,1790847044.586,imu_frame,9.402628898620605,0.013948306441307068,0.03665284899943799,progress=0.7142;speed=0.0000;settled=False
7375.281242,imu_sample,,,,1790847044.622,,,,,,,,,,,,,,,,,,,,,1790847044.622,imu_frame,9.618106842041016,0.04164518415927887,0.0,
7375.298217,control_sample,midpoint_stop,3,outbound,1790847044.901,odom,base_footprint,2.6210880279541016,1.2049306631088257,-0.12962322702817913,-0.002857903290361689,-0.0021987479478621378,-0.015267761424183846,2.5986980341827075,1.1648402365445794,-0.08922474965764282,0.0,0.0,0.04591899523276062,0.045918995232761,0.04039847737053631,-0.016510103252367285,-0.04213829405575972,0.08079695474107262,0.608795762709969,1790847044.622,imu_frame,9.618106842041016,0.04164518415927887,0.01584448199992039,progress=0.7142;speed=0.0000;settled=False
7375.319041,control_sample,midpoint_stop,3,outbound,1790847044.901,odom,base_footprint,2.6210880279541016,1.2049306631088257,-0.12962322702817913,-0.002857903290361689,-0.0021987479478621378,-0.015267761424183846,2.5986980341827075,1.1648402365445794,-0.08922474965764282,0.0,0.0,0.04591899523276062,0.045918995232761,0.04039847737053631,-0.016510103252367285,-0.04213829405575972,0.08079695474107262,0.608795762709969,1790847044.622,imu_frame,9.618106842041016,0.04164518415927887,0.03586168499987252,progress=0.7142;speed=0.0000;settled=False
7375.338460,control_sample,midpoint_stop,3,outbound,1790847045.001,odom,base_footprint,2.6205108165740967,1.2044864892959595,-0.12962322702817913,-0.005715806580723378,-0.0043974958957242755,0.0,2.5986980341827075,1.1648402365445794,-0.08922474965764282,0.0,0.0,0.04525066665675118,0.04525066665675157,0.04039847737053631,-0.015485205230480805,-0.04111329270314525,0.08079695474107262,0.6080690816130198,1790847044.622,imu_frame,9.618106842041016,0.04164518415927887,0.055871174999992945,progress=0.7142;speed=0.0000;settled=False
7375.339659,imu_sample,,,,1790847044.658,,,,,,,,,,,,,,,,,,,,,1790847044.658,imu_frame,9.790489196777344,0.046971503645181656,0.0,
7375.358905,control_sample,midpoint_stop,3,outbound,1790847045.001,odom,base_footprint,2.6205108165740967,1.2044864892959595,-0.12962322702817913,-0.005715806580723378,-0.0043974958957242755,0.0,2.5986980341827075,1.1648402365445794,-0.08922474965764282,0.0,0.0,0.04525066665675118,0.04525066665675157,0.04039847737053631,-0.015485205230480805,-0.04111329270314525,0.08079695474107262,0.6080690816130198,1790847044.658,imu_frame,9.790489196777344,0.046971503645181656,0.017561661999934586,progress=0.7142;speed=0.0000;settled=False
7375.378793,control_sample,midpoint_stop,3,outbound,1790847045.001,odom,base_footprint,2.6205108165740967,1.2044864892959595,-0.12962322702817913,-0.005715806580723378,-0.0043974958957242755,0.0,2.5986980341827075,1.1648402365445794,-0.08922474965764282,0.0,0.0,0.04525066665675118,0.04525066665675157,0.04039847737053631,-0.015485205230480805,-0.04111329270314525,0.08079695474107262,0.6080690816130198,1790847044.658,imu_frame,9.790489196777344,0.046971503645181656,0.03745073199934268,progress=0.7142;speed=0.0000;settled=False
7375.398838,control_sample,midpoint_stop,3,outbound,1790847045.078,odom,base_footprint,2.619749069213867,1.203199863433838,-0.13079884451015594,-0.00991165761082521,-0.016697906266373637,-0.01526776235550642,2.5986980341827075,1.1648402365445794,-0.08922474965764282,0.0,0.0,0.04375622299703482,0.04375622299703521,0.04157409485251312,-0.014338287372148116,-0.03720796373216399,0.08314818970502624,0.6066467079315414,1790847044.658,imu_frame,9.790489196777344,0.046971503645181656,0.05744662100005371,progress=0.7142;speed=0.0000;settled=False
7375.400084,imu_sample,,,,1790847044.767,,,,,,,,,,,,,,,,,,,,,1790847044.767,imu_frame,9.73781681060791,0.14604109525680542,0.0,
7375.418039,control_sample,midpoint_stop,3,outbound,1790847045.078,odom,base_footprint,2.619749069213867,1.203199863433838,-0.13079884451015594,-0.00991165761082521,-0.016697906266373637,-0.01526776235550642,2.5986980341827075,1.1648402365445794,-0.08922474965764282,0.0,0.0,0.04375622299703482,0.04375622299703521,0.04157409485251312,-0.014338287372148116,-0.03720796373216399,0.08314818970502624,0.6066467079315414,1790847044.767,imu_frame,9.73781681060791,0.14604109525680542,0.01701393100029236,progress=0.7142;speed=0.0000;settled=False
7375.439408,control_sample,midpoint_stop,3,outbound,1790847045.078,odom,base_footprint,2.619749069213867,1.203199863433838,-0.13079884451015594,-0.00991165761082521,-0.016697906266373637,-0.01526776235550642,2.5986980341827075,1.1648402365445794,-0.08922474965764282,0.0,0.0,0.04375622299703482,0.04375622299703521,0.04157409485251312,-0.014338287372148116,-0.03720796373216399,0.08314818970502624,0.6066467079315414,1790847044.767,imu_frame,9.73781681060791,0.14604109525680542,0.03702937300022313,progress=0.7142;speed=0.0000;settled=False
7375.442790,imu_sample,,,,1790847044.779,,,,,,,,,,,,,,,,,,,,,1790847044.779,imu_frame,9.780912399291992,-0.05742441117763519,0.0,
7375.458554,control_sample,midpoint_stop,3,outbound,1790847045.078,odom,base_footprint,2.619749069213867,1.203199863433838,-0.13079884451015594,-0.00991165761082521,-0.016697906266373637,-0.01526776235550642,2.5986980341827075,1.1648402365445794,-0.08922474965764282,0.0,0.0,0.04375622299703482,0.04375622299703521,0.04157409485251312,-0.014338287372148116,-0.03720796373216399,0.08314818970502624,0.6066467079315414,1790847044.779,imu_frame,9.780912399291992,-0.05742441117763519,0.014363374999447842,progress=0.7142;speed=0.0000;settled=False
7375.478715,control_sample,midpoint_stop,3,outbound,1790847045.078,odom,base_footprint,2.619749069213867,1.203199863433838,-0.13079884451015594,-0.00991165761082521,-0.016697906266373637,-0.01526776235550642,2.5986980341827075,1.1648402365445794,-0.08922474965764282,0.0,0.0,0.04375622299703482,0.04375622299703521,0.04157409485251312,-0.014338287372148116,-0.03720796373216399,0.08314818970502624,0.6066467079315414,1790847044.779,imu_frame,9.780912399291992,-0.05742441117763519,0.03435683299994707,progress=0.7142;speed=0.0000;settled=False
7375.498719,control_sample,midpoint_stop,3,outbound,1790847045.179,odom,base_footprint,2.617659568786621,1.2011370658874512,-0.13542497660417466,-0.020782762195414844,-0.020327652742255183,-0.04580328240990639,2.5986980341827075,1.1648402365445794,-0.08922474965764282,0.0,0.0,0.04095118575671494,0.04095118575671534,0.046200226946531836,-0.01031783534420349,-0.03393503193878103,0.09240045389306367,0.6037152414935691,1790847044.779,imu_frame,9.780912399291992,-0.05742441117763519,0.0543218099992373,progress=0.7142;speed=0.0000;settled=False
7375.499845,imu_sample,,,,1790847044.821,,,,,,,,,,,,,,,,,,,,,1790847044.821,imu_frame,9.800065994262695,0.10875684022903442,0.0,
7375.518667,control_sample,midpoint_stop,3,outbound,1790847045.179,odom,base_footprint,2.617659568786621,1.2011370658874512,-0.13542497660417466,-0.020782762195414844,-0.020327652742255183,-0.04580328240990639,2.5986980341827075,1.1648402365445794,-0.08922474965764282,0.0,0.0,0.04095118575671494,0.04095118575671534,0.046200226946531836,-0.01031783534420349,-0.03393503193878103,0.09240045389306367,0.6037152414935691,1790847044.821,imu_frame,9.800065994262695,0.10875684022903442,0.01724213099987537,progress=0.7142;speed=0.0000;settled=False
7375.538764,control_sample,midpoint_stop,3,outbound,1790847045.179,odom,base_footprint,2.617659568786621,1.2011370658874512,-0.13542497660417466,-0.020782762195414844,-0.020327652742255183,-0.04580328240990639,2.5986980341827075,1.1648402365445794,-0.08922474965764282,0.0,0.0,0.04095118575671494,0.04095118575671534,0.046200226946531836,-0.01031783534420349,-0.03393503193878103,0.09240045389306367,0.6037152414935691,1790847044.821,imu_frame,9.800065994262695,0.10875684022903442,0.037262662000102864,progress=0.7142;speed=0.0000;settled=False
7375.540687,imu_sample,,,,1790847044.863,,,,,,,,,,,,,,,,,,,,,1790847044.863,imu_frame,9.752182006835938,0.13006213307380676,0.0,
7375.558212,control_sample,midpoint_stop,3,outbound,1790847045.179,odom,base_footprint,2.617659568786621,1.2011370658874512,-0.13542497660417466,-0.020782762195414844,-0.020327652742255183,-0.04580328240990639,2.5986980341827075,1.1648402365445794,-0.08922474965764282,0.0,0.0,0.04095118575671494,0.04095118575671534,0.046200226946531836,-0.01031783534420349,-0.03393503193878103,0.09240045389306367,0.6037152414935691,1790847044.863,imu_frame,9.752182006835938,0.13006213307380676,0.016447639000034542,progress=0.7142;speed=0.0000;settled=False
7375.578089,control_sample,midpoint_stop,3,outbound,1790847045.179,odom,base_footprint,2.617659568786621,1.2011370658874512,-0.13542497660417466,-0.020782762195414844,-0.020327652742255183,-0.04580328240990639,2.5986980341827075,1.1648402365445794,-0.08922474965764282,0.0,0.0,0.04095118575671494,0.04095118575671534,0.046200226946531836,-0.01031783534420349,-0.03393503193878103,0.09240045389306367,0.6037152414935691,1790847044.863,imu_frame,9.752182006835938,0.13006213307380676,0.03642432800006645,progress=0.7142;speed=0.0000;settled=False
7375.598319,control_sample,midpoint_stop,3,outbound,1790847045.282,odom,base_footprint,2.6153171062469482,1.1993564367294312,-0.13542497660417466,-0.022964893639739793,-0.01745704157221031,0.0,2.5986980341827075,1.1648402365445794,-0.08922474965764282,0.0,0.0,0.03830876703154501,0.03830876703154541,0.046200226946531836,-0.007727282098976351,-0.032364390043662296,0.09240045389306367,0.6007805356892305,1790847044.863,imu_frame,9.752182006835938,0.13006213307380676,0.056415481999465555,progress=0.7142;speed=0.0000;settled=False
7375.599305,imu_sample,,,,1790847044.909,,,,,,,,,,,,,,,,,,,,,1790847044.909,imu_frame,9.824007987976074,0.04910203441977501,0.0,
7375.618651,control_sample,midpoint_stop,3,outbound,1790847045.282,odom,base_footprint,2.6153171062469482,1.1993564367294312,-0.13542497660417466,-0.022964893639739793,-0.01745704157221031,0.0,2.5986980341827075,1.1648402365445794,-0.08922474965764282,0.0,0.0,0.03830876703154501,0.03830876703154541,0.046200226946531836,-0.007727282098976351,-0.032364390043662296,0.09240045389306367,0.6007805356892305,1790847044.909,imu_frame,9.824007987976074,0.04910203441977501,0.017782982000426273,progress=0.7142;speed=0.0000;settled=False
7375.639029,control_sample,midpoint_stop,3,outbound,1790847045.282,odom,base_footprint,2.6153171062469482,1.1993564367294312,-0.13542497660417466,-0.022964893639739793,-0.01745704157221031,0.0,2.5986980341827075,1.1648402365445794,-0.08922474965764282,0.0,0.0,0.03830876703154501,0.03830876703154541,0.046200226946531836,-0.007727282098976351,-0.032364390043662296,0.09240045389306367,0.6007805356892305,1790847044.909,imu_frame,9.824007987976074,0.04910203441977501,0.03780924100010452,progress=0.7142;speed=0.0000;settled=False
7375.658879,control_sample,midpoint_stop,3,outbound,1790847045.346,odom,base_footprint,2.6138033866882324,1.19791579246521,-0.1334707025086669,-0.023609339535220805,-0.022555964253519405,0.030535519123077393,2.5986980341827075,1.1648402365445794,-0.08922474965764282,0.0,0.0,0.03636157413774781,0.036361574137748216,0.04424595285102409,-0.006489937814371759,-0.029692091491895084,0.08849190570204818,0.5986923717300856,1790847044.909,imu_frame,9.824007987976074,0.04910203441977501,0.057820843000627065,progress=0.7142;speed=0.0000;settled=False
7375.660393,imu_sample,,,,1790847045.009,,,,,,,,,,,,,,,,,,,,,1790847045.009,imu_frame,9.871891975402832,0.17586851119995117,0.0,
7375.678905,control_sample,midpoint_stop,3,outbound,1790847045.346,odom,base_footprint,2.6138033866882324,1.19791579246521,-0.1334707025086669,-0.023609339535220805,-0.022555964253519405,0.030535519123077393,2.5986980341827075,1.1648402365445794,-0.08922474965764282,0.0,0.0,0.03636157413774781,0.036361574137748216,0.04424595285102409,-0.006489937814371759,-0.029692091491895084,0.08849190570204818,0.5986923717300856,1790847045.009,imu_frame,9.871891975402832,0.17586851119995117,0.01674557000023924,progress=0.7142;speed=0.0000;settled=False
7375.698713,control_sample,midpoint_stop,3,outbound,1790847045.346,odom,base_footprint,2.6138033866882324,1.19791579246521,-0.1334707025086669,-0.023609339535220805,-0.022555964253519405,0.030535519123077393,2.5986980341827075,1.1648402365445794,-0.08922474965764282,0.0,0.0,0.03636157413774781,0.036361574137748216,0.04424595285102409,-0.006489937814371759,-0.029692091491895084,0.08849190570204818,0.5986923717300856,1790847045.009,imu_frame,9.871891975402832,0.17586851119995117,0.036734002999764925,progress=0.7142;speed=0.0000;settled=False
7375.700436,imu_sample,,,,1790847045.044,,,,,,,,,,,,,,,,,,,,,1790847045.044,imu_frame,9.632472038269043,-0.027597006410360336,0.0,
7375.718674,control_sample,midpoint_stop,3,outbound,1790847045.346,odom,base_footprint,2.6138033866882324,1.19791579246521,-0.1334707025086669,-0.023609339535220805,-0.022555964253519405,0.030535519123077393,2.5986980341827075,1.1648402365445794,-0.08922474965764282,0.0,0.0,0.03636157413774781,0.036361574137748216,0.04424595285102409,-0.006489937814371759,-0.029692091491895084,0.08849190570204818,0.5986923717300856,1790847045.044,imu_frame,9.632472038269043,-0.027597006410360336,0.016678911000781227,progress=0.7142;speed=0.0000;settled=False
7375.738294,control_sample,midpoint_stop,3,outbound,1790847045.346,odom,base_footprint,2.6138033866882324,1.19791579246521,-0.1334707025086669,-0.023609339535220805,-0.022555964253519405,0.030535519123077393,2.5986980341827075,1.1648402365445794,-0.08922474965764282,0.0,0.0,0.03636157413774781,0.036361574137748216,0.04424595285102409,-0.006489937814371759,-0.029692091491895084,0.08849190570204818,0.5986923717300856,1790847045.044,imu_frame,9.632472038269043,-0.027597006410360336,0.036699506000331894,progress=0.7142;speed=0.0000;settled=False
7375.739479,imu_sample,,,,1790847045.058,,,,,,,,,,,,,,,,,,,,,1790847045.058,imu_frame,9.785700798034668,-0.1916477382183075,0.0,
7375.758196,control_sample,midpoint_stop,3,outbound,1790847045.346,odom,base_footprint,2.6138033866882324,1.19791579246521,-0.1334707025086669,-0.023609339535220805,-0.022555964253519405,0.030535519123077393,2.5986980341827075,1.1648402365445794,-0.08922474965764282,0.0,0.0,0.03636157413774781,0.036361574137748216,0.04424595285102409,-0.006489937814371759,-0.029692091491895084,0.08849190570204818,0.5986923717300856,1790847045.058,imu_frame,9.785700798034668,-0.1916477382183075,0.017610367000088445,progress=0.7142;speed=0.0000;settled=False
7375.778877,control_sample,midpoint_stop,3,outbound,1790847045.346,odom,base_footprint,2.6138033866882324,1.19791579246521,-0.1334707025086669,-0.023609339535220805,-0.022555964253519405,0.030535519123077393,2.5986980341827075,1.1648402365445794,-0.08922474965764282,0.0,0.0,0.03636157413774781,0.036361574137748216,0.04424595285102409,-0.006489937814371759,-0.029692091491895084,0.08849190570204818,0.5986923717300856,1790847045.058,imu_frame,9.785700798034668,-0.1916477382183075,0.037637874000211013,progress=0.7142;speed=0.0000;settled=False
7375.799297,control_sample,midpoint_stop,3,outbound,1790847045.458,odom,base_footprint,2.6105644702911377,1.1954436302185059,-0.1300201806054026,-0.028587759182496838,-0.02197613359862338,0.030535519123077393,2.5986980341827075,1.1648402365445794,-0.08922474965764282,0.0,0.0,0.03282346737133023,0.03282346737133065,0.04079543094775978,-0.002698985559759755,-0.026784179469177757,0.08159086189551956,0.5946279721357849,1790847045.058,imu_frame,9.785700798034668,-0.1916477382183075,0.05806958700031828,progress=0.7142;speed=0.0000;settled=False
7375.800696,imu_sample,,,,1790847045.141,,,,,,,,,,,,,,,,,,,,,1790847045.141,imu_frame,9.761758804321289,0.17586851119995117,0.0,
7375.818463,control_sample,midpoint_stop,3,outbound,1790847045.458,odom,base_footprint,2.6105644702911377,1.1954436302185059,-0.1300201806054026,-0.028587759182496838,-0.02197613359862338,0.030535519123077393,2.5986980341827075,1.1648402365445794,-0.08922474965764282,0.0,0.0,0.03282346737133023,0.03282346737133065,0.04079543094775978,-0.002698985559759755,-0.026784179469177757,0.08159086189551956,0.5946279721357849,1790847045.141,imu_frame,9.761758804321289,0.17586851119995117,0.016422966999925848,progress=0.7142;speed=0.0000;settled=False
7375.838422,control_sample,midpoint_stop,3,outbound,1790847045.458,odom,base_footprint,2.6105644702911377,1.1954436302185059,-0.1300201806054026,-0.028587759182496838,-0.02197613359862338,0.030535519123077393,2.5986980341827075,1.1648402365445794,-0.08922474965764282,0.0,0.0,0.03282346737133023,0.03282346737133065,0.04079543094775978,-0.002698985559759755,-0.026784179469177757,0.08159086189551956,0.5946279721357849,1790847045.141,imu_frame,9.761758804321289,0.17586851119995117,0.0364287129996228,progress=0.7142;speed=0.0000;settled=False
7375.858603,control_sample,midpoint_stop,3,outbound,1790847045.526,odom,base_footprint,2.609090805053711,1.1933965682983398,-0.12490548901422069,-0.021838365764539694,-0.0306645562001035,0.07633879780769348,2.5986980341827075,1.1648402365445794,-0.08922474965764282,0.0,0.0,0.030388711219925188,0.030388711219925608,0.03568073935657787,-0.0031846276313014493,-0.02299934209708089,0.07136147871315573,0.5921689083206687,1790847045.141,imu_frame,9.761758804321289,0.17586851119995117,0.05641938600001595,progress=0.7142;speed=0.0000;settled=False
7375.859491,imu_sample,,,,1790847045.187,,,,,,,,,,,,,,,,,,,,,1790847045.187,imu_frame,9.790489196777344,0.127931609749794,0.0,
7375.878685,control_sample,midpoint_stop,3,outbound,1790847045.526,odom,base_footprint,2.609090805053711,1.1933965682983398,-0.12490548901422069,-0.021838365764539694,-0.0306645562001035,0.07633879780769348,2.5986980341827075,1.1648402365445794,-0.08922474965764282,0.0,0.0,0.030388711219925188,0.030388711219925608,0.03568073935657787,-0.0031846276313014493,-0.02299934209708089,0.07136147871315573,0.5921689083206687,1790847045.187,imu_frame,9.790489196777344,0.127931609749794,0.017640735999520984,progress=0.7142;speed=0.0000;settled=False
7375.898394,control_sample,midpoint_stop,3,outbound,1790847045.526,odom,base_footprint,2.609090805053711,1.1933965682983398,-0.12490548901422069,-0.021838365764539694,-0.0306645562001035,0.07633879780769348,2.5986980341827075,1.1648402365445794,-0.08922474965764282,0.0,0.0,0.030388711219925188,0.030388711219925608,0.03568073935657787,-0.0031846276313014493,-0.02299934209708089,0.07136147871315573,0.5921689083206687,1790847045.187,imu_frame,9.790489196777344,0.127931609749794,0.03760868900008063,progress=0.7142;speed=0.0000;settled=False
7375.899924,imu_sample,,,,1790847045.218,,,,,,,,,,,,,,,,,,,,,1790847045.218,imu_frame,9.943717956542969,0.13112740218639374,0.0,
7375.918579,control_sample,midpoint_stop,3,outbound,1790847045.526,odom,base_footprint,2.609090805053711,1.1933965682983398,-0.12490548901422069,-0.021838365764539694,-0.0306645562001035,0.07633879780769348,2.5986980341827075,1.1648402365445794,-0.08922474965764282,0.0,0.0,0.030388711219925188,0.030388711219925608,0.03568073935657787,-0.0031846276313014493,-0.02299934209708089,0.07136147871315573,0.5921689083206687,1790847045.218,imu_frame,9.943717956542969,0.13112740218639374,0.017161775999738893,progress=0.7142;speed=0.0000;settled=False
7375.938817,control_sample,midpoint_stop,3,outbound,1790847045.526,odom,base_footprint,2.609090805053711,1.1933965682983398,-0.12490548901422069,-0.021838365764539694,-0.0306645562001035,0.07633879780769348,2.5986980341827075,1.1648402365445794,-0.08922474965764282,0.0,0.0,0.030388711219925188,0.030388711219925608,0.03568073935657787,-0.0031846276313014493,-0.02299934209708089,0.07136147871315573,0.5921689083206687,1790847045.218,imu_frame,9.943717956542969,0.13112740218639374,0.037193602999650466,progress=0.7142;speed=0.0000;settled=False
7375.958188,control_sample,midpoint_stop,3,outbound,1790847045.617,odom,base_footprint,2.6075472831726074,1.1905169486999512,-0.1150730533028849,-0.016470099866003923,-0.031463307976317106,0.10687432438135147,2.5986980341827075,1.1648402365445794,-0.08922474965764282,0.0,0.0,0.027158843031231346,0.027158843031231766,0.025848303645242085,-0.0032928266297675866,-0.01989369946317447,0.05169660729048417,0.5891086075490937,1790847045.218,imu_frame,9.943717956542969,0.13112740218639374,0.05718485299985332,progress=0.7142;speed=0.0000;settled=False
7375.958983,imu_sample,,,,1790847045.325,,,,,,,,,,,,,,,,,,,,,1790847045.325,imu_frame,9.91977596282959,0.07466837763786316,0.0,
7375.978847,control_sample,midpoint_stop,3,outbound,1790847045.617,odom,base_footprint,2.6075472831726074,1.1905169486999512,-0.1150730533028849,-0.016470099866003923,-0.031463307976317106,0.10687432438135147,2.5986980341827075,1.1648402365445794,-0.08922474965764282,0.0,0.0,0.027158843031231346,0.027158843031231766,0.025848303645242085,-0.0032928266297675866,-0.01989369946317447,0.05169660729048417,0.5891086075490937,1790847045.325,imu_frame,9.91977596282959,0.07466837763786316,0.018144082000617345,progress=0.7142;speed=0.0000;settled=False
7375.998816,control_sample,midpoint_stop,3,outbound,1790847045.617,odom,base_footprint,2.6075472831726074,1.1905169486999512,-0.1150730533028849,-0.016470099866003923,-0.031463307976317106,0.10687432438135147,2.5986980341827075,1.1648402365445794,-0.08922474965764282,0.0,0.0,0.027158843031231346,0.027158843031231766,0.025848303645242085,-0.0032928266297675866,-0.01989369946317447,0.05169660729048417,0.5891086075490937,1790847045.325,imu_frame,9.91977596282959,0.07466837763786316,0.03810845000043628,progress=0.7142;speed=0.0000;settled=False
7376.000873,imu_sample,,,,1790847045.338,,,,,,,,,,,,,,,,,,,,,1790847045.338,imu_frame,9.833584785461426,-0.17886455357074738,0.0,
7376.018742,control_sample,midpoint_stop,3,outbound,1790847045.617,odom,base_footprint,2.6075472831726074,1.1905169486999512,-0.1150730533028849,-0.016470099866003923,-0.031463307976317106,0.10687432438135147,2.5986980341827075,1.1648402365445794,-0.08922474965764282,0.0,0.0,0.027158843031231346,0.027158843031231766,0.025848303645242085,-0.0032928266297675866,-0.01989369946317447,0.05169660729048417,0.5891086075490937,1790847045.338,imu_frame,9.833584785461426,-0.17886455357074738,0.01621009599966783,progress=0.7142;speed=0.0000;settled=False
7376.039073,control_sample,midpoint_stop,3,outbound,1790847045.617,odom,base_footprint,2.6075472831726074,1.1905169486999512,-0.1150730533028849,-0.016470099866003923,-0.031463307976317106,0.10687432438135147,2.5986980341827075,1.1648402365445794,-0.08922474965764282,0.0,0.0,0.027158843031231346,0.027158843031231766,0.025848303645242085,-0.0032928266297675866,-0.01989369946317447,0.05169660729048417,0.5891086075490937,1790847045.338,imu_frame,9.833584785461426,-0.17886455357074738,0.03622179400008463,progress=0.7142;speed=0.0000;settled=False
7376.058211,control_sample,midpoint_stop,3,outbound,1790847045.738,odom,base_footprint,2.6062381267547607,1.1872520446777344,-0.0984464603962205,-0.010368768098925167,-0.02715925921917857,0.13740985095500946,2.5986980341827075,1.1648402365445794,-0.08922474965764282,0.0,0.0,0.023646186580344956,0.023646186580345376,0.00922171073857768,-0.003770953498693959,-0.01743501324458822,0.01844342147715536,0.5859737317651655,1790847045.338,imu_frame,9.833584785461426,-0.17886455357074738,0.056249268999636115,progress=0.7142;speed=0.0000;settled=False
7376.059087,imu_sample,,,,1790847045.378,,,,,,,,,,,,,,,,,,,,,1790847045.378,imu_frame,9.503185272216797,-0.15542873740196228,0.0,
7376.078794,control_sample,midpoint_stop,3,outbound,1790847045.738,odom,base_footprint,2.6062381267547607,1.1872520446777344,-0.0984464603962205,-0.010368768098925167,-0.02715925921917857,0.13740985095500946,2.5986980341827075,1.1648402365445794,-0.08922474965764282,0.0,0.0,0.023646186580344956,0.023646186580345376,0.00922171073857768,-0.003770953498693959,-0.01743501324458822,0.01844342147715536,0.5859737317651655,1790847045.378,imu_frame,9.503185272216797,-0.15542873740196228,0.018027054000413045,progress=0.7142;speed=0.0000;settled=False
7376.098797,control_sample,midpoint_stop,3,outbound,1790847045.738,odom,base_footprint,2.6062381267547607,1.1872520446777344,-0.0984464603962205,-0.010368768098925167,-0.02715925921917857,0.13740985095500946,2.5986980341827075,1.1648402365445794,-0.08922474965764282,0.0,0.0,0.023646186580344956,0.023646186580345376,0.00922171073857768,-0.003770953498693959,-0.01743501324458822,0.01844342147715536,0.5859737317651655,1790847045.378,imu_frame,9.503185272216797,-0.15542873740196228,0.03803135999987717,progress=0.7142;speed=0.0000;settled=False
7376.118754,control_sample,midpoint_stop,3,outbound,1790847045.798,odom,base_footprint,2.605281352996826,1.1853480339050293,-0.09203399643076185,-0.015740908094526836,-0.031834380012313444,0.10687432438135147,2.5986980341827075,1.1648402365445794,-0.08922474965764282,0.0,0.0,0.021538566321498896,0.021538566321499315,0.0028092467731190285,-0.002120990193825757,-0.014396778285450286,0.005618493546238057,0.58400169709458,1790847045.378,imu_frame,9.503185272216797,-0.15542873740196228,0.058026130000143894,progress=0.7142;speed=0.0000;settled=False
7376.119908,imu_sample,,,,1790847045.422,,,,,,,,,,,,,,,,,,,,,1790847045.422,imu_frame,9.694721221923828,0.2259359359741211,0.0,
7376.139050,control_sample,midpoint_stop,3,outbound,1790847045.798,odom,base_footprint,2.605281352996826,1.1853480339050293,-0.09203399643076185,-0.015740908094526836,-0.031834380012313444,0.10687432438135147,2.5986980341827075,1.1648402365445794,-0.08922474965764282,0.0,0.0,0.021538566321498896,0.021538566321499315,0.0028092467731190285,-0.002120990193825757,-0.014396778285450286,0.005618493546238057,0.58400169709458,1790847045.422,imu_frame,9.694721221923828,0.2259359359741211,0.017289940000409842,progress=0.7142;speed=0.0000;settled=False
7376.158611,control_sample,midpoint_stop,3,outbound,1790847045.798,odom,base_footprint,2.605281352996826,1.1853480339050293,-0.09203399643076185,-0.015740908094526836,-0.031834380012313444,0.10687432438135147,2.5986980341827075,1.1648402365445794,-0.08922474965764282,0.0,0.0,0.021538566321498896,0.021538566321499315,0.0028092467731190285,-0.002120990193825757,-0.014396778285450286,0.005618493546238057,0.58400169709458,1790847045.422,imu_frame,9.694721221923828,0.2259359359741211,0.0373435920000702,progress=0.7142;speed=0.0000;settled=False
7376.160345,imu_sample,,,,1790847045.469,,,,,,,,,,,,,,,,,,,,,1790847045.469,imu_frame,9.651625633239746,-0.042510710656642914,0.0,
7376.178359,control_sample,midpoint_stop,3,outbound,1790847045.798,odom,base_footprint,2.605281352996826,1.1853480339050293,-0.09203399643076185,-0.015740908094526836,-0.031834380012313444,0.10687432438135147,2.5986980341827075,1.1648402365445794,-0.08922474965764282,0.0,0.0,0.021538566321498896,0.021538566321499315,0.0028092467731190285,-0.002120990193825757,-0.014396778285450286,0.005618493546238057,0.58400169709458,1790847045.469,imu_frame,9.651625633239746,-0.042510710656642914,0.016738497000005736,progress=0.7142;speed=0.0000;settled=False
7376.198950,control_sample,midpoint_stop,3,outbound,1790847045.798,odom,base_footprint,2.605281352996826,1.1853480339050293,-0.09203399643076185,-0.015740908094526836,-0.031834380012313444,0.10687432438135147,2.5986980341827075,1.1648402365445794,-0.08922474965764282,0.0,0.0,0.021538566321498896,0.021538566321499315,0.0028092467731190285,-0.002120990193825757,-0.014396778285450286,0.005618493546238057,0.58400169709458,1790847045.469,imu_frame,9.651625633239746,-0.042510710656642914,0.03679355699932785,progress=0.7142;speed=0.0000;settled=False
7376.218673,control_sample,midpoint_stop,3,outbound,1790847045.886,odom,base_footprint,2.6042346954345703,1.1836625337600708,-0.08672081546796728,-0.011927228264969907,-0.01943773024635243,0.06107104569673538,2.5986980341827075,1.1648402365445794,-0.08922474965764282,0.0,0.0,0.019619721972703286,0.019619721972703712,-0.0025039341896755385,-0.0018458426219624684,-0.015151561542047052,-0.005007868379351077,0.58210610222143,1790847045.469,imu_frame,9.651625633239746,-0.042510710656642914,0.05675325299944234,progress=0.7142;speed=0.0000;settled=False
7376.219774,imu_sample,,,,1790847045.539,,,,,,,,,,,,,,,,,,,,,1790847045.539,imu_frame,9.91977596282959,0.1982390582561493,0.0,
7376.238949,control_sample,midpoint_stop,3,outbound,1790847045.886,odom,base_footprint,2.6042346954345703,1.1836625337600708,-0.08672081546796728,-0.011927228264969907,-0.01943773024635243,0.06107104569673538,2.5986980341827075,1.1648402365445794,-0.08922474965764282,0.0,0.0,0.019619721972703286,0.019619721972703712,-0.0025039341896755385,-0.0018458426219624684,-0.015151561542047052,-0.005007868379351077,0.58210610222143,1790847045.539,imu_frame,9.91977596282959,0.1982390582561493,0.01740303299993684,progress=0.7142;speed=0.0000;settled=False
7376.258309,control_sample,midpoint_stop,3,outbound,1790847045.886,odom,base_footprint,2.6042346954345703,1.1836625337600708,-0.08672081546796728,-0.011927228264969907,-0.01943773024635243,0.06107104569673538,2.5986980341827075,1.1648402365445794,-0.08922474965764282,0.0,0.0,0.019619721972703286,0.019619721972703712,-0.0025039341896755385,-0.0018458426219624684,-0.015151561542047052,-0.005007868379351077,0.58210610222143,1790847045.539,imu_frame,9.91977596282959,0.1982390582561493,0.03737479400024313,progress=0.7142;speed=0.0000;settled=False
7376.259828,imu_sample,,,,1790847045.604,,,,,,,,,,,,,,,,,,,,,1790847045.604,imu_frame,9.838373184204102,0.21954435110092163,0.0,
7376.278964,control_sample,midpoint_stop,3,outbound,1790847045.886,odom,base_footprint,2.6042346954345703,1.1836625337600708,-0.08672081546796728,-0.011927228264969907,-0.01943773024635243,0.06107104569673538,2.5986980341827075,1.1648402365445794,-0.08922474965764282,0.0,0.0,0.019619721972703286,0.019619721972703712,-0.0025039341896755385,-0.0018458426219624684,-0.015151561542047052,-0.005007868379351077,0.58210610222143,1790847045.604,imu_frame,9.838373184204102,0.21954435110092163,0.017478906999713217,progress=0.7142;speed=0.0000;settled=False
7376.298923,control_sample,midpoint_stop,3,outbound,1790847045.886,odom,base_footprint,2.6042346954345703,1.1836625337600708,-0.08672081546796728,-0.011927228264969907,-0.01943773024635243,0.06107104569673538,2.5986980341827075,1.1648402365445794,-0.08922474965764282,0.0,0.0,0.019619721972703286,0.019619721972703712,-0.0025039341896755385,-0.0018458426219624684,-0.015151561542047052,-0.005007868379351077,0.58210610222143,1790847045.604,imu_frame,9.838373184204102,0.21954435110092163,0.03730477499993867,progress=0.7142;speed=0.0000;settled=False
7376.318909,control_sample,midpoint_stop,3,outbound,1790847045.983,odom,base_footprint,2.603431224822998,1.1829875707626343,-0.0882017894344646,-0.008293207782185784,-0.0069456195803730926,-0.015267761424183846,2.5986980341827075,1.1648402365445794,-0.08922474965764282,0.0,0.0,0.018754435018392877,0.018754435018393308,-0.0010229602231782153,-0.0015864091393673998,-0.016963896092494615,-0.0020459204463564307,0.5810568877929733,1790847045.604,imu_frame,9.838373184204102,0.21954435110092163,0.05730882500029111,progress=0.7142;speed=0.0000;settled=False
7376.320214,imu_sample,,,,1790847045.658,,,,,,,,,,,,,,,,,,,,,1790847045.658,imu_frame,9.982025146484375,0.07466837763786316,0.0,
7376.339125,control_sample,midpoint_stop,3,outbound,1790847045.983,odom,base_footprint,2.603431224822998,1.1829875707626343,-0.0882017894344646,-0.008293207782185784,-0.0069456195803730926,-0.015267761424183846,2.5986980341827075,1.1648402365445794,-0.08922474965764282,0.0,0.0,0.018754435018392877,0.018754435018393308,-0.0010229602231782153,-0.0015864091393673998,-0.016963896092494615,-0.0020459204463564307,0.5810568877929733,1790847045.658,imu_frame,9.982025146484375,0.07466837763786316,0.017082381000363966,progress=0.7142;speed=0.0000;settled=False
7376.358465,control_sample,midpoint_stop,3,outbound,1790847045.983,odom,base_footprint,2.603431224822998,1.1829875707626343,-0.0882017894344646,-0.008293207782185784,-0.0069456195803730926,-0.015267761424183846,2.5986980341827075,1.1648402365445794,-0.08922474965764282,0.0,0.0,0.018754435018392877,0.018754435018393308,-0.0010229602231782153,-0.0015864091393673998,-0.016963896092494615,-0.0020459204463564307,0.5810568877929733,1790847045.658,imu_frame,9.982025146484375,0.07466837763786316,0.03690732100039895,progress=0.7142;speed=0.0000;settled=False
7376.378645,control_sample,midpoint_stop,3,outbound,1790847046.067,odom,base_footprint,2.603431224822998,1.1829875707626343,-0.0882017894344646,0.0,0.0,0.0,2.5986980341827075,1.1648402365445794,-0.08922474965764282,0.0,0.0,0.018754435018392877,0.018754435018393308,-0.0010229602231782153,-0.0031162387159789184,-0.018493725669106134,-0.0020459204463564307,0.5810568877929733,1790847045.658,imu_frame,9.982025146484375,0.07466837763786316,0.05686903399964649,progress=0.7142;speed=0.0000;settled=False
7376.379723,imu_sample,,,,1790847045.702,,,,,,,,,,,,,,,,,,,,,1790847045.702,imu_frame,9.512762069702148,0.2951781153678894,0.0,
7376.398773,control_sample,midpoint_stop,3,outbound,1790847046.067,odom,base_footprint,2.603431224822998,1.1829875707626343,-0.0882017894344646,0.0,0.0,0.0,2.5986980341827075,1.1648402365445794,-0.08922474965764282,0.0,0.0,0.018754435018392877,0.018754435018393308,-0.0010229602231782153,-0.0031162387159789184,-0.018493725669106134,-0.0020459204463564307,0.5810568877929733,1790847045.702,imu_frame,9.512762069702148,0.2951781153678894,0.017400216000169166,progress=0.7142;speed=0.0000;settled=False
7376.418275,control_sample,midpoint_stop,3,outbound,1790847046.067,odom,base_footprint,2.603431224822998,1.1829875707626343,-0.0882017894344646,0.0,0.0,0.0,2.5986980341827075,1.1648402365445794,-0.08922474965764282,0.0,0.0,0.018754435018392877,0.018754435018393308,-0.0010229602231782153,-0.0031162387159789184,-0.018493725669106134,-0.0020459204463564307,0.5810568877929733,1790847045.702,imu_frame,9.512762069702148,0.2951781153678894,0.037386506000075315,progress=0.7142;speed=0.0000;settled=False
7376.419699,imu_sample,,,,1790847045.747,,,,,,,,,,,,,,,,,,,,,1790847045.747,imu_frame,10.154407501220703,0.09384313970804214,0.0,
7376.438526,control_sample,midpoint_stop,3,outbound,1790847046.067,odom,base_footprint,2.603431224822998,1.1829875707626343,-0.0882017894344646,0.0,0.0,0.0,2.5986980341827075,1.1648402365445794,-0.08922474965764282,0.0,0.0,0.018754435018392877,0.018754435018393308,-0.0010229602231782153,-0.0031162387159789184,-0.018493725669106134,-0.0020459204463564307,0.5810568877929733,1790847045.747,imu_frame,10.154407501220703,0.09384313970804214,0.017418712999642594,progress=0.7142;speed=0.0000;settled=False
7376.458666,control_sample,midpoint_stop,3,outbound,1790847046.067,odom,base_footprint,2.603431224822998,1.1829875707626343,-0.0882017894344646,0.0,0.0,0.0,2.5986980341827075,1.1648402365445794,-0.08922474965764282,0.0,0.0,0.018754435018392877,0.018754435018393308,-0.0010229602231782153,-0.0031162387159789184,-0.018493725669106134,-0.0020459204463564307,0.5810568877929733,1790847045.747,imu_frame,10.154407501220703,0.09384313970804214,0.03742343500016432,progress=0.7142;speed=0.0000;settled=False
7376.478827,control_sample,midpoint_stop,3,outbound,1790847046.163,odom,base_footprint,2.6031227111816406,1.1822776794433594,-0.08673608347580926,-0.0032027566652974605,-0.007399517886823521,0.015267761424183846,2.5986980341827075,1.1648402365445794,-0.08922474965764282,0.0,0.0,0.017990057848520154,0.017990057848520584,-0.0024886661818335626,-0.002387540661076774,-0.016225360330092656,-0.004977332363667125,0.5803586385773163,1790847045.747,imu_frame,10.154407501220703,0.09384313970804214,0.05740351599979476,progress=0.7142;speed=0.0000;settled=False
7376.480173,imu_sample,,,,1790847045.842,,,,,,,,,,,,,,,,,,,,,1790847045.842,imu_frame,9.780912399291992,0.2525675594806671,0.0,
7376.498690,control_sample,midpoint_stop,3,outbound,1790847046.163,odom,base_footprint,2.6031227111816406,1.1822776794433594,-0.08673608347580926,-0.0032027566652974605,-0.007399517886823521,0.015267761424183846,2.5986980341827075,1.1648402365445794,-0.08922474965764282,0.0,0.0,0.017990057848520154,0.017990057848520584,-0.0024886661818335626,-0.002387540661076774,-0.016225360330092656,-0.004977332363667125,0.5803586385773163,1790847045.842,imu_frame,9.780912399291992,0.2525675594806671,0.016932583999732742,progress=0.7142;speed=0.0000;settled=False
7376.518682,control_sample,midpoint_stop,3,outbound,1790847046.163,odom,base_footprint,2.6031227111816406,1.1822776794433594,-0.08673608347580926,-0.0032027566652974605,-0.007399517886823521,0.015267761424183846,2.5986980341827075,1.1648402365445794,-0.08922474965764282,0.0,0.0,0.017990057848520154,0.017990057848520584,-0.0024886661818335626,-0.002387540661076774,-0.016225360330092656,-0.004977332363667125,0.5803586385773163,1790847045.842,imu_frame,9.780912399291992,0.2525675594806671,0.03694421799991687,progress=0.7142;speed=0.0000;settled=False
7376.520428,imu_sample,,,,1790847045.878,,,,,,,,,,,,,,,,,,,,,1790847045.878,imu_frame,9.780912399291992,0.1790643036365509,0.0,
7376.538825,control_sample,midpoint_stop,3,outbound,1790847046.163,odom,base_footprint,2.6031227111816406,1.1822776794433594,-0.08673608347580926,-0.0032027566652974605,-0.007399517886823521,0.015267761424183846,2.5986980341827075,1.1648402365445794,-0.08922474965764282,0.0,0.0,0.017990057848520154,0.017990057848520584,-0.0024886661818335626,-0.002387540661076774,-0.016225360330092656,-0.004977332363667125,0.5803586385773163,1790847045.878,imu_frame,9.780912399291992,0.1790643036365509,0.016690526999809663,progress=0.7142;speed=0.0000;settled=False
7376.558314,control_sample,midpoint_stop,3,outbound,1790847046.163,odom,base_footprint,2.6031227111816406,1.1822776794433594,-0.08673608347580926,-0.0032027566652974605,-0.007399517886823521,0.015267761424183846,2.5986980341827075,1.1648402365445794,-0.08922474965764282,0.0,0.0,0.017990057848520154,0.017990057848520584,-0.0024886661818335626,-0.002387540661076774,-0.016225360330092656,-0.004977332363667125,0.5803586385773163,1790847045.878,imu_frame,9.780912399291992,0.1790643036365509,0.036684208999758994,progress=0.7142;speed=0.0000;settled=False
7376.578696,control_sample,midpoint_stop,3,outbound,1790847046.263,odom,base_footprint,2.602843761444092,1.182043433189392,-0.08827813183950968,-0.0027645794185908847,-0.0023149955493676046,-0.015267761424183846,2.5986980341827075,1.1648402365445794,-0.08922474965764282,0.0,0.0,0.017695678266906895,0.017695678266907326,-0.0009466178181331414,0.0,0.0,0.0,0.579994425733046,1790847045.878,imu_frame,9.780912399291992,0.1790643036365509,0.05672877300003165,progress=0.7142;speed=0.0000;settled=True
7376.579110,phase_hold_complete,midpoint_stop,3,outbound,1790847046.263,,,2.602843761444092,1.182043433189392,-0.08827813183950968,-0.0027645794185908847,-0.0023149955493676046,-0.015267761424183846,,,,,,0.017695678266906895,0.017695678266907326,-0.0009466178181331414,,,,,,,,,,"position, speed, yaw and dwell tolerances met"
7376.580357,imu_sample,,,,1790847045.898,,,,,,,,,,,,,,,,,,,,,1790847045.898,imu_frame,10.015543937683105,-0.06914231926202774,0.0,
7376.581610,segment_enter,east_back_to_arc,3,return,1790847046.263,,,2.602843761444092,1.182043433189392,-0.08827813183950968,,,,,,,,,,,,,,,,,,,,,
7376.581766,control_sample,east_back_to_arc,3,return,1790847046.263,odom,base_footprint,2.602843761444092,1.182043433189392,-0.08827813183950968,-0.0027645794185908847,-0.0023149955493676046,-0.015267761424183846,2.5986980087667537,1.1648399524477064,-0.08922474965764282,-6.730118005559488e-05,-0.0007522855407303653,0.017695960411664716,0.017695678266907326,-0.0009466178181331414,-0.0021038045625547484,-0.017898399179464772,-0.0018932356362662828,0.579994425733046,1790847045.898,imu_frame,10.015543937683105,-0.06914231926202774,0.00019555899962142576,progress=0.0000;speed=0.0008;settled=False
7376.618402,control_sample,east_back_to_arc,3,return,1790847046.263,odom,base_footprint,2.602843761444092,1.182043433189392,-0.08827813183950968,-0.0027645794185908847,-0.0023149955493676046,-0.015267761424183846,2.59863603209563,1.1641471837100679,-0.08922474965764282,-0.003324088857193819,-0.03715631704086219,0.01838425227459954,0.017695678266907326,-0.0009466178181331414,-0.0021459809623466915,-0.062453219916913064,-0.0018932356362662828,0.579994425733046,1790847045.898,imu_frame,10.015543937683105,-0.06914231926202774,0.03674497999963933,progress=0.0007;speed=0.0373;settled=False
7376.619892,imu_sample,,,,1790847045.939,,,,,,,,,,,,,,,,,,,,,1790847045.939,imu_frame,10.001178741455078,-0.1362539827823639,0.0,
7376.638738,control_sample,east_back_to_arc,3,return,1790847046.263,odom,base_footprint,2.602843761444092,1.182043433189392,-0.08827813183950968,-0.0027645794185908847,-0.0023149955493676046,-0.015267761424183846,2.5985516369365653,1.1632038234626012,-0.08922474965764282,-0.005107823993546986,-0.05709472154525158,0.019322350463799768,0.017695678266907326,-0.0009466178181331414,-0.0021696168400850554,-0.08742197734535921,-0.0018932356362662828,0.579994425733046,1790847045.939,imu_frame,10.001178741455078,-0.1362539827823639,0.017230098000254657,progress=0.0016;speed=0.0573;settled=False
7376.658300,control_sample,east_back_to_arc,3,return,1790847046.263,odom,base_footprint,2.602843761444092,1.182043433189392,-0.08827813183950968,-0.0027645794185908847,-0.0023149955493676046,-0.015267761424183846,2.5984315366642363,1.1618613551992458,-0.08922474965764282,-0.006891536407803404,-0.07703287206442369,0.020658751160423927,0.017695678266907326,-0.0009466178181331414,-0.002193631739720361,-0.11279113055830252,-0.0018932356362662828,0.579994425733046,1790847045.939,imu_frame,10.001178741455078,-0.1362539827823639,0.03724787700048182,progress=0.0030;speed=0.0773;settled=False
7376.678884,control_sample,east_back_to_arc,3,return,1790847046.338,odom,base_footprint,2.602429151535034,1.1816961765289307,-0.09056829671984722,-0.005539747771111105,-0.004617316282606386,-0.03053552284836769,2.598276084879318,1.160123731431312,-0.08922474965764282,-0.008671607399459977,-0.09693031914322091,0.021968576424898217,0.01726394941642559,0.001343547062204395,-0.0010081485666600873,-0.13762058506195315,0.00268709412440879,0.5794536830125819,1790847045.939,imu_frame,10.001178741455078,-0.1362539827823639,0.05722478999996383,progress=0.0047;speed=0.0973;settled=False
7376.680189,imu_sample,,,,1790847045.991,,,,,,,,,,,,,,,,,,,,,1790847045.991,imu_frame,9.79527759552002,-0.24810674786567688,0.0,
7376.698177,control_sample,east_back_to_arc,3,return,1790847046.338,odom,base_footprint,2.602429151535034,1.1816961765289307,-0.09056829671984722,-0.005539747771111105,-0.004617316282606386,-0.03053552284836769,2.5980851279546737,1.1579892349307472,-0.08922474965764282,-0.010451207909387049,-0.11682250722652969,0.024101651827341784,0.01726394941642559,0.001343547062204395,-0.0009730699327628028,-0.1637295422966326,0.00268709412440879,0.5794536830125819,1790847045.991,imu_frame,9.79527759552002,-0.24810674786567688,0.01690509500076587,progress=0.0069;speed=0.1173;settled=False
7376.718042,control_sample,east_back_to_arc,3,return,1790847046.338,odom,base_footprint,2.602429151535034,1.1816961765289307,-0.09056829671984722,-0.005539747771111105,-0.004617316282606386,-0.03053552284836769,2.59785820008434,1.1554526589673026,-0.08922474965764282,-0.012233936499684834,-0.1367496606645497,0.026638615038550324,0.01726394941642559,0.001343547062204395,-0.0009373923306163906,-0.1902843104047582,0.00268709412440879,0.5794536830125819,1790847045.991,imu_frame,9.79527759552002,-0.24810674786567688,0.03691183299997647,progress=0.0094;speed=0.1373;settled=False
7376.719329,imu_sample,,,,1790847046.028,,,,,,,,,,,,,,,,,,,,,1790847046.028,imu_frame,9.728240013122559,0.04164518415927887,0.0,
7376.738718,control_sample,east_back_to_arc,3,return,1790847046.338,odom,base_footprint,2.602429151535034,1.1816961765289307,-0.09056829671984722,-0.005539747771111105,-0.004617316282606386,-0.03053552284836769,2.597595351731694,1.1525145676153061,-0.08922474965764282,-0.014018279074450952,-0.15669485505188868,0.02957924811969536,0.01726394941642559,0.001343547062204395,-0.0009011439165568826,-0.2172639326809458,0.00268709412440879,0.5794536830125819,1790847046.028,imu_frame,9.728240013122559,0.04164518415927887,0.017792261999602488,progress=0.0124;speed=0.1573;settled=False
7376.758265,control_sample,east_back_to_arc,3,return,1790847046.338,odom,base_footprint,2.602429151535034,1.1816961765289307,-0.09056829671984722,-0.005539747771111105,-0.004617316282606386,-0.03053552284836769,2.5972968955848064,1.149178456069265,-0.08922474965764282,-0.015801925817289165,-0.1766322715028273,0.03292023989936289,0.01726394941642559,0.001343547062204395,-0.0008643711981968158,-0.24463379360227297,0.00268709412440879,0.5794536830125819,1790847046.028,imu_frame,9.728240013122559,0.04164518415927887,0.03780930399989302,progress=0.0157;speed=0.1773;settled=False
7376.778791,control_sample,east_back_to_arc,3,return,1790847046.438,odom,base_footprint,2.601875066757202,1.1812344789505005,-0.09056829671984722,-0.005539747771111105,-0.004617316282606386,0.0,2.596963842853505,1.1454556275267056,-0.08922474965764282,-0.01757996375712927,-0.19650699334138622,0.03611435074092066,0.01669924309792265,0.001343547062204395,-0.0003171224786784263,-0.27180646245136314,0.00268709412440879,0.5787325913958936,1790847046.028,imu_frame,9.728240013122559,0.04164518415927887,0.057763400999647274,progress=0.0195;speed=0.1973;settled=False
7376.779955,imu_sample,,,,1790847046.121,,,,,,,,,,,,,,,,,,,,,1790847046.121,imu_frame,9.814431190490723,0.20356537401676178,0.0,
7376.800821,control_sample,east_back_to_arc,3,return,1790847046.438,odom,base_footprint,2.601875066757202,1.1812344789505005,-0.09056829671984722,-0.005539747771111105,-0.004617316282606386,0.0,2.596577568456193,1.1411378927765585,-0.08922474965764282,-0.019439500379581653,-0.21729269891703779,0.04044502084377689,0.01669924309792265,0.001343547062204395,-0.00027765251518195935,-0.3011838775471994,0.00268709412440879,0.5787325913958936,1790847046.121,imu_frame,9.814431190490723,0.20356537401676178,0.01800929300043208,progress=0.0238;speed=0.2182;settled=False
7376.818831,control_sample,east_back_to_arc,3,return,1790847046.438,odom,base_footprint,2.601875066757202,1.1812344789505005,-0.09056829671984722,-0.005539747771111105,-0.004617316282606386,0.0,2.596188861077592,1.1367929624164168,-0.08922474965764282,-0.02114631913047852,-0.23637134012193944,0.044803809289836766,0.01669924309792265,0.001343547062204395,-0.0002409090837095125,-0.328531940296293,0.00268709412440879,0.5787325913958936,1790847046.121,imu_frame,9.814431190490723,0.20356537401676178,0.037164129999837314,progress=0.0282;speed=0.2373;settled=False
7376.822341,imu_sample,,,,1790847046.154,,,,,,,,,,,,,,,,,,,,,1790847046.154,imu_frame,9.857526779174805,0.22380539774894714,0.0,
7376.838379,control_sample,east_back_to_arc,3,return,1790847046.438,odom,base_footprint,2.601875066757202,1.1812344789505005,-0.09056829671984722,-0.005539747771111105,-0.004617316282606386,0.0,2.595748994143611,1.1318761759053044,-0.08922474965764282,-0.022925024299188943,-0.25625352017491726,0.04973701685031384,0.01669924309792265,0.001343547062204395,-0.00020209358404116307,-0.3574222392704579,0.00268709412440879,0.5787325913958936,1790847046.154,imu_frame,9.857526779174805,0.22380539774894714,0.014742172999831382,progress=0.0331;speed=0.2573;settled=False
7376.858322,control_sample,east_back_to_arc,3,return,1790847046.438,odom,base_footprint,2.601875066757202,1.1812344789505005,-0.09056829671984722,-0.005539747771111105,-0.004617316282606386,0.0,2.595271938954055,1.1265437029689156,-0.08922474965764282,-0.024709797436111073,-0.2762035273409339,0.05508795035443414,0.01669924309792265,0.001343547062204395,-0.0001626075683583625,-0.3868116019764875,0.00268709412440879,0.5787325913958936,1790847046.154,imu_frame,9.857526779174805,0.22380539774894714,0.034771855999679246,progress=0.0384;speed=0.2773;settled=False
7376.878482,control_sample,east_back_to_arc,3,return,1790847046.542,odom,base_footprint,2.601875066757202,1.1812344789505005,-0.09056829671984722,0.0,0.0,0.0,2.5947600382605343,1.1208217306393484,-0.08922474965764282,-0.02649153364840641,-0.2961195880815961,0.06083028677406513,0.01669924309792265,0.001343547062204395,-0.0011425375164430054,-0.4175710073482564,0.00268709412440879,0.5787325913958936,1790847046.154,imu_frame,9.857526779174805,0.22380539774894714,0.054767456999798014,progress=0.0442;speed=0.2973;settled=False
7376.879534,imu_sample,,,,1790847046.218,,,,,,,,,,,,,,,,,,,,,1790847046.218,imu_frame,9.723451614379883,0.13858424127101898,0.0,
7376.898305,control_sample,east_back_to_arc,3,return,1790847046.542,odom,base_footprint,2.601875066757202,1.1812344789505005,-0.09056829671984722,0.0,0.0,0.0,2.5942124807957496,1.1147011906557076,-0.08922474965764282,-0.028273364046112595,-0.3160367016169146,0.06697308171896134,0.01669924309792265,0.001343547062204395,-0.0011020417120394116,-0.447711953784884,0.00268709412440879,0.5787325913958936,1790847046.218,imu_frame,9.723451614379883,0.13858424127101898,0.017565277999892714,progress=0.0503;speed=0.3173;settled=False
7376.918787,control_sample,east_back_to_arc,3,return,1790847046.542,odom,base_footprint,2.601875066757202,1.1812344789505005,-0.09056829671984722,0.0,0.0,0.0,2.593628907002276,1.108178063922764,-0.08922474965764282,-0.030056337857330584,-0.3359665961086933,0.07352033002788161,0.01669924309792265,0.001343547062204395,-0.0010609821648750184,-0.4782724928337444,0.00268709412440879,0.5787325913958936,1790847046.218,imu_frame,9.723451614379883,0.13858424127101898,0.03757476800001314,progress=0.0569;speed=0.3373;settled=False
7376.938919,control_sample,east_back_to_arc,3,return,1790847046.606,odom,base_footprint,2.601875066757202,1.1812344789505005,-0.09056829671984722,0.0,0.0,0.0,2.5930095559129405,1.1012550223244173,-0.08922474965764282,-0.03183959404673226,-0.35589964699422955,0.08046931567208239,0.01669924309792265,0.001343547062204395,-0.0010193780583191217,-0.5092383463516778,0.00268709412440879,0.5787325913958936,1790847046.218,imu_frame,9.723451614379883,0.13858424127101898,0.05758742699981667,progress=0.0638;speed=0.3573;settled=False
7376.940256,imu_sample,,,,1790847046.271,,,,,,,,,,,,,,,,,,,,,1790847046.271,imu_frame,9.785700798034668,-0.22254040837287903,0.0,
7376.958186,control_sample,east_back_to_arc,3,return,1790847046.606,odom,base_footprint,2.601875066757202,1.1812344789505005,-0.09056829671984722,0.0,0.0,0.0,2.5923552735498925,1.0939415226076301,-0.08922474965764282,-0.033620845520180215,-0.3758102893748331,0.08781051582691114,0.01669924309792265,0.001343547062204395,-0.0009772835304680538,-0.5405692194610098,0.00268709412440879,0.5787325913958936,1790847046.271,imu_frame,9.785700798034668,-0.22254040837287903,0.01685920499949134,progress=0.0712;speed=0.3773;settled=False
7376.978481,control_sample,east_back_to_arc,3,return,1790847046.606,odom,base_footprint,2.601875066757202,1.1812344789505005,-0.09056829671984722,0.0,0.0,0.0,2.591664701609771,1.0862223817997199,-0.08922474965764282,-0.03540381371771325,-0.39574012111742934,0.0955591448341458,0.01669924309792265,0.001343547062204395,-0.0009346107665627046,-0.5723304725121247,0.00268709412440879,0.5787325913958936,1790847046.271,imu_frame,9.785700798034668,-0.22254040837287903,0.036868631999823265,progress=0.0789;speed=0.3973;settled=False
7376.980128,imu_sample,,,,1790847046.311,,,,,,,,,,,,,,,,,,,,,1790847046.311,imu_frame,9.800065994262695,-0.13944977521896362,0.0,
7376.998287,control_sample,east_back_to_arc,3,return,1790847046.606,odom,base_footprint,2.601875066757202,1.1812344789505005,-0.09056829671984722,0.0,0.0,0.0,2.5909405299801884,1.078127667182651,-0.08922474965764282,-0.037181805946002934,-0.41561433199706604,0.10368499760070701,0.01669924309792265,0.001343547062204395,-0.0008915214196704435,-0.6044017874495388,0.00268709412440879,0.5787325913958936,1790847046.311,imu_frame,9.800065994262695,-0.13944977521896362,0.016945769000813016,progress=0.0871;speed=0.4173;settled=False
7377.018452,control_sample,east_back_to_arc,3,return,1790847046.606,odom,base_footprint,2.601875066757202,1.1812344789505005,-0.09056829671984722,0.0,0.0,0.0,2.5901792489292395,1.0696181473408315,-0.08922474965764282,-0.03896353084170132,-0.43553026624199304,0.11222743709389645,0.01669924309792265,0.001343547062204395,-0.000847804999431559,-0.6369398318278763,0.00268709412440879,0.5787325913958936,1790847046.311,imu_frame,9.800065994262695,-0.13944977521896362,0.03694124300000112,progress=0.0956;speed=0.4373;settled=False
7377.039326,control_sample,east_back_to_arc,3,return,1790847046.718,odom,base_footprint,2.601302146911621,1.1717394590377808,-0.09229355602545435,-0.005215752229495041,-0.08401751224420995,-0.015267767943441868,2.5893820624188133,1.0607072800341442,-0.08922474965764282,-0.040745865938203715,-0.4554530212475874,0.11167019830111916,0.00737432533290959,0.0030688063678115246,-0.0004623507566756946,-0.6435538967993533,0.006137612735623049,0.5721194183403888,1790847046.311,imu_frame,9.800065994262695,-0.13944977521896362,0.05694356500043796,progress=0.1045;speed=0.4573;settled=False
7377.040664,imu_sample,,,,1790847046.402,,,,,,,,,,,,,,,,,,,,,1790847046.402,imu_frame,9.790489196777344,0.00436092633754015,0.0,
7377.058229,control_sample,east_back_to_arc,3,return,1790847046.718,odom,base_footprint,2.601302146911621,1.1717394590377808,-0.09229355602545435,-0.005215752229495041,-0.08401751224420995,-0.015267767943441868,2.588547209428794,1.0513753807642034,-0.08922474965764282,-0.0425324240547282,-0.47542298072861905,0.12103800960375494,0.00737432533290959,0.0030688063678115246,-0.0003597643212256349,-0.6769825661632962,0.006137612735623049,0.5721194183403888,1790847046.402,imu_frame,9.790489196777344,0.00436092633754015,0.01646149600037461,progress=0.1139;speed=0.4773;settled=False
7377.078371,control_sample,east_back_to_arc,3,return,1790847046.718,odom,base_footprint,2.601302146911621,1.1717394590377808,-0.09229355602545435,-0.005215752229495041,-0.08401751224420995,-0.015267767943441868,2.5876803242528976,1.0416854290759654,-0.08922474965764282,-0.04431136588999085,-0.49530780621552634,0.13076545706666756,0.00737432533290959,0.0030688063678115246,-0.00025254067892878704,-0.6999999544451453,0.006137612735623049,0.5721194183403888,1790847046.402,imu_frame,9.790489196777344,0.00436092633754015,0.036425737000172376,progress=0.1236;speed=0.4973;settled=False
7377.098305,control_sample,east_back_to_arc,3,return,1790847046.786,odom,base_footprint,2.600385904312134,1.1599864959716797,-0.09331649661851917,-0.01385477120940483,-0.17540255341705216,-0.015267756767570972,2.5867889231588075,1.0317214410222413,-0.08922474965764282,-0.04455320478451121,-0.49801105604537477,0.12898372849963038,0.002113655366676338,0.004091746960876344,0.0003591570251074566,-0.6937828731911977,0.008183493921752688,0.5638883805191746,1790847046.402,imu_frame,9.790489196777344,0.00436092633754015,0.056440667000060785,progress=0.1337;speed=0.5000;settled=False
7377.099249,imu_sample,,,,1790847046.446,,,,,,,,,,,,,,,,,,,,,1790847046.446,imu_frame,9.785700798034668,-0.028662271797657013,0.0,
7377.118249,control_sample,east_back_to_arc,3,return,1790847046.786,odom,base_footprint,2.600385904312134,1.1599864959716797,-0.09331649661851917,-0.01385477120940483,-0.17540255341705216,-0.015267756767570972,2.585898355831345,1.0217667727245499,-0.08922474965764282,-0.04455320478451121,-0.49801105604537477,0.13897690799372522,0.002113655366676338,0.004091746960876344,0.0003979044040611554,-0.6999998869086231,0.008183493921752688,0.5638883805191746,1790847046.446,imu_frame,9.785700798034668,-0.028662271797657013,0.01783815099952335,progress=0.1436;speed=0.5000;settled=False
7377.138575,control_sample,east_back_to_arc,3,return,1790847046.786,odom,base_footprint,2.600385904312134,1.1599864959716797,-0.09331649661851917,-0.01385477120940483,-0.17540255341705216,-0.015267756767570972,2.585005986371296,1.0117919603775765,-0.08922474965764282,-0.04455320478451121,-0.49801105604537477,0.1489904770642031,0.002113655366676338,0.004091746960876344,0.00043250728873349593,-0.6999998663838767,0.008183493921752688,0.5638883805191746,1790847046.446,imu_frame,9.785700798034668,-0.028662271797657013,0.03786744999979419,progress=0.1537;speed=0.5000;settled=False
7377.140281,imu_sample,,,,1790847046.458,,,,,,,,,,,,,,,,,,,,,1790847046.458,imu_frame,9.905410766601562,-0.26834678649902344,0.0,
7377.158155,control_sample,east_back_to_arc,3,return,1790847046.786,odom,base_footprint,2.600385904312134,1.1599864959716797,-0.09331649661851917,-0.01385477120940483,-0.17540255341705216,-0.015267756767570972,2.584117296517281,1.0018582782814092,-0.08922474965764282,-0.044207965814422844,-0.4941520110021886,0.1589628913598527,0.002113655366676338,0.004091746960876344,0.0004505105627554374,-0.6999998550287228,0.008183493921752688,0.5638883805191746,1790847046.458,imu_frame,9.905410766601562,-0.26834678649902344,0.016810179999993125,progress=0.1636;speed=0.4961;settled=False
7377.178787,control_sample,east_back_to_arc,3,return,1790847046.786,odom,base_footprint,2.600385904312134,1.1599864959716797,-0.09331649661851917,-0.01385477120940483,-0.17540255341705216,-0.015267756767570972,2.583242920877266,0.9920845989698892,-0.08922474965764282,-0.043137562202488204,-0.48218715155486835,0.16877478750645197,0.002113655366676338,0.004091746960876344,0.0004349629336935414,-0.6999998648623057,0.008183493921752688,0.5638883805191746,1790847046.458,imu_frame,9.905410766601562,-0.26834678649902344,0.03683125400038989,progress=0.1734;speed=0.4841;settled=False
7377.198935,control_sample,east_back_to_arc,3,return,1790847046.877,odom,base_footprint,2.597588062286377,1.130091667175293,-0.08769794754380814,-0.028584753873793684,-0.3251094067487226,0.06107107177376747,2.582389837172076,0.9825489186754766,-0.08922474965764282,-0.04206698232029485,-0.4702203217770608,0.14832345964649368,0.001990763701612628,-0.0015268021138346854,-0.003082160414668862,-0.6495514329106621,-0.003053604227669371,0.5431702374205772,1790847046.458,imu_frame,9.905410766601562,-0.26834678649902344,0.05685562500002561,progress=0.1830;speed=0.4721;settled=False
7377.200244,imu_sample,,,,1790847046.55,,,,,,,,,,,,,,,,,,,,,1790847046.55,imu_frame,9.86231517791748,-0.08831708133220673,0.0,
7377.218647,control_sample,east_back_to_arc,3,return,1790847046.877,odom,base_footprint,2.597588062286377,1.130091667175293,-0.08769794754380814,-0.028584753873793684,-0.3251094067487226,0.06107107177376747,2.5815616627176325,0.9732916713766093,-0.08922474965764282,-0.04100092948918704,-0.4583040949020699,0.15761689048323552,0.001990763701612628,-0.0015268021138346854,-0.0030744311919644746,-0.6444890763496102,-0.003053604227669371,0.5431702374205772,1790847046.55,imu_frame,9.86231517791748,-0.08831708133220673,0.016835813000398048,progress=0.1923;speed=0.4601;settled=False
7377.238796,segment_enter,right_arc_back,4,return,1790847046.877,,,2.597588062286377,1.130091667175293,-0.08769794754380814,,,,,,,,,,,,,,,,,,,,,
7377.239044,control_sample,right_arc_back,4,return,1790847046.877,odom,base_footprint,2.597588062286377,1.130091667175293,-0.08769794754380814,-0.028584753873793684,-0.3251094067487226,0.06107107177376747,2.5807451830930197,0.9642217353214121,-0.08922474965764282,-0.04327956161735005,-0.4479139197950986,0.16672287447358,0.001990763701612628,-0.0015268021138346854,-0.006909263293243588,-0.6414148640601594,-0.003053604227669371,0.5431702374205772,1790847046.55,imu_frame,9.86231517791748,-0.08831708133220673,0.036882553000396,progress=0.2014;speed=0.4500;settled=False
7377.240943,imu_sample,,,,1790847046.586,,,,,,,,,,,,,,,,,,,,,1790847046.586,imu_frame,9.752182006835938,-0.15755927562713623,0.0,
7377.258420,control_sample,right_arc_back,4,return,1790847046.877,odom,base_footprint,2.597588062286377,1.130091667175293,-0.08769794754380814,-0.028584753873793684,-0.3251094067487226,0.06107107177376747,2.5796804362202583,0.9553005726049297,-0.08922474965764282,-0.06335217772943544,-0.4455182393313859,0.1757060323734777,0.001990763701612628,-0.0015268021138346854,-0.031434918054819364,-0.6496409165877098,-0.003053604227669371,0.5431702374205772,1790847046.586,imu_frame,9.752182006835938,-0.15755927562713623,0.016148204999808513,progress=0.2104;speed=0.4500;settled=False
7377.279337,control_sample,right_arc_back,4,return,1790847046.877,odom,base_footprint,2.597588062286377,1.130091667175293,-0.08769794754380814,-0.028584753873793684,-0.3251094067487226,0.06107107177376747,2.5781808113967735,0.9462493457658948,-0.08922474965764282,-0.08371743811726357,-0.44214408347854456,0.18486384321518493,0.001990763701612628,-0.0015268021138346854,-0.0568350517601775,-0.6568957220106523,-0.003053604227669371,0.5431702374205772,1790847046.586,imu_frame,9.752182006835938,-0.15755927562713623,0.036538029000439565,progress=0.2196;speed=0.4500;settled=False
7377.281111,imu_sample,,,,1790847046.618,,,,,,,,,,,,,,,,,,,,,1790847046.618,imu_frame,9.852738380432129,0.1609548032283783,0.0,
7377.298040,control_sample,right_arc_back,4,return,1790847046.877,odom,base_footprint,2.597588062286377,1.130091667175293,-0.08769794754380814,-0.028584753873793684,-0.3251094067487226,0.06107107177376747,2.5763490070215664,0.9376205236800425,-0.08922474965764282,-0.1031322878104315,-0.438022523634329,0.19363945503670216,0.001990763701612628,-0.0015268021138346854,-0.08154552926911923,-0.6627655113361374,-0.003053604227669371,0.5431702374205772,1790847046.618,imu_frame,9.852738380432129,0.1609548032283783,0.015971014999195177,progress=0.2284;speed=0.4500;settled=False
7377.318764,control_sample,right_arc_back,4,return,1790847046.877,odom,base_footprint,2.597588062286377,1.130091667175293,-0.08769794754380814,-0.028584753873793684,-0.3251094067487226,0.06107107177376747,2.5740888353280242,0.928905391942971,-0.08922474965764282,-0.12274133421884262,-0.43293713732385947,0.20255401997861164,0.001990763701612628,-0.0015268021138346854,-0.10700860965751435,-0.667627061045376,-0.003053604227669371,0.5431702374205772,1790847046.618,imu_frame,9.852738380432129,0.1609548032283783,0.035980344999188674,progress=0.2374;speed=0.4500;settled=False
7377.338900,control_sample,right_arc_back,4,return,1790847046.996,odom,base_footprint,2.5932860374450684,1.0742928981781006,-0.08769794010038934,-0.036457364122794496,-0.4728712330749987,4.4614257177499894e-08,2.5714361120322278,0.9202929687828896,-0.08922474965764282,-0.1421192863290255,-0.42696850990831686,0.15554226915625435,0.0026778797966165425,-0.0015268095572534834,-0.13430988187891574,-0.5858027424232305,-0.003053619114506967,0.5077744560232841,1790847046.618,imu_frame,9.852738380432129,0.1609548032283783,0.05600804400000925,progress=0.2464;speed=0.4500;settled=False
7377.340329,imu_sample,,,,1790847046.682,,,,,,,,,,,,,,,,,,,,,1790847046.682,imu_frame,10.207080841064453,0.1843906193971634,0.0,
7377.358220,control_sample,right_arc_back,4,return,1790847046.996,odom,base_footprint,2.5932860374450684,1.0742928981781006,-0.08769794010038934,-0.036457364122794496,-0.4728712330749987,4.4614257177499894e-08,2.568400964752075,0.9118162075205566,-0.08922474965764282,-0.16119199916927432,-0.42013942852797415,0.1643713534955614,0.0026778797966165425,-0.0015268095572534834,-0.16010797757930129,-0.588353951248143,-0.003053619114506967,0.5077744560232841,1790847046.682,imu_frame,10.207080841064453,0.1843906193971634,0.016808643999866035,progress=0.2554;speed=0.4500;settled=False
7377.378837,control_sample,right_arc_back,4,return,1790847046.996,odom,base_footprint,2.5932860374450684,1.0742928981781006,-0.08769794010038934,-0.036457364122794496,-0.4728712330749987,4.4614257177499894e-08,2.564991055591244,0.9034930741748808,-0.08922474965764282,-0.17991904919704582,-0.41246713291610404,0.17312765774895444,0.0026778797966165425,-0.0015268095572534834,-0.18596827330195145,-0.589740647681418,-0.003053619114506967,0.5077744560232841,1790847046.682,imu_frame,10.207080841064453,0.1843906193971634,0.03679822999947646,progress=0.2644;speed=0.4500;settled=False
7377.398943,control_sample,right_arc_back,4,return,1790847047.058,odom,base_footprint,2.590909957885742,1.0417677164077759,-0.08481234717898851,-0.036223958224217964,-0.5163798355802273,0.04580327123403549,2.5612071135391887,0.8953250278360523,-0.08922474965764282,-0.19829715345941007,-0.4039532632989801,0.14942462982517443,0.0032094541835742444,-0.0044124024786543065,-0.21475891663472374,-0.5480730169498368,-0.008824804957308613,0.48903325809343545,1790847046.682,imu_frame,10.207080841064453,0.1843906193971634,0.05680426399976568,progress=0.2734;speed=0.4500;settled=False
7377.400712,imu_sample,,,,1790847046.739,,,,,,,,,,,,,,,,,,,,,1790847046.739,imu_frame,10.149619102478027,-0.06914231926202774,0.0,
7377.418765,control_sample,right_arc_back,4,return,1790847047.058,odom,base_footprint,2.590909957885742,1.0417677164077759,-0.08481234717898851,-0.036223958224217964,-0.5163798355802273,0.04580327123403549,2.5570617947291545,0.8873397947377727,-0.08922474965764282,-0.21626392793053834,-0.3946262959764021,0.15809389975704824,0.0032094541835742444,-0.0044124024786543065,-0.24064364689578951,-0.547054943660829,-0.008824804957308613,0.48903325809343545,1790847046.739,imu_frame,10.149619102478027,-0.06914231926202774,0.016412374000537966,progress=0.2824;speed=0.4500;settled=False
7377.438302,control_sample,right_arc_back,4,return,1790847047.058,odom,base_footprint,2.590909957885742,1.0417677164077759,-0.08481234717898851,-0.036223958224217964,-0.5163798355802273,0.04580327123403549,2.552560038169383,0.879546600200752,-0.08922474965764282,-0.23379861563883447,-0.3844973437169164,0.16669255198029675,0.0032094541835742444,-0.0044124024786543065,-0.2664646850987666,-0.5448728705925824,-0.008824804957308613,0.48903325809343545,1790847046.739,imu_frame,10.149619102478027,-0.06914231926202774,0.03641402400080551,progress=0.2914;speed=0.4500;settled=False
7377.458252,control_sample,right_arc_back,4,return,1790847047.148,odom,base_footprint,2.5854010581970215,0.9930434823036194,-0.07937700925439826,-0.05892021534112618,-0.5477914635047176,0.06107111647725105,2.5477106458460996,0.8719614565675193,-0.08922474965764282,-0.25086518881360875,-0.3735862109895285,0.12681255513370954,0.002064109840340515,-0.009847740403244556,-0.2894537551947335,-0.48430396813827054,-0.019695480806489113,0.4620645547672576,1790847046.739,imu_frame,10.149619102478027,-0.06914231926202774,0.05642201000046043,progress=0.3004;speed=0.4500;settled=False
7377.459145,imu_sample,,,,1790847046.779,,,,,,,,,,,,,,,,,,,,,1790847046.779,imu_frame,10.427347183227539,-0.012683304958045483,0.0,
7377.478874,control_sample,right_arc_back,4,return,1790847047.148,odom,base_footprint,2.5854010581970215,0.9930434823036194,-0.07937700925439826,-0.05892021534112618,-0.5477914635047176,0.06107111647725105,2.542529281387983,0.8646082797139907,-0.08922474965764282,-0.26740983673404817,-0.36192814095876785,0.13540158976541952,0.002064109840340515,-0.009847740403244556,-0.3149361026886486,-0.4796734700152378,-0.019695480806489113,0.4620645547672576,1790847046.779,imu_frame,10.427347183227539,-0.012683304958045483,0.017972972000279697,progress=0.3094;speed=0.4500;settled=False
7377.498739,control_sample,right_arc_back,4,return,1790847047.148,odom,base_footprint,2.5854010581970215,0.9930434823036194,-0.07937700925439826,-0.05892021534112618,-0.5477914635047176,0.06107111647725105,2.5370262021771515,0.8575000622819194,-0.08922474965764282,-0.2834033259562084,-0.3495462127343953,0.1439171477139612,0.002064109840340515,-0.009847740403244556,-0.34016814462475603,-0.47390595486285997,-0.019695480806489113,0.4620645547672576,1790847046.779,imu_frame,10.427347183227539,-0.012683304958045483,0.03795126200020604,progress=0.3184;speed=0.4500;settled=False
7377.500586,imu_sample,,,,1790847046.83,,,,,,,,,,,,,,,,,,,,,1790847046.83,imu_frame,14.81352424621582,-0.2555635869503021,0.0,
7377.518641,control_sample,right_arc_back,4,return,1790847047.148,odom,base_footprint,2.5854010581970215,0.9930434823036194,-0.07937700925439826,-0.05892021534112618,-0.5477914635047176,0.06107111647725105,2.5312081674566413,0.8506450737248368,-0.08922474965764282,-0.2988270502096439,-0.33645563461324723,0.15236199057694372,0.002064109840340515,-0.009847740403244556,-0.36512009443023175,-0.467009065361343,-0.019695480806489113,0.4620645547672576,1790847046.83,imu_frame,14.81352424621582,-0.2555635869503021,0.016502681000019948,progress=0.3274;speed=0.4500;settled=False
7377.538949,control_sample,right_arc_back,4,return,1790847047.148,odom,base_footprint,2.5854010581970215,0.9930434823036194,-0.07937700925439826,-0.05892021534112618,-0.5477914635047176,0.06107111647725105,2.525058497628481,0.8440282364378647,-0.08922474965764282,-0.3137149341053318,-0.3226188774998873,0.16076930091407152,0.002064109840340515,-0.009847740403244556,-0.3898515359603364,-0.4589574891230683,-0.019695480806489113,0.4620645547672576,1790847046.83,imu_frame,14.81352424621582,-0.2555635869503021,0.03657844499957719,progress=0.3364;speed=0.4500;settled=False
7377.558247,control_sample,right_arc_back,4,return,1790847047.243,odom,base_footprint,2.575786590576172,0.9393789172172546,-0.0706743903366628,-0.09628483956275,-0.5657494809424102,0.0916064977645874,2.518651303260225,0.8377287156756424,-0.08922474965764282,-0.32788885582033195,-0.3082026901713117,0.11660705180273688,0.0009353313829272576,-0.018550359320980023,-0.40496350593480357,-0.3879086357360716,-0.037100718641960045,0.4334613285746484,1790847046.83,imu_frame,14.81352424621582,-0.2555635869503021,0.056547518000115815,progress=0.3454;speed=0.4500;settled=False
7377.559105,imu_sample,,,,1790847046.866,,,,,,,,,,,,,,,,,,,,,1790847046.866,imu_frame,8.569446563720703,0.1929127424955368,0.0,
7377.578686,control_sample,right_arc_back,4,return,1790847047.243,odom,base_footprint,2.575786590576172,0.9393789172172546,-0.0706743903366628,-0.09628483956275,-0.5657494809424102,0.0916064977645874,2.5119679579293175,0.8317236148845825,-0.08922474965764282,-0.34140033260021657,-0.2931651631767689,0.1251498381671075,0.0009353313829272576,-0.018550359320980023,-0.4286536697780993,-0.3775156535675555,-0.037100718641960045,0.4334613285746484,1790847046.866,imu_frame,8.569446563720703,0.1929127424955368,0.017985131999921578,progress=0.3544;speed=0.4500;settled=False
7377.598635,control_sample,right_arc_back,4,return,1790847047.243,odom,base_footprint,2.575786590576172,0.9393789172172546,-0.0706743903366628,-0.09628483956275,-0.5657494809424102,0.0916064977645874,2.5050145639183072,0.8260191930586949,-0.08922474965764282,-0.35423528170846424,-0.27752002665199677,0.13363796922494095,0.0009353313829272576,-0.018550359320980023,-0.4518761222525446,-0.3660571733883229,-0.037100718641960045,0.4334613285746484,1790847046.866,imu_frame,8.569446563720703,0.1929127424955368,0.037973245999637584,progress=0.3634;speed=0.4500;settled=False
7377.600450,imu_sample,,,,1790847046.962,,,,,,,,,,,,,,,,,,,,,1790847046.962,imu_frame,13.635577201843262,0.15882427990436554,0.0,
7377.618743,control_sample,right_arc_back,4,return,1790847047.243,odom,base_footprint,2.575786590576172,0.9393789172172546,-0.0706743903366628,-0.09628483956275,-0.5657494809424102,0.0916064977645874,2.497801119135785,0.8206255748313706,-0.08922474965764282,-0.36637092271994365,-0.2612897758913217,0.1420707221196485,0.0009353313829272576,-0.018550359320980023,-0.47459243087597913,-0.3535473864134185,-0.037100718641960045,0.4334613285746484,1790847046.962,imu_frame,13.635577201843262,0.15882427990436554,0.01665667100041901,progress=0.3724;speed=0.4500;settled=False
7377.638891,control_sample,right_arc_back,4,return,1790847047.243,odom,base_footprint,2.575786590576172,0.9393789172172546,-0.0706743903366628,-0.09628483956275,-0.5657494809424102,0.0916064977645874,2.490353118006374,0.8155628248876036,-0.08922474965764282,-0.37776211009341926,-0.24453177335014645,0.15043039239169428,0.0009353313829272576,-0.018550359320980023,-0.4967196815199848,-0.34002931527738667,-0.037100718641960045,0.4334613285746484,1790847046.962,imu_frame,13.635577201843262,0.15882427990436554,0.036671217000730394,progress=0.3814;speed=0.4500;settled=False
7377.658102,control_sample,right_arc_back,4,return,1790847047.326,odom,base_footprint,2.5634067058563232,0.8933688402175903,-0.06687272779973491,-0.14704658196199605,-0.55490143983264,0.04580322653055191,2.4827038574953146,0.8108516777538832,-0.08922474965764282,-0.38836219114429005,-0.22732093720026303,0.1154211065388033,0.002843846759678644,-0.02235202185790791,-0.4998455527248,-0.2783452697658512,-0.04470404371581582,0.409077446994862,1790847046.962,imu_frame,13.635577201843262,0.15882427990436554,0.05663657800050714,progress=0.3904;speed=0.4500;settled=False
7377.658847,imu_sample,,,,1790847047.007,,,,,,,,,,,,,,,,,,,,,1790847047.007,imu_frame,9.440936088562012,0.21315276622772217,0.0,
7377.679467,control_sample,right_arc_back,4,return,1790847047.326,odom,base_footprint,2.5634067058563232,0.8933688402175903,-0.06687272779973491,-0.14704658196199605,-0.55490143983264,0.04580322653055191,2.4748124072749125,0.8064686049527579,-0.08922474965764282,-0.3982241049468214,-0.20956517420435805,0.12409915644441503,0.002843846759678644,-0.02235202185790791,-0.5206581097524566,-0.26277738580400145,-0.04470404371581582,0.409077446994862,1790847047.007,imu_frame,9.440936088562012,0.21315276622772217,0.018289079000169295,progress=0.3994;speed=0.4500;settled=False
7377.698464,control_sample,right_arc_back,4,return,1790847047.326,odom,base_footprint,2.5634067058563232,0.8933688402175903,-0.06687272779973491,-0.14704658196199605,-0.55490143983264,0.04580322653055191,2.4667607610374334,0.8024599720901848,-0.08922474965764282,-0.4072435288876116,-0.19144897017003001,0.13268331075965023,0.002843846759678644,-0.02235202185790791,-0.5406757006271139,-0.2463474839789541,-0.04470404371581582,0.409077446994862,1790847047.007,imu_frame,9.440936088562012,0.21315276622772217,0.03827818500030844,progress=0.4084;speed=0.4500;settled=False
7377.700247,imu_sample,,,,1790847047.019,,,,,,,,,,,,,,,,,,,,,1790847047.019,imu_frame,11.538256645202637,-0.01161804050207138,0.0,
7377.718915,control_sample,right_arc_back,4,return,1790847047.326,odom,base_footprint,2.5634067058563232,0.8933688402175903,-0.06687272779973491,-0.14704658196199605,-0.55490143983264,0.04580322653055191,2.458551890733764,0.7988235857599076,-0.08922474965764282,-0.41542539813073487,-0.17297901198677385,0.141185471613952,0.002843846759678644,-0.02235202185790791,-0.5599005862259857,-0.22906595627033402,-0.04470404371581582,0.409077446994862,1790847047.019,imu_frame,11.538256645202637,-0.01161804050207138,0.016848932999891986,progress=0.4174;speed=0.4500;settled=False
7377.739041,control_sample,right_arc_back,4,return,1790847047.326,odom,base_footprint,2.5634067058563232,0.8933688402175903,-0.06687272779973491,-0.14704658196199605,-0.55490143983264,0.04580322653055191,2.45014386236907,0.79554315500713,-0.08922474965764282,-0.422806367324485,-0.15406094816621327,0.14966073767596522,0.002843846759678644,-0.02235202185790791,-0.5784249712778651,-0.2108418298963661,-0.04470404371581582,0.409077446994862,1790847047.019,imu_frame,11.538256645202637,-0.01161804050207138,0.03690687299967976,progress=0.4264;speed=0.4500;settled=False
7377.758753,control_sample,right_arc_back,4,return,1790847047.418,odom,base_footprint,2.544527292251587,0.8456763625144958,-0.0583533188835836,-0.198627023523357,-0.5145332975058523,0.09160654246807098,2.44162185594905,0.7926533897853776,-0.08922474965764282,-0.42930833907342775,-0.13488643372116704,0.11576253477549774,0.013333564952544492,-0.030871430774059214,-0.570834946314401,-0.1455189301394554,-0.06174286154811843,0.3823748041538246,1790847047.019,imu_frame,11.538256645202637,-0.01161804050207138,0.0569055149999258,progress=0.4354;speed=0.4500;settled=False
7377.759684,imu_sample,,,,1790847047.104,,,,,,,,,,,,,,,,,,,,,1790847047.104,imu_frame,12.735357284545898,0.08958208560943604,0.0,
7377.779190,control_sample,right_arc_back,4,return,1790847047.418,odom,base_footprint,2.544527292251587,0.8456763625144958,-0.0583533188835836,-0.198627023523357,-0.5145332975058523,0.09160654246807098,2.432967075320981,0.790146855527362,-0.08922474965764282,-0.43494804115396274,-0.11541317730801257,0.12461624351519338,0.013333564952544492,-0.030871430774059214,-0.5874477590037324,-0.12559250318184734,-0.06174286154811843,0.3823748041538246,1790847047.104,imu_frame,12.735357284545898,0.08958208560943604,0.01747673099998792,progress=0.4444;speed=0.4500;settled=False
7377.799941,control_sample,right_arc_back,4,return,1790847047.418,odom,base_footprint,2.544527292251587,0.8456763625144958,-0.0583533188835836,-0.198627023523357,-0.5145332975058523,0.09160654246807098,2.4239308976782086,0.7879725354090367,-0.08922474965764282,-0.4398402614201946,-0.09508177761177418,0.1336907702375698,0.013333564952544492,-0.030871430774059214,-0.6036252993981557,-0.10427633954240922,-0.06174286154811843,0.3823748041538246,1790847047.104,imu_frame,12.735357284545898,0.08958208560943604,0.038132131000566005,progress=0.4537;speed=0.4500;settled=False
7377.802704,imu_sample,,,,1790847047.14,,,,,,,,,,,,,,,,,,,,,1790847047.14,imu_frame,11.054627418518066,0.24511069059371948,0.0,
7377.818885,control_sample,right_arc_back,4,return,1790847047.418,odom,base_footprint,2.544527292251587,0.8456763625144958,-0.0583533188835836,-0.198627023523357,-0.5145332975058523,0.09160654246807098,2.415408006713219,0.7863228673871885,-0.08922474965764282,-0.4435520144693529,-0.07590527294054739,0.14210780162174722,0.013333564952544492,-0.030871430774059214,-0.6178260505508896,-0.08370738287682708,-0.06174286154811843,0.3823748041538246,1790847047.14,imu_frame,11.054627418518066,0.24511069059371948,0.014418226000088907,progress=0.4624;speed=0.4500;settled=False
7377.838352,control_sample,right_arc_back,4,return,1790847047.418,odom,base_footprint,2.544527292251587,0.8456763625144958,-0.0583533188835836,-0.198627023523357,-0.5145332975058523,0.09160654246807098,2.4064980988965177,0.7850038743700221,-0.08922474965764282,-0.44651974875797734,-0.0558579803529698,0.15077535951173324,0.013333564952544492,-0.030871430774059214,-0.6316020834341367,-0.061735648420556094,-0.06174286154811843,0.3823748041538246,1790847047.14,imu_frame,11.054627418518066,0.24511069059371948,0.03443549199982954,progress=0.4714;speed=0.4500;settled=False
7377.858374,control_sample,right_arc_back,4,return,1790847047.522,odom,base_footprint,2.5154263973236084,0.8022205829620361,-0.06788040658405149,-0.2837846846292539,-0.41515919003667356,-0.09160663187503815,2.3975487931233457,0.784088247134609,-0.08922474965764282,-0.4485799100376568,-0.03572204236333246,0.11926403973768619,0.0252490488587093,-0.02134434307359133,-0.5995305729809403,-0.018675090340252932,-0.04268868614718266,0.3507798024502499,1790847047.14,imu_frame,11.054627418518066,0.24511069059371948,0.054428341999482655,progress=0.4804;speed=0.4500;settled=False
7377.859353,imu_sample,,,,1790847047.178,,,,,,,,,,,,,,,,,,,,,1790847047.178,imu_frame,9.383475303649902,0.028862008824944496,0.0,
7377.878611,control_sample,right_arc_back,4,return,1790847047.522,odom,base_footprint,2.5154263973236084,0.8022205829620361,-0.06788040658405149,-0.2837846846292539,-0.41515919003667356,-0.09160663187503815,2.388567107315713,0.7835759762622304,-0.08922474965764282,-0.44973251950050847,-0.01551324929615873,0.12822207618151324,0.0252490488587093,-0.02134434307359133,-0.6114816470481705,0.0043054936208543546,-0.04268868614718266,0.3507798024502499,1790847047.178,imu_frame,9.383475303649902,0.028862008824944496,0.017762595999556652,progress=0.4894;speed=0.4500;settled=False
7377.898724,control_sample,right_arc_back,4,return,1790847047.522,odom,base_footprint,2.5154263973236084,0.8022205829620361,-0.06788040658405149,-0.2837846846292539,-0.41515919003667356,-0.09160663187503815,2.379565580940974,0.783468192325475,-0.08922474965764282,-0.44997503335820777,0.004740185047003846,0.13714887379319637,0.0252490488587093,-0.02134434307359133,-0.6223939855798407,0.027815809671016004,-0.04268868614718266,0.3507798024502499,1790847047.178,imu_frame,9.383475303649902,0.028862008824944496,0.037769110999761324,progress=0.4984;speed=0.4500;settled=False
7377.919022,control_sample,right_arc_back,4,return,1790847047.598,odom,base_footprint,2.4871654510498047,0.7779214382171631,-0.07136146315027696,-0.37296464035059285,-0.3184293993586106,-0.04580332338809967,2.370573887899111,0.7837652720056835,-0.08922474965764282,-0.4493066040777394,0.024971494391195566,0.11673792439164772,0.03104946855625553,-0.017863286507365864,-0.5867815248602108,0.05780457087265896,-0.03572657301473173,0.32342191780201096,1790847047.178,imu_frame,9.383475303649902,0.028862008824944496,0.05776323999998567,progress=0.5074;speed=0.4500;settled=False
7377.920238,imu_sample,,,,1790847047.288,,,,,,,,,,,,,,,,,,,,,1790847047.288,imu_frame,2.1721394062042236,0.1471063643693924,0.0,
7377.938585,segment_enter,south_back_to_start,5,return,1790847047.598,,,2.4871654510498047,0.7779214382171631,-0.07136146315027696,,,,,,,,,,,,,,,,,,,,,
7377.938813,control_sample,south_back_to_start,5,return,1790847047.598,odom,base_footprint,2.4871654510498047,0.7779214382171631,-0.07136146315027696,-0.37296464035059285,-0.3184293993586106,-0.04580332338809967,2.3615837965143616,0.7844555071047996,-0.08922474965764282,-0.45322028283750726,0.04054612006829379,0.1257515248897116,0.03104946855625553,-0.017863286507365864,-0.6018149929528996,0.07615917200537245,-0.03572657301473173,0.32342191780201096,1790847047.288,imu_frame,2.1721394062042236,0.1471063643693924,0.016894631000468507,progress=0.5164;speed=0.4550;settled=False
7377.958793,control_sample,south_back_to_start,5,return,1790847047.598,odom,base_footprint,2.4871654510498047,0.7779214382171631,-0.07136146315027696,-0.37296464035059285,-0.3184293993586106,-0.04580332338809967,2.3523266130138145,0.7852836758517001,-0.08922474965764282,-0.4731271961109013,0.042327037927306584,0.13503967856109322,0.03104946855625553,-0.017863286507365864,-0.6350875386678464,0.07675359224955956,-0.03572657301473173,0.32342191780201096,1790847047.288,imu_frame,2.1721394062042236,0.1471063643693924,0.03688104800039582,progress=0.5257;speed=0.4750;settled=False
7377.960596,imu_sample,,,,1790847047.298,,,,,,,,,,,,,,,,,,,,,1790847047.298,imu_frame,4.484938144683838,0.012883041985332966,0.0,
7377.978323,control_sample,south_back_to_start,5,return,1790847047.598,odom,base_footprint,2.4871654510498047,0.7779214382171631,-0.07136146315027696,-0.37296464035059285,-0.3184293993586106,-0.04580332338809967,2.342976550919209,0.786120153729434,-0.08922474965764282,-0.4616759239288561,0.04130258100335558,0.14442180533742827,0.03104946855625553,-0.017863286507365864,-0.6306792390552253,0.07667483715355239,-0.03572657301473173,0.32342191780201096,1790847047.298,imu_frame,4.484938144683838,0.012883041985332966,0.016515258000254107,progress=0.5351;speed=0.4635;settled=False
7377.998921,control_sample,south_back_to_start,5,return,1790847047.598,odom,base_footprint,2.4871654510498047,0.7779214382171631,-0.07136146315027696,-0.37296464035059285,-0.3184293993586106,-0.04580332338809967,2.3338538404611664,0.7869362922112872,-0.08922474965764282,-0.44971207803378893,0.0402322680661169,0.1535764224541568,0.03104946855625553,-0.017863286507365864,-0.6254252697777609,0.0765809740110199,-0.03572657301473173,0.32342191780201096,1790847047.298,imu_frame,4.484938144683838,0.012883041985332966,0.03653463600039686,progress=0.5443;speed=0.4515;settled=False
7378.018826,control_sample,south_back_to_start,5,return,1790847047.698,odom,base_footprint,2.4425485134124756,0.7545260787010193,-0.07136146315027696,-0.4461690028666954,-0.23395367533385764,-2.2307128588749947e-08,2.324990096818221,0.7877292629312898,-0.08922474965764282,-0.437774795451195,0.039164331543389524,0.12215740974323894,0.03690613001478962,-0.017863286507365864,-0.561299820123653,0.08719184484070165,-0.03572657301473173,0.2819401707568001,1790847047.298,imu_frame,4.484938144683838,0.012883041985332966,0.056509564999942086,progress=0.5532;speed=0.4395;settled=False
7378.020000,imu_sample,,,,1790847047.338,,,,,,,,,,,,,,,,,,,,,1790847047.338,imu_frame,17.552492141723633,-0.07233811169862747,0.0,
7378.039107,control_sample,south_back_to_start,5,return,1790847047.698,odom,base_footprint,2.4425485134124756,0.7545260787010193,-0.07136146315027696,-0.4461690028666954,-0.23395367533385764,-2.2307128588749947e-08,2.316344658952689,0.7885027035186003,-0.08922474965764282,-0.425809246955727,0.03809386628763622,0.13069745182864775,0.03690613001478962,-0.017863286507365864,-0.5555646976317137,0.0870893858061179,-0.03572657301473173,0.2819401707568001,1790847047.338,imu_frame,17.552492141723633,-0.07233811169862747,0.017129550999925414,progress=0.5619;speed=0.4275;settled=False
7378.058984,control_sample,south_back_to_start,5,return,1790847047.698,odom,base_footprint,2.4425485134124756,0.7545260787010193,-0.07136146315027696,-0.4461690028666954,-0.23395367533385764,-2.2307128588749947e-08,2.307947287317206,0.7892539515352572,-0.08922474965764282,-0.41385595730174257,0.03702449773579823,0.13900904725211552,0.03690613001478962,-0.017863286507365864,-0.5495953249289736,0.08698274184776238,-0.03572657301473173,0.2819401707568001,1790847047.338,imu_frame,17.552492141723633,-0.07233811169862747,0.037131264999516134,progress=0.5703;speed=0.4155;settled=False
7378.060794,imu_sample,,,,1790847047.381,,,,,,,,,,,,,,,,,,,,,1790847047.381,imu_frame,10.681132316589355,0.03205780312418938,0.0,
7378.078809,control_sample,south_back_to_start,5,return,1790847047.698,odom,base_footprint,2.4425485134124756,0.7545260787010193,-0.07136146315027696,-0.4461690028666954,-0.23395367533385764,-2.2307128588749947e-08,2.299800821776555,0.7899827529204809,-0.08922474965764282,-0.401920242856084,0.035956701502177224,0.14708527871302715,0.03690613001478962,-0.017863286507365864,-0.5433952553609203,0.08687197644681612,-0.03572657301473173,0.2819401707568001,1790847047.381,imu_frame,10.681132316589355,0.03205780312418938,0.016308178999679512,progress=0.5785;speed=0.4035;settled=False
7378.098681,control_sample,south_back_to_start,5,return,1790847047.698,odom,base_footprint,2.4425485134124756,0.7545260787010193,-0.07136146315027696,-0.4461690028666954,-0.23395367533385764,-2.2307128588749947e-08,2.291875892801205,0.7906917351393602,-0.08922474965764282,-0.38995871091957535,0.03488659557694815,0.15495222911427886,0.03690613001478962,-0.017863286507365864,-0.5369417001889533,0.08675668247820723,-0.03572657301473173,0.2819401707568001,1790847047.381,imu_frame,10.681132316589355,0.03205780312418938,0.03632368499984295,progress=0.5864;speed=0.3915;settled=False
7378.118782,control_sample,south_back_to_start,5,return,1790847047.802,odom,base_footprint,2.389970064163208,0.7409073710441589,-0.07765178693745448,-0.5112926156766981,-0.12900710797788967,-0.06107107177376747,2.284195798969175,0.7913788138479733,-0.08922474965764282,-0.3780057463670313,0.033817256109426416,0.11719881277571188,0.042706840784594635,-0.011572962720188347,-0.4648099234763611,0.08104071915483789,-0.023145925440376695,0.2334780569152586,1790847047.381,imu_frame,10.681132316589355,0.03205780312418938,0.05632485499972972,progress=0.5941;speed=0.3795;settled=False
7378.120113,imu_sample,,,,1790847047.426,,,,,,,,,,,,,,,,,,,,,1790847047.426,imu_frame,10.729016304016113,-0.05742441117763519,0.0,
7378.138947,control_sample,south_back_to_start,5,return,1790847047.802,odom,base_footprint,2.389970064163208,0.7409073710441589,-0.07765178693745448,-0.5112926156766981,-0.12900710797788967,-0.06107107177376747,2.276746133510983,0.7920452779087725,-0.08922474965764282,-0.36603866798147255,0.032746653986216685,0.1242366451206478,0.042706840784594635,-0.011572962720188347,-0.4578719592181942,0.08096042276830104,-0.023145925440376695,0.2334780569152586,1790847047.426,imu_frame,10.729016304016113,-0.05742441117763519,0.017032075000315672,progress=0.6016;speed=0.3675;settled=False
7378.159051,control_sample,south_back_to_start,5,return,1790847047.802,odom,base_footprint,2.389970064163208,0.7409073710441589,-0.07765178693745448,-0.5112926156766981,-0.12900710797788967,-0.06107107177376747,2.2695462134659903,0.7926893991753643,-0.08922474965764282,-0.3540886484674891,0.031677577988560725,0.131085019182692,0.042706840784594635,-0.011572962720188347,-0.45070381993588354,0.08087746245585989,-0.023145925440376695,0.2334780569152586,1790847047.426,imu_frame,10.729016304016113,-0.05742441117763519,0.03702831699956732,progress=0.6088;speed=0.3555;settled=False
7378.178405,control_sample,south_back_to_start,5,return,1790847047.867,odom,base_footprint,2.3553664684295654,0.7362855672836304,-0.07765178693745448,-0.5323615465928153,-0.07110446871247984,-4.4614257177499894e-08,2.2625972822879827,0.7933110664055373,-0.08922474965764282,-0.34215964701159934,0.03061038231431335,0.10889457951373992,0.048532328982714264,-0.011572962720188347,-0.4040688023030194,0.0768653349699808,-0.023145925440376695,0.20174778935278911,1790847047.426,imu_frame,10.729016304016113,-0.05742441117763519,0.05698938899968198,progress=0.6158;speed=0.3435;settled=False
7378.179453,imu_sample,,,,1790847047.53,,,,,,,,,,,,,,,,,,,,,1790847047.53,imu_frame,7.899069786071777,0.12580107152462006,0.0,
7378.198265,control_sample,south_back_to_start,5,return,1790847047.867,odom,base_footprint,2.3553664684295654,0.7362855672836304,-0.07765178693745448,-0.5323615465928153,-0.07110446871247984,-4.4614257177499894e-08,2.2558723486321357,0.793912694306553,-0.08922474965764282,-0.33020509519815405,0.029540900846811654,0.11497810940862332,0.048532328982714264,-0.011572962720188347,-0.3964183514630388,0.07677679263465449,-0.023145925440376695,0.20174778935278911,1790847047.53,imu_frame,7.899069786071777,0.12580107152462006,0.017647296000177448,progress=0.6226;speed=0.3315;settled=False
7378.218156,control_sample,south_back_to_start,5,return,1790847047.867,odom,base_footprint,2.3553664684295654,0.7362855672836304,-0.07765178693745448,-0.5323615465928153,-0.07110446871247984,-4.4614257177499894e-08,2.249401594530109,0.7944915827250293,-0.08922474965764282,-0.3182787895757384,0.028473946347974705,0.12089869616373905,0.048532328982714264,-0.011572962720188347,-0.38854675154376855,0.07668569083501095,-0.023145925440376695,0.20174778935278911,1790847047.53,imu_frame,7.899069786071777,0.12580107152462006,0.03760385700024926,progress=0.6291;speed=0.3195;settled=False
7378.219668,imu_sample,,,,1790847047.565,,,,,,,,,,,,,,,,,,,,,1790847047.565,imu_frame,9.029132843017578,-0.09151287376880646,0.0,
7378.238573,control_sample,south_back_to_start,5,return,1790847047.867,odom,base_footprint,2.3553664684295654,0.7362855672836304,-0.07765178693745448,-0.5323615465928153,-0.07110446871247984,-4.4614257177499894e-08,2.243137333173921,0.7950519978315577,-0.08922474965764282,-0.30629099970743934,0.02740149132828664,0.1266841432838938,0.048532328982714264,-0.011572962720188347,-0.3803937772767977,0.07659133255514593,-0.023145925440376695,0.20174778935278911,1790847047.565,imu_frame,9.029132843017578,-0.09151287376880646,0.01745199400011188,progress=0.6354;speed=0.3075;settled=False
7378.258672,control_sample,south_back_to_start,5,return,1790847047.867,odom,base_footprint,2.3553664684295654,0.7362855672836304,-0.07765178693745448,-0.5323615465928153,-0.07110446871247984,-4.4614257177499894e-08,2.237131501477882,0.795589293231342,-0.08922474965764282,-0.2943396797866071,0.026332298993268412,0.13227410676828225,0.048532328982714264,-0.011572962720188347,-0.3720252943928175,0.0764944800907377,-0.023145925440376695,0.20174778935278911,1790847047.565,imu_frame,9.029132843017578,-0.09151287376880646,0.03745041199999832,progress=0.6414;speed=0.2955;settled=False
7378.260429,imu_sample,,,,1790847047.579,,,,,,,,,,,,,,,,,,,,,1790847047.579,imu_frame,8.511985778808594,0.1609548032283783,0.0,
7378.278740,control_sample,south_back_to_start,5,return,1790847047.867,odom,base_footprint,2.3553664684295654,0.7362855672836304,-0.07765178693745448,-0.5323615465928153,-0.07110446871247984,-4.4614257177499894e-08,2.2313500207104857,0.7961065176854193,-0.08922474965764282,-0.28235734074915947,0.0252603316173389,0.13769032432176387,0.048532328982714264,-0.011572962720188347,-0.3633942105596678,0.07639458841964947,-0.023145925440376695,0.20174778935278911,1790847047.579,imu_frame,8.511985778808594,0.1609548032283783,0.016740320999815594,progress=0.6472;speed=0.2835;settled=False
7378.298314,control_sample,south_back_to_start,5,return,1790847047.867,odom,base_footprint,2.3553664684295654,0.7362855672836304,-0.07765178693745448,-0.5323615465928153,-0.07110446871247984,-4.4614257177499894e-08,2.225840867691114,0.7965993790781167,-0.08922474965764282,-0.27044589478029457,0.024194706496995937,0.14287979962135122,0.048532328982714264,-0.011572962720188347,-0.35457513539212365,0.07629252103472198,-0.023145925440376695,0.20174778935278911,1790847047.579,imu_frame,8.511985778808594,0.1609548032283783,0.036672017000455526,progress=0.6527;speed=0.2715;settled=False
7378.318638,control_sample,south_back_to_start,5,return,1790847047.974,odom,base_footprint,2.2970712184906006,0.7361694574356079,-0.07601812649799208,-0.5448129202167872,-0.0019750992266379247,0.015267756767570972,2.2205540323408792,0.7970723514251394,-0.08922474965764282,-0.25849954759986415,0.023125959034674355,0.09779592155387272,0.053842457375765984,-0.013206623159650738,-0.28371473443389433,0.06769787885517953,-0.026413246319301475,0.14791780046227457,1790847047.579,imu_frame,8.511985778808594,0.1609548032283783,0.05666211399966414,progress=0.6580;speed=0.2595;settled=False
7378.319679,imu_sample,,,,1790847047.661,,,,,,,,,,,,,,,,,,,,,1790847047.661,imu_frame,8.631695747375488,-0.04144544526934624,0.0,
7378.339068,control_sample,south_back_to_start,5,return,1790847047.974,odom,base_footprint,2.2970712184906006,0.7361694574356079,-0.07601812649799208,-0.5448129202167872,-0.0019750992266379247,0.015267756767570972,2.215495196571589,0.7975249264096993,-0.08922474965764282,-0.24652699926003163,0.022054867556881106,0.10207419323786865,0.053842457375765984,-0.013206623159650738,-0.27437015222932215,0.06757446130404948,-0.026413246319301475,0.14791780046227457,1790847047.661,imu_frame,8.631695747375488,-0.04144544526934624,0.017443226000068535,progress=0.6631;speed=0.2475;settled=False
7378.358929,control_sample,south_back_to_start,5,return,1790847047.974,odom,base_footprint,2.2970712184906006,0.7361694574356079,-0.07601812649799208,-0.5448129202167872,-0.0019750992266379247,0.015267756767570972,2.2106817805099475,0.797955545587535,-0.08922474965764282,-0.23456862272190304,0.02098504392078698,0.10621043114370085,0.053842457375765984,-0.013206623159650738,-0.26479626424553215,0.06744801522182926,-0.026413246319301475,0.14791780046227457,1790847047.661,imu_frame,8.631695747375488,-0.04144544526934624,0.03745345199968142,progress=0.6679;speed=0.2355;settled=False
7378.378715,control_sample,south_back_to_start,5,return,1790847048.046,odom,base_footprint,2.259279489517212,0.737943172454834,-0.07601812649799208,-0.5248864326566188,0.024635304249165574,0.0,2.2061174071711958,0.798363884835441,-0.08922474965764282,-0.2226364270234533,0.019917562482315746,0.08047900026680647,0.05544328327629354,-0.013206623159650738,-0.22075621178574426,0.06281080765241978,-0.026413246319301475,0.11431594939959794,1790847047.661,imu_frame,8.631695747375488,-0.04144544526934624,0.05741986899920448,progress=0.6725;speed=0.2235;settled=False
7378.379826,imu_sample,,,,1790847047.706,,,,,,,,,,,,,,,,,,,,,1790847047.706,imu_frame,11.662755012512207,-0.28219521045684814,0.0,
7378.398798,control_sample,south_back_to_start,5,return,1790847048.046,odom,base_footprint,2.259279489517212,0.737943172454834,-0.07601812649799208,-0.5248864326566188,0.024635304249165574,0.0,2.2017801052755734,0.7987519097542096,-0.08922474965764282,-0.21067254288099796,0.0188472461233785,0.08368919715299018,0.05544328327629354,-0.013206623159650738,-0.21069771488725467,0.06267796115076954,-0.026413246319301475,0.11431594939959794,1790847047.706,imu_frame,11.662755012512207,-0.28219521045684814,0.017295187999479822,progress=0.6769;speed=0.2115;settled=False
7378.418789,control_sample,south_back_to_start,5,return,1790847048.046,odom,base_footprint,2.259279489517212,0.737943172454834,-0.07601812649799208,-0.5248864326566188,0.024635304249165574,0.0,2.1976847745184966,0.7991182873831105,-0.08922474965764282,-0.19871605958124525,0.017777591860706998,0.08681188629594914,0.05544328327629354,-0.013206623159650738,-0.20040521736009081,0.06254202411131658,-0.026413246319301475,0.11431594939959794,1790847047.706,imu_frame,11.662755012512207,-0.28219521045684814,0.03730224599985377,progress=0.6810;speed=0.1995;settled=False
7378.420614,imu_sample,,,,1790847047.738,,,,,,,,,,,,,,,,,,,,,1790847047.738,imu_frame,7.899069786071777,-0.07020758837461472,0.0,
7378.438919,control_sample,south_back_to_start,5,return,1790847048.046,odom,base_footprint,2.259279489517212,0.737943172454834,-0.07601812649799208,-0.5248864326566188,0.024635304249165574,0.0,2.1938283946727783,0.7994632879185555,-0.08922474965764282,-0.18675873424487915,0.016707862267519805,0.08982522153050702,0.05544328327629354,-0.013206623159650738,-0.1898718211357306,0.06240290542857263,-0.026413246319301475,0.11431594939959794,1790847047.738,imu_frame,7.899069786071777,-0.07020758837461472,0.01652280999951472,progress=0.6849;speed=0.1875;settled=False
7378.458895,control_sample,south_back_to_start,5,return,1790847048.046,odom,base_footprint,2.259279489517212,0.737943172454834,-0.07601812649799208,-0.5248864326566188,0.024635304249165574,0.0,2.1902147758557584,0.7997865704987582,-0.08922474965764282,-0.17481341973958053,0.015639207190670523,0.09270674492591041,0.05544328327629354,-0.013206623159650738,-0.17910918490225197,0.06226075908338994,-0.026413246319301475,0.11431594939959794,1790847047.738,imu_frame,7.899069786071777,-0.07020758837461472,0.03651117899971723,progress=0.6885;speed=0.1755;settled=False
7378.478763,control_sample,south_back_to_start,5,return,1790847048.139,odom,base_footprint,2.2156734466552734,0.742946982383728,-0.07458295535723992,-0.46397095832094554,0.05256640288443963,0.015267846174538136,2.1868426137525168,0.8000882518107061,-0.08922474965764282,-0.16287797302455204,0.014571434908842234,0.06400266867555739,0.054344955857356124,-0.014641794300402895,-0.135902021561088,0.05413763449496089,-0.02928358860080579,0.07810080300118621,1790847047.738,imu_frame,7.899069786071777,-0.07020758837461472,0.056483035999917774,progress=0.6919;speed=0.1635;settled=False
7378.479917,imu_sample,,,,1790847047.848,,,,,,,,,,,,,,,,,,,,,1790847047.848,imu_frame,6.050746440887451,-0.09683919697999954,0.0,
7378.498714,control_sample,south_back_to_start,5,return,1790847048.139,odom,base_footprint,2.2156734466552734,0.742946982383728,-0.07458295535723992,-0.46397095832094554,0.05256640288443963,0.015267846174538136,2.1837042458159166,0.8003690173633402,-0.08922474965764282,-0.15092439651597175,0.013502040694337934,0.06572153302766863,0.054344955857356124,-0.014641794300402895,-0.12465254970281454,0.05397291027054502,-0.02928358860080579,0.07810080300118621,1790847047.848,imu_frame,6.050746440887451,-0.09683919697999954,0.017183537000164506,progress=0.6950;speed=0.1515;settled=False
7378.518728,control_sample,south_back_to_start,5,return,1790847048.139,odom,base_footprint,2.2156734466552734,0.742946982383728,-0.07458295535723992,-0.46397095832094554,0.05256640288443963,0.015267846174538136,2.180802467448692,0.8006286170735571,-0.08922474965764282,-0.1389600336857317,0.012431681510899822,0.06740293889228217,0.054344955857356124,-0.014641794300402895,-0.11315257496404223,0.05380451797235433,-0.02928358860080579,0.07810080300118621,1790847047.848,imu_frame,6.050746440887451,-0.09683919697999954,0.037203779999799735,progress=0.6979;speed=0.1395;settled=False
7378.520609,imu_sample,,,,1790847047.859,,,,,,,,,,,,,,,,,,,,,1790847047.859,imu_frame,18.653823852539062,0.029927274212241173,0.0,
7378.538500,control_sample,south_back_to_start,5,return,1790847048.139,odom,base_footprint,2.2156734466552734,0.742946982383728,-0.07458295535723992,-0.46397095832094554,0.05256640288443963,0.015267846174538136,2.178134001413895,0.800867344130448,-0.08922474965764282,-0.12696641111220902,0.01135870468410101,0.06902157817596878,0.054344955857356124,-0.014641794300402895,-0.10138313306288078,0.05363217990943001,-0.02928358860080579,0.07810080300118621,1790847047.859,imu_frame,18.653823852539062,0.029927274212241173,0.016575803999330674,progress=0.7006;speed=0.1275;settled=False
7378.559021,control_sample,south_back_to_start,5,return,1790847048.139,odom,base_footprint,2.2156734466552734,0.742946982383728,-0.07458295535723992,-0.46397095832094554,0.05256640288443963,0.015267846174538136,2.1757188576291204,0.8010834084011522,-0.08922474965764282,-0.11503836583721824,0.010291594551977425,0.07054227962242376,0.054344955857356124,-0.014641794300402895,-0.08943838303223367,0.053457274837491645,-0.02928358860080579,0.07810080300118621,1790847047.859,imu_frame,18.653823852539062,0.029927274212241173,0.036535275999995065,progress=0.7030;speed=0.1155;settled=False
7378.578878,control_sample,south_back_to_start,5,return,1790847048.254,odom,base_footprint,2.180622100830078,0.7458575367927551,-0.0380319434951051,-0.3081955946690849,0.014278496215175492,0.32062292098999023,2.173542236669203,0.8012781338759951,-0.08922474965764282,-0.10311290165462426,0.009224715330265821,0.055870985829849736,0.05456927888456728,-0.05119280616253772,-0.07154576646276584,0.0609582681844303,-0.10238561232507544,0.058442292457813724,1790847047.859,imu_frame,18.653823852539062,0.029927274212241173,0.056490428999495634,progress=0.7052;speed=0.1035;settled=False
7378.580190,imu_sample,,,,1790847047.898,,,,,,,,,,,,,,,,,,,,,1790847047.898,imu_frame,3.2351651191711426,0.02353568747639656,0.0,
7378.598786,control_sample,south_back_to_start,5,return,1790847048.254,odom,base_footprint,2.180622100830078,0.7458575367927551,-0.0380319434951051,-0.3081955946690849,0.014278496215175492,0.32062292098999023,2.171598994992613,0.8014519807079318,-0.08922474965764282,-0.09115731716550367,0.008155141477243201,0.05632191965116084,0.05456927888456728,-0.05119280616253772,-0.059109084370428326,0.06032104277188956,-0.10238561232507544,0.058442292457813724,1790847047.898,imu_frame,3.2351651191711426,0.02353568747639656,0.016922056000112207,progress=0.7072;speed=0.0915;settled=False
7378.618142,control_sample,south_back_to_start,5,return,1790847048.254,odom,base_footprint,2.180622100830078,0.7458575367927551,-0.0380319434951051,-0.3081955946690849,0.014278496215175492,0.32062292098999023,2.1698973420301693,0.8016042144625596,-0.08922474965764282,-0.07921991984074536,0.00708719468942013,0.05676893976936065,0.05456927888456728,-0.05119280616253772,-0.04645204952803914,0.0596725270191268,-0.10238561232507544,0.058442292457813724,1790847047.898,imu_frame,3.2351651191711426,0.02353568747639656,0.03689717700035544,progress=0.7089;speed=0.0795;settled=False
7378.638295,control_sample,south_back_to_start,5,return,1790847048.318,odom,base_footprint,2.1619062423706055,0.7508817911148071,-0.030092705988234145,-0.28854137028844085,0.07500825400008833,0.12214209884405136,2.168431089712176,0.8017353887387053,-0.08922474965764282,-0.06725542374279728,0.006016823583548941,0.05127047907055425,0.0512327134323615,-0.059132043669408677,-0.01776189022492948,0.04255698018040952,-0.11826408733881735,0.051265460086826,1790847047.898,imu_frame,3.2351651191711426,0.02353568747639656,0.05691764299990609,progress=0.7104;speed=0.0675;settled=False
7378.639212,imu_sample,,,,1790847047.941,,,,,,,,,,,,,,,,,,,,,1790847047.941,imu_frame,8.976460456848145,0.18545588850975037,0.0,
7378.658327,control_sample,south_back_to_start,5,return,1790847048.318,odom,base_footprint,2.1619062423706055,0.7508817911148071,-0.030092705988234145,-0.28854137028844085,0.07500825400008833,0.12214209884405136,2.1672045260584363,0.8018451199203386,-0.08922474965764282,-0.05529259080210447,0.004946601267518628,0.051238000477940644,0.0512327134323615,-0.059132043669408677,-0.004603658827370499,0.04177799892683173,-0.11826408733881735,0.051265460086826,1790847047.941,imu_frame,8.976460456848145,0.18545588850975037,0.017903433999890694,progress=0.7116;speed=0.0555;settled=False
7378.678582,control_sample,south_back_to_start,5,return,1790847048.318,odom,base_footprint,2.1619062423706055,0.7508817911148071,-0.030092705988234145,-0.28854137028844085,0.07500825400008833,0.12214209884405136,2.166218291812593,0.801933350685072,-0.08922474965764282,-0.04334163423010075,0.003877441438515215,0.05123334368305905,0.0512327134323615,-0.059132043669408677,0.008781156524789774,0.04098560366284007,-0.11826408733881735,0.051265460086826,1790847047.941,imu_frame,8.976460456848145,0.18545588850975037,0.03790124399984052,progress=0.7126;speed=0.0435;settled=False
7378.680303,imu_sample,,,,1790847047.987,,,,,,,,,,,,,,,,,,,,,1790847047.987,imu_frame,19.409793853759766,-0.0020306603983044624,0.0,
7378.698516,control_sample,south_back_to_start,5,return,1790847048.318,odom,base_footprint,2.1619062423706055,0.7508817911148071,-0.030092705988234145,-0.28854137028844085,0.07500825400008833,0.12214209884405136,2.1654712554880544,0.8020001822582763,-0.08922474965764282,-0.03139457947489185,0.002808630674940333,0.05124255293820059,0.0512327134323615,-0.059132043669408677,0.022401012699898356,0.04017929373285945,-0.11826408733881735,0.051265460086826,1790847047.987,imu_frame,19.409793853759766,-0.0020306603983044624,0.016806243000246468,progress=0.7133;speed=0.0315;settled=False
7378.718674,control_sample,south_back_to_start,5,return,1790847048.318,odom,base_footprint,2.1619062423706055,0.7508817911148071,-0.030092705988234145,-0.28854137028844085,0.07500825400008833,0.12214209884405136,2.1649632278566613,0.8020456315687341,-0.08922474965764282,-0.019452802242889155,0.0017402920506268322,0.051255084920979785,0.0512327134323615,-0.059132043669408677,0.03625406550216412,0.03935917831523649,-0.11826408733881735,0.051265460086826,1790847047.987,imu_frame,19.409793853759766,-0.0020306603983044624,0.03678869299983489,progress=0.7138;speed=0.0195;settled=False
7378.738586,control_sample,south_back_to_start,5,return,1790847048.406,odom,base_footprint,2.1410093307495117,0.7570589780807495,-0.020794639838198726,-0.24084524048535375,0.06876569469357802,0.10687434673309326,2.1646934752029816,0.8020697642563013,-0.08922474965764282,-0.007483046549943338,0.0006694504093926772,0.05086167093828191,0.05084358267566178,-0.06843010981944411,0.06219329474074759,0.03336139444594093,-0.13686021963888823,0.05084358267566178,1790847047.987,imu_frame,19.409793853759766,-0.0020306603983044624,0.056817960000444145,progress=0.7141;speed=0.0075;settled=False
7378.739693,imu_sample,,,,1790847048.059,,,,,,,,,,,,,,,,,,,,,1790847048.059,imu_frame,8.51677417755127,0.10875684022903442,0.0,
7378.758626,segment_enter,settle,6,return,1790847048.406,,,2.1410093307495117,0.7570589780807495,-0.020794639838198726,,,,,,,,,,,,,,,,,,,,,
7378.758803,phase_hold_start,settle,6,return,1790847048.406,,,2.1410093307495117,0.7570589780807495,-0.020794639838198726,-0.24084524048535375,0.06876569469357802,0.10687434673309326,,,,,,0.05084358267566178,0.05084358267566178,-0.06843010981944411,,,,,,,,,,profile complete; waiting for measured settle
7378.758952,control_sample,settle,6,return,1790847048.406,odom,base_footprint,2.1410093307495117,0.7570589780807495,-0.020794639838198726,-0.24084524048535375,0.06876569469357802,0.10687434673309326,2.164646625518799,0.8020739555358887,-0.08922474965764282,-0.0,0.0,0.05084358267566178,0.05084358267566178,-0.06843010981944411,0.07114078645966931,0.03274815911112588,-0.13686021963888823,0.05084358267566178,1790847048.059,imu_frame,8.51677417755127,0.10875684022903442,0.01742959399962274,progress=0.7142;speed=0.0000;settled=False
7378.778998,control_sample,settle,6,return,1790847048.406,odom,base_footprint,2.1410093307495117,0.7570589780807495,-0.020794639838198726,-0.24084524048535375,0.06876569469357802,0.10687434673309326,2.164646625518799,0.8020739555358887,-0.08922474965764282,-0.0,0.0,0.05084358267566178,0.05084358267566178,-0.06843010981944411,0.07114078645966931,0.03274815911112588,-0.13686021963888823,0.05084358267566178,1790847048.059,imu_frame,8.51677417755127,0.10875684022903442,0.03741162699952838,progress=0.7142;speed=0.0000;settled=False
7378.780897,imu_sample,,,,1790847048.126,,,,,,,,,,,,,,,,,,,,,1790847048.126,imu_frame,11.31799030303955,0.05336309224367142,0.0,
7378.801603,control_sample,settle,6,return,1790847048.406,odom,base_footprint,2.1410093307495117,0.7570589780807495,-0.020794639838198726,-0.24084524048535375,0.06876569469357802,0.10687434673309326,2.164646625518799,0.8020739555358887,-0.08922474965764282,-0.0,0.0,0.05084358267566178,0.05084358267566178,-0.06843010981944411,0.07114078645966931,0.03274815911112588,-0.13686021963888823,0.05084358267566178,1790847048.126,imu_frame,11.31799030303955,0.05336309224367142,0.016379861000132223,progress=0.7142;speed=0.0000;settled=False
7378.818769,control_sample,settle,6,return,1790847048.406,odom,base_footprint,2.1410093307495117,0.7570589780807495,-0.020794639838198726,-0.24084524048535375,0.06876569469357802,0.10687434673309326,2.164646625518799,0.8020739555358887,-0.08922474965764282,-0.0,0.0,0.05084358267566178,0.05084358267566178,-0.06843010981944411,0.07114078645966931,0.03274815911112588,-0.13686021963888823,0.05084358267566178,1790847048.126,imu_frame,11.31799030303955,0.05336309224367142,0.036251522000384284,progress=0.7142;speed=0.0000;settled=False
7378.838947,control_sample,settle,6,return,1790847048.502,odom,base_footprint,2.1266369819641113,0.7605406045913696,-0.016397527774510076,-0.14986952547936058,0.03560847352922491,0.0458032488822937,2.164646625518799,0.8020739555358887,-0.08922474965764282,-0.0,0.0,0.05630055278445299,0.05630055278445299,-0.07282722188313275,0.06741016838113709,0.03552174222977283,-0.1456544437662655,0.05630055278445299,1790847048.126,imu_frame,11.31799030303955,0.05336309224367142,0.05625618000067334,progress=0.7142;speed=0.0000;settled=False
7378.840278,imu_sample,,,,1790847048.179,,,,,,,,,,,,,,,,,,,,,1790847048.179,imu_frame,11.064204216003418,-0.04038017988204956,0.0,
7378.858877,control_sample,settle,6,return,1790847048.502,odom,base_footprint,2.1266369819641113,0.7605406045913696,-0.016397527774510076,-0.14986952547936058,0.03560847352922491,0.0458032488822937,2.164646625518799,0.8020739555358887,-0.08922474965764282,-0.0,0.0,0.05630055278445299,0.05630055278445299,-0.07282722188313275,0.06741016838113709,0.03552174222977283,-0.1456544437662655,0.05630055278445299,1790847048.179,imu_frame,11.064204216003418,-0.04038017988204956,0.01686282199989364,progress=0.7142;speed=0.0000;settled=False
7378.878546,control_sample,settle,6,return,1790847048.502,odom,base_footprint,2.1266369819641113,0.7605406045913696,-0.016397527774510076,-0.14986952547936058,0.03560847352922491,0.0458032488822937,2.164646625518799,0.8020739555358887,-0.08922474965764282,-0.0,0.0,0.05630055278445299,0.05630055278445299,-0.07282722188313275,0.06741016838113709,0.03552174222977283,-0.1456544437662655,0.05630055278445299,1790847048.179,imu_frame,11.064204216003418,-0.04038017988204956,0.03684751099990535,progress=0.7142;speed=0.0000;settled=False
7378.898834,control_sample,settle,6,return,1790847048.586,odom,base_footprint,2.1179025173187256,0.7634685039520264,-0.025374975485070304,-0.10366370106998694,0.03578800960829891,-0.10687435418367386,2.164646625518799,0.8020739555358887,-0.08922474965764282,-0.0,0.0,0.06062501582196982,0.06062501582196982,-0.06384977417257251,0.06665722298566668,0.033149765370377345,-0.12769954834514502,0.06062501582196982,1790847048.179,imu_frame,11.064204216003418,-0.04038017988204956,0.056852136999623326,progress=0.7142;speed=0.0000;settled=False
7378.900075,imu_sample,,,,1790847048.221,,,,,,,,,,,,,,,,,,,,,1790847048.221,imu_frame,4.307767391204834,1.7609820365905762,0.0,
7378.918701,control_sample,settle,6,return,1790847048.586,odom,base_footprint,2.1179025173187256,0.7634685039520264,-0.025374975485070304,-0.10366370106998694,0.03578800960829891,-0.10687435418367386,2.164646625518799,0.8020739555358887,-0.08922474965764282,-0.0,0.0,0.06062501582196982,0.06062501582196982,-0.06384977417257251,0.06665722298566668,0.033149765370377345,-0.12769954834514502,0.06062501582196982,1790847048.221,imu_frame,4.307767391204834,1.7609820365905762,0.01703335500042158,progress=0.7142;speed=0.0000;settled=False
7378.938788,control_sample,settle,6,return,1790847048.586,odom,base_footprint,2.1179025173187256,0.7634685039520264,-0.025374975485070304,-0.10366370106998694,0.03578800960829891,-0.10687435418367386,2.164646625518799,0.8020739555358887,-0.08922474965764282,-0.0,0.0,0.06062501582196982,0.06062501582196982,-0.06384977417257251,0.06665722298566668,0.033149765370377345,-0.12769954834514502,0.06062501582196982,1790847048.221,imu_frame,4.307767391204834,1.7609820365905762,0.03706147000048077,progress=0.7142;speed=0.0000;settled=False
7378.940643,imu_sample,,,,1790847048.268,,,,,,,,,,,,,,,,,,,,,1790847048.268,imu_frame,3.354875087738037,1.6416723728179932,0.0,
7378.958874,control_sample,settle,6,return,1790847048.586,odom,base_footprint,2.1179025173187256,0.7634685039520264,-0.025374975485070304,-0.10366370106998694,0.03578800960829891,-0.10687435418367386,2.164646625518799,0.8020739555358887,-0.08922474965764282,-0.0,0.0,0.06062501582196982,0.06062501582196982,-0.06384977417257251,0.06665722298566668,0.033149765370377345,-0.12769954834514502,0.06062501582196982,1790847048.268,imu_frame,3.354875087738037,1.6416723728179932,0.016688895999322995,progress=0.7142;speed=0.0000;settled=False
7378.978894,control_sample,settle,6,return,1790847048.586,odom,base_footprint,2.1179025173187256,0.7634685039520264,-0.025374975485070304,-0.10366370106998694,0.03578800960829891,-0.10687435418367386,2.164646625518799,0.8020739555358887,-0.08922474965764282,-0.0,0.0,0.06062501582196982,0.06062501582196982,-0.06384977417257251,0.06665722298566668,0.033149765370377345,-0.12769954834514502,0.06062501582196982,1790847048.268,imu_frame,3.354875087738037,1.6416723728179932,0.03648548299952381,progress=0.7142;speed=0.0000;settled=False
7378.998748,control_sample,settle,6,return,1790847048.681,odom,base_footprint,2.115743637084961,0.7652372717857361,-0.038566319250392535,-0.022242218652380814,0.018719520463665408,-0.13740985095500946,2.164646625518799,0.8020739555358887,-0.08922474965764282,-0.0,0.0,0.061224533868938835,0.061224533868938835,-0.050658430407250286,0.05203581031214307,0.035125230598482715,-0.10131686081450057,0.061224533868938835,1790847048.268,imu_frame,3.354875087738037,1.6416723728179932,0.05646777199945063,progress=0.7142;speed=0.0000;settled=False
7378.999881,imu_sample,,,,1790847048.361,,,,,,,,,,,,,,,,,,,,,1790847048.361,imu_frame,9.474454879760742,1.2816129922866821,0.0,
7379.018708,control_sample,settle,6,return,1790847048.681,odom,base_footprint,2.115743637084961,0.7652372717857361,-0.038566319250392535,-0.022242218652380814,0.018719520463665408,-0.13740985095500946,2.164646625518799,0.8020739555358887,-0.08922474965764282,-0.0,0.0,0.061224533868938835,0.061224533868938835,-0.050658430407250286,0.05203581031214307,0.035125230598482715,-0.10131686081450057,0.061224533868938835,1790847048.361,imu_frame,9.474454879760742,1.2816129922866821,0.01722382599928096,progress=0.7142;speed=0.0000;settled=False
7379.040057,control_sample,settle,6,return,1790847048.681,odom,base_footprint,2.115743637084961,0.7652372717857361,-0.038566319250392535,-0.022242218652380814,0.018719520463665408,-0.13740985095500946,2.164646625518799,0.8020739555358887,-0.08922474965764282,-0.0,0.0,0.061224533868938835,0.061224533868938835,-0.050658430407250286,0.05203581031214307,0.035125230598482715,-0.10131686081450057,0.061224533868938835,1790847048.361,imu_frame,9.474454879760742,1.2816129922866821,0.03724297999997361,progress=0.7142;speed=0.0000;settled=False
7379.042309,imu_sample,,,,1790847048.398,,,,,,,,,,,,,,,,,,,,,1790847048.398,imu_frame,7.448959827423096,0.8981177806854248,0.0,
7379.058868,control_sample,settle,6,return,1790847048.681,odom,base_footprint,2.115743637084961,0.7652372717857361,-0.038566319250392535,-0.022242218652380814,0.018719520463665408,-0.13740985095500946,2.164646625518799,0.8020739555358887,-0.08922474965764282,-0.0,0.0,0.061224533868938835,0.061224533868938835,-0.050658430407250286,0.05203581031214307,0.035125230598482715,-0.10131686081450057,0.061224533868938835,1790847048.398,imu_frame,7.448959827423096,0.8981177806854248,0.014813503000368655,progress=0.7142;speed=0.0000;settled=False
7379.078742,control_sample,settle,6,return,1790847048.681,odom,base_footprint,2.115743637084961,0.7652372717857361,-0.038566319250392535,-0.022242218652380814,0.018719520463665408,-0.13740985095500946,2.164646625518799,0.8020739555358887,-0.08922474965764282,-0.0,0.0,0.061224533868938835,0.061224533868938835,-0.050658430407250286,0.05203581031214307,0.035125230598482715,-0.10131686081450057,0.061224533868938835,1790847048.398,imu_frame,7.448959827423096,0.8981177806854248,0.034810737000043446,progress=0.7142;speed=0.0000;settled=False
7379.098805,control_sample,settle,6,return,1790847048.781,odom,base_footprint,2.1155576705932617,0.7670305967330933,-0.05230730774123665,-0.001613072309224528,0.017956908043699062,-0.13740985095500946,2.164646625518799,0.8020739555358887,-0.08922474965764282,-0.0,0.0,0.0603138664973725,0.0603138664973725,-0.036917441916406175,0.04769957028513956,0.03399236757497912,-0.07383488383281235,0.0603138664973725,1790847048.398,imu_frame,7.448959827423096,0.8981177806854248,0.054827779000333976,progress=0.7142;speed=0.0000;settled=False
7379.100076,imu_sample,,,,1790847048.418,,,,,,,,,,,,,,,,,,,,,1790847048.418,imu_frame,9.120112419128418,0.93433678150177,0.0,
7379.118767,control_sample,settle,6,return,1790847048.781,odom,base_footprint,2.1155576705932617,0.7670305967330933,-0.05230730774123665,-0.001613072309224528,0.017956908043699062,-0.13740985095500946,2.164646625518799,0.8020739555358887,-0.08922474965764282,-0.0,0.0,0.0603138664973725,0.0603138664973725,-0.036917441916406175,0.04769957028513956,0.03399236757497912,-0.07383488383281235,0.0603138664973725,1790847048.418,imu_frame,9.120112419128418,0.93433678150177,0.017050444000233256,progress=0.7142;speed=0.0000;settled=False
7379.138710,control_sample,settle,6,return,1790847048.781,odom,base_footprint,2.1155576705932617,0.7670305967330933,-0.05230730774123665,-0.001613072309224528,0.017956908043699062,-0.13740985095500946,2.164646625518799,0.8020739555358887,-0.08922474965764282,-0.0,0.0,0.0603138664973725,0.0603138664973725,-0.036917441916406175,0.04769957028513956,0.03399236757497912,-0.07383488383281235,0.0603138664973725,1790847048.418,imu_frame,9.120112419128418,0.93433678150177,0.037033757000244805,progress=0.7142;speed=0.0000;settled=False
7379.140434,imu_sample,,,,1790847048.458,,,,,,,,,,,,,,,,,,,,,1790847048.458,imu_frame,10.039485931396484,0.2621549367904663,0.0,
7379.159160,control_sample,settle,6,return,1790847048.781,odom,base_footprint,2.1155576705932617,0.7670305967330933,-0.05230730774123665,-0.001613072309224528,0.017956908043699062,-0.13740985095500946,2.164646625518799,0.8020739555358887,-0.08922474965764282,-0.0,0.0,0.0603138664973725,0.0603138664973725,-0.036917441916406175,0.04769957028513956,0.03399236757497912,-0.07383488383281235,0.0603138664973725,1790847048.458,imu_frame,10.039485931396484,0.2621549367904663,0.016694367999662063,progress=0.7142;speed=0.0000;settled=False
7379.178519,control_sample,settle,6,return,1790847048.781,odom,base_footprint,2.1155576705932617,0.7670305967330933,-0.05230730774123665,-0.001613072309224528,0.017956908043699062,-0.13740985095500946,2.164646625518799,0.8020739555358887,-0.08922474965764282,-0.0,0.0,0.0603138664973725,0.0603138664973725,-0.036917441916406175,0.04769957028513956,0.03399236757497912,-0.07383488383281235,0.0603138664973725,1790847048.458,imu_frame,10.039485931396484,0.2621549367904663,0.03668251299950498,progress=0.7142;speed=0.0000;settled=False
7379.198696,control_sample,settle,6,return,1790847048.858,odom,base_footprint,2.115227222442627,0.7682274580001831,-0.07111718981091428,-0.003999487454614638,0.01562197701021579,-0.24428415298461914,2.164646625518799,0.8020739555358887,-0.08922474965764282,-0.0,0.0,0.059898771238145354,0.059898771238145354,-0.018107559846728544,0.04790932982756033,0.03421288974105272,-0.03621511969345709,0.059898771238145354,1790847048.458,imu_frame,10.039485931396484,0.2621549367904663,0.056856616999539256,progress=0.7142;speed=0.0000;settled=False
7379.199759,imu_sample,,,,1790847048.51,,,,,,,,,,,,,,,,,,,,,1790847048.51,imu_frame,11.255741119384766,0.6339322328567505,0.0,
7379.218713,control_sample,settle,6,return,1790847048.858,odom,base_footprint,2.115227222442627,0.7682274580001831,-0.07111718981091428,-0.003999487454614638,0.01562197701021579,-0.24428415298461914,2.164646625518799,0.8020739555358887,-0.08922474965764282,-0.0,0.0,0.059898771238145354,0.059898771238145354,-0.018107559846728544,0.04790932982756033,0.03421288974105272,-0.03621511969345709,0.059898771238145354,1790847048.51,imu_frame,11.255741119384766,0.6339322328567505,0.017340534000140906,progress=0.7142;speed=0.0000;settled=False
7379.238457,control_sample,settle,6,return,1790847048.858,odom,base_footprint,2.115227222442627,0.7682274580001831,-0.07111718981091428,-0.003999487454614638,0.01562197701021579,-0.24428415298461914,2.164646625518799,0.8020739555358887,-0.08922474965764282,-0.0,0.0,0.059898771238145354,0.059898771238145354,-0.018107559846728544,0.04790932982756033,0.03421288974105272,-0.03621511969345709,0.059898771238145354,1790847048.51,imu_frame,11.255741119384766,0.6339322328567505,0.03736243999992439,progress=0.7142;speed=0.0000;settled=False
7379.240326,imu_sample,,,,1790847048.546,,,,,,,,,,,,,,,,,,,,,1790847048.546,imu_frame,9.268553733825684,0.17267270386219025,0.0,
7379.258283,control_sample,settle,6,return,1790847048.858,odom,base_footprint,2.115227222442627,0.7682274580001831,-0.07111718981091428,-0.003999487454614638,0.01562197701021579,-0.24428415298461914,2.164646625518799,0.8020739555358887,-0.08922474965764282,-0.0,0.0,0.059898771238145354,0.059898771238145354,-0.018107559846728544,0.04790932982756033,0.03421288974105272,-0.03621511969345709,0.059898771238145354,1790847048.546,imu_frame,9.268553733825684,0.17267270386219025,0.01679328299996996,progress=0.7142;speed=0.0000;settled=False
7379.278564,control_sample,settle,6,return,1790847048.858,odom,base_footprint,2.115227222442627,0.7682274580001831,-0.07111718981091428,-0.003999487454614638,0.01562197701021579,-0.24428415298461914,2.164646625518799,0.8020739555358887,-0.08922474965764282,-0.0,0.0,0.059898771238145354,0.059898771238145354,-0.018107559846728544,0.04790932982756033,0.03421288974105272,-0.03621511969345709,0.059898771238145354,1790847048.546,imu_frame,9.268553733825684,0.17267270386219025,0.03694728999926156,progress=0.7142;speed=0.0000;settled=False
7379.298331,control_sample,settle,6,return,1790847048.954,odom,base_footprint,2.1162970066070557,0.7696082592010498,-0.07981980616694255,0.011386203582517265,0.014436380099047673,-0.09160656481981277,2.164646625518799,0.8020739555358887,-0.08922474965764282,-0.0,0.0,0.05823836439510267,0.05823836439510267,-0.009404943490700271,0.04356725033459873,0.033157829832185126,-0.018809886981400542,0.05823836439510267,1790847048.546,imu_frame,9.268553733825684,0.17267270386219025,0.05677350999940245,progress=0.7142;speed=0.0000;settled=False
7379.299287,imu_sample,,,,1790847048.642,,,,,,,,,,,,,,,,,,,,,1790847048.642,imu_frame,9.029132843017578,0.07786417752504349,0.0,
7379.318936,control_sample,settle,6,return,1790847048.954,odom,base_footprint,2.1162970066070557,0.7696082592010498,-0.07981980616694255,0.011386203582517265,0.014436380099047673,-0.09160656481981277,2.164646625518799,0.8020739555358887,-0.08922474965764282,-0.0,0.0,0.05823836439510267,0.05823836439510267,-0.009404943490700271,0.04356725033459873,0.033157829832185126,-0.018809886981400542,0.05823836439510267,1790847048.642,imu_frame,9.029132843017578,0.07786417752504349,0.017821862999880977,progress=0.7142;speed=0.0000;settled=False
7379.338910,control_sample,settle,6,return,1790847048.954,odom,base_footprint,2.1162970066070557,0.7696082592010498,-0.07981980616694255,0.011386203582517265,0.014436380099047673,-0.09160656481981277,2.164646625518799,0.8020739555358887,-0.08922474965764282,-0.0,0.0,0.05823836439510267,0.05823836439510267,-0.009404943490700271,0.04356725033459873,0.033157829832185126,-0.018809886981400542,0.05823836439510267,1790847048.642,imu_frame,9.029132843017578,0.07786417752504349,0.0378522820001308,progress=0.7142;speed=0.0000;settled=False
7379.340819,imu_sample,,,,1790847048.689,,,,,,,,,,,,,,,,,,,,,1790847048.689,imu_frame,9.27334213256836,-0.24064989387989044,0.0,
7379.358576,control_sample,settle,6,return,1790847048.954,odom,base_footprint,2.1162970066070557,0.7696082592010498,-0.07981980616694255,0.011386203582517265,0.014436380099047673,-0.09160656481981277,2.164646625518799,0.8020739555358887,-0.08922474965764282,-0.0,0.0,0.05823836439510267,0.05823836439510267,-0.009404943490700271,0.04356725033459873,0.033157829832185126,-0.018809886981400542,0.05823836439510267,1790847048.689,imu_frame,9.27334213256836,-0.24064989387989044,0.016298067000207084,progress=0.7142;speed=0.0000;settled=False
7379.378268,control_sample,settle,6,return,1790847048.954,odom,base_footprint,2.1162970066070557,0.7696082592010498,-0.07981980616694255,0.011386203582517265,0.014436380099047673,-0.09160656481981277,2.164646625518799,0.8020739555358887,-0.08922474965764282,-0.0,0.0,0.05823836439510267,0.05823836439510267,-0.009404943490700271,0.04356725033459873,0.033157829832185126,-0.018809886981400542,0.05823836439510267,1790847048.689,imu_frame,9.27334213256836,-0.24064989387989044,0.036304357000517484,progress=0.7142;speed=0.0000;settled=False
7379.398403,control_sample,settle,6,return,1790847049.062,odom,base_footprint,2.117274284362793,0.7714638113975525,-0.09795791157081074,0.00935803573520653,0.017014350317210276,-0.16794537007808685,2.164646625518799,0.8020739555358887,-0.08922474965764282,-0.0,0.0,0.05640141514865317,0.05640141514865317,0.00873316191316792,0.042621694220868485,0.0315268732938066,0.01746632382633584,0.05640141514865317,1790847048.689,imu_frame,9.27334213256836,-0.24064989387989044,0.056321943000511965,progress=0.7142;speed=0.0000;settled=False
7379.399428,imu_sample,,,,1790847048.738,,,,,,,,,,,,,,,,,,,,,1790847048.738,imu_frame,10.24538803100586,0.016078835353255272,0.0,
7379.418249,control_sample,settle,6,return,1790847049.062,odom,base_footprint,2.117274284362793,0.7714638113975525,-0.09795791157081074,0.00935803573520653,0.017014350317210276,-0.16794537007808685,2.164646625518799,0.8020739555358887,-0.08922474965764282,-0.0,0.0,0.05640141514865317,0.05640141514865317,0.00873316191316792,0.042621694220868485,0.0315268732938066,0.01746632382633584,0.05640141514865317,1790847048.738,imu_frame,10.24538803100586,0.016078835353255272,0.01766864199998963,progress=0.7142;speed=0.0000;settled=False
7379.438366,control_sample,settle,6,return,1790847049.062,odom,base_footprint,2.117274284362793,0.7714638113975525,-0.09795791157081074,0.00935803573520653,0.017014350317210276,-0.16794537007808685,2.164646625518799,0.8020739555358887,-0.08922474965764282,-0.0,0.0,0.05640141514865317,0.05640141514865317,0.00873316191316792,0.042621694220868485,0.0315268732938066,0.01746632382633584,0.05640141514865317,1790847048.738,imu_frame,10.24538803100586,0.016078835353255272,0.03767160400002467,progress=0.7142;speed=0.0000;settled=False
7379.458241,control_sample,settle,6,return,1790847049.126,odom,base_footprint,2.118051528930664,0.7726991772651672,-0.10968355054088236,0.01237038881346612,0.019158746170554623,-0.18321312963962555,2.164646625518799,0.8020739555358887,-0.08922474965764282,-0.0,0.0,0.05508158153604212,0.05508158153604212,0.020458800883239536,0.04105985028517617,0.030219188094967295,0.04091760176647907,0.05508158153604212,1790847048.738,imu_frame,10.24538803100586,0.016078835353255272,0.05765130100007809,progress=0.7142;speed=0.0000;settled=False
7379.459172,imu_sample,,,,1790847048.792,,,,,,,,,,,,,,,,,,,,,1790847048.792,imu_frame,10.537480354309082,-0.085121288895607,0.0,
7379.478492,control_sample,settle,6,return,1790847049.126,odom,base_footprint,2.118051528930664,0.7726991772651672,-0.10968355054088236,0.01237038881346612,0.019158746170554623,-0.18321312963962555,2.164646625518799,0.8020739555358887,-0.08922474965764282,-0.0,0.0,0.05508158153604212,0.05508158153604212,0.020458800883239536,0.04105985028517617,0.030219188094967295,0.04091760176647907,0.05508158153604212,1790847048.792,imu_frame,10.537480354309082,-0.085121288895607,0.01792097100042156,progress=0.7142;speed=0.0000;settled=False
7379.498231,control_sample,settle,6,return,1790847049.126,odom,base_footprint,2.118051528930664,0.7726991772651672,-0.10968355054088236,0.01237038881346612,0.019158746170554623,-0.18321312963962555,2.164646625518799,0.8020739555358887,-0.08922474965764282,-0.0,0.0,0.05508158153604212,0.05508158153604212,0.020458800883239536,0.04105985028517617,0.030219188094967295,0.04091760176647907,0.05508158153604212,1790847048.792,imu_frame,10.537480354309082,-0.085121288895607,0.037913052000476455,progress=0.7142;speed=0.0000;settled=False
7379.499646,imu_sample,,,,1790847048.827,,,,,,,,,,,,,,,,,,,,,1790847048.827,imu_frame,9.3643217086792,-0.09683919697999954,0.0,
7379.518758,control_sample,settle,6,return,1790847049.126,odom,base_footprint,2.118051528930664,0.7726991772651672,-0.10968355054088236,0.01237038881346612,0.019158746170554623,-0.18321312963962555,2.164646625518799,0.8020739555358887,-0.08922474965764282,-0.0,0.0,0.05508158153604212,0.05508158153604212,0.020458800883239536,0.04105985028517617,0.030219188094967295,0.04091760176647907,0.05508158153604212,1790847048.827,imu_frame,9.3643217086792,-0.09683919697999954,0.017457466999985627,progress=0.7142;speed=0.0000;settled=False
7379.538463,control_sample,settle,6,return,1790847049.126,odom,base_footprint,2.118051528930664,0.7726991772651672,-0.10968355054088236,0.01237038881346612,0.019158746170554623,-0.18321312963962555,2.164646625518799,0.8020739555358887,-0.08922474965764282,-0.0,0.0,0.05508158153604212,0.05508158153604212,0.020458800883239536,0.04105985028517617,0.030219188094967295,0.04091760176647907,0.05508158153604212,1790847048.827,imu_frame,9.3643217086792,-0.09683919697999954,0.03748523000012938,progress=0.7142;speed=0.0000;settled=False
7379.558466,control_sample,settle,6,return,1790847049.234,odom,base_footprint,2.120178461074829,0.7744041681289673,-0.1278216569027187,0.019977560888983437,0.015427250624294554,-0.16794537007808685,2.164646625518799,0.8020739555358887,-0.08922474965764282,-0.0,0.0,0.05237398957650791,0.05237398957650791,0.03859690724507589,0.03700861274616621,0.029542982308173843,0.07719381449015178,0.05237398957650791,1790847048.827,imu_frame,9.3643217086792,-0.09683919697999954,0.05747289500050101,progress=0.7142;speed=0.0000;settled=False
7379.559616,imu_sample,,,,1790847048.921,,,,,,,,,,,,,,,,,,,,,1790847048.921,imu_frame,9.503185272216797,-0.22680145502090454,0.0,
7379.578713,control_sample,settle,6,return,1790847049.234,odom,base_footprint,2.120178461074829,0.7744041681289673,-0.1278216569027187,0.019977560888983437,0.015427250624294554,-0.16794537007808685,2.164646625518799,0.8020739555358887,-0.08922474965764282,-0.0,0.0,0.05237398957650791,0.05237398957650791,0.03859690724507589,0.03700861274616621,0.029542982308173843,0.07719381449015178,0.05237398957650791,1790847048.921,imu_frame,9.503185272216797,-0.22680145502090454,0.017479067000749637,progress=0.7142;speed=0.0000;settled=False
7379.598357,control_sample,settle,6,return,1790847049.234,odom,base_footprint,2.120178461074829,0.7744041681289673,-0.1278216569027187,0.019977560888983437,0.015427250624294554,-0.16794537007808685,2.164646625518799,0.8020739555358887,-0.08922474965764282,-0.0,0.0,0.05237398957650791,0.05237398957650791,0.03859690724507589,0.03700861274616621,0.029542982308173843,0.07719381449015178,0.05237398957650791,1790847048.921,imu_frame,9.503185272216797,-0.22680145502090454,0.03747914900031901,progress=0.7142;speed=0.0000;settled=False
7379.618705,control_sample,settle,6,return,1790847049.306,odom,base_footprint,2.1217756271362305,0.7753094434738159,-0.13881444693874612,0.022318326186129087,0.012328723120374092,-0.15267761051654816,2.164646625518799,0.8020739555358887,-0.08922474965764282,-0.0,0.0,0.050539703286020754,0.050539703286020754,0.049589697281103295,0.03467568518168932,0.029379417889461468,0.09917939456220659,0.050539703286020754,1790847048.921,imu_frame,9.503185272216797,-0.22680145502090454,0.05746697500035225,progress=0.7142;speed=0.0000;settled=False
7379.619863,imu_sample,,,,1790847048.965,,,,,,,,,,,,,,,,,,,,,1790847048.965,imu_frame,9.6803560256958,-0.2747383713722229,0.0,
7379.638823,control_sample,settle,6,return,1790847049.306,odom,base_footprint,2.1217756271362305,0.7753094434738159,-0.13881444693874612,0.022318326186129087,0.012328723120374092,-0.15267761051654816,2.164646625518799,0.8020739555358887,-0.08922474965764282,-0.0,0.0,0.050539703286020754,0.050539703286020754,0.049589697281103295,0.03467568518168932,0.029379417889461468,0.09917939456220659,0.050539703286020754,1790847048.965,imu_frame,9.6803560256958,-0.2747383713722229,0.017284051999922667,progress=0.7142;speed=0.0000;settled=False
7379.658750,control_sample,settle,6,return,1790847049.306,odom,base_footprint,2.1217756271362305,0.7753094434738159,-0.13881444693874612,0.022318326186129087,0.012328723120374092,-0.15267761051654816,2.164646625518799,0.8020739555358887,-0.08922474965764282,-0.0,0.0,0.050539703286020754,0.050539703286020754,0.049589697281103295,0.03467568518168932,0.029379417889461468,0.09917939456220659,0.050539703286020754,1790847048.965,imu_frame,9.6803560256958,-0.2747383713722229,0.037287045999619295,progress=0.7142;speed=0.0000;settled=False
7379.660569,imu_sample,,,,1790847048.979,,,,,,,,,,,,,,,,,,,,,1790847048.979,imu_frame,9.905410766601562,-0.045706503093242645,0.0,
7379.678915,control_sample,settle,6,return,1790847049.306,odom,base_footprint,2.1217756271362305,0.7753094434738159,-0.13881444693874612,0.022318326186129087,0.012328723120374092,-0.15267761051654816,2.164646625518799,0.8020739555358887,-0.08922474965764282,-0.0,0.0,0.050539703286020754,0.050539703286020754,0.049589697281103295,0.03467568518168932,0.029379417889461468,0.09917939456220659,0.050539703286020754,1790847048.979,imu_frame,9.905410766601562,-0.045706503093242645,0.0165567000003648,progress=0.7142;speed=0.0000;settled=False
7379.698826,control_sample,settle,6,return,1790847049.306,odom,base_footprint,2.1217756271362305,0.7753094434738159,-0.13881444693874612,0.022318326186129087,0.012328723120374092,-0.15267761051654816,2.164646625518799,0.8020739555358887,-0.08922474965764282,-0.0,0.0,0.050539703286020754,0.050539703286020754,0.049589697281103295,0.03467568518168932,0.029379417889461468,0.09917939456220659,0.050539703286020754,1790847048.979,imu_frame,9.905410766601562,-0.045706503093242645,0.036543117000292114,progress=0.7142;speed=0.0000;settled=False
7379.718738,control_sample,settle,6,return,1790847049.398,odom,base_footprint,2.1233816146850586,0.776521623134613,-0.14165425544574986,0.017304893588541308,0.012985236408488594,-0.03053552284836769,2.164646625518799,0.8020739555358887,-0.08922474965764282,-0.0,0.0,0.04853578896292899,0.04853578896292899,0.052429505788107046,0.034184529473414695,0.028062571226320904,0.10485901157621409,0.04853578896292899,1790847048.979,imu_frame,9.905410766601562,-0.045706503093242645,0.05653122999956395,progress=0.7142;speed=0.0000;settled=False
7379.719916,imu_sample,,,,1790847049.07,,,,,,,,,,,,,,,,,,,,,1790847049.07,imu_frame,9.642048835754395,-0.0073569826781749725,0.0,
7379.738924,control_sample,settle,6,return,1790847049.398,odom,base_footprint,2.1233816146850586,0.776521623134613,-0.14165425544574986,0.017304893588541308,0.012985236408488594,-0.03053552284836769,2.164646625518799,0.8020739555358887,-0.08922474965764282,-0.0,0.0,0.04853578896292899,0.04853578896292899,0.052429505788107046,0.034184529473414695,0.028062571226320904,0.10485901157621409,0.04853578896292899,1790847049.07,imu_frame,9.642048835754395,-0.0073569826781749725,0.01720740900054807,progress=0.7142;speed=0.0000;settled=False
7379.758918,control_sample,settle,6,return,1790847049.398,odom,base_footprint,2.1233816146850586,0.776521623134613,-0.14165425544574986,0.017304893588541308,0.012985236408488594,-0.03053552284836769,2.164646625518799,0.8020739555358887,-0.08922474965764282,-0.0,0.0,0.04853578896292899,0.04853578896292899,0.052429505788107046,0.034184529473414695,0.028062571226320904,0.10485901157621409,0.04853578896292899,1790847049.07,imu_frame,9.642048835754395,-0.0073569826781749725,0.037235268000586075,progress=0.7142;speed=0.0000;settled=False
7379.760853,imu_sample,,,,1790847049.105,,,,,,,,,,,,,,,,,,,,,1790847049.105,imu_frame,9.584588050842285,-0.14158029854297638,0.0,
7379.778704,control_sample,settle,6,return,1790847049.398,odom,base_footprint,2.1233816146850586,0.776521623134613,-0.14165425544574986,0.017304893588541308,0.012985236408488594,-0.03053552284836769,2.164646625518799,0.8020739555358887,-0.08922474965764282,-0.0,0.0,0.04853578896292899,0.04853578896292899,0.052429505788107046,0.034184529473414695,0.028062571226320904,0.10485901157621409,0.04853578896292899,1790847049.105,imu_frame,9.584588050842285,-0.14158029854297638,0.016257552999377367,progress=0.7142;speed=0.0000;settled=False
7379.802201,control_sample,settle,6,return,1790847049.398,odom,base_footprint,2.1233816146850586,0.776521623134613,-0.14165425544574986,0.017304893588541308,0.012985236408488594,-0.03053552284836769,2.164646625518799,0.8020739555358887,-0.08922474965764282,-0.0,0.0,0.04853578896292899,0.04853578896292899,0.052429505788107046,0.034184529473414695,0.028062571226320904,0.10485901157621409,0.04853578896292899,1790847049.105,imu_frame,9.584588050842285,-0.14158029854297638,0.03724912500001665,progress=0.7142;speed=0.0000;settled=False
7379.805252,imu_sample,,,,1790847049.138,,,,,,,,,,,,,,,,,,,,,1790847049.138,imu_frame,9.824007987976074,-0.3269363045692444,0.0,
7379.818951,control_sample,settle,6,return,1790847049.398,odom,base_footprint,2.1233816146850586,0.776521623134613,-0.14165425544574986,0.017304893588541308,0.012985236408488594,-0.03053552284836769,2.164646625518799,0.8020739555358887,-0.08922474965764282,-0.0,0.0,0.04853578896292899,0.04853578896292899,0.052429505788107046,0.034184529473414695,0.028062571226320904,0.10485901157621409,0.04853578896292899,1790847049.138,imu_frame,9.824007987976074,-0.3269363045692444,0.011877498000103515,progress=0.7142;speed=0.0000;settled=False
7379.838971,control_sample,settle,6,return,1790847049.398,odom,base_footprint,2.1233816146850586,0.776521623134613,-0.14165425544574986,0.017304893588541308,0.012985236408488594,-0.03053552284836769,2.164646625518799,0.8020739555358887,-0.08922474965764282,-0.0,0.0,0.04853578896292899,0.04853578896292899,0.052429505788107046,0.034184529473414695,0.028062571226320904,0.10485901157621409,0.04853578896292899,1790847049.138,imu_frame,9.824007987976074,-0.3269363045692444,0.031880683999588655,progress=0.7142;speed=0.0000;settled=False
7379.858848,control_sample,settle,6,return,1790847049.521,odom,base_footprint,2.1265742778778076,0.7789173722267151,-0.14353219012363092,0.025993872728873768,0.019429074106066743,-0.015267756767570972,2.164646625518799,0.8020739555358887,-0.08922474965764282,-0.0,0.0,0.04456154177596625,0.04456154177596625,0.054307440465988094,0.029779043571104287,0.02377483733179625,0.10861488093197619,0.04456154177596625,1790847049.138,imu_frame,9.824007987976074,-0.3269363045692444,0.05185308499949315,progress=0.7142;speed=0.0000;settled=False
7379.860171,imu_sample,,,,1790847049.201,,,,,,,,,,,,,,,,,,,,,1790847049.201,imu_frame,9.70429801940918,-0.31415313482284546,0.0,
7379.878833,control_sample,settle,6,return,1790847049.521,odom,base_footprint,2.1265742778778076,0.7789173722267151,-0.14353219012363092,0.025993872728873768,0.019429074106066743,-0.015267756767570972,2.164646625518799,0.8020739555358887,-0.08922474965764282,-0.0,0.0,0.04456154177596625,0.04456154177596625,0.054307440465988094,0.029779043571104287,0.02377483733179625,0.10861488093197619,0.04456154177596625,1790847049.201,imu_frame,9.70429801940918,-0.31415313482284546,0.016939943999204843,progress=0.7142;speed=0.0000;settled=False
7379.898772,control_sample,settle,6,return,1790847049.521,odom,base_footprint,2.1265742778778076,0.7789173722267151,-0.14353219012363092,0.025993872728873768,0.019429074106066743,-0.015267756767570972,2.164646625518799,0.8020739555358887,-0.08922474965764282,-0.0,0.0,0.04456154177596625,0.04456154177596625,0.054307440465988094,0.029779043571104287,0.02377483733179625,0.10861488093197619,0.04456154177596625,1790847049.201,imu_frame,9.70429801940918,-0.31415313482284546,0.03695516299922019,progress=0.7142;speed=0.0000;settled=False
7379.918896,control_sample,settle,6,return,1790847049.578,odom,base_footprint,2.1280558109283447,0.7800248265266418,-0.142661925179218,0.025976954445538103,0.01945168830200502,0.015267756767570972,2.164646625518799,0.8020739555358887,-0.08922474965764282,-0.0,0.0,0.042720625024212824,0.042720625024212824,0.053437175521575175,0.028494689012718302,0.022438071011262467,0.10687435104315035,0.042720625024212824,1790847049.201,imu_frame,9.70429801940918,-0.31415313482284546,0.05696385299961548,progress=0.7142;speed=0.0000;settled=False
7379.920350,imu_sample,,,,1790847049.258,,,,,,,,,,,,,,,,,,,,,1790847049.258,imu_frame,9.565434455871582,-0.0009653959423303604,0.0,
7379.938814,control_sample,settle,6,return,1790847049.578,odom,base_footprint,2.1280558109283447,0.7800248265266418,-0.142661925179218,0.025976954445538103,0.01945168830200502,0.015267756767570972,2.164646625518799,0.8020739555358887,-0.08922474965764282,-0.0,0.0,0.042720625024212824,0.042720625024212824,0.053437175521575175,0.028494689012718302,0.022438071011262467,0.10687435104315035,0.042720625024212824,1790847049.258,imu_frame,9.565434455871582,-0.0009653959423303604,0.016799938999611186,progress=0.7142;speed=0.0000;settled=False
7379.958987,control_sample,settle,6,return,1790847049.578,odom,base_footprint,2.1280558109283447,0.7800248265266418,-0.142661925179218,0.025976954445538103,0.01945168830200502,0.015267756767570972,2.164646625518799,0.8020739555358887,-0.08922474965764282,-0.0,0.0,0.042720625024212824,0.042720625024212824,0.053437175521575175,0.028494689012718302,0.022438071011262467,0.10687435104315035,0.042720625024212824,1790847049.258,imu_frame,9.565434455871582,-0.0009653959423303604,0.036798452999391884,progress=0.7142;speed=0.0000;settled=False
7379.978844,control_sample,settle,6,return,1790847049.667,odom,base_footprint,2.131103754043579,0.7823071479797363,-0.13997480237374263,0.03456612219770781,0.026028561677384987,0.030535519123077393,2.164646625518799,0.8020739555358887,-0.08922474965764282,-0.0,0.0,0.03893393003236471,0.03893393003236471,0.05075005271609981,0.024337658829982702,0.018134000053649006,0.10150010543219962,0.03893393003236471,1790847049.258,imu_frame,9.565434455871582,-0.0009653959423303604,0.05676608599969768,progress=0.7142;speed=0.0000;settled=False
7379.980122,imu_sample,,,,1790847049.298,,,,,,,,,,,,,,,,,,,,,1790847049.298,imu_frame,10.140042304992676,-0.04357597231864929,0.0,
7379.998746,control_sample,settle,6,return,1790847049.667,odom,base_footprint,2.131103754043579,0.7823071479797363,-0.13997480237374263,0.03456612219770781,0.026028561677384987,0.030535519123077393,2.164646625518799,0.8020739555358887,-0.08922474965764282,-0.0,0.0,0.03893393003236471,0.03893393003236471,0.05075005271609981,0.024337658829982702,0.018134000053649006,0.10150010543219962,0.03893393003236471,1790847049.298,imu_frame,10.140042304992676,-0.04357597231864929,0.016981738000140467,progress=0.7142;speed=0.0000;settled=False
7380.018740,control_sample,settle,6,return,1790847049.667,odom,base_footprint,2.131103754043579,0.7823071479797363,-0.13997480237374263,0.03456612219770781,0.026028561677384987,0.030535519123077393,2.164646625518799,0.8020739555358887,-0.08922474965764282,-0.0,0.0,0.03893393003236471,0.03893393003236471,0.05075005271609981,0.024337658829982702,0.018134000053649006,0.10150010543219962,0.03893393003236471,1790847049.298,imu_frame,10.140042304992676,-0.04357597231864929,0.036990139999943494,progress=0.7142;speed=0.0000;settled=False
7380.020622,imu_sample,,,,1790847049.346,,,,,,,,,,,,,,,,,,,,,1790847049.346,imu_frame,9.833584785461426,-0.16714665293693542,0.0,
7380.039595,control_sample,settle,6,return,1790847049.667,odom,base_footprint,2.131103754043579,0.7823071479797363,-0.13997480237374263,0.03456612219770781,0.026028561677384987,0.030535519123077393,2.164646625518799,0.8020739555358887,-0.08922474965764282,-0.0,0.0,0.03893393003236471,0.03893393003236471,0.05075005271609981,0.024337658829982702,0.018134000053649006,0.10150010543219962,0.03893393003236471,1790847049.346,imu_frame,9.833584785461426,-0.16714665293693542,0.016491383999891696,progress=0.7142;speed=0.0000;settled=False
7380.058788,control_sample,settle,6,return,1790847049.667,odom,base_footprint,2.131103754043579,0.7823071479797363,-0.13997480237374263,0.03456612219770781,0.026028561677384987,0.030535519123077393,2.164646625518799,0.8020739555358887,-0.08922474965764282,-0.0,0.0,0.03893393003236471,0.03893393003236471,0.05075005271609981,0.024337658829982702,0.018134000053649006,0.10150010543219962,0.03893393003236471,1790847049.346,imu_frame,9.833584785461426,-0.16714665293693542,0.03649172199948225,progress=0.7142;speed=0.0000;settled=False
7380.078758,control_sample,settle,6,return,1790847049.762,odom,base_footprint,2.134145498275757,0.784597635269165,-0.1385090992314737,0.031650607726958456,0.023905931456092072,0.01526776235550642,2.164646625518799,0.8020739555358887,-0.08922474965764282,-0.0,0.0,0.03515310133062705,0.03515310133062705,0.04928434957383088,0.022186743966705058,0.015910761617463413,0.09856869914766175,0.03515310133062705,1790847049.346,imu_frame,9.833584785461426,-0.16714665293693542,0.056491100000130245,progress=0.7142;speed=0.0000;settled=False
7380.080358,imu_sample,,,,1790847049.382,,,,,,,,,,,,,,,,,,,,,1790847049.382,imu_frame,9.804854393005371,-0.09364340454339981,0.0,
7380.098865,control_sample,settle,6,return,1790847049.762,odom,base_footprint,2.134145498275757,0.784597635269165,-0.1385090992314737,0.031650607726958456,0.023905931456092072,0.01526776235550642,2.164646625518799,0.8020739555358887,-0.08922474965764282,-0.0,0.0,0.03515310133062705,0.03515310133062705,0.04928434957383088,0.022186743966705058,0.015910761617463413,0.09856869914766175,0.03515310133062705,1790847049.382,imu_frame,9.804854393005371,-0.09364340454339981,0.01677693100009492,progress=0.7142;speed=0.0000;settled=False
7380.118804,control_sample,settle,6,return,1790847049.762,odom,base_footprint,2.134145498275757,0.784597635269165,-0.1385090992314737,0.031650607726958456,0.023905931456092072,0.01526776235550642,2.164646625518799,0.8020739555358887,-0.08922474965764282,-0.0,0.0,0.03515310133062705,0.03515310133062705,0.04928434957383088,0.022186743966705058,0.015910761617463413,0.09856869914766175,0.03515310133062705,1790847049.382,imu_frame,9.804854393005371,-0.09364340454339981,0.036764755999683985,progress=0.7142;speed=0.0000;settled=False
7380.121082,imu_sample,,,,1790847049.485,,,,,,,,,,,,,,,,,,,,,1790847049.485,imu_frame,9.316437721252441,0.03844938799738884,0.0,
7380.138220,control_sample,settle,6,return,1790847049.762,odom,base_footprint,2.134145498275757,0.784597635269165,-0.1385090992314737,0.031650607726958456,0.023905931456092072,0.01526776235550642,2.164646625518799,0.8020739555358887,-0.08922474965764282,-0.0,0.0,0.03515310133062705,0.03515310133062705,0.04928434957383088,0.022186743966705058,0.015910761617463413,0.09856869914766175,0.03515310133062705,1790847049.485,imu_frame,9.316437721252441,0.03844938799738884,0.01602138499947614,progress=0.7142;speed=0.0000;settled=False
7380.158476,control_sample,settle,6,return,1790847049.762,odom,base_footprint,2.134145498275757,0.784597635269165,-0.1385090992314737,0.031650607726958456,0.023905931456092072,0.01526776235550642,2.164646625518799,0.8020739555358887,-0.08922474965764282,-0.0,0.0,0.03515310133062705,0.03515310133062705,0.04928434957383088,0.022186743966705058,0.015910761617463413,0.09856869914766175,0.03515310133062705,1790847049.485,imu_frame,9.316437721252441,0.03844938799738884,0.03601576999972167,progress=0.7142;speed=0.0000;settled=False
7380.178797,control_sample,settle,6,return,1790847049.846,odom,base_footprint,2.136713981628418,0.7861626148223877,-0.1372418767265338,0.030922625584391152,0.018894537746432245,0.015267761424183846,2.164646625518799,0.8020739555358887,-0.08922474965764282,-0.0,0.0,0.03214659170126664,0.03214659170126664,0.04801712706889097,0.019883767759565317,0.014993744840905513,0.09603425413778194,0.03214659170126664,1790847049.485,imu_frame,9.316437721252441,0.03844938799738884,0.05601412399937544,progress=0.7142;speed=0.0000;settled=False
7380.180348,imu_sample,,,,1790847049.529,,,,,,,,,,,,,,,,,,,,,1790847049.529,imu_frame,9.713874816894531,0.09064734727144241,0.0,
7380.198521,control_sample,settle,6,return,1790847049.846,odom,base_footprint,2.136713981628418,0.7861626148223877,-0.1372418767265338,0.030922625584391152,0.018894537746432245,0.015267761424183846,2.164646625518799,0.8020739555358887,-0.08922474965764282,-0.0,0.0,0.03214659170126664,0.03214659170126664,0.04801712706889097,0.019883767759565317,0.014993744840905513,0.09603425413778194,0.03214659170126664,1790847049.529,imu_frame,9.713874816894531,0.09064734727144241,0.01676681900062249,progress=0.7142;speed=0.0000;settled=False
7380.218536,control_sample,settle,6,return,1790847049.846,odom,base_footprint,2.136713981628418,0.7861626148223877,-0.1372418767265338,0.030922625584391152,0.018894537746432245,0.015267761424183846,2.164646625518799,0.8020739555358887,-0.08922474965764282,-0.0,0.0,0.03214659170126664,0.03214659170126664,0.04801712706889097,0.019883767759565317,0.014993744840905513,0.09603425413778194,0.03214659170126664,1790847049.529,imu_frame,9.713874816894531,0.09064734727144241,0.03677538100055244,progress=0.7142;speed=0.0000;settled=False
7380.220257,imu_sample,,,,1790847049.538,,,,,,,,,,,,,,,,,,,,,1790847049.538,imu_frame,9.876680374145508,0.19078220427036285,0.0,
7380.238938,control_sample,settle,6,return,1790847049.846,odom,base_footprint,2.136713981628418,0.7861626148223877,-0.1372418767265338,0.030922625584391152,0.018894537746432245,0.015267761424183846,2.164646625518799,0.8020739555358887,-0.08922474965764282,-0.0,0.0,0.03214659170126664,0.03214659170126664,0.04801712706889097,0.019883767759565317,0.014993744840905513,0.09603425413778194,0.03214659170126664,1790847049.538,imu_frame,9.876680374145508,0.19078220427036285,0.016895206999834045,progress=0.7142;speed=0.0000;settled=False
7380.258905,control_sample,settle,6,return,1790847049.846,odom,base_footprint,2.136713981628418,0.7861626148223877,-0.1372418767265338,0.030922625584391152,0.018894537746432245,0.015267761424183846,2.164646625518799,0.8020739555358887,-0.08922474965764282,-0.0,0.0,0.03214659170126664,0.03214659170126664,0.04801712706889097,0.019883767759565317,0.014993744840905513,0.09603425413778194,0.03214659170126664,1790847049.538,imu_frame,9.876680374145508,0.19078220427036285,0.036871960000098625,progress=0.7142;speed=0.0000;settled=False
7380.279647,control_sample,settle,6,return,1790847049.938,odom,base_footprint,2.1389174461364746,0.7882519960403442,-0.13156226526923162,0.023566248322836623,0.022600982183937315,0.06107104569673538,2.164646625518799,0.8020739555358887,-0.08922474965764282,-0.0,0.0,0.029206801193973442,0.029206801193973442,0.0423375156115888,0.019614079631415454,0.011978312824243935,0.0846750312231776,0.029206801193973442,1790847049.538,imu_frame,9.876680374145508,0.19078220427036285,0.05720075699991867,progress=0.7142;speed=0.0000;settled=False
7380.280942,imu_sample,,,,1790847049.623,,,,,,,,,,,,,,,,,,,,,1790847049.623,imu_frame,9.632472038269043,-0.09577393531799316,0.0,
7380.298747,control_sample,settle,6,return,1790847049.938,odom,base_footprint,2.1389174461364746,0.7882519960403442,-0.13156226526923162,0.023566248322836623,0.022600982183937315,0.06107104569673538,2.164646625518799,0.8020739555358887,-0.08922474965764282,-0.0,0.0,0.029206801193973442,0.029206801193973442,0.0423375156115888,0.019614079631415454,0.011978312824243935,0.0846750312231776,0.029206801193973442,1790847049.623,imu_frame,9.632472038269043,-0.09577393531799316,0.016167437999683898,progress=0.7142;speed=0.0000;settled=False
7380.318684,control_sample,settle,6,return,1790847049.938,odom,base_footprint,2.1389174461364746,0.7882519960403442,-0.13156226526923162,0.023566248322836623,0.022600982183937315,0.06107104569673538,2.164646625518799,0.8020739555358887,-0.08922474965764282,-0.0,0.0,0.029206801193973442,0.029206801193973442,0.0423375156115888,0.019614079631415454,0.011978312824243935,0.0846750312231776,0.029206801193973442,1790847049.623,imu_frame,9.632472038269043,-0.09577393531799316,0.036165151999739464,progress=0.7142;speed=0.0000;settled=False
7380.320533,imu_sample,,,,1790847049.659,,,,,,,,,,,,,,,,,,,,,1790847049.659,imu_frame,9.292495727539062,-0.08405601978302002,0.0,
7380.338940,control_sample,settle,6,return,1790847049.938,odom,base_footprint,2.1389174461364746,0.7882519960403442,-0.13156226526923162,0.023566248322836623,0.022600982183937315,0.06107104569673538,2.164646625518799,0.8020739555358887,-0.08922474965764282,-0.0,0.0,0.029206801193973442,0.029206801193973442,0.0423375156115888,0.019614079631415454,0.011978312824243935,0.0846750312231776,0.029206801193973442,1790847049.659,imu_frame,9.292495727539062,-0.08405601978302002,0.016614717000265955,progress=0.7142;speed=0.0000;settled=False
7380.359037,control_sample,settle,6,return,1790847049.938,odom,base_footprint,2.1389174461364746,0.7882519960403442,-0.13156226526923162,0.023566248322836623,0.022600982183937315,0.06107104569673538,2.164646625518799,0.8020739555358887,-0.08922474965764282,-0.0,0.0,0.029206801193973442,0.029206801193973442,0.0423375156115888,0.019614079631415454,0.011978312824243935,0.0846750312231776,0.029206801193973442,1790847049.659,imu_frame,9.292495727539062,-0.08405601978302002,0.03658497400010674,progress=0.7142;speed=0.0000;settled=False
7380.378878,control_sample,settle,6,return,1790847050.041,odom,base_footprint,2.141570568084717,0.7902851104736328,-0.1236993656714529,0.025603452514183705,0.01994075122501308,0.07633879780769348,2.164646625518799,0.8020739555358887,-0.08922474965764282,-0.0,0.0,0.025912956114710783,0.025912956114710783,0.034474616013810085,0.01685568765212922,0.009956497127074214,0.06894923202762017,0.025912956114710783,1790847049.659,imu_frame,9.292495727539062,-0.08405601978302002,0.056600417000481684,progress=0.7142;speed=0.0000;settled=False
7380.380150,imu_sample,,,,1790847049.698,,,,,,,,,,,,,,,,,,,,,1790847049.698,imu_frame,10.163984298706055,-0.0478370301425457,0.0,
7380.398889,control_sample,settle,6,return,1790847050.041,odom,base_footprint,2.141570568084717,0.7902851104736328,-0.1236993656714529,0.025603452514183705,0.01994075122501308,0.07633879780769348,2.164646625518799,0.8020739555358887,-0.08922474965764282,-0.0,0.0,0.025912956114710783,0.025912956114710783,0.034474616013810085,0.01685568765212922,0.009956497127074214,0.06894923202762017,0.025912956114710783,1790847049.698,imu_frame,10.163984298706055,-0.0478370301425457,0.016989577999993344,progress=0.7142;speed=0.0000;settled=False
7380.418862,control_sample,settle,6,return,1790847050.041,odom,base_footprint,2.141570568084717,0.7902851104736328,-0.1236993656714529,0.025603452514183705,0.01994075122501308,0.07633879780769348,2.164646625518799,0.8020739555358887,-0.08922474965764282,-0.0,0.0,0.025912956114710783,0.025912956114710783,0.034474616013810085,0.01685568765212922,0.009956497127074214,0.06894923202762017,0.025912956114710783,1790847049.698,imu_frame,10.163984298706055,-0.0478370301425457,0.0369864599997527,progress=0.7142;speed=0.0000;settled=False
7380.438878,control_sample,settle,6,return,1790847050.118,odom,base_footprint,2.1424951553344727,0.791357159614563,-0.11664566424727829,0.011909993871462013,0.01400738056792619,0.09160656481981277,2.164646625518799,0.8020739555358887,-0.08922474965764282,-0.0,0.0,0.024607668441899044,0.024607668441899044,0.02742091458963547,0.01871393461790016,0.010162329388870876,0.05484182917927094,0.024607668441899044,1790847049.698,imu_frame,10.163984298706055,-0.0478370301425457,0.05698180499985028,progress=0.7142;speed=0.0000;settled=False
7380.440213,imu_sample,,,,1790847049.807,,,,,,,,,,,,,,,,,,,,,1790847049.807,imu_frame,10.183138847351074,-0.04357597231864929,0.0,
7380.458890,control_sample,settle,6,return,1790847050.118,odom,base_footprint,2.1424951553344727,0.791357159614563,-0.11664566424727829,0.011909993871462013,0.01400738056792619,0.09160656481981277,2.164646625518799,0.8020739555358887,-0.08922474965764282,-0.0,0.0,0.024607668441899044,0.024607668441899044,0.02742091458963547,0.01871393461790016,0.010162329388870876,0.05484182917927094,0.024607668441899044,1790847049.807,imu_frame,10.183138847351074,-0.04357597231864929,0.01692468000055669,progress=0.7142;speed=0.0000;settled=False
7380.478858,control_sample,settle,6,return,1790847050.118,odom,base_footprint,2.1424951553344727,0.791357159614563,-0.11664566424727829,0.011909993871462013,0.01400738056792619,0.09160656481981277,2.164646625518799,0.8020739555358887,-0.08922474965764282,-0.0,0.0,0.024607668441899044,0.024607668441899044,0.02742091458963547,0.01871393461790016,0.010162329388870876,0.05484182917927094,0.024607668441899044,1790847049.807,imu_frame,10.183138847351074,-0.04357597231864929,0.03692117800073902,progress=0.7142;speed=0.0000;settled=False
7380.480829,imu_sample,,,,1790847049.818,,,,,,,,,,,,,,,,,,,,,1790847049.818,imu_frame,9.77133560180664,0.07573364675045013,0.0,
7380.498519,control_sample,settle,6,return,1790847050.118,odom,base_footprint,2.1424951553344727,0.791357159614563,-0.11664566424727829,0.011909993871462013,0.01400738056792619,0.09160656481981277,2.164646625518799,0.8020739555358887,-0.08922474965764282,-0.0,0.0,0.024607668441899044,0.024607668441899044,0.02742091458963547,0.01871393461790016,0.010162329388870876,0.05484182917927094,0.024607668441899044,1790847049.818,imu_frame,9.77133560180664,0.07573364675045013,0.016329971000232035,progress=0.7142;speed=0.0000;settled=False
7380.518627,control_sample,settle,6,return,1790847050.118,odom,base_footprint,2.1424951553344727,0.791357159614563,-0.11664566424727829,0.011909993871462013,0.01400738056792619,0.09160656481981277,2.164646625518799,0.8020739555358887,-0.08922474965764282,-0.0,0.0,0.024607668441899044,0.024607668441899044,0.02742091458963547,0.01871393461790016,0.010162329388870876,0.05484182917927094,0.024607668441899044,1790847049.818,imu_frame,9.77133560180664,0.07573364675045013,0.036260483000660315,progress=0.7142;speed=0.0000;settled=False
7380.538899,control_sample,settle,6,return,1790847050.218,odom,base_footprint,2.1436266899108887,0.7922514081001282,-0.11053855801954446,0.01126169206901297,0.009011545473854108,0.06107104569673538,2.164646625518799,0.8020739555358887,-0.08922474965764282,-0.0,0.0,0.02320172689884213,0.02320172689884213,0.021313808361901637,0.017768314124916827,0.010041610460719736,0.042627616723803274,0.02320172689884213,1790847049.818,imu_frame,9.77133560180664,0.07573364675045013,0.056306966000192915,progress=0.7142;speed=0.0000;settled=False
7380.540255,imu_sample,,,,1790847049.858,,,,,,,,,,,,,,,,,,,,,1790847049.858,imu_frame,9.804854393005371,-0.06914231926202774,0.0,
7380.558262,control_sample,settle,6,return,1790847050.218,odom,base_footprint,2.1436266899108887,0.7922514081001282,-0.11053855801954446,0.01126169206901297,0.009011545473854108,0.06107104569673538,2.164646625518799,0.8020739555358887,-0.08922474965764282,-0.0,0.0,0.02320172689884213,0.02320172689884213,0.021313808361901637,0.017768314124916827,0.010041610460719736,0.042627616723803274,0.02320172689884213,1790847049.858,imu_frame,9.804854393005371,-0.06914231926202774,0.016871110000465706,progress=0.7142;speed=0.0000;settled=False
7380.578765,control_sample,settle,6,return,1790847050.218,odom,base_footprint,2.1436266899108887,0.7922514081001282,-0.11053855801954446,0.01126169206901297,0.009011545473854108,0.06107104569673538,2.164646625518799,0.8020739555358887,-0.08922474965764282,-0.0,0.0,0.02320172689884213,0.02320172689884213,0.021313808361901637,0.017768314124916827,0.010041610460719736,0.042627616723803274,0.02320172689884213,1790847049.858,imu_frame,9.804854393005371,-0.06914231926202774,0.03685298300024442,progress=0.7142;speed=0.0000;settled=False
7380.580617,imu_sample,,,,1790847049.902,,,,,,,,,,,,,,,,,,,,,1790847049.902,imu_frame,10.671555519104004,0.09171260893344879,0.0,
7380.598671,control_sample,settle,6,return,1790847050.218,odom,base_footprint,2.1436266899108887,0.7922514081001282,-0.11053855801954446,0.01126169206901297,0.009011545473854108,0.06107104569673538,2.164646625518799,0.8020739555358887,-0.08922474965764282,-0.0,0.0,0.02320172689884213,0.02320172689884213,0.021313808361901637,0.017768314124916827,0.010041610460719736,0.042627616723803274,0.02320172689884213,1790847049.902,imu_frame,10.671555519104004,0.09171260893344879,0.016481208000186598,progress=0.7142;speed=0.0000;settled=False
7380.618535,control_sample,settle,6,return,1790847050.218,odom,base_footprint,2.1436266899108887,0.7922514081001282,-0.11053855801954446,0.01126169206901297,0.009011545473854108,0.06107104569673538,2.164646625518799,0.8020739555358887,-0.08922474965764282,-0.0,0.0,0.02320172689884213,0.02320172689884213,0.021313808361901637,0.017768314124916827,0.010041610460719736,0.042627616723803274,0.02320172689884213,1790847049.902,imu_frame,10.671555519104004,0.09171260893344879,0.0364978349998637,progress=0.7142;speed=0.0000;settled=False
7380.638357,control_sample,settle,6,return,1790847050.322,odom,base_footprint,2.1450767517089844,0.7934116721153259,-0.1058208226979776,0.014023816274467802,0.011330718549819154,0.04580328240990639,2.164646625518799,0.8020739555358887,-0.08922474965764282,-0.0,0.0,0.021401287694674306,0.021401287694674306,0.016596073040334777,0.01599574762322353,0.008131149555281783,0.03319214608066955,0.021401287694674306,1790847049.902,imu_frame,10.671555519104004,0.09171260893344879,0.05652098999962618,progress=0.7142;speed=0.0000;settled=False
7380.639542,imu_sample,,,,1790847049.946,,,,,,,,,,,,,,,,,,,,,1790847049.946,imu_frame,9.958083152770996,0.10662631690502167,0.0,
7380.658115,control_sample,settle,6,return,1790847050.322,odom,base_footprint,2.1450767517089844,0.7934116721153259,-0.1058208226979776,0.014023816274467802,0.011330718549819154,0.04580328240990639,2.164646625518799,0.8020739555358887,-0.08922474965764282,-0.0,0.0,0.021401287694674306,0.021401287694674306,0.016596073040334777,0.01599574762322353,0.008131149555281783,0.03319214608066955,0.021401287694674306,1790847049.946,imu_frame,9.958083152770996,0.10662631690502167,0.01756543800001964,progress=0.7142;speed=0.0000;settled=False
7380.678058,control_sample,settle,6,return,1790847050.322,odom,base_footprint,2.1450767517089844,0.7934116721153259,-0.1058208226979776,0.014023816274467802,0.011330718549819154,0.04580328240990639,2.164646625518799,0.8020739555358887,-0.08922474965764282,-0.0,0.0,0.021401287694674306,0.021401287694674306,0.016596073040334777,0.01599574762322353,0.008131149555281783,0.03319214608066955,0.021401287694674306,1790847049.946,imu_frame,9.958083152770996,0.10662631690502167,0.037547375000031025,progress=0.7142;speed=0.0000;settled=False
7380.698803,control_sample,settle,6,return,1790847050.386,odom,base_footprint,2.146153688430786,0.7942818999290466,-0.1038665477251858,0.016801974584595494,0.013629723282359143,0.03053552284836769,2.164646625518799,0.8020739555358887,-0.08922474965764282,-0.0,0.0,0.020067507386850862,0.020067507386850862,0.014641798067542981,0.01452573479571783,0.006607748585248938,0.029283596135085962,0.020067507386850862,1790847049.946,imu_frame,9.958083152770996,0.10662631690502167,0.05755411300015112,progress=0.7142;speed=0.0000;settled=False
7380.699966,imu_sample,,,,1790847050.049,,,,,,,,,,,,,,,,,,,,,1790847050.049,imu_frame,9.718663215637207,-0.03611912205815315,0.0,
7380.718725,control_sample,settle,6,return,1790847050.386,odom,base_footprint,2.146153688430786,0.7942818999290466,-0.1038665477251858,0.016801974584595494,0.013629723282359143,0.03053552284836769,2.164646625518799,0.8020739555358887,-0.08922474965764282,-0.0,0.0,0.020067507386850862,0.020067507386850862,0.014641798067542981,0.01452573479571783,0.006607748585248938,0.029283596135085962,0.020067507386850862,1790847050.049,imu_frame,9.718663215637207,-0.03611912205815315,0.017150063999906706,progress=0.7142;speed=0.0000;settled=False
7380.738859,control_sample,settle,6,return,1790847050.386,odom,base_footprint,2.146153688430786,0.7942818999290466,-0.1038665477251858,0.016801974584595494,0.013629723282359143,0.03053552284836769,2.164646625518799,0.8020739555358887,-0.08922474965764282,-0.0,0.0,0.020067507386850862,0.020067507386850862,0.014641798067542981,0.01452573479571783,0.006607748585248938,0.029283596135085962,0.020067507386850862,1790847050.049,imu_frame,9.718663215637207,-0.03611912205815315,0.037156162000428594,progress=0.7142;speed=0.0000;settled=False
7380.740852,imu_sample,,,,1790847050.086,,,,,,,,,,,,,,,,,,,,,1790847050.086,imu_frame,10.029909133911133,0.14071477949619293,0.0,
7380.758281,control_sample,settle,6,return,1790847050.386,odom,base_footprint,2.146153688430786,0.7942818999290466,-0.1038665477251858,0.016801974584595494,0.013629723282359143,0.03053552284836769,2.164646625518799,0.8020739555358887,-0.08922474965764282,-0.0,0.0,0.020067507386850862,0.020067507386850862,0.014641798067542981,0.01452573479571783,0.006607748585248938,0.029283596135085962,0.020067507386850862,1790847050.086,imu_frame,10.029909133911133,0.14071477949619293,0.016288785999677202,progress=0.7142;speed=0.0000;settled=False
7380.778493,control_sample,settle,6,return,1790847050.386,odom,base_footprint,2.146153688430786,0.7942818999290466,-0.1038665477251858,0.016801974584595494,0.013629723282359143,0.03053552284836769,2.164646625518799,0.8020739555358887,-0.08922474965764282,-0.0,0.0,0.020067507386850862,0.020067507386850862,0.014641798067542981,0.01452573479571783,0.006607748585248938,0.029283596135085962,0.020067507386850862,1790847050.086,imu_frame,10.029909133911133,0.14071477949619293,0.036273410999456246,progress=0.7142;speed=0.0000;settled=False
7380.780362,imu_sample,,,,1790847050.098,,,,,,,,,,,,,,,,,,,,,1790847050.098,imu_frame,9.713874816894531,-0.0073569826781749725,0.0,
7380.799507,control_sample,settle,6,return,1790847050.386,odom,base_footprint,2.146153688430786,0.7942818999290466,-0.1038665477251858,0.016801974584595494,0.013629723282359143,0.03053552284836769,2.164646625518799,0.8020739555358887,-0.08922474965764282,-0.0,0.0,0.020067507386850862,0.020067507386850862,0.014641798067542981,0.01452573479571783,0.006607748585248938,0.029283596135085962,0.020067507386850862,1790847050.098,imu_frame,9.713874816894531,-0.0073569826781749725,0.017633697000746906,progress=0.7142;speed=0.0000;settled=False
7380.818836,control_sample,settle,6,return,1790847050.386,odom,base_footprint,2.146153688430786,0.7942818999290466,-0.1038665477251858,0.016801974584595494,0.013629723282359143,0.03053552284836769,2.164646625518799,0.8020739555358887,-0.08922474965764282,-0.0,0.0,0.020067507386850862,0.020067507386850862,0.014641798067542981,0.01452573479571783,0.006607748585248938,0.029283596135085962,0.020067507386850862,1790847050.098,imu_frame,9.713874816894531,-0.0073569826781749725,0.03676914100014983,progress=0.7142;speed=0.0000;settled=False
7380.838963,control_sample,settle,6,return,1790847050.5,odom,base_footprint,2.148085832595825,0.7958493232727051,-0.10035496405521903,0.01675400917494192,0.013688640665202586,0.03053552284836769,2.164646625518799,0.8020739555358887,-0.08922474965764282,-0.0,0.0,0.01769197301177796,0.01769197301177796,0.01113021439757621,0.0,0.0,0.0,0.01769197301177796,1790847050.098,imu_frame,9.713874816894531,-0.0073569826781749725,0.05676298200069141,progress=0.7142;speed=0.0000;settled=True
7380.839568,phase_hold_complete,settle,6,return,1790847050.5,,,2.148085832595825,0.7958493232727051,-0.10035496405521903,0.01675400917494192,0.013688640665202586,0.03053552284836769,,,,,,0.01769197301177796,0.01769197301177796,0.01113021439757621,,,,,,,,,,"position, speed, yaw and dwell tolerances met"
7380.839898,emergency_zero,,,,,,,,,,,,,,,,,,,,,0.0,0.0,0.0,,,,,,,
7380.860317,emergency_zero,,,,,,,,,,,,,,,,,,,,,0.0,0.0,0.0,,,,,,,
7380.880862,emergency_zero,,,,,,,,,,,,,,,,,,,,,0.0,0.0,0.0,,,,,,,
7380.901449,emergency_zero,,,,,,,,,,,,,,,,,,,,,0.0,0.0,0.0,,,,,,,
7380.922620,emergency_zero,,,,,,,,,,,,,,,,,,,,,0.0,0.0,0.0,,,,,,,
7380.943296,emergency_zero,,,,,,,,,,,,,,,,,,,,,0.0,0.0,0.0,,,,,,,
7380.963958,emergency_zero,,,,,,,,,,,,,,,,,,,,,0.0,0.0,0.0,,,,,,,
7380.984926,emergency_zero,,,,,,,,,,,,,,,,,,,,,0.0,0.0,0.0,,,,,,,
7381.005663,emergency_zero,,,,,,,,,,,,,,,,,,,,,0.0,0.0,0.0,,,,,,,
7381.026159,emergency_zero,,,,,,,,,,,,,,,,,,,,,0.0,0.0,0.0,,,,,,,
7381.046701,emergency_zero,,,,,,,,,,,,,,,,,,,,,0.0,0.0,0.0,,,,,,,
7381.067518,emergency_zero,,,,,,,,,,,,,,,,,,,,,0.0,0.0,0.0,,,,,,,
7381.088144,emergency_zero,,,,,,,,,,,,,,,,,,,,,0.0,0.0,0.0,,,,,,,
7381.108799,emergency_zero,,,,,,,,,,,,,,,,,,,,,0.0,0.0,0.0,,,,,,,
7381.129236,emergency_zero,,,,,,,,,,,,,,,,,,,,,0.0,0.0,0.0,,,,,,,
7381.150154,emergency_zero,,,,,,,,,,,,,,,,,,,,,0.0,0.0,0.0,,,,,,,
7381.170884,emergency_zero,,,,,,,,,,,,,,,,,,,,,0.0,0.0,0.0,,,,,,,
7381.191672,emergency_zero,,,,,,,,,,,,,,,,,,,,,0.0,0.0,0.0,,,,,,,
7381.212285,emergency_zero,,,,,,,,,,,,,,,,,,,,,0.0,0.0,0.0,,,,,,,
7381.232974,emergency_zero,,,,,,,,,,,,,,,,,,,,,0.0,0.0,0.0,,,,,,,
7381.253663,emergency_zero,,,,,,,,,,,,,,,,,,,,,0.0,0.0,0.0,,,,,,,
7381.274360,emergency_zero,,,,,,,,,,,,,,,,,,,,,0.0,0.0,0.0,,,,,,,
7381.294991,emergency_zero,,,,,,,,,,,,,,,,,,,,,0.0,0.0,0.0,,,,,,,
7381.315573,emergency_zero,,,,,,,,,,,,,,,,,,,,,0.0,0.0,0.0,,,,,,,
7381.336160,emergency_zero,,,,,,,,,,,,,,,,,,,,,0.0,0.0,0.0,,,,,,,
7381.339849,trial_stop,,,,1790847050.5,,,2.148085832595825,0.7958493232727051,-0.10035496405521903,,,,,,,,,,,,,,,,,,,,,settled
